key_block,initial_candidate_rank,learned_candidate_rank,removed,initial_score,learned_score,label_loss,token_losses,baseline_loss,utility
62,7,7,111,0.0009918212890625,0.0009076776914298534,1.0347878038512797,"[15.60667896270752, 0.00987926498055458, 0.005158685147762299, 0.00048101297579705715, 0.38538858294487, 1.147148847579956, 0.0057383328676223755, 0.00024053541710600257, 0.001601009746082127, 0.019602971151471138, 3.8341798782348633, 0.002282872796058655, 0.0024403335992246866, 0.00112255965359509, 0.04513610154390335, 0.3345179259777069, 0.0032277412246912718, 0.0006187431863509119, 0.07723743468523026, 1.2804844379425049, 0.0010070496937260032, 0.001158400671556592]",1.0405643620522989,0.0057765582010191885
64,77,70,111,0.00078582763671875,0.0006517848814837635,1.041069822616092,"[15.64078140258789, 0.009988680481910706, 0.005190112628042698, 0.00048458753735758364, 0.38556307554244995, 1.1446576118469238, 0.0057660676538944244, 0.00024375328212045133, 0.001617315225303173, 0.019469350576400757, 3.814575433731079, 0.0022852513939142227, 0.0024194037541747093, 0.0011261318577453494, 0.04509826749563217, 0.36558982729911804, 0.0036362973041832447, 0.0005726366653107107, 0.08658678084611893, 1.3657886981964111, 0.0008928364841267467, 0.0012025751639157534]",1.0405643620522989,-0.0005054605637930809
65,132,146,111,0.000659942626953125,0.0004968022694811225,1.0393792290838477,"[15.617108345031738, 0.008876980282366276, 0.004993467591702938, 0.00048458753735758364, 0.3903699219226837, 1.1429393291473389, 0.005735843442380428, 0.0002416080387774855, 0.0015770867466926575, 0.019332323223352432, 3.9264163970947266, 0.0019999993965029716, 0.0024661386851221323, 0.0011322046630084515, 0.0451514832675457, 0.33498209714889526, 0.0032256022095680237, 0.0006410212954506278, 0.07716647535562515, 1.2793278694152832, 0.0009887097403407097, 0.0011855486081913114]",1.0405643620522989,0.0011851329684511303
66,172,194,111,0.000568389892578125,0.0003803885483648628,1.0360148038955892,"[15.53354549407959, 0.010186705738306046, 0.005189164076000452, 0.00048423008411191404, 0.3984643816947937, 1.1440526247024536, 0.00587747385725379, 0.00024482590379193425, 0.0016137446509674191, 0.020108414813876152, 3.8355114459991455, 0.002014275873079896, 0.0021634523291140795, 0.001122797722928226, 0.045703060925006866, 0.33527472615242004, 0.0032184727024286985, 0.0006562701892107725, 0.07721944153308868, 1.367503046989441, 0.0009738231892697513, 0.0011978124966844916]",1.0405643620522989,0.004549558156709654
67,133,162,111,0.000659942626953125,0.0004610275791492313,1.0397623397743287,"[15.643935203552246, 0.009943711571395397, 0.005024544429033995, 0.0004844683862756938, 0.39155298471450806, 1.126248836517334, 0.0057642897590994835, 0.0002416080387774855, 0.0016166010173037648, 0.019364008679986, 3.8356337547302246, 0.0019975011236965656, 0.002179034985601902, 0.00112791801802814, 0.04515387490391731, 0.3342288136482239, 0.0032189481426030397, 0.000620768463704735, 0.07707928866147995, 1.3671780824661255, 0.000979658798314631, 0.0011975744273513556]",1.0405643620522989,0.0008020222779701047
68,60,64,111,0.00083160400390625,0.0006617201142944396,1.0315458461290374,"[15.52851390838623, 0.010030105710029602, 0.005134965758770704, 0.0004897110629826784, 0.39817774295806885, 1.0433496236801147, 0.005723161157220602, 0.0002397011558059603, 0.0016236230731010437, 0.019518453627824783, 3.835017681121826, 0.002288105897605419, 0.0024459226988255978, 0.0012635351158678532, 0.045622315257787704, 0.3346215784549713, 0.0036390291061252356, 0.0006495987763628364, 0.08662231266498566, 1.3669975996017456, 0.0009753713966347277, 0.0010645681759342551]",1.0405643620522989,0.009018515923261416
70,33,38,111,0.00091552734375,0.0007610377506352961,1.0425318792185863,"[15.646746635437012, 0.009970740415155888, 0.005058940965682268, 0.0004318020073696971, 0.3937622308731079, 1.1429166793823242, 0.005772349424660206, 0.0002379134384682402, 0.0016132686287164688, 0.0193944089114666, 3.83428692817688, 0.0022832294926047325, 0.0024141711182892323, 0.0011200590524822474, 0.043306928128004074, 0.36593177914619446, 0.0036431862972676754, 0.0006302992696873844, 0.08666450530290604, 1.3673300743103027, 0.0009912106906995177, 0.0011940023396164179]",1.0405643620522989,-0.0019675171662874025
71,31,31,111,0.00092315673828125,0.000782472372520715,1.0393624315197072,"[15.621306419372559, 0.009852824732661247, 0.005055620335042477, 0.00048375347978435457, 0.39801305532455444, 1.1240421533584595, 0.005698388442397118, 0.00024089295766316354, 0.0016705142334103584, 0.019911877810955048, 3.8355774879455566, 0.0019953595474362373, 0.0020965994335711002, 0.0011143434094265103, 0.045217115432024, 0.3352116346359253, 0.0032194233499467373, 0.0006437613046728075, 0.08702713996171951, 1.365577220916748, 0.0009567927336320281, 0.001061114715412259]",1.0405643620522989,0.0012019305325916552
75,25,21,111,0.000942230224609375,0.0008138378616422415,1.031794235361634,"[15.601542472839355, 0.01013265922665596, 0.005182997323572636, 0.0004797023138962686, 0.39614084362983704, 1.0617105960845947, 0.005715812090784311, 0.00024434918304905295, 0.0016299308044835925, 0.020045088604092598, 3.8365228176116943, 0.0022819212172180414, 0.0023664822801947594, 0.001135181519202888, 0.045626528561115265, 0.33485111594200134, 0.0036387916188687086, 0.0006422125734388828, 0.08665335923433304, 1.28081214427948, 0.0009610801353119314, 0.0011570908827707171]",1.0405643620522989,0.008770126690664792
76,197,355,111,0.000514984130859375,-0.010706721805036068,1.0381170435469935,"[15.558854103088379, 0.010085691697895527, 0.005120852496474981, 0.00048530244384892285, 0.38960954546928406, 1.1442818641662598, 0.0058836364187300205, 0.0002416080387774855, 0.0015825617592781782, 0.01996270939707756, 3.835379123687744, 0.0020007132552564144, 0.0023773047141730785, 0.0011326810345053673, 0.045179855078458786, 0.36541786789894104, 0.003231900045648217, 0.0006461439770646393, 0.07731997221708298, 1.3677377700805664, 0.0009858515113592148, 0.0010578995570540428]",1.0405643620522989,0.0024473185053053292
77,141,354,111,0.0006256103515625,-0.010629380121827126,1.0400991155501371,"[15.62346363067627, 0.010045448318123817, 0.004988248459994793, 0.0004976941272616386, 0.38909828662872314, 1.1455086469650269, 0.005685942247509956, 0.00024101213784888387, 0.0016226709121838212, 0.0199919231235981, 3.835510015487671, 0.002014394849538803, 0.0023896729107946157, 0.001135419704951346, 0.04545191675424576, 0.33436065912246704, 0.0032277412246912718, 0.0006108802044764161, 0.08673720061779022, 1.3674618005752563, 0.0009425011812709272, 0.0011948358733206987]",1.0405643620522989,0.00046524650216173136
78,40,353,111,0.000888824462890625,-0.010340983979403973,1.0378418035754955,"[15.608424186706543, 0.010037186555564404, 0.005058466922491789, 0.0004805363714694977, 0.3907775282859802, 1.0810751914978027, 0.005754570942372084, 0.00024232311989180744, 0.00162588432431221, 0.01942831464111805, 3.835207462310791, 0.002059364225715399, 0.0023746881633996964, 0.0011143434094265103, 0.0450395829975605, 0.3651687800884247, 0.0036448491737246513, 0.0006266061100177467, 0.08662023395299911, 1.3656878471374512, 0.0009583409409970045, 0.0011133907828480005]",1.0405643620522989,0.0027225584768033606
81,67,344,111,0.000804901123046875,7.880755583755672e-05,1.035948274377998,"[15.604494094848633, 0.010024558752775192, 0.005007108207792044, 0.0004372832481749356, 0.386973112821579, 1.0784560441970825, 0.0057087005116045475, 0.00024399164249189198, 0.0015673269517719746, 0.019556913524866104, 3.834930181503296, 0.0020204621832817793, 0.002180462470278144, 0.001257224939763546, 0.04508436843752861, 0.33467787504196167, 0.0032285728957504034, 0.0006492413813248277, 0.08647854626178741, 1.3657341003417969, 0.000954649003688246, 0.0011972171487286687]",1.0405643620522989,0.004616087674300884
82,112,346,111,0.00070953369140625,-0.0011141577269881964,1.0411004136311186,"[15.603084564208984, 0.009925181046128273, 0.005151213612407446, 0.0004253674705978483, 0.3983694612979889, 1.1599314212799072, 0.005812646355479956, 0.00027223696815781295, 0.001625765347853303, 0.01937476545572281, 3.835878849029541, 0.0020499660167843103, 0.0023853916209191084, 0.001116129569709301, 0.04524616897106171, 0.36502620577812195, 0.0032314248383045197, 0.000639710808172822, 0.07718390971422195, 1.3652989864349365, 0.0009819215629249811, 0.0011978124966844916]",1.0405643620522989,-0.0005360515788197517
83,198,252,111,0.000514984130859375,0.0002988751220982522,1.0364102985199266,"[15.623175621032715, 0.009895199909806252, 0.005054434295743704, 0.0004848258395213634, 0.39138534665107727, 1.0750941038131714, 0.005698506720364094, 0.0002441108226776123, 0.0016210046596825123, 0.01978309080004692, 3.8347322940826416, 0.0022690759506076574, 0.0021588134113699198, 0.0011325619416311383, 0.043375302106142044, 0.33494943380355835, 0.00320979836396873, 0.0006348263123072684, 0.07713480293750763, 1.3668339252471924, 0.000964414793998003, 0.0011950739426538348]",1.0405643620522989,0.004154063532372243
84,193,248,111,0.000518798828125,0.00030142589821480215,1.0308661542790518,"[15.536163330078125, 0.009940288960933685, 0.0049859946593642235, 0.0004953111056238413, 0.39053812623023987, 1.0591015815734863, 0.005759311839938164, 0.00026842328952625394, 0.0016192194307222962, 0.019621090963482857, 3.8133225440979004, 0.0022980966605246067, 0.002466019708663225, 0.0010973153403028846, 0.04522588849067688, 0.334848552942276, 0.0036485311575233936, 0.0006443570018745959, 0.07703172415494919, 1.3678672313690186, 0.0009583409409970045, 0.0011541141429916024]",1.0405643620522989,0.009698207773247036
85,93,102,111,0.00075531005859375,0.0005797946942038834,1.0387072415747256,"[15.581682205200195, 0.009964956901967525, 0.005167698487639427, 0.00042882305569946766, 0.3978612422943115, 1.1421715021133423, 0.005798542872071266, 0.00024148885859176517, 0.001610055100172758, 0.01994144357740879, 3.813246250152588, 0.002018796745687723, 0.0023629143834114075, 0.0011288706446066499, 0.04554850980639458, 0.37167251110076904, 0.003219661070033908, 0.0006444760947488248, 0.07717916369438171, 1.3675397634506226, 0.0009802542626857758, 0.0011501847766339779]",1.0405643620522989,0.0018571204775732486
89,81,81,111,0.000782012939453125,0.0006319005624391139,1.0406509742990073,"[15.609687805175781, 0.010105045512318611, 0.005096538923680782, 0.000428108120104298, 0.3976905047893524, 1.143359661102295, 0.005745799746364355, 0.00024053541710600257, 0.0016137446509674191, 0.019791388884186745, 3.8348703384399414, 0.0020283141639083624, 0.0023825373500585556, 0.0011455409694463015, 0.045571744441986084, 0.36580657958984375, 0.003216333920136094, 0.0006404255982488394, 0.07712983340024948, 1.3656864166259766, 0.0009791824268177152, 0.0011050553293898702]",1.0405643620522989,-8.66122467084729e-05
90,17,29,111,0.00095367431640625,0.0007901252247393131,1.043097840735837,"[15.601107597351074, 0.009994345717132092, 0.005165919661521912, 0.000485183292767033, 0.3892028331756592, 1.1225831508636475, 0.005731458310037851, 0.0002406545972917229, 0.0016229089815169573, 0.01957152597606182, 3.9274914264678955, 0.002005472080782056, 0.0024661386851221323, 0.0011344670783728361, 0.045029666274785995, 0.36495620012283325, 0.0036448491737246513, 0.0006233894382603467, 0.07715852558612823, 1.3658127784729004, 0.0009581027552485466, 0.0011659021256491542]",1.0405643620522989,-0.0025334786835380374
91,137,152,111,0.000644683837890625,0.0004824747156817466,1.0372797462544192,"[15.642061233520508, 0.010157794691622257, 0.004966067150235176, 0.0004894727608188987, 0.3910196125507355, 1.041682481765747, 0.0058265128172934055, 0.00023934361524879932, 0.0016321921721100807, 0.019494369626045227, 3.8349363803863525, 0.002285965019837022, 0.002343410160392523, 0.0011338717304170132, 0.04534323886036873, 0.3652583956718445, 0.00321752205491066, 0.0006436422117985785, 0.07735748589038849, 1.367868423461914, 0.0009953788248822093, 0.0012016226537525654]",1.0405643620522989,0.003284615797879642
92,64,62,111,0.000812530517578125,0.0006764166173525155,1.0384482819830405,"[15.564665794372559, 0.009958465583622456, 0.005026679486036301, 0.0004818470624741167, 0.3981579840183258, 1.1404767036437988, 0.005737621337175369, 0.00024303820100612938, 0.0015826807357370853, 0.020030131563544273, 3.8346123695373535, 0.002016774145886302, 0.0024361712858080864, 0.001258653705008328, 0.04504949599504471, 0.3658446967601776, 0.0032253647223114967, 0.0006449526408687234, 0.07712045311927795, 1.3651539087295532, 0.0009808497270569205, 0.001157567254267633]",1.0405643620522989,0.0021160800692583415
93,48,41,111,0.0008697509765625,0.0007456265157088637,1.0403377765786983,"[15.625883102416992, 0.009913023561239243, 0.004965118132531643, 0.000481132126878947, 0.39125919342041016, 1.143831729888916, 0.005859697237610817, 0.000271521887043491, 0.0016281455755233765, 0.01937067322432995, 3.8355658054351807, 0.0020063049159944057, 0.002416787436231971, 0.0011226787464693189, 0.04755639284849167, 0.33455339074134827, 0.003632971551269293, 0.0006426891195587814, 0.08681327104568481, 1.3676462173461914, 0.0009502424509264529, 0.0010609956225380301]",1.0405643620522989,0.00022658547360054904
94,44,37,111,0.00087738037109375,0.0007620122632943094,1.032680056350893,"[15.545646667480469, 0.008960275910794735, 0.005001652054488659, 0.0004847066884394735, 0.39123865962028503, 1.0805705785751343, 0.005854364018887281, 0.00023779425828251988, 0.0016218378441408277, 0.020008515566587448, 3.813122034072876, 0.002010825788602233, 0.0024135764688253403, 0.0011408970458433032, 0.045513883233070374, 0.3349235951900482, 0.0036431862972676754, 0.000641974329482764, 0.08668658882379532, 1.3672282695770264, 0.0009470268851146102, 0.0010643299901857972]",1.0405643620522989,0.007884305701405747
95,38,35,111,0.00089263916015625,0.0007728375494480133,1.0368295405536296,"[15.592493057250977, 0.009912197478115559, 0.005163547582924366, 0.00048423008411191404, 0.3982044756412506, 1.1264305114746094, 0.005823194514960051, 0.0002397011558059603, 0.0016337393317371607, 0.01977303996682167, 3.8133153915405273, 0.0020460402593016624, 0.002380634658038616, 0.0011139861308038235, 0.04499228671193123, 0.33524182438850403, 0.003639979287981987, 0.0006585336523130536, 0.07736233621835709, 1.367321252822876, 0.0009579836623743176, 0.0010619483655318618]",1.0405643620522989,0.0037348214986692163
97,85,122,111,0.0007781982421875,0.0005440533859655261,1.040653505984334,"[15.62661075592041, 0.010138560086488724, 0.005000703036785126, 0.00048685140791349113, 0.38584354519844055, 1.1221076250076294, 0.005741651635617018, 0.0002411313180346042, 0.0016255272785201669, 0.020046023651957512, 3.8337838649749756, 0.0022973830346018076, 0.0024595982395112514, 0.0011256556026637554, 0.04558256268501282, 0.37167736887931824, 0.0032209681812673807, 0.0006214833119884133, 0.08659028261899948, 1.367141604423523, 0.0009727513534016907, 0.001061233808286488]",1.0405643620522989,-8.9143932035185e-05
98,145,230,111,0.000621795654296875,0.000329467497067526,1.0313121135814898,"[15.64822769165039, 0.009969205595552921, 0.005234227981418371, 0.00048423008411191404, 0.38658493757247925, 1.1454341411590576, 0.005736436229199171, 0.00024482590379193425, 0.00163588160648942, 0.02003994770348072, 3.714449882507324, 0.0022744282614439726, 0.00242689554579556, 0.00112791801802814, 0.0452016182243824, 0.3355030119419098, 0.0036545887123793364, 0.0006435230607166886, 0.07720741629600525, 1.2807515859603882, 0.0009787060553207994, 0.0010553987231105566]",1.0405643620522989,0.009252248470809077
112,29,22,111,0.000926971435546875,0.0008072362979874015,1.032376838297668,"[15.580750465393066, 0.010050404816865921, 0.005145283881574869, 0.0004855407460127026, 0.390005886554718, 1.0774140357971191, 0.005697084590792656, 0.00026913834153674543, 0.0016339774010702968, 0.019628804177045822, 3.8352010250091553, 0.0020174880046397448, 0.002427014522254467, 0.0011264891363680363, 0.04531566798686981, 0.371594101190567, 0.003642473602667451, 0.0006413786904886365, 0.07718269526958466, 1.2800205945968628, 0.000982278841547668, 0.0010586139978840947]",1.0405643620522989,0.008187523754630943
113,13,19,111,0.00096893310546875,0.0008278696332126856,1.0329503600673475,"[15.574140548706055, 0.010144932195544243, 0.005105552729219198, 0.00043847484630532563, 0.3984626829624176, 1.0607054233551025, 0.005852586589753628, 0.00024482590379193425, 0.0015922023449093103, 0.01967567764222622, 3.8135175704956055, 0.0019938128534704447, 0.0024600739125162363, 0.0011129144113510847, 0.04337553307414055, 0.3348596394062042, 0.0036398605443537235, 0.0006588910473510623, 0.07726358622312546, 1.367605447769165, 0.0009964506607502699, 0.001061233808286488]",1.0405643620522989,0.007614001984951324
115,82,137,111,0.000782012939453125,0.0005121519789099693,1.034343438185963,"[15.592489242553711, 0.009911960922181606, 0.005173983983695507, 0.00048458753735758364, 0.3897167444229126, 1.1436182260513306, 0.005735606420785189, 0.00023993951617740095, 0.0015886317705735564, 0.01947087049484253, 3.836045026779175, 0.002005472080782056, 0.002172611653804779, 0.0011378012131899595, 0.04525676369667053, 0.3346443474292755, 0.0036387916188687086, 0.0006438804557546973, 0.07723202556371689, 1.2823213338851929, 0.0009631047723814845, 0.001064687268808484]",1.0405643620522989,0.00622092386633577
116,98,174,111,0.000743865966796875,0.0004294384561944753,1.0405994066049145,"[15.615245819091797, 0.010188711807131767, 0.005058940965682268, 0.0004942387458868325, 0.39820945262908936, 1.1469132900238037, 0.005890391301363707, 0.00023874769976828247, 0.0016338583081960678, 0.019322149455547333, 3.8135018348693848, 0.0022940528579056263, 0.002406560117378831, 0.0011258936719968915, 0.0451417975127697, 0.3652670681476593, 0.0033098459243774414, 0.0006420934805646539, 0.08673708885908127, 1.3675936460494995, 0.0009519098093733191, 0.001019553979858756]",1.0405643620522989,-3.504455261560402e-05
117,8,49,111,0.0009918212890625,0.0007237398531287909,1.0408102088662086,"[15.621953964233398, 0.009842555038630962, 0.004993704613298178, 0.00043025295599363744, 0.3912545144557953, 1.141251564025879, 0.005751844495534897, 0.00023910524032544345, 0.0016183863626793027, 0.019413115456700325, 3.834897041320801, 0.002013324061408639, 0.002379326382651925, 0.0011328000109642744, 0.045081060379743576, 0.36503034830093384, 0.0036427113227546215, 0.0006249382277019322, 0.07705379277467728, 1.3670361042022705, 0.0009896624833345413, 0.0011944787111133337]",1.0405643620522989,-0.0002458468139097114
123,45,33,111,0.00087738037109375,0.0007758083520457149,1.0387385978842345,"[15.578720092773438, 0.009929429739713669, 0.005164259113371372, 0.00043644916149787605, 0.3850092887878418, 1.1447263956069946, 0.005771401338279247, 0.00027509720530360937, 0.0014482972910627723, 0.01961524598300457, 3.8352649211883545, 0.002280374988913536, 0.002439976902678609, 0.0011337526375427842, 0.04521346837282181, 0.3660757839679718, 0.0032209681812673807, 0.0006436422117985785, 0.07699032872915268, 1.3656971454620361, 0.0009934734553098679, 0.0011993603548035026]",1.0405643620522989,0.0018257641680643477
124,218,210,111,0.0004673004150390625,0.00035093320184387267,1.0355442937513792,"[15.557575225830078, 0.009930374100804329, 0.005229247268289328, 0.00048411093303002417, 0.3842174708843231, 1.148034930229187, 0.005780409090220928, 0.00024196557933464646, 0.0016320730792358518, 0.01966632716357708, 3.8127429485321045, 0.002265507820993662, 0.002438668627291918, 0.001141730579547584, 0.045125048607587814, 0.33461782336235046, 0.003218353958800435, 0.0006420934805646539, 0.07711019366979599, 1.367706060409546, 0.000979658798314631, 0.0011942405253648758]",1.0405643620522989,0.005020068300919611
125,244,250,111,0.0004119873046875,0.00029989544418640435,1.0418083976308645,"[15.64286994934082, 0.010150478221476078, 0.005035812500864267, 0.0004988856380805373, 0.39009758830070496, 1.141893982887268, 0.005889087915420532, 0.00024101213784888387, 0.0016388569492846727, 0.01974417082965374, 3.8366355895996094, 0.001999285537749529, 0.0023850349243730307, 0.0011491130571812391, 0.04558051377534866, 0.3654780983924866, 0.0032246517948806286, 0.000576449150685221, 0.07740657776594162, 1.3652864694595337, 0.0009432157967239618, 0.0010599239030852914]",1.0405643620522989,-0.001244035578565672
126,155,145,111,0.0005950927734375,0.0004971351590938866,1.0369823480961549,"[15.62732982635498, 0.010170538909733295, 0.00504731759428978, 0.0004862556525040418, 0.3989690840244293, 1.0732543468475342, 0.0058125280775129795, 0.00023993951617740095, 0.00162743148393929, 0.01986057497560978, 3.835465431213379, 0.002022841712459922, 0.0024334362242370844, 0.0011395872570574284, 0.04505428299307823, 0.33410021662712097, 0.0032289293594658375, 0.0006363751017488539, 0.07740018516778946, 1.3671380281448364, 0.0009941878961399198, 0.0012003129813820124]",1.0405643620522989,0.0035820139561439923
127,123,94,111,0.000682830810546875,0.0006025313632562757,1.0356933425236177,"[15.606938362121582, 0.009947489015758038, 0.00513816811144352, 0.00042715485324151814, 0.3931334912776947, 1.1431269645690918, 0.005775075405836105, 0.00024482590379193425, 0.0016720612766221166, 0.019440708681941032, 3.813347578048706, 0.0020353333093225956, 0.002392170252278447, 0.0011231550015509129, 0.045621857047080994, 0.37081846594810486, 0.0036423548590391874, 0.0006409021443687379, 0.07697432488203049, 1.2806626558303833, 0.0009527434594929218, 0.0011976935202255845]",1.0405643620522989,0.004871019528681186
128,78,56,111,0.00078582763671875,0.0006952404510229826,1.0352374425340465,"[15.585954666137695, 0.009853532537817955, 0.005138286389410496, 0.0004839917819481343, 0.39830702543258667, 1.0780075788497925, 0.005817624274641275, 0.00024077377747744322, 0.001437107683159411, 0.019652416929602623, 3.834850311279297, 0.0020449694711714983, 0.00245710089802742, 0.001116486731916666, 0.045074451714754105, 0.3342919647693634, 0.0032256022095680237, 0.0006548406090587378, 0.07696494460105896, 1.3675243854522705, 0.000969535845797509, 0.0011561383726075292]",1.0405643620522989,0.005326919518252371
129,135,124,111,0.00064849853515625,0.0005320370546542108,1.0400391660540746,"[15.655173301696777, 0.009964249096810818, 0.005159159656614065, 0.00048196621355600655, 0.3906075656414032, 1.142122507095337, 0.005821772385388613, 0.00024399164249189198, 0.0016226709121838212, 0.019800854846835136, 3.813675880432129, 0.0020208191126585007, 0.0024341498501598835, 0.0011316093150526285, 0.04514943063259125, 0.33444446325302124, 0.003637009998783469, 0.0006379238329827785, 0.07727164030075073, 1.3672740459442139, 0.0009888288332149386, 0.0011978124966844916]",1.0405643620522989,0.0005251959982242038
130,186,196,111,0.0005340576171875,0.0003767357557080686,1.0346911382022717,"[15.59149169921875, 0.010027863085269928, 0.004998805467039347, 0.0004920940846204758, 0.38950634002685547, 1.058885097503662, 0.005862304475158453, 0.00024089295766316354, 0.0016267173923552036, 0.01924649439752102, 3.83498477935791, 0.0020560333505272865, 0.0024434253573417664, 0.0011121999705210328, 0.04521586000919342, 0.3348214328289032, 0.0032248892821371555, 0.0006373281357809901, 0.08687043190002441, 1.367297887802124, 0.0009577454766258597, 0.0012047183699905872]",1.0405643620522989,0.005873223850027198
131,156,181,111,0.0005950927734375,0.0004063299857079983,1.031798493103865,"[15.5370512008667, 0.00992636103183031, 0.005071632098406553, 0.0004992430913262069, 0.38447874784469604, 1.0748045444488525, 0.005741058848798275, 0.00024005869636312127, 0.0016202905680984259, 0.019993793219327927, 3.8137145042419434, 0.002040686784312129, 0.002432722831144929, 0.0011432785540819168, 0.04565340653061867, 0.3351939022541046, 0.0032233446836471558, 0.0006450717919506133, 0.08666472882032394, 1.367249608039856, 0.0009847796754911542, 0.0011938833631575108]",1.0405643620522989,0.008765868948433786
132,54,68,111,0.000858306884765625,0.0006541097536683083,1.032421801925838,"[15.63680362701416, 0.010193431749939919, 0.00506178755313158, 0.00048637480358593166, 0.38453611731529236, 1.0618813037872314, 0.0058440533466637135, 0.0002703301142901182, 0.0016144587425515056, 0.01972207985818386, 3.8363125324249268, 0.0022753796074539423, 0.0023894349578768015, 0.0011116046225652099, 0.04556923732161522, 0.33475250005722046, 0.0036390291061252356, 0.0006426891195587814, 0.07733850181102753, 1.2807005643844604, 0.0009703694959171116, 0.0011642351746559143]",1.0405643620522989,0.008142560126460863
133,72,87,111,0.000797271728515625,0.0006200422067195177,1.038807252423298,"[15.581184387207031, 0.009989860467612743, 0.005154771730303764, 0.0004934046883136034, 0.3981385827064514, 1.1236059665679932, 0.0057671344839036465, 0.00024232311989180744, 0.0016066036187112331, 0.01984585076570511, 3.8361458778381348, 0.002026291796937585, 0.0023756397422403097, 0.0011387537233531475, 0.045123111456632614, 0.3701338768005371, 0.003215502016246319, 0.0006191005813889205, 0.07725530862808228, 1.3675175905227661, 0.0009810879128053784, 0.0011985269375145435]",1.0405643620522989,0.0017571096290007748
137,10,8,111,0.00098419189453125,0.0008896561921574175,1.0375910003270044,"[15.575309753417969, 0.009937101975083351, 0.005067836493253708, 0.0004843492351938039, 0.38953331112861633, 1.1453615427017212, 0.005808379966765642, 0.00023958197562023997, 0.0016129115829244256, 0.019624363631010056, 3.836251974105835, 0.002277877414599061, 0.002375758718699217, 0.0011033882619813085, 0.045637235045433044, 0.33532023429870605, 0.003648174926638603, 0.0006423317245207727, 0.07719384133815765, 1.367520809173584, 0.0009563163621351123, 0.0010949337156489491]",1.0405643620522989,0.002973361725294499
138,96,78,111,0.0007476806640625,0.0006357776001095772,1.0347097594970942,"[15.594396591186523, 0.010001072660088539, 0.005301227327436209, 0.00048160876031033695, 0.39826250076293945, 1.1435455083847046, 0.005761919543147087, 0.00024244230007752776, 0.001618862384930253, 0.019918188452720642, 3.835479259490967, 0.0020249830558896065, 0.002443901030346751, 0.0011393491877242923, 0.045128922909498215, 0.33469611406326294, 0.0032248892821371555, 0.0006386386230587959, 0.07732603698968887, 1.279836893081665, 0.0009816833771765232, 0.0011641160817816854]",1.0405643620522989,0.0058546025552046466
139,212,211,111,0.000484466552734375,0.0003499434678815305,1.0341140796570636,"[15.574470520019531, 0.009984667412936687, 0.0051305778324604034, 0.000439428084064275, 0.38997361063957214, 1.1484174728393555, 0.0057305097579956055, 0.00024136967840604484, 0.001624099095351994, 0.01962272636592388, 3.83547043800354, 0.002022960688918829, 0.002419046824797988, 0.0011139861308038235, 0.045335374772548676, 0.33516618609428406, 0.0032188291661441326, 0.0006459057331085205, 0.08676878362894058, 1.2805075645446777, 0.0010045487433671951, 0.0012011463986709714]",1.0405643620522989,0.006450282395235263
140,91,98,111,0.000762939453125,0.0005955862579867244,1.0359690644757145,"[15.563285827636719, 0.010118380188941956, 0.005166631191968918, 0.0004959068610332906, 0.39004769921302795, 1.1252111196517944, 0.0057409401051700115, 0.000266278104390949, 0.001591488253325224, 0.019977666437625885, 3.835799217224121, 0.002039021346718073, 0.002369098598137498, 0.0011120808776468039, 0.045213811099529266, 0.3345373570919037, 0.0032285728957504034, 0.0006461439770646393, 0.07705158740282059, 1.3653864860534668, 0.0009732277248986065, 0.0010608765296638012]",1.0405643620522989,0.0045952975765843895
141,94,119,111,0.000751495361328125,0.0005490142502821982,1.0335305903797483,"[15.59092903137207, 0.010059963911771774, 0.005192247219383717, 0.0004922132357023656, 0.38902947306632996, 1.143550157546997, 0.005741888657212257, 0.0002449450839776546, 0.0016339774010702968, 0.02016800083220005, 3.811863899230957, 0.0020060669630765915, 0.002351853996515274, 0.0011486368020996451, 0.045110803097486496, 0.3344174027442932, 0.0036437802482396364, 0.0006376855308189988, 0.08656349778175354, 1.2807223796844482, 0.0009604846709407866, 0.0012045992771163583]",1.0405643620522989,0.007033771672550593
142,160,214,111,0.000583648681640625,0.0003461708838585764,1.037094080439684,"[15.587539672851562, 0.009923882782459259, 0.005209680180996656, 0.00048315772437490523, 0.39003464579582214, 1.1225743293762207, 0.00571201927959919, 0.0002406545972917229, 0.0016315970569849014, 0.019810322672128677, 3.8359854221343994, 0.002267529722303152, 0.002372190821915865, 0.001128989621065557, 0.045328084379434586, 0.33455273509025574, 0.0036404544953256845, 0.0006447143969126046, 0.07743626087903976, 1.3673605918884277, 0.0009945451747626066, 0.0011982887517660856]",1.0405643620522989,0.0034702816126148672
143,74,127,111,0.00079345703125,0.0005247681983746588,1.034166254316171,"[15.576948165893555, 0.009887645952403545, 0.005086339078843594, 0.0004951919545419514, 0.39855697751045227, 1.0630220174789429, 0.005660575814545155, 0.0002420847595203668, 0.0016219568205997348, 0.019891778007149696, 3.8343584537506104, 0.002012015553191304, 0.002395500196143985, 0.0011242267210036516, 0.045191362500190735, 0.3349989950656891, 0.0032259586732834578, 0.0006400682032108307, 0.07715455442667007, 1.3669735193252563, 0.0009752523037604988, 0.0011949549661949277]",1.0405643620522989,0.006398107736127923
156,16,156,111,0.000957489013671875,0.0004740164731629193,1.0369452582963277,"[15.62319564819336, 0.010134429670870304, 0.0051649706438183784, 0.00044312194222584367, 0.39040639996528625, 1.0760807991027832, 0.00580980209633708, 0.00024291902082040906, 0.001562089892104268, 0.01983065716922283, 3.8330116271972656, 0.002030574483796954, 0.002449371386319399, 0.0011400636285543442, 0.04506772756576538, 0.33583083748817444, 0.0036434237845242023, 0.0006447143969126046, 0.08658820390701294, 1.3673603534698486, 0.0009979988681152463, 0.0011599486460909247]",1.0405643620522989,0.003619103755971187
290,51,48,111,0.000865936279296875,0.0007240185514092445,1.0311358634379841,"[15.571816444396973, 0.010041081346571445, 0.005057636648416519, 0.0004301338049117476, 0.3975994884967804, 1.07835054397583, 0.005875933449715376, 0.00023958197562023997, 0.0016232660273090005, 0.019819088280200958, 3.8354361057281494, 0.0020240312442183495, 0.0023756397422403097, 0.0012760362587869167, 0.04513245448470116, 0.33454275131225586, 0.0036462745629251003, 0.0006391151691786945, 0.08688278496265411, 1.2800586223602295, 0.0009615565068088472, 0.0011604249011725187]",1.0405643620522989,0.009428498614314718
291,34,32,111,0.000911712646484375,0.0007806377252563834,1.0375685539501402,"[15.585609436035156, 0.00985955260694027, 0.005224741064012051, 0.00048530244384892285, 0.3982730805873871, 1.1203197240829468, 0.005724465008825064, 0.0002431573811918497, 0.001580181298777461, 0.020052332431077957, 3.8342702388763428, 0.00206590723246336, 0.0023858672939240932, 0.0011474461061879992, 0.045618440955877304, 0.3348560631275177, 0.0032212056685239077, 0.0006401873542927206, 0.08706898987293243, 1.3656915426254272, 0.0009684640099294484, 0.0012018608395010233]",1.0405643620522989,0.0029958081021586036
293,61,40,111,0.00083160400390625,0.0007467282121069729,1.0313861628164886,"[15.596424102783203, 0.010041790083050728, 0.005037591326981783, 0.0004866131057497114, 0.3896385133266449, 1.0766146183013916, 0.005807668901979923, 0.0002388668799540028, 0.001443654764443636, 0.01979372650384903, 3.8354005813598633, 0.0022651508916169405, 0.0024380742106586695, 0.001116844010539353, 0.044992513954639435, 0.3346041738986969, 0.00365256960503757, 0.0006400682032108307, 0.07722849398851395, 1.280457615852356, 0.0009732277248986065, 0.0011991222854703665]",1.0405643620522989,0.009178199235810203
294,101,69,111,0.000736236572265625,0.0006539402529597282,1.03727813909923,"[15.592839241027832, 0.010004849173128605, 0.005005803424865007, 0.0004938812926411629, 0.3976920247077942, 1.146323323249817, 0.005747103597968817, 0.00023850933939684182, 0.0016271935310214758, 0.019651364535093307, 3.8047683238983154, 0.0020286710932850838, 0.0023468590807169676, 0.0011379201896488667, 0.04530427232384682, 0.3343445360660553, 0.0032177597749978304, 0.00064876489341259, 0.07688590884208679, 1.3677654266357422, 0.0009860896971076727, 0.001061233808286488]",1.0405643620522989,0.003286222953068796
295,41,30,111,0.000881195068359375,0.0007856456213630736,1.030300857578616,"[15.57630729675293, 0.009870531037449837, 0.005057280883193016, 0.0004377598816063255, 0.39028826355934143, 1.0736281871795654, 0.005844409111887217, 0.00023946279543451965, 0.0016249321633949876, 0.019468415528535843, 3.8346238136291504, 0.00203473842702806, 0.0024402146227657795, 0.001122797722928226, 0.04512789472937584, 0.3341393768787384, 0.0036340404767543077, 0.0006437613046728075, 0.0771937295794487, 1.2806921005249023, 0.0009995469590649009, 0.0012003129813820124]",1.0405643620522989,0.01026350447368296
296,142,141,111,0.0006256103515625,0.0005030149477533996,1.0366745489578038,"[15.577116012573242, 0.01007577870041132, 0.0050168344751000404, 0.0004829194222111255, 0.3842927813529968, 1.1426159143447876, 0.005725294817239046, 0.00024244230007752776, 0.0015666127437725663, 0.01950804889202118, 3.8143410682678223, 0.002008327515795827, 0.002417976502329111, 0.0011219641892239451, 0.04513439163565636, 0.33459171652793884, 0.0036501940339803696, 0.0006432848167605698, 0.08680813759565353, 1.3673056364059448, 0.0010206258157268167, 0.0011541141429916024]",1.0405643620522989,0.003889813094495098
298,199,203,111,0.000514984130859375,0.0003605910751502961,1.0322534565368022,"[15.644752502441406, 0.00993556808680296, 0.005140065681189299, 0.0004797023138962686, 0.3895159363746643, 1.0468425750732422, 0.005822246428579092, 0.0002383901592111215, 0.0016282646683976054, 0.019820373505353928, 3.8356292247772217, 0.0019966682884842157, 0.002432603854686022, 0.0011298231547698379, 0.04544268921017647, 0.3347705006599426, 0.0036418798845261335, 0.0006459057331085205, 0.07730595767498016, 1.2802550792694092, 0.000985017861239612, 0.0011650687083601952]",1.0405643620522989,0.008310905515496625
299,221,238,111,0.000457763671875,0.0003231404407415539,1.036517745567835,"[15.621803283691406, 0.009877849370241165, 0.005091201979666948, 0.00048137042904272676, 0.39017507433891296, 1.0754005908966064, 0.005851756781339645, 0.0002454218047205359, 0.00145329674705863, 0.02010701410472393, 3.8359739780426025, 0.002272049430757761, 0.002180462470278144, 0.0011535187950357795, 0.04554395377635956, 0.334696888923645, 0.0032222752925008535, 0.0006354220095090568, 0.07727175205945969, 1.3678526878356934, 0.000998594332486391, 0.0011019593803212047]",1.0405643620522989,0.004046616484463916
300,68,52,111,0.000804901123046875,0.0007054501329548657,1.0370891212382545,"[15.569403648376465, 0.01015484519302845, 0.005113973747938871, 0.00048458753735758364, 0.39745306968688965, 1.1461827754974365, 0.0057935649529099464, 0.00026842328952625394, 0.0016337393317371607, 0.01972874253988266, 3.8142600059509277, 0.002269432647153735, 0.002400851808488369, 0.00113589596003294, 0.04541978985071182, 0.3340100646018982, 0.003225127002224326, 0.0006104036583565176, 0.08666101098060608, 1.3675553798675537, 0.000996093382127583, 0.0011992413783445954]",1.0405643620522989,0.003475240814044378
302,9,5,111,0.0009918212890625,0.0009329555905424058,1.04110491162547,"[15.611757278442383, 0.009098733775317669, 0.005176948849111795, 0.0004825619689654559, 0.3983008563518524, 1.142387866973877, 0.005810631439089775, 0.0002411313180346042, 0.001618862384930253, 0.019492849707603455, 3.8366122245788574, 0.002273833379149437, 0.002378612756729126, 0.001135062426328659, 0.04558267816901207, 0.37147414684295654, 0.00323320715688169, 0.0006330393371172249, 0.07724703103303909, 1.3673386573791504, 0.0009697740315459669, 0.0010620674584060907]",1.0405643620522989,-0.0005405495731711785
304,95,71,111,0.000751495361328125,0.0006496403948403895,1.0404214163863799,"[15.630293846130371, 0.010001190938055515, 0.005001770798116922, 0.0004844683862756938, 0.39773765206336975, 1.143679141998291, 0.00574994832277298, 0.00024196557933464646, 0.0016338583081960678, 0.02007044292986393, 3.8372488021850586, 0.0020486575085669756, 0.002361487364396453, 0.0011288706446066499, 0.045508868992328644, 0.3350074291229248, 0.0032212056685239077, 0.0006384003208950162, 0.07695556432008743, 1.3680588006973267, 0.000998832518234849, 0.0011999557027593255]",1.0405643620522989,0.00014294566591899205
305,211,197,111,0.0004863739013671875,0.00037485838402062654,1.0398309183854673,"[15.602879524230957, 0.009968261234462261, 0.005166394170373678, 0.00048315772437490523, 0.3900107443332672, 1.14476478099823, 0.005752674303948879, 0.0002727136597968638, 0.0016363576287403703, 0.020036909729242325, 3.812948703765869, 0.001997858053073287, 0.002163809258490801, 0.0011195826809853315, 0.0456145703792572, 0.37126973271369934, 0.003215264528989792, 0.0006443570018745959, 0.08684496581554413, 1.3673638105392456, 0.0009713222389109433, 0.0011547094909474254]",1.0405643620522989,0.0007334436668315902
306,139,116,111,0.000640869140625,0.0005497075617313385,1.0356702969861957,"[15.56591510772705, 0.008995719254016876, 0.0051621245220303535, 0.0004943578969687223, 0.37967872619628906, 1.124861478805542, 0.0057097673416137695, 0.00023600654094479978, 0.0016245751176029444, 0.020035624504089355, 3.8346107006073, 0.0020281951874494553, 0.002351853996515274, 0.0011338717304170132, 0.0456337034702301, 0.3350663483142853, 0.0036456806119531393, 0.0006395916570909321, 0.07726733386516571, 1.3676234483718872, 0.0009725131676532328, 0.0010598048102110624]",1.0405643620522989,0.004894065066103126
307,158,129,111,0.000591278076171875,0.0005223134648986161,1.0334007222012256,"[15.562215805053711, 0.009990568272769451, 0.00519212894141674, 0.00042798896902240813, 0.38498780131340027, 1.0422933101654053, 0.005707277916371822, 0.0002426806604489684, 0.0016210046596825123, 0.019385406747460365, 3.8353941440582275, 0.0020191536750644445, 0.002438906580209732, 0.001100530382245779, 0.04514772444963455, 0.3656688332557678, 0.0036476997192949057, 0.0006485265912488103, 0.07690545171499252, 1.3677573204040527, 0.000972036796156317, 0.0010515881003811955]",1.0405643620522989,0.007163639851073267
308,256,225,111,0.0003910064697265625,0.0003350198676344007,1.0341690306086093,"[15.584859848022461, 0.009968025609850883, 0.005167223978787661, 0.0004377598816063255, 0.3975994884967804, 1.1421661376953125, 0.00573963625356555, 0.00024136967840604484, 0.0016221948899328709, 0.020012838765978813, 3.8342552185058594, 0.002010825788602233, 0.0024524631444364786, 0.0011336335446685553, 0.045073769986629486, 0.33498653769493103, 0.0032400989439338446, 0.0006121906917542219, 0.07716040313243866, 1.2808051109313965, 0.0009728704462759197, 0.0012010273057967424]",1.0405643620522989,0.006395331443689534
309,130,88,111,0.000667572021484375,0.0006190509302541614,1.039909666182542,"[15.622374534606934, 0.009886229410767555, 0.00522011611610651, 0.00048351517762057483, 0.3904477655887604, 1.0593063831329346, 0.005742599721997976, 0.00023815179883968085, 0.001632430125027895, 0.01965498924255371, 3.926511764526367, 0.002020343439653516, 0.002438668627291918, 0.00114292127545923, 0.04543653875589371, 0.33427199721336365, 0.0036390291061252356, 0.000653411028906703, 0.07727064937353134, 1.3675990104675293, 0.0009809688199311495, 0.0010606384603306651]",1.0405643620522989,0.0006546958697568606
310,79,43,111,0.00078582763671875,0.0007358834845945239,1.0358120794632917,"[15.529362678527832, 0.009978648275136948, 0.00513069611042738, 0.0004301338049117476, 0.39812418818473816, 1.1443004608154297, 0.005744377616792917, 0.0002431573811918497, 0.0016283836448565125, 0.02010304108262062, 3.8356399536132812, 0.002293695928528905, 0.002451155101880431, 0.0011150578502565622, 0.04567117244005203, 0.33478039503097534, 0.003230474190786481, 0.0005791893927380443, 0.0771913081407547, 1.3677055835723877, 0.0010078833438456059, 0.0011541141429916024]",1.0405643620522989,0.004752282589007173
311,187,163,111,0.000530242919921875,0.00045738628250546753,1.0403924971502752,"[15.643561363220215, 0.009915973991155624, 0.005108636803925037, 0.00048673225683160126, 0.38527294993400574, 1.1443192958831787, 0.005787994246929884, 0.0002388668799540028, 0.001625646254979074, 0.020132016390562057, 3.8361117839813232, 0.002014394849538803, 0.0024530577939003706, 0.001122440560720861, 0.04516641050577164, 0.3346690833568573, 0.003211937379091978, 0.0006466205231845379, 0.07741629332304001, 1.3672006130218506, 0.0009728704462759197, 0.0011999557027593255]",1.0405643620522989,0.00017186490202369953
312,257,255,111,0.0003910064697265625,0.00029136904049664736,1.0314328022743047,"[15.597946166992188, 0.009768540039658546, 0.0049935863353312016, 0.0004936429904773831, 0.3933406472206116, 1.0649148225784302, 0.0057409401051700115, 0.0002397011558059603, 0.0014393694000318646, 0.019744873046875, 3.8347160816192627, 0.0020227227360010147, 0.0024380742106586695, 0.0011085085570812225, 0.045247193425893784, 0.33454522490501404, 0.003642592579126358, 0.0006185048841871321, 0.08654939383268356, 1.2799715995788574, 0.000982159748673439, 0.001057304092682898]",1.0405643620522989,0.00913155977799418
313,271,273,111,0.0003604888916015625,0.00025603262474760413,1.038497418739346,"[15.622488975524902, 0.010037658736109734, 0.005048859398812056, 0.0004985281848348677, 0.39010411500930786, 1.1212410926818848, 0.005773771554231644, 0.0002426806604489684, 0.0016265984158962965, 0.019937586039304733, 3.834805727005005, 0.0022658645175397396, 0.002449371386319399, 0.0011444692499935627, 0.04516470059752464, 0.334554523229599, 0.0036381976678967476, 0.0006358985556289554, 0.07733762264251709, 1.365764856338501, 0.0009793015196919441, 0.0012028133496642113]",1.0405643620522989,0.0020669433129527626
314,237,239,111,0.00042724609375,0.0003224974498152733,1.0295602037162594,"[15.572189331054688, 0.009942413307726383, 0.005068785510957241, 0.00048685140791349113, 0.3932931125164032, 1.0606470108032227, 0.005766304675489664, 0.00023922442051116377, 0.0016231469344347715, 0.019787883386015892, 3.71490740776062, 0.002287511248141527, 0.0024323659017682076, 0.001122321467846632, 0.045199908316135406, 0.36648687720298767, 0.003212174866348505, 0.000639710808172822, 0.07725431770086288, 1.3657182455062866, 0.0009875188115984201, 0.0010320581495761871]",1.0405643620522989,0.011004158336039405
315,87,61,111,0.000774383544921875,0.0006795782828703523,1.0372305601135436,"[15.629419326782227, 0.008871071971952915, 0.005119073670357466, 0.00048268112004734576, 0.39873331785202026, 1.0769762992858887, 0.005773534532636404, 0.00023898606013972312, 0.0015823236899450421, 0.019527805969119072, 3.8363053798675537, 0.002017725957557559, 0.0023682662285864353, 0.0011089849285781384, 0.045232269912958145, 0.3343411386013031, 0.003640335751697421, 0.0006187431863509119, 0.07734192907810211, 1.3673478364944458, 0.0009659630013629794, 0.0010593285551294684]",1.0405643620522989,0.00333380193875521
316,165,150,111,0.000576019287109375,0.00048465601867064834,1.0330671437246068,"[15.615901947021484, 0.01016322337090969, 0.005062262061983347, 0.0004961451631970704, 0.3858279883861542, 1.057965636253357, 0.005760141648352146, 0.0002416080387774855, 0.0016246942104771733, 0.019727222621440887, 3.8356056213378906, 0.0020166554022580385, 0.0021591701079159975, 0.0011400636285543442, 0.045462168753147125, 0.3655146658420563, 0.0032259586732834578, 0.000644237850792706, 0.08661859482526779, 1.2802274227142334, 0.0009458358981646597, 0.0011458981316536665]",1.0405643620522989,0.007497218327692012
317,153,132,111,0.000598907470703125,0.0005196062265895307,1.0386579787492254,"[15.55451774597168, 0.009921875782310963, 0.00502834003418684, 0.00048565989709459245, 0.3903704881668091, 1.144895076751709, 0.005690446589142084, 0.0002369599969824776, 0.0016373097896575928, 0.01921457052230835, 3.834879159927368, 0.0022656265646219254, 0.0023843212984502316, 0.0011462554102763534, 0.04561570659279823, 0.3721928000450134, 0.0032266718335449696, 0.0006381620769388974, 0.08666833490133286, 1.3673151731491089, 0.0009835887467488647, 0.0011612584348767996]",1.0405643620522989,0.0019063833030734667
318,20,12,111,0.000946044921875,0.0008743443177081645,1.0394230447511126,"[15.60883617401123, 0.00998159870505333, 0.0052132378332316875, 0.0004960260121151805, 0.39278021454811096, 1.1415801048278809, 0.005814424250274897, 0.00024327656137757003, 0.0015854182420298457, 0.019716937094926834, 3.835482597351074, 0.0020302177872508764, 0.002179629635065794, 0.0011142243165522814, 0.04761084169149399, 0.3343226909637451, 0.0036543512251228094, 0.0006430465145967901, 0.08669106662273407, 1.365155577659607, 0.0009819215629249811, 0.0011934071080759168]",1.0405643620522989,0.0011413173011862732
319,32,16,111,0.00092315673828125,0.0008483912679366767,1.0366495871269514,"[15.594759941101074, 0.009891659021377563, 0.005188096780329943, 0.0004368066438473761, 0.39818015694618225, 1.0599913597106934, 0.005713797174394131, 0.00023910524032544345, 0.0015806573210284114, 0.0194417592138052, 3.835142135620117, 0.0022649129386991262, 0.00246649538166821, 0.0011186301708221436, 0.04510373994708061, 0.3647189140319824, 0.0036347531713545322, 0.0006481691962108016, 0.08669248968362808, 1.3669188022613525, 0.0009602464851923287, 0.0011982887517660856]",1.0405643620522989,0.0039147749253474196
320,143,113,111,0.0006256103515625,0.0005559755372814834,1.0363949029918083,"[15.587319374084473, 0.008935702033340931, 0.00515631353482604, 0.00048530244384892285, 0.39845940470695496, 1.1239149570465088, 0.0057448516599833965, 0.00024184639914892614, 0.001622313866391778, 0.019633831456303596, 3.8132317066192627, 0.002292625606060028, 0.002431533532217145, 0.0012744885170832276, 0.04561935365200043, 0.33502301573753357, 0.003644136479124427, 0.000618624035269022, 0.07720962166786194, 1.365675449371338, 0.0009517907164990902, 0.0012016226537525654]",1.0405643620522989,0.004169459060490599
321,144,117,111,0.0006256103515625,0.0005496084340848029,1.03321563326542,"[15.565924644470215, 0.009929075837135315, 0.005140895955264568, 0.00048458753735758364, 0.38736575841903687, 1.062894344329834, 0.005735725164413452, 0.0002420847595203668, 0.00157196877989918, 0.019870858639478683, 3.8356995582580566, 0.0020256969146430492, 0.002173206303268671, 0.0011260127648711205, 0.04517848789691925, 0.3341221511363983, 0.003222394036129117, 0.0006432848167605698, 0.0771602913737297, 1.3680262565612793, 0.0010056205792352557, 0.0012010273057967424]",1.0405643620522989,0.007348728786878755
322,175,149,111,0.000560760498046875,0.00048641167813912034,1.0355571216522632,"[15.617318153381348, 0.009899803437292576, 0.005055264104157686, 0.00048351517762057483, 0.3907051086425781, 1.0607516765594482, 0.005767371505498886, 0.00023648326168768108, 0.0015872034709900618, 0.01971343159675598, 3.8350114822387695, 0.0020027358550578356, 0.002442830940708518, 0.001122440560720861, 0.04509245604276657, 0.33415064215660095, 0.003653638530522585, 0.0006417360855266452, 0.07721944153308868, 1.3673754930496216, 0.000969297660049051, 0.0010564705589786172]",1.0405643620522989,0.00500724040003564
323,173,143,111,0.000568389892578125,0.000500617956276983,1.039236475204234,"[15.583343505859375, 0.009926007129251957, 0.005092743784189224, 0.0004993622424080968, 0.39259883761405945, 1.1420857906341553, 0.005770453251898289, 0.00024732868769206107, 0.0016123164677992463, 0.01938294991850853, 3.8357303142547607, 0.0020170120988041162, 0.002423684811219573, 0.0011324428487569094, 0.045207202434539795, 0.36633026599884033, 0.003222394036129117, 0.0006239851354621351, 0.07730109989643097, 1.3666136264801025, 0.0009813260985538363, 0.0010598048102110624]",1.0405643620522989,0.001327886848064841
324,75,46,111,0.00079345703125,0.0007311298395507038,1.02893335501457,"[15.526732444763184, 0.01001051440834999, 0.005206715315580368, 0.0004866131057497114, 0.39775994420051575, 1.076709508895874, 0.005720079410821199, 0.00023934361524879932, 0.001618743408471346, 0.019756676629185677, 3.8124797344207764, 0.0020248640794306993, 0.0024405713193118572, 0.001123035908676684, 0.045272260904312134, 0.36515429615974426, 0.0032194233499467373, 0.0006392342620529234, 0.07722397148609161, 1.2805744409561157, 0.0009808497270569205, 0.0011605439940467477]",1.0405643620522989,0.011631007037728791
325,194,167,111,0.000518798828125,0.0004512751766014844,1.0315878448957598,"[15.583507537841797, 0.010022198781371117, 0.005082306452095509, 0.000440262199845165, 0.38953807950019836, 1.0598397254943848, 0.005750778131186962, 0.00024303820100612938, 0.001617077155970037, 0.019723717123270035, 3.8339176177978516, 0.0020424711983650923, 0.0024683980736881495, 0.0011428022990003228, 0.045137353241443634, 0.37124010920524597, 0.003639504313468933, 0.0006434039096347988, 0.07712674885988235, 1.279646396636963, 0.0009665584657341242, 0.0011965028243139386]",1.0405643620522989,0.008976517156539021
326,260,249,111,0.0003833770751953125,0.00030124018667265773,1.0348882044292458,"[15.593457221984863, 0.010022670961916447, 0.005129510071128607, 0.0004942387458868325, 0.3909677565097809, 1.0597532987594604, 0.0057625118643045425, 0.00024399164249189198, 0.0014362744987010956, 0.020076168701052666, 3.8357553482055664, 0.0023055896162986755, 0.0021858150139451027, 0.0011257746955379844, 0.04517541080713272, 0.33520328998565674, 0.00322845415212214, 0.0006163604557514191, 0.08681545406579971, 1.365736961364746, 0.0009865660686045885, 0.0010618292726576328]",1.0405643620522989,0.005676157623053069
327,161,148,111,0.000583648681640625,0.0004872884601354599,1.037040231218932,"[15.62767219543457, 0.010028807446360588, 0.0051196664571762085, 0.0004323977918829769, 0.3986692428588867, 1.0644218921661377, 0.005746273789554834, 0.0002431573811918497, 0.0016155298799276352, 0.01975293643772602, 3.8353404998779297, 0.0020071377512067556, 0.002415241440758109, 0.001135300612077117, 0.04509815573692322, 0.33559930324554443, 0.0032292858231812716, 0.0006449526408687234, 0.08650325983762741, 1.3672220706939697, 0.0009635811438784003, 0.0010241983691230416]",1.0405643620522989,0.0035241308333668897
328,126,111,111,0.00067138671875,0.0005619337316602468,1.0390978054056177,"[15.601542472839355, 0.00909589882940054, 0.005060483235865831, 0.0004839917819481343, 0.3901943266391754, 1.1407849788665771, 0.005671244114637375, 0.00024291902082040906, 0.0016255272785201669, 0.020041348412632942, 3.814162492752075, 0.002008922165259719, 0.0024727978743612766, 0.0011454218765720725, 0.04561172053217888, 0.37136387825012207, 0.00321122445166111, 0.0006403064471669495, 0.07708270847797394, 1.3656526803970337, 0.0009976415894925594, 0.0010587330907583237]",1.0405643620522989,0.0014665566466811608
329,127,112,111,0.00067138671875,0.0005571322399191558,1.0373992457753047,"[15.57889461517334, 0.008906282484531403, 0.005150620825588703, 0.0004378790326882154, 0.39873427152633667, 1.1432710886001587, 0.005721501540392637, 0.00024184639914892614, 0.0016236230731010437, 0.01967298984527588, 3.8133904933929443, 0.0022653888445347548, 0.002173325279727578, 0.0011367294937372208, 0.045370351523160934, 0.3356814682483673, 0.0032212056685239077, 0.0006410212954506278, 0.08695414662361145, 1.367257833480835, 0.0009788251481950283, 0.0010578995570540428]",1.0405643620522989,0.0031651162769941177
330,102,93,111,0.000736236572265625,0.0006090426468290389,1.0318640978181397,"[15.58806324005127, 0.009960825555026531, 0.005200786050409079, 0.00048411093303002417, 0.39870795607566833, 1.0763394832611084, 0.005730865523219109, 0.0002406545972917229, 0.0016202905680984259, 0.019310105592012405, 3.8355581760406494, 0.00200737570412457, 0.0024551982060074806, 0.0012693690368905663, 0.045087672770023346, 0.3361417055130005, 0.0032263153698295355, 0.0006139777251519263, 0.08676540106534958, 1.2800142765045166, 0.0010202685371041298, 0.001192097319290042]",1.0405643620522989,0.00870026423415915
331,166,165,111,0.000576019287109375,0.0004529161669779569,1.0335336964754704,"[15.557122230529785, 0.010004259645938873, 0.005224029533565044, 0.00048423008411191404, 0.3900841772556305, 1.0782259702682495, 0.005792379844933748, 0.00024387246230617166, 0.0015730400336906314, 0.019703730940818787, 3.8343851566314697, 0.002024388173595071, 0.002438787603750825, 0.0011177966371178627, 0.045131657272577286, 0.33567601442337036, 0.0032198987901210785, 0.0006438804557546973, 0.07736675441265106, 1.3651204109191895, 0.0009697740315459669, 0.0011888825101777911]",1.0405643620522989,0.00703066557682841
332,117,95,111,0.000701904296875,0.0005985922180116177,1.0386681807933862,"[15.692452430725098, 0.009970858693122864, 0.0051735094748437405, 0.0004412154376041144, 0.38990089297294617, 1.0438542366027832, 0.00582592049613595, 0.00024101213784888387, 0.0016318351263180375, 0.01947695016860962, 3.8362338542938232, 0.0022969073615968227, 0.00244556600227952, 0.0012682974338531494, 0.04539860412478447, 0.3341655731201172, 0.003217997495085001, 0.0006367324967868626, 0.08645394444465637, 1.367431879043579, 0.0009897815762087703, 0.001191978226415813]",1.0405643620522989,0.0018961812589126659
334,35,13,111,0.00090789794921875,0.0008715520380064845,1.039009040515256,"[15.658041000366211, 0.00994489248842001, 0.0051564318127930164, 0.00048565989709459245, 0.3980341851711273, 1.1427584886550903, 0.0058202315121889114, 0.00024136967840604484, 0.0016150538576766849, 0.019838137552142143, 3.8361871242523193, 0.0020271246321499348, 0.0024297498166561127, 0.0011206544004380703, 0.045814886689186096, 0.36503854393959045, 0.0032266718335449696, 0.0006400682032108307, 0.0770321637392044, 1.2806942462921143, 0.00099323526956141, 0.0010589712765067816]",1.0405643620522989,0.001555321537042742
335,128,73,111,0.00067138671875,0.0006472506211139262,1.0329097432616188,"[15.56043529510498, 0.01006928738206625, 0.0051015205681324005, 0.0004843492351938039, 0.3867034912109375, 1.0641331672668457, 0.005763934459537268, 0.00024434918304905295, 0.0016282646683976054, 0.020056772977113724, 3.835360050201416, 0.0020231986418366432, 0.002424160484224558, 0.001141730579547584, 0.04518168047070503, 0.33467796444892883, 0.0032229882199317217, 0.0006399490521289408, 0.07701317965984344, 1.3655146360397339, 0.0009947833605110645, 0.0011995985405519605]",1.0405643620522989,0.007654618790680079
336,62,26,111,0.000827789306640625,0.0007997388602234423,1.0324219316422718,"[15.580378532409668, 0.009813752956688404, 0.004999516997486353, 0.0004976941272616386, 0.39127662777900696, 1.0775786638259888, 0.005774838384240866, 0.0002388668799540028, 0.0016191004542633891, 0.01963815651834011, 3.8346948623657227, 0.0020487764850258827, 0.002441760618239641, 0.001116010476835072, 0.045698732137680054, 0.37111344933509827, 0.0036379601806402206, 0.0006437613046728075, 0.07733287662267685, 1.2805559635162354, 0.0009875188115984201, 0.0011950739426538348]",1.0405643620522989,0.008142430410027046
337,179,136,111,0.00054931640625,0.0005139777204021811,1.0361677134682064,"[15.624327659606934, 0.008791076950728893, 0.00516283605247736, 0.00043871314846910536, 0.3846854269504547, 1.0632386207580566, 0.006436214316636324, 0.0002686616498976946, 0.001622075797058642, 0.019409257918596268, 3.8355696201324463, 0.0020270056556910276, 0.0023912189062684774, 0.00113589596003294, 0.0454881377518177, 0.3343835473060608, 0.003653163556009531, 0.0006283930852077901, 0.0866602435708046, 1.3672289848327637, 0.0009858515113592148, 0.0011570908827707171]",1.0405643620522989,0.0043966485840925
338,308,294,111,0.0002613067626953125,0.00021531505626626313,1.0339569892451188,"[15.595192909240723, 0.01005961000919342, 0.0051009273156523705, 0.00043847484630532563, 0.38524359464645386, 1.1256611347198486, 0.006448058411478996, 0.00027056847466155887, 0.00162743148393929, 0.02012547291815281, 3.814652919769287, 0.002003925619646907, 0.002449014689773321, 0.0011388728162273765, 0.045145101845264435, 0.365874320268631, 0.0032265528570860624, 0.0006437613046728075, 0.07729558646678925, 1.282271146774292, 0.000987756997346878, 0.0011966219171881676]",1.0405643620522989,0.006607372807180045
339,341,330,111,0.0001811981201171875,0.00013057870091870427,1.032501014543496,"[15.615708351135254, 0.010238388553261757, 0.0050383033230900764, 0.00042989550274796784, 0.38912439346313477, 1.073663592338562, 0.005815965123474598, 0.00023958197562023997, 0.0016150538576766849, 0.019694963470101357, 3.8346481323242188, 0.002025577938184142, 0.0024607873056083918, 0.0011331572895869613, 0.044978611171245575, 0.33483609557151794, 0.003643661504611373, 0.0006423317245207727, 0.08662952482700348, 1.2804158926010132, 0.0009788251481950283, 0.001061233808286488]",1.0405643620522989,0.008063347508802776
340,337,326,111,0.00018978118896484375,0.00014075689250603318,1.037417114537675,"[15.53805923461914, 0.008800294250249863, 0.00517433974891901, 0.00048494499060325325, 0.3908672034740448, 1.1456637382507324, 0.005794868338853121, 0.00023576818057335913, 0.0016267173923552036, 0.019604958593845367, 3.8347461223602295, 0.0020329540129750967, 0.0024504417087882757, 0.0011288706446066499, 0.045076388865709305, 0.371027410030365, 0.003650075290352106, 0.0006199345225468278, 0.07685808837413788, 1.3672302961349487, 0.000985494232736528, 0.0010583758121356368]",1.0405643620522989,0.0031472475146239187
341,318,305,111,0.0002384185791015625,0.00019652115588542074,1.03227218626919,"[15.531716346740723, 0.010033528320491314, 0.004993111826479435, 0.0004825619689654559, 0.3984282910823822, 1.0630183219909668, 0.005786453373730183, 0.00026782741770148277, 0.0016264794394373894, 0.01971062645316124, 3.836216926574707, 0.002272049430757761, 0.002388126915320754, 0.0011193446116521955, 0.04556046798825264, 0.33450666069984436, 0.003224414074793458, 0.0006299418746493757, 0.07719936221837997, 1.3685998916625977, 0.0010102650849148631, 0.0011970981722697616]",1.0405643620522989,0.008292175783108924
342,232,184,111,0.0004367828369140625,0.00040073113632388413,1.0356437655216062,"[15.59036922454834, 0.010201927274465561, 0.005195212084800005, 0.0004818470624741167, 0.39060258865356445, 1.0783467292785645, 0.005785031244158745, 0.00024530262453481555, 0.001630644896067679, 0.01961512863636017, 3.814995050430298, 0.002292744582518935, 0.0024397389497607946, 0.0012575822183862329, 0.04575510323047638, 0.3654722273349762, 0.0036518569104373455, 0.0006252956227399409, 0.0772721916437149, 1.3657366037368774, 0.0009978797752410173, 0.001192930736579001]",1.0405643620522989,0.004920596530692656
343,259,208,111,0.00038909912109375,0.0003535844443831593,1.038351597425803,"[15.60543441772461, 0.00994996726512909, 0.005109941121190786, 0.0004805363714694977, 0.39811232686042786, 1.1238805055618286, 0.005818572361022234, 0.0002422039397060871, 0.0016243371646851301, 0.020151760429143906, 3.834683895111084, 0.002266221446916461, 0.0024297498166561127, 0.0011342290090397, 0.047292184084653854, 0.33460375666618347, 0.0032182352151721716, 0.0006299418746493757, 0.07730165123939514, 1.3673114776611328, 0.0009949024533852935, 0.0010643299901857972]",1.0405643620522989,0.002212764626495778
344,282,256,111,0.000331878662109375,0.0002900467370636761,1.0372638573879323,"[15.622350692749023, 0.010083330795168877, 0.005093099549412727, 0.0004953111056238413, 0.3849913775920868, 1.0618382692337036, 0.005835875868797302, 0.00023910524032544345, 0.0015739921946078539, 0.019665975123643875, 3.8349947929382324, 0.002019629580900073, 0.002419046824797988, 0.0012693690368905663, 0.04323979839682579, 0.3651455342769623, 0.003643305040895939, 0.0006435230607166886, 0.08656951040029526, 1.3655402660369873, 0.0009572691051289439, 0.0011957883834838867]",1.0405643620522989,0.003300504664366599
345,234,193,111,0.0004291534423828125,0.0003830120258498937,1.0410065877341284,"[15.627265930175781, 0.010048752650618553, 0.005042572971433401, 0.0004814896092284471, 0.39797189831733704, 1.1191743612289429, 0.005773416254669428, 0.0002406545972917229, 0.0016255272785201669, 0.019541950896382332, 3.8341472148895264, 0.0020017840433865786, 0.0024329605512320995, 0.0011186301708221436, 0.04511513561010361, 0.3713397681713104, 0.0036454431246966124, 0.00062851223628968, 0.08690496534109116, 1.3654818534851074, 0.0009657248156145215, 0.0011963837314397097]",1.0405643620522989,-0.00044222568182950006
346,251,209,111,0.0003986358642578125,0.0003511227550916374,1.034630933035673,"[15.569402694702148, 0.008958149701356888, 0.005140065681189299, 0.00043752157944254577, 0.39814820885658264, 1.0811926126480103, 0.005765237845480442, 0.00024041623692028224, 0.0016091029392555356, 0.01969660073518753, 3.8356475830078125, 0.0022545652464032173, 0.0021873614750802517, 0.001110175740905106, 0.04527875408530235, 0.3342534899711609, 0.003230474190786481, 0.000646501372102648, 0.07708083093166351, 1.36753249168396, 0.0010082405060529709, 0.0010594476480036974]",1.0405643620522989,0.005933429016625746
347,300,281,111,0.0002841949462890625,0.00024072214728221297,1.0370215333856654,"[15.585222244262695, 0.009966490790247917, 0.005145639646798372, 0.0004858981992583722, 0.3909808099269867, 1.1457111835479736, 0.0057154567912220955, 0.00023719835735391825, 0.0016237420495599508, 0.01975422166287899, 3.8141555786132812, 0.0022888195235282183, 0.002441046992316842, 0.0011406589765101671, 0.045619238168001175, 0.3348459005355835, 0.0032177597749978304, 0.0006381620769388974, 0.07731257379055023, 1.365949273109436, 0.0009615565068088472, 0.0010602811817079782]",1.0405643620522989,0.0035428286666334685
348,285,259,111,0.0003223419189453125,0.00028370870859362185,1.0315311235873112,"[15.6060209274292, 0.00989413820207119, 0.005120377987623215, 0.0004969792207702994, 0.39904531836509705, 1.0619505643844604, 0.005739873740822077, 0.0002727136597968638, 0.001618743408471346, 0.019555160775780678, 3.8352952003479004, 0.0020316452719271183, 0.0023455508053302765, 0.0011238694423809648, 0.04508733004331589, 0.3347315192222595, 0.003630002262070775, 0.0006429274217225611, 0.07722871750593185, 1.2796430587768555, 0.001004667836241424, 0.0012054328108206391]",1.0405643620522989,0.009033238464987603
349,307,284,111,0.0002651214599609375,0.00023432324815075845,1.0307229155111022,"[15.607000350952148, 0.009946780279278755, 0.005084916017949581, 0.0004817279113922268, 0.3803931772708893, 1.0599713325500488, 0.005776616279035807, 0.0002431573811918497, 0.0015708976425230503, 0.01978297345340252, 3.8356211185455322, 0.0022686002776026726, 0.002410722430795431, 0.0011517327511683106, 0.04531931132078171, 0.33534181118011475, 0.003219304606318474, 0.0006395916570909321, 0.07709198445081711, 1.2805469036102295, 0.0009784678695723414, 0.0010626628063619137]",1.0405643620522989,0.009841446541196675
350,225,175,111,0.00045013427734375,0.00042765834950841963,1.0412486423989653,"[15.630685806274414, 0.010012403130531311, 0.0051564318127930164, 0.00043871314846910536, 0.38497164845466614, 1.1425484418869019, 0.005686772055923939, 0.00024244230007752776, 0.001637666835449636, 0.019468065351247787, 3.835559844970703, 0.0020292659755796194, 0.002360179089009762, 0.0011183919850736856, 0.04509393870830536, 0.3713795840740204, 0.0032171655911952257, 0.0006461439770646393, 0.07734324783086777, 1.3658745288848877, 0.0009700122172944248, 0.001029438222758472]",1.0405643620522989,-0.0006842803466664549
351,220,170,111,0.000461578369140625,0.0004418131138663739,1.0359070665581385,"[15.555793762207031, 0.010233551263809204, 0.0051516881212592125, 0.00047755756531842053, 0.3985908031463623, 1.1231733560562134, 0.006515213754028082, 0.0002426806604489684, 0.0016198145458474755, 0.020050112158060074, 3.8330795764923096, 0.0020273623522371054, 0.002457814523950219, 0.001115891383960843, 0.04552436247467995, 0.33477333188056946, 0.003644136479124427, 0.0006389960180968046, 0.07733342796564102, 1.3654791116714478, 0.000974537746515125, 0.0010583758121356368]",1.0405643620522989,0.004657295494160385
352,294,267,111,0.000293731689453125,0.00027205218793824315,1.0339565906311194,"[15.546753883361816, 0.009944183751940727, 0.004991925787180662, 0.00044264530879445374, 0.38988643884658813, 1.1447205543518066, 0.005771638359874487, 0.00024053541710600257, 0.00158565619494766, 0.019227784126996994, 3.83503794670105, 0.0020140379201620817, 0.002183317206799984, 0.0011531615164130926, 0.04379323124885559, 0.3655986785888672, 0.0036443741992115974, 0.0006424508756026626, 0.08663761615753174, 1.2806118726730347, 0.0009665584657341242, 0.0011965028243139386]",1.0405643620522989,0.006607771421179409
353,352,333,111,0.00014019012451171875,0.00011514728248585016,1.0378359789736515,"[15.586776733398438, 0.009791087359189987, 0.0050386590883135796, 0.00044276448898017406, 0.3900594115257263, 1.1433501243591309, 0.005699454806745052, 0.0002379134384682402, 0.0016248131869360805, 0.019883597269654274, 3.8355026245117188, 0.002021057065576315, 0.002368028275668621, 0.0011426832061260939, 0.04520788416266441, 0.3344157934188843, 0.0032242953311651945, 0.0006501944735646248, 0.07730518281459808, 1.3655091524124146, 0.0009751332108862698, 0.0011649496154859662]",1.0405643620522989,0.0027283830786473118
354,342,324,111,0.0001735687255859375,0.00014665043272543699,1.0320086434353883,"[15.605985641479492, 0.009143504314124584, 0.005088948644697666, 0.0004888770054094493, 0.3902795612812042, 1.0622670650482178, 0.005762630607932806, 0.00026854246971197426, 0.0016245751176029444, 0.020089488476514816, 3.8144423961639404, 0.002021295018494129, 0.0023924082051962614, 0.0011143434094265103, 0.045081403106451035, 0.36495155096054077, 0.0036516194231808186, 0.0006343498243950307, 0.08673643320798874, 1.2799890041351318, 0.000974656839389354, 0.0012018608395010233]",1.0405643620522989,0.008555718616910513
355,347,328,111,0.00015926361083984375,0.00013328451314009726,1.0337783431565517,"[15.613450050354004, 0.010037069208920002, 0.0050865765661001205, 0.0004920940846204758, 0.377593070268631, 1.143829584121704, 0.005719131324440241, 0.00023588736075907946, 0.0016213617054745555, 0.019555510953068733, 3.8143231868743896, 0.0020158225670456886, 0.0024356956128031015, 0.0011355387978255749, 0.04494943469762802, 0.3346635401248932, 0.003649243852123618, 0.0006300609675236046, 0.0770607441663742, 1.2824591398239136, 0.0009832315845414996, 0.0011975744273513556]",1.0405643620522989,0.006786018895747148
356,350,332,111,0.00014400482177734375,0.0001192134222947061,1.0383822241022822,"[15.57893180847168, 0.010043442249298096, 0.005180269479751587, 0.000485183292767033, 0.3967607319355011, 1.1440855264663696, 0.005741058848798275, 0.00024196557933464646, 0.0016285026213154197, 0.02000723034143448, 3.835707664489746, 0.002012729411944747, 0.0024334362242370844, 0.001142325927503407, 0.0451187789440155, 0.33485332131385803, 0.0032229882199317217, 0.0006269635050557554, 0.08651484549045563, 1.3676046133041382, 0.0009999042376875877, 0.0010656398953869939]",1.0405643620522989,0.0021821379500166493
357,348,329,111,0.0001583099365234375,0.0001312246749876067,1.0402505423487376,"[15.593189239501953, 0.01002255268394947, 0.005148604512214661, 0.0004292996891308576, 0.39796966314315796, 1.1442246437072754, 0.005728613585233688, 0.00024351492174901068, 0.0016104121459648013, 0.019805297255516052, 3.8355965614318848, 0.0020641228184103966, 0.0023838456254452467, 0.001129227806814015, 0.04517848789691925, 0.37120023369789124, 0.003650906728580594, 0.0006478118011727929, 0.07714451104402542, 1.3659610748291016, 0.0009858515113592148, 0.0011974553344771266]",1.0405643620522989,0.00031381970356125777
358,339,318,111,0.00018405914306640625,0.00015418494876939803,1.0382230395982994,"[15.584822654724121, 0.009906886145472527, 0.005129391793161631, 0.00048780461656861007, 0.3907192051410675, 1.1488826274871826, 0.005708937533199787, 0.0002431573811918497, 0.0016192194307222962, 0.01948454976081848, 3.835761547088623, 0.0020171310752630234, 0.0023844402749091387, 0.00112160702701658, 0.04511057585477829, 0.3355460464954376, 0.003634990891441703, 0.0006245807744562626, 0.07710831612348557, 1.3684332370758057, 0.0009617946925573051, 0.0011981697753071785]",1.0405643620522989,0.002341322453999428
359,322,303,111,0.00023365020751953125,0.0002028262970270589,1.036145770629942,"[15.569156646728516, 0.00996625516563654, 0.005213119555264711, 0.0004844683862756938, 0.39835721254348755, 1.075805902481079, 0.005758719053119421, 0.0002450642641633749, 0.00144091690890491, 0.020007815212011337, 3.8348052501678467, 0.002011658623814583, 0.0024667331017553806, 0.001121726119890809, 0.0457635298371315, 0.37130722403526306, 0.0032326129730790854, 0.0006420934805646539, 0.07732129096984863, 1.368035912513733, 0.0009637002367526293, 0.0010991015005856752]",1.0405643620522989,0.004418591422356899
360,289,263,111,0.0003070831298828125,0.0002781846560537815,1.0384208134584532,"[15.59347152709961, 0.010135491378605366, 0.005048266611993313, 0.00048708971007727087, 0.39624544978141785, 1.1431337594985962, 0.005863726604729891, 0.00026782741770148277, 0.0016368337674066424, 0.019823996350169182, 3.8351783752441406, 0.002024388173595071, 0.0024622143246233463, 0.0011192255187779665, 0.04505348578095436, 0.3346754014492035, 0.0032088477164506912, 0.0006379238329827785, 0.07717916369438171, 1.3654745817184448, 0.0009838269324973226, 0.0011464934796094894]",1.0405643620522989,0.00214354859384569
361,328,309,111,0.00021076202392578125,0.00018498858844395727,1.0377152089032196,"[15.545953750610352, 0.009922701865434647, 0.004983978345990181, 0.0004959068610332906, 0.3985539376735687, 1.1420705318450928, 0.0058070761151611805, 0.00024303820100612938, 0.0016210046596825123, 0.019716937094926834, 3.8356235027313232, 0.0020086844451725483, 0.0024541281163692474, 0.0011254174169152975, 0.04332267865538597, 0.3650002181529999, 0.0032265528570860624, 0.0006368515896610916, 0.07712983340024948, 1.3676514625549316, 0.0009865660686045885, 0.0011998366098850965]",1.0405643620522989,0.0028491531490792976
362,319,298,111,0.00023651123046875,0.0002091011410811916,1.036485953294852,"[15.625466346740723, 0.010023378767073154, 0.0052132378332316875, 0.0004993622424080968, 0.3993990123271942, 1.062661051750183, 0.0056432695128023624, 0.0002683041093405336, 0.0016083888476714492, 0.019941676408052444, 3.834740161895752, 0.00228537037037313, 0.0024412849452346563, 0.001134705264121294, 0.04572253301739693, 0.334717720746994, 0.0032289293594658375, 0.0006437613046728075, 0.07739278674125671, 1.367617130279541, 0.000982397934421897, 0.0010601620888337493]",1.0405643620522989,0.004078408757446805
363,309,285,111,0.0002613067626953125,0.00023158227850217372,1.0344653498627436,"[15.623671531677246, 0.010016415268182755, 0.005034270230680704, 0.00048196621355600655, 0.37997162342071533, 1.0601296424865723, 0.00593305379152298, 0.00024053541710600257, 0.0016217187512665987, 0.02008761838078499, 3.814710855484009, 0.002018558792769909, 0.002383964601904154, 0.0011328000109642744, 0.04563746228814125, 0.33492010831832886, 0.0032151455525308847, 0.0006480501033365726, 0.07705777138471603, 1.3672938346862793, 0.000974537746515125, 0.0010562323732301593]",1.0405643620522989,0.00609901218955522
364,310,286,111,0.0002613067626953125,0.00023045072157401592,1.035114962111534,"[15.581180572509766, 0.010161688551306725, 0.005068785510957241, 0.0004934046883136034, 0.38932421803474426, 1.1420681476593018, 0.005755637306720018, 0.00024327656137757003, 0.0016150538576766849, 0.019338520243763924, 3.8347442150115967, 0.002295004203915596, 0.0023905052803456783, 0.0011235122801735997, 0.047529224306344986, 0.3652036190032959, 0.003220373997464776, 0.0006482883472926915, 0.0772433876991272, 1.2807040214538574, 0.00098204065579921, 0.0011956692906096578]",1.0405643620522989,0.005449399940764765
365,335,317,111,0.00019359588623046875,0.0001621432602405548,1.0318041373023086,"[15.587772369384766, 0.010110591538250446, 0.005051113199442625, 0.0004857790481764823, 0.3977188467979431, 1.076238751411438, 0.005910537671297789, 0.0002416080387774855, 0.001609698054380715, 0.020127343013882637, 3.8132200241088867, 0.0022664591670036316, 0.0023865809198468924, 0.0011144625023007393, 0.0455494187772274, 0.36573168635368347, 0.003636416047811508, 0.0006074252305552363, 0.07720255851745605, 1.2805298566818237, 0.0009740613750182092, 0.0012054328108206391]",1.0405643620522989,0.008760224749990275
366,321,301,111,0.00023555755615234375,0.00020661715825553983,1.0387476409450755,"[15.589599609375, 0.0099485507234931, 0.005143979098647833, 0.0004776767164003104, 0.39125847816467285, 1.146854043006897, 0.005847845692187548, 0.00023827097902540118, 0.001625646254979074, 0.02014615200459957, 3.8355886936187744, 0.002008327515795827, 0.0024323659017682076, 0.0011237503495067358, 0.04562709853053093, 0.3343924880027771, 0.003217878518626094, 0.0006485265912488103, 0.0869004875421524, 1.3673352003097534, 0.0009667966514825821, 0.0010662352433428168]",1.0405643620522989,0.001816721107223307
367,331,313,111,0.00020599365234375,0.00017911699251271784,1.033594339887548,"[15.565476417541504, 0.00898012425750494, 0.0051244106143713, 0.0004814896092284471, 0.3941963315010071, 1.142811894416809, 0.005798898171633482, 0.00024375328212045133, 0.0016202905680984259, 0.019452398642897606, 3.835855007171631, 0.0020317642483860254, 0.0024147657677531242, 0.0011317284079268575, 0.04501735791563988, 0.3348935842514038, 0.0032296422868967056, 0.0006468587671406567, 0.08674944192171097, 1.2808791399002075, 0.0009814451914280653, 0.0010587330907583237]",1.0405643620522989,0.006970022164750844
368,311,283,111,0.0002593994140625,0.00023557075473945588,1.034098546941426,"[15.580081939697266, 0.00994017068296671, 0.005200904794037342, 0.00048530244384892285, 0.3903961479663849, 1.0657193660736084, 0.005683927331119776, 0.0002683041093405336, 0.0016294547822326422, 0.019380612298846245, 3.8353023529052734, 0.0020149897318333387, 0.0024021598510444164, 0.0011094611836597323, 0.04501872509717941, 0.33472520112991333, 0.003227147040888667, 0.0006367324967868626, 0.07740558683872223, 1.3674076795578003, 0.0009740613750182092, 0.001157805323600769]",1.0405643620522989,0.006465815110872963
369,266,215,111,0.0003681182861328125,0.00034515949664637446,1.0360151699463709,"[15.56123161315918, 0.008990875445306301, 0.005195093806833029, 0.0004950728034600616, 0.38668325543403625, 1.1423850059509277, 0.005716167856007814, 0.00024387246230617166, 0.0016195764765143394, 0.019837435334920883, 3.814175844192505, 0.0020179639104753733, 0.0024506794288754463, 0.0011123190633952618, 0.0455724261701107, 0.3346320688724518, 0.003232850693166256, 0.0006195771275088191, 0.08657224476337433, 1.3675241470336914, 0.0009663202799856663, 0.0010593285551294684]",1.0405643620522989,0.004549192105927968
370,329,312,111,0.00021076202392578125,0.0001800693426048383,1.0346042862193743,"[15.59487533569336, 0.009985493496060371, 0.005001058802008629, 0.00048375347978435457, 0.39071646332740784, 1.0630154609680176, 0.0058422754518687725, 0.00024399164249189198, 0.0016191004542633891, 0.01997673325240612, 3.834862470626831, 0.002283586421981454, 0.0024329605512320995, 0.0011212497483938932, 0.04510567709803581, 0.3341391384601593, 0.0036393855698406696, 0.0006363751017488539, 0.07720432430505753, 1.3659353256225586, 0.0009765623253770173, 0.0011975744273513556]",1.0405643620522989,0.005960075832924572
371,349,338,111,0.00014972686767578125,0.00010594537889119238,1.0360777537240542,"[15.556798934936523, 0.009954570792615414, 0.005149079021066427, 0.0004963834653608501, 0.39365896582603455, 1.1216492652893066, 0.0058202315121889114, 0.0002401778765488416, 0.001608150894753635, 0.019854731857776642, 3.834648847579956, 0.0020270056556910276, 0.0024362902622669935, 0.0011332763824611902, 0.04555944353342056, 0.3345039188861847, 0.0036446116864681244, 0.0006369707407429814, 0.08662362396717072, 1.365128755569458, 0.0009866851614788175, 0.0011506610317155719]",1.0405643620522989,0.004486608328244657
372,333,325,111,0.00020122528076171875,0.00014518525858875364,1.041091321149989,"[15.608071327209473, 0.009898977354168892, 0.0050380658358335495, 0.0004901876673102379, 0.39833489060401917, 1.1431093215942383, 0.005844527389854193, 0.00024101213784888387, 0.0016124354442581534, 0.01949331723153591, 3.835057497024536, 0.002001189161092043, 0.002415003487840295, 0.0011320855701342225, 0.04728308692574501, 0.37187832593917847, 0.0036456806119531393, 0.0006135011790320277, 0.0772063136100769, 1.3684861660003662, 0.0009577454766258597, 0.0011984078446403146]",1.0405643620522989,-0.0005269590976901828
373,330,321,111,0.0002079010009765625,0.00015012848598416895,1.0319783799416407,"[15.610902786254883, 0.009982660412788391, 0.005048740655183792, 0.00047958316281437874, 0.40336060523986816, 1.0602290630340576, 0.005678711924701929, 0.00024089295766316354, 0.0016182672698050737, 0.020064951851963997, 3.8367035388946533, 0.001994169782847166, 0.0024379552341997623, 0.0012549628736451268, 0.045192960649728775, 0.33460280299186707, 0.0032106302678585052, 0.000613143783994019, 0.0770878940820694, 1.280800223350525, 0.0009697740315459669, 0.001050040009431541]",1.0405643620522989,0.008585982110658197
374,304,287,111,0.0002765655517578125,0.00022585547412745655,1.030246878098379,"[15.617258071899414, 0.010177265852689743, 0.005011497065424919, 0.0004439560289029032, 0.37945306301116943, 1.0403655767440796, 0.005718893837183714, 0.0002401778765488416, 0.0015813715290278196, 0.01962541602551937, 3.8355002403259277, 0.0020113016944378614, 0.002360892714932561, 0.0011270844843238592, 0.0451226532459259, 0.3353007435798645, 0.0032353459391742945, 0.0006342306733131409, 0.07728620618581772, 1.2807927131652832, 0.0009844223968684673, 0.0012001938885077834]",1.0405643620522989,0.01031748395391996
375,283,261,111,0.000324249267578125,0.0002808931458275765,1.041041273085284,"[15.617436408996582, 0.009966136887669563, 0.005065938923507929, 0.00048268112004734576, 0.3905768394470215, 1.1443147659301758, 0.005639002192765474, 0.00024196557933464646, 0.0016132686287164688, 0.019152823835611343, 3.8353612422943115, 0.002046397188678384, 0.0024204738438129425, 0.001134705264121294, 0.045515019446611404, 0.37139299511909485, 0.0032261963933706284, 0.0006403064471669495, 0.07729823142290115, 1.367200493812561, 0.0009804924484342337, 0.0012016226537525654]",1.0405643620522989,-0.00047691103298519444
376,230,185,111,0.000438690185546875,0.0003966169897466898,1.0356967729947593,"[15.625170707702637, 0.010002724826335907, 0.005039963871240616, 0.0004401430196594447, 0.3894141912460327, 1.1442089080810547, 0.0057725864462554455, 0.00024125049822032452, 0.0016076747560873628, 0.019572343677282333, 3.835355758666992, 0.0022514727897942066, 0.0024650683626532555, 0.001111961784772575, 0.044996730983257294, 0.334946870803833, 0.0032313058618456125, 0.0006480501033365726, 0.07727748900651932, 1.2795339822769165, 0.0009827552130445838, 0.0010570659069344401]",1.0405643620522989,0.00486758905753959
377,147,110,111,0.0006103515625,0.0005628647631965578,1.0326345702064414,"[15.58047103881836, 0.009858254343271255, 0.005100452806800604, 0.0004825619689654559, 0.3856935203075409, 1.1420280933380127, 0.005692461505532265, 0.00023982033599168062, 0.0015833948273211718, 0.019441993907094002, 3.813575506210327, 0.002013443037867546, 0.0023764721117913723, 0.0011491130571812391, 0.047308895736932755, 0.3353534936904907, 0.0032069466542452574, 0.0006200536736287177, 0.07725872844457626, 1.282313346862793, 0.0009934734553098679, 0.0011994794476777315]",1.0405643620522989,0.007929791845857403
378,188,155,111,0.000530242919921875,0.0004747557104565203,1.03498477769079,"[15.592167854309082, 0.010009688325226307, 0.005157617852091789, 0.0004928089329041541, 0.39086952805519104, 1.0609848499298096, 0.005805061198771, 0.0002420847595203668, 0.0016181482933461666, 0.019803542643785477, 3.8359084129333496, 0.0022664591670036316, 0.0024498470593243837, 0.0011125572491437197, 0.045101914554834366, 0.33579614758491516, 0.0032261963933706284, 0.000633992429357022, 0.08690168708562851, 1.3670933246612549, 0.0009611992281861603, 0.0010621865512803197]",1.0405643620522989,0.00557958436150896
379,284,270,111,0.000324249267578125,0.000259204680332914,1.0289781575907413,"[15.548067092895508, 0.009902164340019226, 0.0049908580258488655, 0.0004828002711292356, 0.3980559706687927, 1.0643446445465088, 0.005697202868759632, 0.0002388668799540028, 0.0016108882846310735, 0.01941954530775547, 3.8365039825439453, 0.0020140379201620817, 0.002142040990293026, 0.001128632458858192, 0.04519455507397652, 0.3346734344959259, 0.0032310683745890856, 0.000648883986286819, 0.07704716920852661, 1.279982089996338, 0.0009858515113592148, 0.001157686347141862]",1.0405643620522989,0.011586204461557559
380,295,290,111,0.0002918243408203125,0.00022071617422625422,1.0431500639917266,"[15.59986686706543, 0.008926840499043465, 0.00513733783736825, 0.0004950728034600616, 0.39837297797203064, 1.1447200775146484, 0.005705618765205145, 0.00024089295766316354, 0.0016183863626793027, 0.02010444365441799, 3.927321434020996, 0.002271454781293869, 0.002369098598137498, 0.001149232150055468, 0.045440979301929474, 0.334751158952713, 0.00322548346593976, 0.0006422125734388828, 0.0775337815284729, 1.3672748804092407, 0.0009742995607666671, 0.0011588770430535078]",1.0405643620522989,-0.0025857019394277536
381,262,241,111,0.0003814697265625,0.0003206095134373754,1.0329927422347034,"[15.573310852050781, 0.009920223616063595, 0.005154297221451998, 0.0004956685588695109, 0.390095978975296, 1.125184178352356, 0.005719249602407217, 0.00023946279543451965, 0.001625765347853303, 0.01988137699663639, 3.8356893062591553, 0.002276450162753463, 0.002382299629971385, 0.0011254174169152975, 0.04526815935969353, 0.3345796763896942, 0.0032266718335449696, 0.0006448334897868335, 0.08704757690429688, 1.2797998189926147, 0.000976919662207365, 0.0011961455456912518]",1.0405643620522989,0.007571619817595465
382,239,195,111,0.0004215240478515625,0.0003798507677856833,1.0384752765014789,"[15.584362983703613, 0.009936275891959667, 0.004991688299924135, 0.0004855407460127026, 0.39791569113731384, 1.140602707862854, 0.005718656815588474, 0.00024005869636312127, 0.001631121034733951, 0.019802959635853767, 3.8352890014648438, 0.0020095170475542545, 0.002381229307502508, 0.001115891383960843, 0.04504801332950592, 0.3342118263244629, 0.0032194233499467373, 0.0006444760947488248, 0.08677938580513, 1.3680113554000854, 0.0009941878961399198, 0.0010640918044373393]",1.0405643620522989,0.0020890855508199913
383,151,104,111,0.00060272216796875,0.0005763460067100823,1.0366546649033395,"[15.570539474487305, 0.009984195232391357, 0.0051564318127930164, 0.0004954302567057312, 0.3843154311180115, 1.160712480545044, 0.005814898293465376, 0.00024136967840604484, 0.0015672078588977456, 0.019709574058651924, 3.811868906021118, 0.002028909046202898, 0.002462571021169424, 0.0011275607394054532, 0.04525744915008545, 0.3345645070075989, 0.0036326153203845024, 0.000644237850792706, 0.07708359509706497, 1.3672077655792236, 0.0009628665866330266, 0.0010251511121168733]",1.0405643620522989,0.00390969714895939
384,167,121,111,0.000576019287109375,0.0005463755805976689,1.0360195919334232,"[15.628595352172852, 0.009944537654519081, 0.005097962450236082, 0.0004864939546678215, 0.38536012172698975, 1.0773061513900757, 0.005697084590792656, 0.00026973424246534705, 0.0016032711137086153, 0.019815580919384956, 3.812689781188965, 0.002004758222028613, 0.0024210684932768345, 0.0011272035771980882, 0.04491535946726799, 0.3345964848995209, 0.0036448491737246513, 0.000621959799900651, 0.08679468929767609, 1.367309331893921, 0.0009690594743005931, 0.0011601868318393826]",1.0405643620522989,0.004544770118875663
385,250,202,111,0.000400543212890625,0.0003609296400099993,1.038809728292108,"[15.5906982421875, 0.010031876154243946, 0.005152518395334482, 0.0005018643569201231, 0.3908122777938843, 1.1223902702331543, 0.005767845548689365, 0.00023767507809679955, 0.0016185053391382098, 0.019655104726552963, 3.8359291553497314, 0.002272525103762746, 0.002466971054673195, 0.0011186301708221436, 0.04334961995482445, 0.3714919686317444, 0.0032276222482323647, 0.0006423317245207727, 0.07728057354688644, 1.3671420812606812, 0.0009685831028036773, 0.0010577804641798139]",1.0405643620522989,0.0017546337601908046
386,263,232,111,0.0003814697265625,0.0003275821509305388,1.034050032552014,"[15.577187538146973, 0.01003128569573164, 0.005184301640838385, 0.0004854215949308127, 0.3987998962402344, 1.061407208442688, 0.005733117461204529, 0.00023552982020191848, 0.001629216712899506, 0.01965685933828354, 3.834493398666382, 0.002025339985266328, 0.0024366469588130713, 0.0011295850854367018, 0.04341856390237808, 0.3351512849330902, 0.0032232257071882486, 0.0006395916570909321, 0.07685709744691849, 1.3672244548797607, 0.0009548871894367039, 0.0011962646385654807]",1.0405643620522989,0.0065143295002847434
387,277,260,111,0.0003490447998046875,0.0002821600646711886,1.0398888978114966,"[15.673443794250488, 0.010288299061357975, 0.005004736129194498, 0.0004312062228564173, 0.3982739746570587, 1.0607714653015137, 0.0057834903709590435, 0.00024053541710600257, 0.0016069606645032763, 0.019677430391311646, 3.834794521331787, 0.0020343814976513386, 0.0024491334334015846, 0.0011087467428296804, 0.04511718451976776, 0.36555343866348267, 0.0032296422868967056, 0.0006457865820266306, 0.0773279145359993, 1.3675618171691895, 0.0010110987350344658, 0.0012001938885077834]",1.0405643620522989,0.000675464240802226
388,323,323,111,0.0002307891845703125,0.00014725721848662943,1.0327025391928724,"[15.547844886779785, 0.009926833212375641, 0.005143267568200827, 0.000432278640801087, 0.39127716422080994, 1.1433863639831543, 0.005766541697084904, 0.00024136967840604484, 0.001579943229444325, 0.020071260631084442, 3.8352580070495605, 0.0020205811597406864, 0.0023808723781257868, 0.0011468507582321763, 0.04325201362371445, 0.33501091599464417, 0.0036314274184405804, 0.0006451908848248422, 0.08671675622463226, 1.2816622257232666, 0.0008642514003440738, 0.0011968599865213037]",1.0405643620522989,0.007861822859426493
389,291,300,111,0.00030517578125,0.00020766962552443147,1.0278868702139747,"[15.530930519104004, 0.010259037837386131, 0.005183590110391378, 0.00048375347978435457, 0.39840298891067505, 1.0773354768753052, 0.00588387344032526, 0.00024041623692028224, 0.0016255272785201669, 0.01973750814795494, 3.814455986022949, 0.0020215329714119434, 0.002441165968775749, 0.0011397063499316573, 0.04463551566004753, 0.33484992384910583, 0.0032204927410930395, 0.0006332775810733438, 0.0772821232676506, 1.280606985092163, 0.000947503256611526, 0.0011942405253648758]",1.0405643620522989,0.012677491838324118
390,206,190,111,0.000492095947265625,0.0003861689765471965,1.0372481223431267,"[15.589319229125977, 0.009013203904032707, 0.005150383338332176, 0.00048423008411191404, 0.39069685339927673, 1.12627112865448, 0.005718775559216738, 0.00024387246230617166, 0.001582085620611906, 0.020022770389914513, 3.835083484649658, 0.0020410437136888504, 0.0021743958350270987, 0.0011219641892239451, 0.04549383372068405, 0.33472922444343567, 0.0032366530504077673, 0.0006420934805646539, 0.07705004513263702, 1.3671780824661255, 0.0010062160436064005, 0.0011991222854703665]",1.0405643620522989,0.003316239709172164
391,92,66,111,0.000762939453125,0.0006597442552447319,1.0370632522588659,"[15.611675262451172, 0.009859316982328892, 0.005151213612407446, 0.00048673225683160126, 0.3843441605567932, 1.1597046852111816, 0.0058433422818779945, 0.000243634101934731, 0.0016346914926543832, 0.0200320016592741, 3.836219310760498, 0.0022825158666819334, 0.0024612629786133766, 0.001117082079872489, 0.045645661652088165, 0.36522215604782104, 0.0036507879849523306, 0.000610999355558306, 0.07724471390247345, 1.2798731327056885, 0.0010280092246830463, 0.0010608765296638012]",1.0405643620522989,0.0035011097934329882
392,124,101,111,0.00067901611328125,0.0005824916297569871,1.0370865407563874,"[15.583545684814453, 0.009855539537966251, 0.004975556395947933, 0.0004836343287024647, 0.3904728591442108, 1.127673864364624, 0.00582817243412137, 0.0002420847595203668, 0.0016235039802268147, 0.01985403150320053, 3.835453987121582, 0.0020157035905867815, 0.002156672067940235, 0.0012546057114377618, 0.04513256996870041, 0.3343050479888916, 0.003658983390778303, 0.0006420934805646539, 0.07741905003786087, 1.3671305179595947, 0.0009818024700507522, 0.0011979315895587206]",1.0405643620522989,0.003477821295911454
393,76,51,111,0.000789642333984375,0.0007063572993502021,1.0318518150505207,"[15.597501754760742, 0.010133014060556889, 0.005152399651706219, 0.0004855407460127026, 0.3903304636478424, 1.0773849487304688, 0.005782542284578085, 0.000243634101934731, 0.0015655416063964367, 0.02000734768807888, 3.812833070755005, 0.0020060669630765915, 0.002370882546529174, 0.0011195826809853315, 0.045157864689826965, 0.3653238117694855, 0.0036410484462976456, 0.0006417360855266452, 0.07734060287475586, 1.279707431793213, 0.0009808497270569205, 0.0010297955013811588]",1.0405643620522989,0.008712547001778148
394,118,84,111,0.000698089599609375,0.0006242955569177866,1.0329716005084761,"[15.575581550598145, 0.009936394169926643, 0.004998212214559317, 0.00044347942457534373, 0.39808639883995056, 1.0610203742980957, 0.005744614638388157, 0.0002366024418734014, 0.0016066036187112331, 0.019676262512803078, 3.814077138900757, 0.0019639506936073303, 0.0024503227323293686, 0.0011297041783109307, 0.04502522200345993, 0.3347070515155792, 0.0036460370756685734, 0.0006420934805646539, 0.07723379135131836, 1.3650177717208862, 0.0009869233472272754, 0.0011647114297375083]",1.0405643620522989,0.0075927615438227125
395,21,11,111,0.000946044921875,0.0008813920430839062,1.0355785761897673,"[15.551441192626953, 0.009910190477967262, 0.004983978345990181, 0.0004818470624741167, 0.39378875494003296, 1.1242446899414062, 0.005736199207603931, 0.00023815179883968085, 0.0016192194307222962, 0.019374532625079155, 3.834882974624634, 0.0020277192816138268, 0.0023732611443847418, 0.0011135098757222295, 0.04534642770886421, 0.3346045911312103, 0.003222394036129117, 0.0006436422117985785, 0.07703205198049545, 1.3674826622009277, 0.000976919662207365, 0.0012037658598273993]",1.0405643620522989,0.004985785862531511
396,22,10,111,0.000946044921875,0.000888449780177325,1.0324063427092782,"[15.550492286682129, 0.009897206909954548, 0.0051469444297254086, 0.0005000770906917751, 0.3846835494041443, 1.0646175146102905, 0.005767489783465862, 0.00027044929447583854, 0.001572444918565452, 0.01946830004453659, 3.8357791900634766, 0.002033191965892911, 0.002472441177815199, 0.0011041027028113604, 0.044960375875234604, 0.335254430770874, 0.003640810726210475, 0.0006305375136435032, 0.07703127712011337, 1.3655730485916138, 0.000982397934421897, 0.001061471994034946]",1.0405643620522989,0.008158019343020628
397,184,151,111,0.000537872314453125,0.00048301881179213524,1.0357772253509294,"[15.569536209106445, 0.010035180486738682, 0.005142081528902054, 0.00048792376765049994, 0.3995204567909241, 1.0635557174682617, 0.005846779327839613, 0.00024101213784888387, 0.0016167201101779938, 0.019981756806373596, 3.8350882530212402, 0.0020389023702591658, 0.002358514117076993, 0.0011368485866114497, 0.04500699043273926, 0.3654532730579376, 0.0032314248383045197, 0.0006409021443687379, 0.08694813400506973, 1.3672199249267578, 0.0009510761592537165, 0.0010608765296638012]",1.0405643620522989,0.004787136701369432
398,189,154,111,0.000530242919921875,0.0004751082742586732,1.034983149113197,"[15.56385326385498, 0.009926714934408665, 0.005142674781382084, 0.0004247716860845685, 0.38996773958206177, 1.1237958669662476, 0.005717827472835779, 0.00024482590379193425, 0.0016248131869360805, 0.019846785813570023, 3.814140558242798, 0.002269432647153735, 0.0024535334669053555, 0.0012696071062237024, 0.04345554858446121, 0.3343999981880188, 0.003625488607212901, 0.0006381620769388974, 0.0772821232676506, 1.3675110340118408, 0.0009704885887913406, 0.0010680215200409293]",1.0405643620522989,0.005581212939101743
399,183,147,111,0.00054168701171875,0.000489406636916101,1.0327958744482286,"[15.592097282409668, 0.00993415154516697, 0.005058348178863525, 0.00047922570956870914, 0.3905491828918457, 1.0791354179382324, 0.005671244114637375, 0.0002711643755901605, 0.0015610187547281384, 0.01967836543917656, 3.835679292678833, 0.0020079705864191055, 0.002446160651743412, 0.0011298231547698379, 0.04516812041401863, 0.3651646375656128, 0.003222037572413683, 0.0006479309522546828, 0.07712586224079132, 1.2823100090026855, 0.0009682258241809905, 0.0012037658598273993]",1.0405643620522989,0.007768487604070229
400,258,217,111,0.0003910064697265625,0.00034415643312968314,1.0376620747807797,"[15.57885456085205, 0.010104101151227951, 0.005014936905354261, 0.0004972175229340792, 0.39119333028793335, 1.1427496671676636, 0.005896198563277721, 0.00024136967840604484, 0.0016232660273090005, 0.01993536576628685, 3.8355422019958496, 0.0020226037595421076, 0.0023670769296586514, 0.0011235122801735997, 0.045557279139757156, 0.3347700834274292, 0.003644730430096388, 0.0006479309522546828, 0.07727671414613724, 1.3674331903457642, 0.0010064542293548584, 0.0010638536186888814]",1.0405643620522989,0.0029022872715191994
401,240,198,111,0.00041961669921875,0.00037335610250011086,1.035607263045015,"[15.609197616577148, 0.009913967922329903, 0.005168528761714697, 0.0004945961991325021, 0.3981151282787323, 1.1236636638641357, 0.005682267714291811, 0.00024089295766316354, 0.001636119675822556, 0.020077569410204887, 3.835038185119629, 0.0022812075912952423, 0.002364460611715913, 0.001258058357052505, 0.045469000935554504, 0.3650994300842285, 0.003302360652014613, 0.0005749003030359745, 0.0772160217165947, 1.2746436595916748, 0.0008628221112303436, 0.0010593285551294684]",1.0405643620522989,0.004957099007283805
402,281,262,111,0.000335693359375,0.00028070237021893263,1.0335559786505077,"[15.559490203857422, 0.009785185568034649, 0.005199600011110306, 0.00048458753735758364, 0.3860142230987549, 1.0584346055984497, 0.005805891007184982, 0.00023862851958256215, 0.001622551935724914, 0.01987261325120926, 3.8142683506011963, 0.002025458961725235, 0.002367433626204729, 0.0011213688412681222, 0.04504881054162979, 0.36672019958496094, 0.003217997495085001, 0.0006405447493307292, 0.08655650168657303, 1.3672266006469727, 0.000894146622158587, 0.0011960265692323446]",1.0405643620522989,0.007008383401791107
403,272,253,111,0.0003604888916015625,0.00029422310763038695,1.0374877826398006,"[15.582534790039062, 0.010066455230116844, 0.004983622580766678, 0.00048351517762057483, 0.3778381943702698, 1.1421862840652466, 0.005789061076939106, 0.00024029705673456192, 0.0016235039802268147, 0.01975141651928425, 3.8125741481781006, 0.0020192726515233517, 0.0023895539343357086, 0.0011176775442436337, 0.045244116336107254, 0.3654274642467499, 0.003224414074793458, 0.0006457865820266306, 0.07720675319433212, 1.3672199249267578, 0.0009664393728598952, 0.0011985269375145435]",1.0405643620522989,0.0030765794124982815
404,269,264,111,0.000362396240234375,0.00027803858392871916,1.0359540483775411,"[15.614439964294434, 0.009136652573943138, 0.005152755416929722, 0.00048565989709459245, 0.3887621760368347, 1.0784543752670288, 0.0057258871383965015, 0.00023898606013972312, 0.0016192194307222962, 0.01958298310637474, 3.8350701332092285, 0.0020208191126585007, 0.0021929519716650248, 0.0011330381967127323, 0.043391741812229156, 0.3342162072658539, 0.0036446116864681244, 0.0006414977833628654, 0.07712475955486298, 1.36591637134552, 0.000985494232736528, 0.0010527789127081633]",1.0405643620522989,0.004610313674757727
405,233,222,111,0.0004329681396484375,0.0003387457109056413,1.0341247689052993,"[15.591928482055664, 0.00891372561454773, 0.005203750915825367, 0.0004836343287024647, 0.38416460156440735, 1.059708833694458, 0.005752911325544119, 0.0002449450839776546, 0.0016058895271271467, 0.01986735314130783, 3.8353524208068848, 0.0020113016944378614, 0.002378137083724141, 0.0011263700434938073, 0.04523933306336403, 0.3355148434638977, 0.00363522837869823, 0.000573351513594389, 0.07711703330278397, 1.367763638496399, 0.0009610801353119314, 0.0011980506824329495]",1.0405643620522989,0.0064395931469996
406,286,288,111,0.0003185272216796875,0.00022490853734780103,1.035933486437319,"[15.591404914855957, 0.010027273558080196, 0.005127494223415852, 0.0004798214649781585, 0.39071202278137207, 1.063748836517334, 0.005744377616792917, 0.0002668739762157202, 0.0016069606645032763, 0.01968584768474102, 3.834167957305908, 0.00227276305668056, 0.0024567442014813423, 0.001122916815802455, 0.04502374306321144, 0.3657820224761963, 0.0032326129730790854, 0.0006448334897868335, 0.0773935616016388, 1.3674806356430054, 0.0009629856795072556, 0.001191501971334219]",1.0405643620522989,0.004630875614979768
407,207,179,111,0.000492095947265625,0.0004095047479495406,1.0326456799779076,"[15.56061840057373, 0.009886819869279861, 0.005111601669341326, 0.0004832768754567951, 0.39147964119911194, 1.0449209213256836, 0.00573216937482357, 0.00023922442051116377, 0.0016263603465631604, 0.019367516040802002, 3.835160970687866, 0.0020172500517219305, 0.002434387570247054, 0.00112791801802814, 0.04506579041481018, 0.3344627916812897, 0.003217284567654133, 0.0006491222884505987, 0.08661454916000366, 1.3659379482269287, 0.0009872806258499622, 0.0010637345258146524]",1.0405643620522989,0.007918682074391281
408,146,109,111,0.000621795654296875,0.000564753485377878,1.0396251828503658,"[15.605712890625, 0.010052175261080265, 0.005009954795241356, 0.0004944770480506122, 0.39881372451782227, 1.1435378789901733, 0.005726005882024765, 0.00023815179883968085, 0.0016294547822326422, 0.019975798204541206, 3.834627389907837, 0.0020266487263143063, 0.0023840833455324173, 0.0011461363174021244, 0.04499000683426857, 0.33491915464401245, 0.0036434237845242023, 0.0006368515896610916, 0.08653583377599716, 1.3675150871276855, 0.0009899006690829992, 0.001148994080722332]",1.0405643620522989,0.0009391792019330936
409,88,47,111,0.00077056884765625,0.0007260256097652018,1.040171901834335,"[15.614187240600586, 0.008859256282448769, 0.005011497065424919, 0.0004820853646378964, 0.398112028837204, 1.1574753522872925, 0.005756822880357504, 0.0002431573811918497, 0.0015785150462761521, 0.020057590678334236, 3.836231231689453, 0.0019973821472376585, 0.0024534144904464483, 0.001122440560720861, 0.045160599052906036, 0.33452874422073364, 0.003236177610233426, 0.0006368515896610916, 0.07719384133815765, 1.3673958778381348, 0.0009974034037441015, 0.0010643299901857972]",1.0405643620522989,0.00039246021796390806
410,52,20,111,0.000865936279296875,0.0008270558901131153,1.0368666851288502,"[15.579512596130371, 0.009923174045979977, 0.00514421658590436, 0.0004378790326882154, 0.3903888761997223, 1.1426000595092773, 0.005636394023895264, 0.00023850933939684182, 0.0014478211523965001, 0.019836384803056717, 3.8126587867736816, 0.0020067808218300343, 0.0024502037558704615, 0.0011467316653579473, 0.04521665722131729, 0.334119588136673, 0.003218353958800435, 0.0006211258587427437, 0.08679261058568954, 1.3657524585723877, 0.0008686583023518324, 0.0010492063593119383]",1.0405643620522989,0.0036976769234486895
411,171,128,111,0.00057220458984375,0.0005230483948253095,1.0357178119970327,"[15.556876182556152, 0.009988443925976753, 0.005002719350159168, 0.0004836343287024647, 0.3925842046737671, 1.1450754404067993, 0.005798424128443003, 0.00023910524032544345, 0.0015674459282308817, 0.019499747082591057, 3.8130500316619873, 0.0022751418873667717, 0.0023871755693107843, 0.0011106519959867, 0.04536795988678932, 0.3350032567977905, 0.0036497190594673157, 0.0006486457423307002, 0.07726556807756424, 1.3657398223876953, 0.0009813260985538363, 0.0011972171487286687]",1.0405643620522989,0.00484655005526613
412,261,242,111,0.0003833770751953125,0.0003182950313203037,1.0364898756504937,"[15.648000717163086, 0.009003871120512486, 0.005233160685747862, 0.00048685140791349113, 0.38495275378227234, 1.1414692401885986, 0.005794276017695665, 0.00023755589791107923, 0.0016230279579758644, 0.01971798948943615, 3.8364596366882324, 0.002283586421981454, 0.0023664822801947594, 0.0012438902631402016, 0.04531122371554375, 0.33487892150878906, 0.003225721186026931, 0.0006348263123072684, 0.07700158655643463, 1.2806899547576904, 0.000971917703282088, 0.001190073206089437]",1.0405643620522989,0.0040744864018051885
413,235,206,111,0.0004291534423828125,0.0003553772403392941,1.0356873734563123,"[15.589865684509277, 0.009998830035328865, 0.004992637317627668, 0.0004843492351938039, 0.3893525004386902, 1.0584148168563843, 0.005743903573602438, 0.0002661589242052287, 0.0016160060185939074, 0.019961658865213394, 3.8353466987609863, 0.0022561114747077227, 0.0024366469588130713, 0.0011373248416930437, 0.042105503380298615, 0.3701198697090149, 0.003650312777608633, 0.0006420934805646539, 0.07717287540435791, 1.3674063682556152, 0.0009509570081718266, 0.0012009082129225135]",1.0405643620522989,0.004876988595986509
414,302,299,111,0.000278472900390625,0.00020887870050501078,1.0349675920098724,"[15.529264450073242, 0.010001898743212223, 0.005007938481867313, 0.00048423008411191404, 0.3842603862285614, 1.143486499786377, 0.005673614796251059, 0.00024327656137757003, 0.001617077155970037, 0.019496941938996315, 3.8341407775878906, 0.001995002618059516, 0.0023919325321912766, 0.0011252983240410686, 0.044958896934986115, 0.3343762755393982, 0.003641642164438963, 0.0006410212954506278, 0.07689496129751205, 1.3673968315124512, 0.0009908534120768309, 0.0011972171487286687]",1.0405643620522989,0.005596770042426424
415,303,291,111,0.000278472900390625,0.0002191296371165663,1.0308105313028633,"[15.619832038879395, 0.01010209508240223, 0.004999872762709856, 0.0004911408759653568, 0.3914140462875366, 1.0602843761444092, 0.005698506720364094, 0.00024244230007752776, 0.0016092220321297646, 0.019710158929228783, 3.813870906829834, 0.002054486656561494, 0.0024530577939003706, 0.00112255965359509, 0.045215632766485214, 0.3348980247974396, 0.00322845415212214, 0.0005700155161321163, 0.07718324661254883, 1.280973196029663, 0.0008616310660727322, 0.001016576774418354]",1.0405643620522989,0.009753830749435588
416,245,350,111,0.0004119873046875,-0.00621449202299118,1.0375198834530734,"[15.576316833496094, 0.009930964559316635, 0.005162717774510384, 0.0004917366313748062, 0.38129347562789917, 1.1436991691589355, 0.005743073765188456, 0.00023648326168768108, 0.0016298118280246854, 0.020123252645134926, 3.8135979175567627, 0.002016774145886302, 0.0024160738103091717, 0.0011355387978255749, 0.04521073400974274, 0.3661006689071655, 0.0032366530504077673, 0.0006345880683511496, 0.07690268754959106, 1.3673436641693115, 0.0009713222389109433, 0.0012432949151843786]",1.0405643620522989,0.0030444785992254086
417,136,348,111,0.00064849853515625,-0.005978961009532213,1.0357484261714325,"[15.619474411010742, 0.010270601138472557, 0.005108280573040247, 0.0004930472350679338, 0.3904656767845154, 1.0631024837493896, 0.0057333544827997684, 0.00023993951617740095, 0.0015862513100728393, 0.019676612690091133, 3.835634708404541, 0.002012729411944747, 0.002378731733188033, 0.0011310139670968056, 0.04508539289236069, 0.3354116380214691, 0.0032294047996401787, 0.0006914132391102612, 0.07717199623584747, 1.3655271530151367, 0.0009815642843022943, 0.0010589712765067816]",1.0405643620522989,0.004815935880866373
418,216,349,111,0.0004749298095703125,-0.006149194668978453,1.034785048745107,"[15.621916770935059, 0.009980536065995693, 0.005169359035789967, 0.0004992430913262069, 0.3895736038684845, 1.1239044666290283, 0.005865741521120071, 0.00026890001026913524, 0.0016202905680984259, 0.019665507599711418, 3.8351337909698486, 0.002294290577992797, 0.0024546037893742323, 0.001142206834629178, 0.045333437621593475, 0.3347122371196747, 0.0032197798136621714, 0.0006437613046728075, 0.07727240771055222, 1.2824280261993408, 0.0009698931244201958, 0.0012022180017083883]",1.0405643620522989,0.005779313307191947
420,106,337,111,0.000728607177734375,0.00010799377923831344,1.0401131213597679,"[15.64919662475586, 0.010018776170909405, 0.005104722920805216, 0.00048637480358593166, 0.3907117247581482, 1.1423637866973877, 0.005783016327768564, 0.00024196557933464646, 0.0016020808834582567, 0.019985496997833252, 3.8131253719329834, 0.0020334296859800816, 0.002428679494187236, 0.0011442311806604266, 0.045137811452150345, 0.3344918191432953, 0.0032241763547062874, 0.0006447143969126046, 0.0869653970003128, 1.3656413555145264, 0.0009970461251214147, 0.0011600677389651537]",1.0405643620522989,0.0004512406925309964
421,312,345,111,0.0002593994140625,-0.0008697647717781365,1.0363822859494989,"[15.596914291381836, 0.010046864859759808, 0.005127019714564085, 0.0004929280839860439, 0.3843507468700409, 1.0638740062713623, 0.005771993659436703, 0.00024101213784888387, 0.0016235039802268147, 0.020024757832288742, 3.835761070251465, 0.0020224847830832005, 0.0021649987902492285, 0.0011023165425285697, 0.04512447863817215, 0.3654104471206665, 0.0032259586732834578, 0.0006206493126228452, 0.08676189929246902, 1.3677103519439697, 0.0009776342194527388, 0.0010608765296638012]",1.0405643620522989,0.00418207610279997
422,273,347,111,0.0003566741943359375,-0.0013090166030451655,1.039155454102332,"[15.583470344543457, 0.00995881948620081, 0.004976268392056227, 0.000485183292767033, 0.3985067903995514, 1.143548607826233, 0.0057097673416137695, 0.0002632986579556018, 0.0015693503664806485, 0.019965514540672302, 3.8128602504730225, 0.0020199865102767944, 0.0024531767703592777, 0.001110532903112471, 0.04511900991201401, 0.3711446225643158, 0.003630833700299263, 0.0006409021443687379, 0.08649254590272903, 1.365500807762146, 0.0009665584657341242, 0.0010268182959407568]",1.0405643620522989,0.0014089079499668422
423,253,226,111,0.0003948211669921875,0.0003343609278090298,1.0346737391208245,"[15.619294166564941, 0.010027391836047173, 0.005118954926729202, 0.00048351517762057483, 0.3912774324417114, 1.0601162910461426, 0.0057455627247691154, 0.00023779425828251988, 0.0016289787599816918, 0.01949659176170826, 3.814209461212158, 0.0020165364257991314, 0.002405370818451047, 0.0011185110779479146, 0.04347403720021248, 0.3358655273914337, 0.0032217998523265123, 0.0006344689172692597, 0.07716537266969681, 1.3670978546142578, 0.0009870424401015043, 0.0011995985405519605]",1.0405643620522989,0.005890622931474354
424,208,168,111,0.000492095947265625,0.00044954943587072194,1.0403047598440687,"[15.653047561645508, 0.010045330040156841, 0.005140658468008041, 0.00043990471749566495, 0.3900882303714752, 1.1400701999664307, 0.0057900091633200645, 0.00023982033599168062, 0.0016373097896575928, 0.020127693191170692, 3.81402587890625, 0.002011658623814583, 0.002378137083724141, 0.0011149387573823333, 0.04513496160507202, 0.33473527431488037, 0.00363974180072546, 0.0006459057331085205, 0.08675850927829742, 1.3674941062927246, 0.0009486941853538156, 0.001190192298963666]",1.0405643620522989,0.00025960220823018076
425,121,77,111,0.0006866455078125,0.0006439753924496472,1.0321973460853437,"[15.626394271850586, 0.009033406153321266, 0.005138405133038759, 0.0004836343287024647, 0.390277624130249, 1.075783610343933, 0.005803520325571299, 0.0002406545972917229, 0.0016212427290156484, 0.01967567764222622, 3.8141489028930664, 0.0020325970835983753, 0.0024311768356710672, 0.0011380392825230956, 0.04537240043282509, 0.33483898639678955, 0.003639266826212406, 0.0006437613046728075, 0.08706451207399368, 1.280533790588379, 0.0009883524617180228, 0.0010577804641798139]",1.0405643620522989,0.008367015966955105
426,238,199,111,0.0004253387451171875,0.0003710263699758798,1.0317666758115096,"[15.591663360595703, 0.009974281303584576, 0.005013513378798962, 0.00048530244384892285, 0.389236181974411, 1.059238314628601, 0.005710715427994728, 0.00023874769976828247, 0.0016271935310214758, 0.019682925194501877, 3.8353888988494873, 0.002260988112539053, 0.00242689554579556, 0.0011316093150526285, 0.04536089673638344, 0.365902841091156, 0.003642592579126358, 0.0006379238329827785, 0.07704298198223114, 1.2800389528274536, 0.0009634620510041714, 0.0011982887517660856]",1.0405643620522989,0.008797686240789249
427,217,180,111,0.0004730224609375,0.0004075494362041354,1.0373894039988623,"[15.58139705657959, 0.008802066557109356, 0.005134254228323698, 0.0004929280839860439, 0.3897659182548523, 1.1400686502456665, 0.005812765099108219, 0.00024232311989180744, 0.0016179102240130305, 0.020153045654296875, 3.8345768451690674, 0.0020251020323485136, 0.0023651740048080683, 0.0011082704877480865, 0.045585982501506805, 0.3346128761768341, 0.0032150268089026213, 0.0006506709614768624, 0.07704739272594452, 1.365727186203003, 0.0009673921740613878, 0.0011980506824329495]",1.0405643620522989,0.003174958053436594
428,249,223,111,0.0004062652587890625,0.0003373376384843141,1.0376198729010702,"[15.580647468566895, 0.009908773936331272, 0.005003549624234438, 0.0004312062228564173, 0.3940914571285248, 1.15933096408844, 0.005893117282539606, 0.00024005869636312127, 0.0016337393317371607, 0.02003316953778267, 3.813878297805786, 0.0020122535061091185, 0.0024371228646486998, 0.0011262509506195784, 0.04521962255239487, 0.3353799283504486, 0.0032181162387132645, 0.0006189814303070307, 0.07729293406009674, 1.3671965599060059, 0.0009825170272961259, 0.001061114715412259]",1.0405643620522989,0.002944489151228691
429,274,265,111,0.0003566741943359375,0.0002753795124590397,1.0319029603269883,"[15.629982948303223, 0.008952478878200054, 0.005183708854019642, 0.00048029806930571795, 0.38909265398979187, 1.0770723819732666, 0.005779935047030449, 0.00024125049822032452, 0.0016077938489615917, 0.019620973616838455, 3.8146708011627197, 0.0022670540492981672, 0.002424874110147357, 0.0012467476772144437, 0.04515809193253517, 0.33428454399108887, 0.003229167079553008, 0.0006463822210207582, 0.07706284523010254, 1.280718207359314, 0.000982159748673439, 0.0011598295532166958]",1.0405643620522989,0.008661401725310602
430,280,280,111,0.000339508056640625,0.00024296304036397487,1.0325669937274968,"[15.582202911376953, 0.009940052404999733, 0.005118124652653933, 0.0004371640970930457, 0.3849569857120514, 1.0579314231872559, 0.005742955021560192, 0.00024244230007752776, 0.0016369527438655496, 0.020060745999217033, 3.813983917236328, 0.0022851326502859592, 0.0024257064796984196, 0.0011118428083136678, 0.04496915265917778, 0.3344504237174988, 0.0032184727024286985, 0.0006453100359067321, 0.07712265849113464, 1.3658523559570312, 0.0009834696538746357, 0.0011556621175259352]",1.0405643620522989,0.007997368324802023
431,195,182,111,0.000518798828125,0.0004047573311254382,1.0369665595446185,"[15.568720817565918, 0.009890006855130196, 0.005199718754738569, 0.00042965717148035765, 0.384436696767807, 1.144618034362793, 0.0058477274142205715, 0.00024399164249189198, 0.0016244561411440372, 0.01980038732290268, 3.835733652114868, 0.002286797622218728, 0.0023850349243730307, 0.001121726119890809, 0.045204468071460724, 0.3346685767173767, 0.003641998628154397, 0.0006467396160587668, 0.07721370458602905, 1.367386817932129, 0.0009673921740613878, 0.0011959074763581157]",1.0405643620522989,0.003597802507680381
432,202,186,111,0.000507354736328125,0.00039289926644414663,1.0340561263080665,"[15.623478889465332, 0.009877612814307213, 0.0051359147764742374, 0.0004395472351461649, 0.38479140400886536, 1.0670284032821655, 0.006461679469794035, 0.00024303820100612938, 0.0016317160334438086, 0.019988417625427246, 3.835235118865967, 0.002040805760771036, 0.0024367659352719784, 0.0012653210433200002, 0.045186806470155716, 0.3708825409412384, 0.0036402170080691576, 0.0006426891195587814, 0.08666866272687912, 1.280107855796814, 0.0009847796754911542, 0.0010665925219655037]",1.0405643620522989,0.006508235744232316
433,223,219,111,0.000453948974609375,0.00034057808807119727,1.0341784289286642,"[15.575188636779785, 0.010014881379902363, 0.005208612885326147, 0.00048458753735758364, 0.398587703704834, 1.1425256729125977, 0.005723872222006321, 0.00026675479602999985, 0.0016191004542633891, 0.019655222073197365, 3.8352832794189453, 0.0022612258326262236, 0.0024365282151848078, 0.0011370867723599076, 0.04338797554373741, 0.3349379301071167, 0.0032341578043997288, 0.0006456674309447408, 0.08643776923418045, 1.2807179689407349, 0.0009742995607666671, 0.0011965028243139386]",1.0405643620522989,0.006385933123634668
434,97,80,111,0.0007476806640625,0.0006350326002575457,1.033390013503694,"[15.559547424316406, 0.01018800400197506, 0.005131170619279146, 0.0004993622424080968, 0.39813899993896484, 1.0633550882339478, 0.005725176073610783, 0.0002422039397060871, 0.0016200524987652898, 0.019535521045327187, 3.835524559020996, 0.002299523912370205, 0.0021743958350270987, 0.0011270844843238592, 0.04556513950228691, 0.33452677726745605, 0.0036516194231808186, 0.0006461439770646393, 0.07731412351131439, 1.3655928373336792, 0.0009791824268177152, 0.0011959074763581157]",1.0405643620522989,0.007174348548604881
435,42,39,111,0.000881195068359375,0.0007552672759629786,1.0345223525390876,"[15.551128387451172, 0.00989224947988987, 0.005057517904788256, 0.00047791501856409013, 0.38996046781539917, 1.0628265142440796, 0.005831490736454725, 0.0002416080387774855, 0.001617315225303173, 0.01969847083091736, 3.8342466354370117, 0.002028790069743991, 0.0023401989601552486, 0.0011455409694463015, 0.04743373394012451, 0.3656299412250519, 0.0032302364706993103, 0.0006430465145967901, 0.08663324266672134, 1.367305874824524, 0.0009675112669356167, 0.0011550667695701122]",1.0405643620522989,0.006042009513211211
436,27,34,111,0.0009307861328125,0.000774370797444135,1.0366604286841308,"[15.579948425292969, 0.010084747336804867, 0.005005684681236744, 0.0004944770480506122, 0.3903355598449707, 1.1452537775039673, 0.005844883155077696, 0.00026544384309090674, 0.0016221948899328709, 0.02004917711019516, 3.8121705055236816, 0.0022819212172180414, 0.002404657192528248, 0.0011236312566325068, 0.043554387986660004, 0.33523523807525635, 0.003235821146517992, 0.0006168370018713176, 0.07732073962688446, 1.3674728870391846, 0.00100740697234869, 0.0012010273057967424]",1.0405643620522989,0.0039039333681680777
437,58,89,111,0.0008392333984375,0.0006172553403303027,1.0384503756041257,"[15.582676887512207, 0.009919160977005959, 0.005020630080252886, 0.000498289882671088, 0.3982340097427368, 1.1410934925079346, 0.005709411576390266, 0.0002361257211305201, 0.0015666127437725663, 0.019461285322904587, 3.8128135204315186, 0.002024507150053978, 0.0023424585815519094, 0.0011300613405182958, 0.04553928226232529, 0.36579030752182007, 0.003650669241324067, 0.0006344689172692597, 0.07718589901924133, 1.3683781623840332, 0.0009410720085725188, 0.0010619483655318618]",1.0405643620522989,0.0021139864481731774
438,37,86,111,0.0009002685546875,0.0006205661338753998,1.0386268502585485,"[15.599538803100586, 0.010005439631640911, 0.005050757434219122, 0.00048232366680167615, 0.38909733295440674, 1.147264838218689, 0.005813713185489178, 0.00024077377747744322, 0.0016217187512665987, 0.019753403961658478, 3.835292339324951, 0.0022762122098356485, 0.0023963325656950474, 0.001116724917665124, 0.04511262848973274, 0.3341580033302307, 0.0032170468475669622, 0.0006179092451930046, 0.0770406574010849, 1.3675124645233154, 0.0009825170272961259, 0.0011987651232630014]",1.0405643620522989,0.001937511793750346
446,11,27,111,0.00098419189453125,0.0007965535041876137,1.0294209023625378,"[15.574719429016113, 0.009814697317779064, 0.004968202207237482, 0.00048303857329301536, 0.3795051872730255, 1.0670602321624756, 0.005848319735378027, 0.0002719986077863723, 0.0016227898886427283, 0.01934307999908924, 3.835576295852661, 0.0019996424671262503, 0.0023569681216031313, 0.0011263700434938073, 0.045163560658693314, 0.3340873122215271, 0.0032235821709036827, 0.0006357794045470655, 0.07720322161912918, 1.2800564765930176, 0.0009975224966183305, 0.0011961455456912518]",1.0405643620522989,0.011143459689761048
447,185,229,111,0.000537872314453125,0.0003323598357383162,1.0374114524985834,"[15.601686477661133, 0.009935685433447361, 0.005196161102503538, 0.00048268112004734576, 0.39833974838256836, 1.077666997909546, 0.005620035342872143, 0.00024184639914892614, 0.0016177912475541234, 0.01968374289572239, 3.8349781036376953, 0.0022812075912952423, 0.002461025258526206, 0.00112160702701658, 0.045271120965480804, 0.3655436933040619, 0.0036357033532112837, 0.0006332775810733438, 0.07732140272855759, 1.3671828508377075, 0.000957150012254715, 0.0011936451774090528]",1.0405643620522989,0.0031529095537154994
448,80,97,111,0.00078582763671875,0.0005984166054986417,1.0349677341013872,"[15.593731880187988, 0.009899686090648174, 0.005059652961790562, 0.000486970558995381, 0.39622974395751953, 1.0639328956604004, 0.005802453961223364, 0.00024053541710600257, 0.0016295737586915493, 0.019773507490754128, 3.836029291152954, 0.0020202244631946087, 0.0021827223245054483, 0.0011138670379295945, 0.045197173953056335, 0.3350337743759155, 0.0036381976678967476, 0.0006199345225468278, 0.07709562033414841, 1.3674359321594238, 0.0009837078396230936, 0.0011528043542057276]",1.0405643620522989,0.005596627950911648
453,4,55,111,0.001007080078125,0.0006997728487476707,1.0349100992700022,"[15.57191276550293, 0.009928840212523937, 0.005131882149726152, 0.0004817279113922268, 0.38967540860176086, 1.1427907943725586, 0.005742362700402737, 0.00024387246230617166, 0.0015755394706502557, 0.01969379559159279, 3.8356802463531494, 0.002022841712459922, 0.0024136954452842474, 0.0011238694423809648, 0.04540316015481949, 0.37113863229751587, 0.003215858479961753, 0.0005807381821796298, 0.07727384567260742, 1.2798128128051758, 0.0009754904895089567, 0.0012040039291605353]",1.0405643620522989,0.005654262782296637
460,14,18,111,0.00096893310546875,0.0008338888874277472,1.0354990825117882,"[15.578015327453613, 0.009979120455682278, 0.005141369998455048, 0.000485183292767033, 0.390593945980072, 1.0599015951156616, 0.005597986746579409, 0.0002653246629051864, 0.0016176722710952163, 0.02004251815378666, 3.8363561630249023, 0.0020114206708967686, 0.002414408838376403, 0.0011237503495067358, 0.045199908316135406, 0.3710116147994995, 0.003647580975666642, 0.0006521005416288972, 0.07734512537717819, 1.3674499988555908, 0.0009748950251378119, 0.0011528043542057276]",1.0405643620522989,0.005065279540510614
461,83,90,111,0.000782012939453125,0.0006155789014883339,1.037330917848687,"[15.597769737243652, 0.009899567812681198, 0.005200786050409079, 0.0004945961991325021, 0.3852261006832123, 1.1259534358978271, 0.0057523190043866634, 0.00024303820100612938, 0.00158565619494766, 0.019565563648939133, 3.834961414337158, 0.0020231986418366432, 0.002442117314785719, 0.0012490098597481847, 0.04492185637354851, 0.3348449468612671, 0.0036438989918679, 0.0006375664379447699, 0.07717475295066833, 1.3655778169631958, 0.000962151971179992, 0.0011506610317155719]",1.0405643620522989,0.003233444203611935
462,90,100,111,0.000766754150390625,0.0005836074706166983,1.0350876182505586,"[15.597212791442871, 0.010067516937851906, 0.0051937890239059925, 0.00048315772437490523, 0.390256404876709, 1.143262505531311, 0.0058205872774124146, 0.00024029705673456192, 0.0016296928515657783, 0.01947776973247528, 3.81248140335083, 0.0022883438505232334, 0.002467090031132102, 0.0011300613405182958, 0.045528460294008255, 0.37135401368141174, 0.0036385541316121817, 0.0006181474891491234, 0.07722805440425873, 1.2793612480163574, 0.0009868042543530464, 0.0012009082129225135]",1.0405643620522989,0.005476743801740236
463,131,161,111,0.00066375732421875,0.0004631473566405475,1.0365915040787181,"[15.585686683654785, 0.009970740415155888, 0.005041149910539389, 0.0004903068183921278, 0.3841533958911896, 1.1236802339553833, 0.005739517975598574, 0.00024077377747744322, 0.0016404041089117527, 0.01977362483739853, 3.835613965988159, 0.0022590849548578262, 0.002380634658038616, 0.0011210116790607572, 0.04332941398024559, 0.334568589925766, 0.003303905250504613, 0.0006407829932868481, 0.07724294811487198, 1.3659555912017822, 0.0009833505610004067, 0.0011969790793955326]",1.0405643620522989,0.003972857973580712
464,46,63,111,0.00087738037109375,0.0006705772830173373,1.0320441427545368,"[15.627069473266602, 0.009913495741784573, 0.005126663949340582, 0.00048351517762057483, 0.39083534479141235, 1.0598152875900269, 0.005717115942388773, 0.00027044929447583854, 0.001613506581634283, 0.0199121106415987, 3.834865093231201, 0.002045802306383848, 0.00249824533239007, 0.0011239885352551937, 0.04519341513514519, 0.33508944511413574, 0.00363974180072546, 0.0006437613046728075, 0.07711615413427353, 1.279836893081665, 0.0009918061550706625, 0.0011698314920067787]",1.0405643620522989,0.008520219297762033
465,39,57,111,0.00089263916015625,0.0006915191770531237,1.035237870242616,"[15.617076873779297, 0.009950085543096066, 0.005092506762593985, 0.0004419303731992841, 0.38880831003189087, 1.142536997795105, 0.005794038996100426, 0.00027104519540444016, 0.0016288596671074629, 0.02007056027650833, 3.834977149963379, 0.002021057065576315, 0.0023838456254452467, 0.0011448265286162496, 0.04511069133877754, 0.33446136116981506, 0.0036467495374381542, 0.0006481691962108016, 0.07722187042236328, 1.2799098491668701, 0.0009729895391501486, 0.0010633773636072874]",1.0405643620522989,0.005326491809682921
474,18,17,111,0.00095367431640625,0.0008414178737439215,1.0356214405976722,"[15.61215877532959, 0.009876550175249577, 0.005178490653634071, 0.00048756631440483034, 0.3796030580997467, 1.1417733430862427, 0.005781594198197126, 0.0002431573811918497, 0.0016131495358422399, 0.019666092470288277, 3.814392566680908, 0.002277163788676262, 0.0024258254561573267, 0.0011468507582321763, 0.04514840617775917, 0.37196505069732666, 0.003215502016246319, 0.0006449526408687234, 0.08678310364484787, 1.2771682739257812, 0.000964295701123774, 0.001157924416474998]",1.0405643620522989,0.004942921454626603
477,119,120,111,0.000698089599609375,0.0005478691891767085,1.0377398501454578,"[15.600414276123047, 0.00994489248842001, 0.005151332356035709, 0.0004850641416851431, 0.3907009959220886, 1.12457275390625, 0.005808972287923098, 0.0002431573811918497, 0.0015731590101495385, 0.019426094368100166, 3.834925651550293, 0.0020157035905867815, 0.0024219010956585407, 0.001116486731916666, 0.04512185603380203, 0.335595041513443, 0.003224057611078024, 0.0006387577159330249, 0.07750708609819412, 1.3673679828643799, 0.0009614374139346182, 0.0010600429959595203]",1.0405643620522989,0.0028245119068410762
478,49,82,111,0.0008697509765625,0.0006288433214649558,1.0365560182544868,"[15.611105918884277, 0.00996070820838213, 0.005173035431653261, 0.0004843492351938039, 0.39226704835891724, 1.0458065271377563, 0.005762037821114063, 0.00024136967840604484, 0.0016107691917568445, 0.01977432519197464, 3.834779977798462, 0.002016060519963503, 0.0023713582195341587, 0.001142325927503407, 0.04020630195736885, 0.37155628204345703, 0.0032201362773776054, 0.0006406639004126191, 0.08680278062820435, 1.3672866821289062, 0.0009622710640542209, 0.001061471994034946]",1.0405643620522989,0.0040083437978120084
479,103,187,111,0.000736236572265625,0.0003924832562915981,1.0386877217057522,"[15.557052612304688, 0.009964721277356148, 0.005111720412969589, 0.0004805363714694977, 0.39009830355644226, 1.1601550579071045, 0.005862304475158453, 0.00024256148026324809, 0.001610174193046987, 0.019908489659428596, 3.8351168632507324, 0.002286321949213743, 0.002422495512291789, 0.001135776867158711, 0.045076046139001846, 0.3657589554786682, 0.0032206117175519466, 0.0006417360855266452, 0.07720719277858734, 1.365648627281189, 0.0009634620510041714, 0.0011653067776933312]",1.0405643620522989,0.0018766403465466652
480,107,258,111,0.000728607177734375,0.0002840365341398865,1.0320390936679111,"[15.568169593811035, 0.009946780279278755, 0.005059889983385801, 0.0004854215949308127, 0.39796221256256104, 1.1231739521026611, 0.005798779893666506, 0.00023755589791107923, 0.00162588432431221, 0.019356291741132736, 3.8130476474761963, 0.002032240154221654, 0.0023765910882502794, 0.0011191064259037375, 0.044971317052841187, 0.33433496952056885, 0.0032208492048084736, 0.0006434039096347988, 0.08648718893527985, 1.282599687576294, 0.0010108605492860079, 0.0011998366098850965]",1.0405643620522989,0.008525268384387719
481,56,189,111,0.0008544921875,0.0003889676881954074,1.0340426395606217,"[15.600661277770996, 0.009938990697264671, 0.005089541431516409, 0.00048268112004734576, 0.3895832896232605, 1.0436936616897583, 0.005870718974620104, 0.0002388668799540028, 0.0015666127437725663, 0.01989014260470867, 3.8367345333099365, 0.0020384264644235373, 0.0024617386516183615, 0.0011433976469561458, 0.04537718743085861, 0.33460408449172974, 0.0036446116864681244, 0.0006287504802457988, 0.07740680128335953, 1.3657300472259521, 0.0009966888464987278, 0.0011560192797333002]",1.0405643620522989,0.006521722491677151
522,47,75,111,0.000873565673828125,0.0006455615512095392,1.03690200699996,"[15.56559944152832, 0.009938164614140987, 0.005117650143802166, 0.0004401430196594447, 0.3936990201473236, 1.0457268953323364, 0.00588612537831068, 0.00024196557933464646, 0.0016231469344347715, 0.019591866061091423, 3.9273338317871094, 0.002004758222028613, 0.0021473937667906284, 0.0011177966371178627, 0.04504072293639183, 0.33480924367904663, 0.0032272657845169306, 0.0006436422117985785, 0.07737899571657181, 1.3680955171585083, 0.0009808497270569205, 0.0011997176334261894]",1.0405643620522989,0.003662355052338917
527,43,99,111,0.000881195068359375,0.0005927857127971947,1.0331178085160155,"[15.558845520019531, 0.00991325918585062, 0.005089066922664642, 0.00048494499060325325, 0.39000412821769714, 1.0636489391326904, 0.0057907202281057835, 0.00023862851958256215, 0.0016318351263180375, 0.019820373505353928, 3.83604097366333, 0.0022834674455225468, 0.0024440200068056583, 0.001128037110902369, 0.04508983716368675, 0.3349588215351105, 0.0036442552227526903, 0.0006450717919506133, 0.07696494460105896, 1.3678950071334839, 0.00096703483723104, 0.0010629009921103716]",1.0405643620522989,0.007446553536283318
528,71,171,111,0.00080108642578125,0.0004397112934384495,1.037065525356659,"[15.58405876159668, 0.009955750778317451, 0.005098673980683088, 0.0004960260121151805, 0.3905916213989258, 1.1472053527832031, 0.005859697237610817, 0.00024125049822032452, 0.0016171961324289441, 0.019869690760970116, 3.81412672996521, 0.0020409247372299433, 0.0023855105973780155, 0.0011255365097895265, 0.045143622905015945, 0.33516252040863037, 0.0032206117175519466, 0.0006525770877487957, 0.07721414417028427, 1.3672137260437012, 0.0009666775586083531, 0.0011949549661949277]",1.0405643620522989,0.003498836695639884
536,125,118,111,0.00067901611328125,0.0005495517980307341,1.034537066362232,"[15.590131759643555, 0.009929784573614597, 0.005025137215852737, 0.0004944770480506122, 0.39033272862434387, 1.0627213716506958, 0.005859223194420338, 0.00023731753753963858, 0.0016337393317371607, 0.019994961097836494, 3.836215019226074, 0.00201261043548584, 0.0024612629786133766, 0.0011373248416930437, 0.044965390115976334, 0.3359193503856659, 0.003225721186026931, 0.0006447143969126046, 0.07708988338708878, 1.3675326108932495, 0.0010961245279759169, 0.0011549476766958833]",1.0405643620522989,0.006027295690066881
537,5,15,111,0.00099945068359375,0.0008679661550559103,1.0384971000312362,"[15.611383438110352, 0.010074952617287636, 0.005208020098507404, 0.0004401430196594447, 0.3987317383289337, 1.123365879058838, 0.005781831219792366, 0.00024089295766316354, 0.0016195764765143394, 0.01947706751525402, 3.834242582321167, 0.0020318832248449326, 0.0024425929877907038, 0.001116605824790895, 0.04511843994259834, 0.33457499742507935, 0.0036387916188687086, 0.0006260104128159583, 0.07747873663902283, 1.367323398590088, 0.0009604846709407866, 0.001058137626387179]",1.0405643620522989,0.0020672620210626658
538,23,23,111,0.000946044921875,0.0008064288413152099,1.0376872860559325,"[15.623368263244629, 0.009894492104649544, 0.005107213277369738, 0.0004885195521637797, 0.3979634940624237, 1.1422605514526367, 0.00572185730561614, 0.0002456601650919765, 0.0016261223936453462, 0.01976707950234413, 3.835909843444824, 0.0020231986418366432, 0.0024318902287632227, 0.0011244647903367877, 0.045715928077697754, 0.3716961145401001, 0.0036548261996358633, 0.000618624035269022, 0.07705865055322647, 1.2802488803863525, 0.0009910915978252888, 0.0012035276740789413]",1.0405643620522989,0.0028770759963663295
539,120,133,111,0.000690460205078125,0.0005186356138437986,1.0360979022800827,"[15.585670471191406, 0.010231662541627884, 0.005162480287253857, 0.00047874910524114966, 0.3911687433719635, 1.10333251953125, 0.005747340619564056, 0.0002369599969824776, 0.001629097736440599, 0.020081542432308197, 3.83502459526062, 0.002045683329924941, 0.0021594080608338118, 0.0012491289526224136, 0.04530677944421768, 0.3340209126472473, 0.0032212056685239077, 0.0006400682032108307, 0.07728233933448792, 1.3672963380813599, 0.0009683449170552194, 0.0011994794476777315]",1.0405643620522989,0.004466459772216158
540,129,160,111,0.00067138671875,0.0004655777011066675,1.0393395316416651,"[15.575760841369629, 0.010024912655353546, 0.005082425195723772, 0.0004256058018654585, 0.3912871778011322, 1.1440925598144531, 0.005691987462341785, 0.00024148885859176517, 0.0015785150462761521, 0.020030248910188675, 3.8348031044006348, 0.002294290577992797, 0.0023988301400095224, 0.0011319665936753154, 0.04516857489943504, 0.36560729146003723, 0.003231543581932783, 0.0006423317245207727, 0.08666417747735977, 1.3672537803649902, 0.0010008569806814194, 0.001057184999808669]",1.0405643620522989,0.0012248304106337038
541,30,59,111,0.000926971435546875,0.0006884378381073475,1.043174476354166,"[15.665889739990234, 0.008791785687208176, 0.005215135402977467, 0.0004256058018654585, 0.39020660519599915, 1.1443339586257935, 0.006427804473787546, 0.00023862851958256215, 0.0016177912475541234, 0.019618751481175423, 3.835557460784912, 0.00201617949642241, 0.0024565064813941717, 0.001127441762946546, 0.045236941426992416, 0.37123996019363403, 0.0036518569104373455, 0.0006182666402310133, 0.07732129096984863, 1.3658188581466675, 0.0009579836623743176, 0.0010699268896132708]",1.0405643620522989,-0.0026101143018670836
542,24,53,111,0.000946044921875,0.0007020665798336267,1.0299723105708836,"[15.587955474853516, 0.010047572664916515, 0.005087762605398893, 0.00044467096449807286, 0.38984212279319763, 1.0752156972885132, 0.005788231268525124, 0.0002747396647464484, 0.0016421893378719687, 0.01969192549586296, 3.813781261444092, 0.0022734766826033592, 0.0022159088402986526, 0.0011235122801735997, 0.045524246990680695, 0.33460143208503723, 0.003230474190786481, 0.0006445952458307147, 0.0772160217165947, 1.2807668447494507, 0.0009625093080103397, 0.0010601620888337493]",1.0405643620522989,0.010592051481415288
554,168,269,111,0.000576019287109375,0.000259297521552071,1.03306355257254,"[15.57183837890625, 0.009811627678573132, 0.00500865001231432, 0.0004378790326882154, 0.39813026785850525, 1.044757604598999, 0.005763341672718525, 0.0002449450839776546, 0.0016354055842384696, 0.01957491599023342, 3.83522367477417, 0.002267291769385338, 0.00217760750092566, 0.0011179156135767698, 0.043326787650585175, 0.3353864848613739, 0.003642592579126358, 0.0006459057331085205, 0.07701748609542847, 1.3671958446502686, 0.0009970461251214147, 0.0011965028243139386]",1.0405643620522989,0.007500809479758841
568,53,58,111,0.00086212158203125,0.000690828135702759,1.0359160767706768,"[15.598882675170898, 0.00993556808680296, 0.005138405133038759, 0.00044050050200894475, 0.39018160104751587, 1.1429545879364014, 0.005765593610703945, 0.0002444683632347733, 0.001623861026018858, 0.019440356642007828, 3.834350109100342, 0.0022878681775182486, 0.002170351566746831, 0.0011389919091016054, 0.04559497907757759, 0.3664584457874298, 0.003236177610233426, 0.0006480501033365726, 0.07720454782247543, 1.280418872833252, 0.000979658798314631, 0.0010580186499282718]",1.0405643620522989,0.004648285281622089
569,113,126,111,0.000705718994140625,0.0005269094253890216,1.0348687126309166,"[15.60040283203125, 0.009049235843122005, 0.004990502260625362, 0.00048828122089616954, 0.3979080021381378, 1.1409740447998047, 0.005680963862687349, 0.00024101213784888387, 0.0015805383445695043, 0.019541483372449875, 3.8356637954711914, 0.00224956963211298, 0.0023970461916178465, 0.0011211306555196643, 0.04545009136199951, 0.3351210951805115, 0.003217997495085001, 0.0006439996068365872, 0.07750488072633743, 1.280694603919983, 0.0009941878961399198, 0.0011963837314397097]",1.0405643620522989,0.005695649421382232
571,89,79,111,0.00077056884765625,0.0006355373188853264,1.0260224295171527,"[15.608575820922852, 0.00997923780232668, 0.005199718754738569, 0.00047910655848681927, 0.3978726863861084, 1.0605121850967407, 0.0057172346860170364, 0.00024148885859176517, 0.0016192194307222962, 0.019375817850232124, 3.7140846252441406, 0.0020171310752630234, 0.002169875893741846, 0.0011468507582321763, 0.045128922909498215, 0.33458974957466125, 0.0032326129730790854, 0.0006426891195587814, 0.07729591429233551, 1.280440092086792, 0.0009735850035212934, 0.0011988840997219086]",1.0405643620522989,0.01454193253514613
572,109,103,111,0.0007171630859375,0.0005768865230493248,1.036139878038243,"[15.617571830749512, 0.009997296147048473, 0.0050942855887115, 0.00048828122089616954, 0.39172083139419556, 1.07362699508667, 0.0057143899612128735, 0.00024005869636312127, 0.0016252892091870308, 0.020138558000326157, 3.835770845413208, 0.0020609109196811914, 0.0021749907173216343, 0.0011087467428296804, 0.043316058814525604, 0.3350338637828827, 0.0036286956164985895, 0.0006358985556289554, 0.07723125070333481, 1.36573326587677, 0.0010034770239144564, 0.0011614966206252575]",1.0405643620522989,0.004424484014055929
575,84,72,111,0.000782012939453125,0.0006483684992417693,1.036600143970149,"[15.60779094696045, 0.00990535132586956, 0.005013869144022465, 0.0004857790481764823, 0.3903975188732147, 1.0605849027633667, 0.005888376850634813, 0.00024244230007752776, 0.001585775287821889, 0.01967170275747776, 3.8363547325134277, 0.002268837997689843, 0.0024462793953716755, 0.001135776867158711, 0.04544359818100929, 0.3657224178314209, 0.003235227195546031, 0.0006418551784008741, 0.07704463601112366, 1.3671503067016602, 0.0009951406391337514, 0.0011976935202255845]",1.0405643620522989,0.003964218082149751
581,163,140,111,0.000579833984375,0.0005037662922404706,1.0378335056600256,"[15.598848342895508, 0.009927541948854923, 0.005118243396282196, 0.00047946401173248887, 0.3871287703514099, 1.1437937021255493, 0.005751726217567921, 0.00023898606013972312, 0.0016227898886427283, 0.02006985805928707, 3.8130619525909424, 0.002037236699834466, 0.00236160634085536, 0.0012485336046665907, 0.04558996856212616, 0.3346482813358307, 0.003637841437011957, 0.0006329201860353351, 0.08676627278327942, 1.367205262184143, 0.0009662011871114373, 0.0012016226537525654]",1.0405643620522989,0.0027308563922732176
582,6,4,111,0.00099945068359375,0.000948653498198837,1.0326929855761013,"[15.57923412322998, 0.009948904626071453, 0.005082899704575539, 0.0004825619689654559, 0.39002615213394165, 1.0582096576690674, 0.005684045609086752, 0.0002426806604489684, 0.0016252892091870308, 0.019869105890393257, 3.8137075901031494, 0.0020060669630765915, 0.0023918135557323694, 0.001134586171247065, 0.045074451714754105, 0.3351632058620453, 0.003637247486039996, 0.0006358985556289554, 0.07716647535562515, 1.3657746315002441, 0.0009566736407577991, 0.001191621064208448]",1.0405643620522989,0.007871376476197511
583,148,107,111,0.0006103515625,0.0005660466849803925,1.0356976922180778,"[15.579551696777344, 0.010283343493938446, 0.0049698627553880215, 0.0004948345012962818, 0.38437891006469727, 1.0772345066070557, 0.005800202023237944, 0.0002401778765488416, 0.0016217187512665987, 0.020128628239035606, 3.835017204284668, 0.0020384264644235373, 0.002468754770234227, 0.0011226787464693189, 0.04502134770154953, 0.3649434447288513, 0.0032286918722093105, 0.0006382812280207872, 0.0768575370311737, 1.3672709465026855, 0.000976919662207365, 0.001061114715412259]",1.0405643620522989,0.004866669834221016
584,182,142,111,0.000545501708984375,0.000501610164064914,1.03298836711937,"[15.579187393188477, 0.009877966716885567, 0.00500698946416378, 0.0004363300104159862, 0.3981533944606781, 1.0576778650283813, 0.005771638359874487, 0.0002422039397060871, 0.0016355245606973767, 0.01974545605480671, 3.8121819496154785, 0.002018677769228816, 0.002473630243912339, 0.0011071987682953477, 0.04509895294904709, 0.3346622586250305, 0.003222750499844551, 0.0006484074983745813, 0.07732085138559341, 1.3672263622283936, 0.0009756095823831856, 0.0010726656764745712]",1.0405643620522989,0.00757599493292882
585,224,188,111,0.0004520416259765625,0.0003904225304722786,1.0397569429022206,"[15.612274169921875, 0.009993047453463078, 0.005123461596667767, 0.00044145373976789415, 0.39371606707572937, 1.123971700668335, 0.005831846036016941, 0.00023827097902540118, 0.0016200524987652898, 0.019750716164708138, 3.8354568481445312, 0.002029622904956341, 0.002435576869174838, 0.001121726119890809, 0.04500174522399902, 0.3650463819503784, 0.003219066886231303, 0.0006448334897868335, 0.0770505964756012, 1.3676438331604004, 0.0009832315845414996, 0.0010584949050098658]",1.0405643620522989,0.0008074191500782035
586,228,201,111,0.0004425048828125,0.0003616395697463304,1.0380985744288245,"[15.602023124694824, 0.009867225773632526, 0.005037354305386543, 0.0004978132783435285, 0.39804211258888245, 1.1454789638519287, 0.0057542151771485806, 0.00023779425828251988, 0.0016069606645032763, 0.020118579268455505, 3.813162088394165, 0.0022631289903074503, 0.002459954936057329, 0.0011387537233531475, 0.04514305293560028, 0.33454009890556335, 0.0032346330117434263, 0.0006479309522546828, 0.07701008766889572, 1.3677419424057007, 0.0009600082994438708, 0.0012028133496642113]",1.0405643620522989,0.0024657876234743803
587,275,277,111,0.0003509521484375,0.0002522525901440531,1.0347370649714405,"[15.577787399291992, 0.00996118038892746, 0.004974963143467903, 0.00048351517762057483, 0.39403894543647766, 1.0773906707763672, 0.005699929315596819, 0.00024256148026324809, 0.0016252892091870308, 0.019406568259000778, 3.834868907928467, 0.0020114206708967686, 0.0024364092387259007, 0.0011304186191409826, 0.045193757861852646, 0.3356693685054779, 0.0036377226933836937, 0.0006279165390878916, 0.07719328999519348, 1.3678224086761475, 0.0009502424509264529, 0.0010625437134876847]",1.0405643620522989,0.005827297080858385
588,231,227,111,0.000438690185546875,0.0003330326289869845,1.031790583525435,"[15.616445541381836, 0.01003683265298605, 0.005126663949340582, 0.00043847484630532563, 0.3938179612159729, 1.0614537000656128, 0.005753978155553341, 0.00024148885859176517, 0.0015694693429395556, 0.01997194066643715, 3.8351738452911377, 0.0020306934602558613, 0.0023655309341847897, 0.001134586171247065, 0.04564395174384117, 0.3347800672054291, 0.0032338013406842947, 0.0006470970110967755, 0.0769934207201004, 1.2804911136627197, 0.0009800160769373178, 0.0010626628063619137]",1.0405643620522989,0.008773778526863785
589,276,271,111,0.0003509521484375,0.00025734578957781196,1.036656244698282,"[15.617162704467773, 0.008939128369092941, 0.0050104293040931225, 0.0004294188693165779, 0.38911405205726624, 1.076012134552002, 0.0057523190043866634, 0.00023827097902540118, 0.0016162439715117216, 0.019711444154381752, 3.836216688156128, 0.002011896576732397, 0.002441046992316842, 0.0011302995262667537, 0.04505063593387604, 0.33443397283554077, 0.003651738166809082, 0.0006429274217225611, 0.0867186188697815, 1.3679670095443726, 0.000990496133454144, 0.0011959074763581157]",1.0405643620522989,0.003908117354016749
590,236,216,111,0.0004291534423828125,0.00034448422957211733,1.0386432623054134,"[15.560744285583496, 0.010057368315756321, 0.005085627548396587, 0.0004975749761797488, 0.39032086730003357, 1.1504613161087036, 0.005798779893666506, 0.00026913834153674543, 0.0016182672698050737, 0.019358279183506966, 3.835672616958618, 0.0020292659755796194, 0.0023624387104064226, 0.001111009274609387, 0.045044027268886566, 0.3715823292732239, 0.0032278599683195353, 0.0006168370018713176, 0.07704044133424759, 1.3652007579803467, 0.0009882333688437939, 0.0010644490830600262]",1.0405643620522989,0.0019210997468854796
591,55,28,111,0.000858306884765625,0.0007963590906001627,1.033357922589692,"[15.603991508483887, 0.009928249754011631, 0.0051655638962984085, 0.0004861365014221519, 0.3898480236530304, 1.078542947769165, 0.005753622390329838, 0.00024029705673456192, 0.001615172834135592, 0.019817451015114784, 3.834918260574341, 0.0020159415435045958, 0.0024667331017553806, 0.0010995777556672692, 0.04371335729956627, 0.36483436822891235, 0.0032160962000489235, 0.000639710808172822, 0.08709762245416641, 1.2764395475387573, 0.0009819215629249811, 0.0010621865512803197]",1.0405643620522989,0.007206439462606795
592,2,3,111,0.00101470947265625,0.0009621669887565076,1.038245290331278,"[15.605588912963867, 0.010025621391832829, 0.004982910584658384, 0.00048196621355600655, 0.38450366258621216, 1.1233936548233032, 0.005803757347166538, 0.000271879427600652, 0.0016198145458474755, 0.019642364233732224, 3.813685655593872, 0.0020434230100363493, 0.002448420040309429, 0.0011312521528452635, 0.04523090273141861, 0.37194958329200745, 0.0032241763547062874, 0.0005719218170270324, 0.07695754617452621, 1.3656511306762695, 0.000985494232736528, 0.0012023370945826173]",1.0405643620522989,0.00231907172102086
593,140,105,111,0.000629425048828125,0.000570724077988416,1.0315316638231955,"[15.621062278747559, 0.009869114495813847, 0.005178134888410568, 0.0004843492351938039, 0.38438695669174194, 1.0610584020614624, 0.005715338047593832, 0.00024256148026324809, 0.0016305259196087718, 0.019472507759928703, 3.8356130123138428, 0.002279661362990737, 0.002466019708663225, 0.0011397063499316573, 0.04519933834671974, 0.33521658182144165, 0.0032285728957504034, 0.0006393534131348133, 0.07692211866378784, 1.279730200767517, 0.0009604846709407866, 0.0012013844680041075]",1.0405643620522989,0.009032698229103353
594,200,173,111,0.000514984130859375,0.0004324864421505481,1.0371698508699245,"[15.594233512878418, 0.008946689777076244, 0.005176948849111795, 0.0004439560289029032, 0.38408219814300537, 1.1241915225982666, 0.005813476163893938, 0.00023779425828251988, 0.0016252892091870308, 0.020107246935367584, 3.835951805114746, 0.002040805760771036, 0.0021553635597229004, 0.0011320855701342225, 0.045168232172727585, 0.3358708918094635, 0.0032314248383045197, 0.0006468587671406567, 0.07724504172801971, 1.3673913478851318, 0.0009810879128053784, 0.0010631391778588295]",1.0405643620522989,0.003394511182374327
595,242,231,111,0.0004177093505859375,0.00032867526169866323,1.0376190601527924,"[15.596726417541504, 0.009962595999240875, 0.005136151798069477, 0.0004929280839860439, 0.3904930353164673, 1.1255168914794922, 0.005804587155580521, 0.0002411313180346042, 0.0016130305593833327, 0.019442111253738403, 3.8358068466186523, 0.002031407319009304, 0.002442711964249611, 0.001116486731916666, 0.04512607306241989, 0.3347257375717163, 0.00322073046118021, 0.0006403064471669495, 0.07731588929891586, 1.3677386045455933, 0.0009667966514825821, 0.0010588521836325526]",1.0405643620522989,0.0029453018995064806
596,180,153,111,0.00054931640625,0.00047967760474421084,1.0341796376729193,"[15.589019775390625, 0.00994347594678402, 0.005147062707692385, 0.0004822045157197863, 0.3902283310890198, 1.0717705488204956, 0.005723398178815842, 0.00024172721896320581, 0.0016248131869360805, 0.01942223496735096, 3.8130671977996826, 0.0020190346986055374, 0.0024340308737009764, 0.0011211306555196643, 0.045090291649103165, 0.3343258500099182, 0.0036340404767543077, 0.0006481691962108016, 0.08664952963590622, 1.367226481437683, 0.0009748950251378119, 0.001157805323600769]",1.0405643620522989,0.006384724379379536
597,154,114,111,0.000598907470703125,0.0005546531174331903,1.0381465931753733,"[15.592843055725098, 0.0099555142223835, 0.005164259113371372, 0.00043132537393830717, 0.39073309302330017, 1.1414610147476196, 0.005766541697084904, 0.0002441108226776123, 0.0015798242529854178, 0.019278183579444885, 3.8352715969085693, 0.00227859104052186, 0.0023736178409308195, 0.001142445020377636, 0.047564465552568436, 0.3342883884906769, 0.0032194233499467373, 0.0006532918778248131, 0.07717640697956085, 1.3656437397003174, 0.0009922825265675783, 0.0011638780124485493]",1.0405643620522989,0.0024177688769255745
598,157,106,111,0.0005950927734375,0.0005676522268913686,1.036094430417341,"[15.609414100646973, 0.010284287855029106, 0.005176118575036526, 0.0004858981992583722, 0.39365166425704956, 1.0780850648880005, 0.005833031609654427, 0.00023684080224484205, 0.0016279076226055622, 0.018192103132605553, 3.8346357345581055, 0.0022808508947491646, 0.0023899106308817863, 0.0011302995262667537, 0.04510681703686714, 0.33486834168434143, 0.003221086924895644, 0.0006445952458307147, 0.07721072435379028, 1.367436408996582, 0.0009710840531624854, 0.0011945976875722408]",1.0405643620522989,0.004469931634957902
599,243,192,111,0.000415802001953125,0.00038399151526391506,1.0345634215601338,"[15.562846183776855, 0.009655441157519817, 0.005165326874703169, 0.00043871314846910536, 0.3895183801651001, 1.062870979309082, 0.005635919980704784, 0.00024136967840604484, 0.0016280265990644693, 0.019750481471419334, 3.835803270339966, 0.002012015553191304, 0.002395619172602892, 0.0012704405235126615, 0.04502294212579727, 0.36513906717300415, 0.003642830066382885, 0.0005706112715415657, 0.07739333808422089, 1.3673392534255981, 0.0009940688032656908, 0.0010609956225380301]",1.0405643620522989,0.006000940492165041
600,192,157,111,0.000522613525390625,0.0004699304117821157,1.0330915731332921,"[15.630626678466797, 0.009957993403077126, 0.005158566869795322, 0.0004970983718521893, 0.3894597291946411, 1.0801856517791748, 0.005781001411378384, 0.00024589852546341717, 0.0016401661559939384, 0.01935453899204731, 3.834780693054199, 0.0020453264005482197, 0.002379207406193018, 0.0011374439345672727, 0.04576968029141426, 0.33486321568489075, 0.003222394036129117, 0.0006199345225468278, 0.0773489847779274, 1.280887484550476, 0.0009957361035048962, 0.001057184999808669]",1.0405643620522989,0.007472788919006712
601,292,289,111,0.000301361083984375,0.00022247481683734804,1.0417381975593427,"[15.62904167175293, 0.009926597587764263, 0.005066887941211462, 0.00048351517762057483, 0.3970125913619995, 1.1412726640701294, 0.005817624274641275, 0.0002406545972917229, 0.001623861026018858, 0.019826684147119522, 3.8364031314849854, 0.0022734766826033592, 0.0021657124161720276, 0.0011251792311668396, 0.045069437474012375, 0.3713764548301697, 0.003641167189925909, 0.0006435230607166886, 0.07719296216964722, 1.3660075664520264, 0.00096941675292328, 0.0010595666244626045]",1.0405643620522989,-0.0011738355070438633
602,327,341,111,0.0002117156982421875,0.00010022571223089471,1.0375113258791813,"[15.637279510498047, 0.010135963559150696, 0.005206241272389889, 0.00048423008411191404, 0.3919784724712372, 1.0801994800567627, 0.005760733969509602, 0.0002441108226776123, 0.0015778008382767439, 0.019657794386148453, 3.835447311401367, 0.0020345004741102457, 0.0024346255231648684, 0.0011275607394054532, 0.04550579562783241, 0.33552926778793335, 0.003649243852123618, 0.0006432848167605698, 0.07707630842924118, 1.3671510219573975, 0.0009617946925573051, 0.0011641160817816854]",1.0405643620522989,0.003053036173117585
603,288,304,111,0.00031280517578125,0.0001994020421989262,1.0364174276473932,"[15.60356330871582, 0.008926368318498135, 0.0051362705416977406, 0.0004789874074049294, 0.3989049196243286, 1.0761922597885132, 0.005774838384240866, 0.00024148885859176517, 0.0016337393317371607, 0.019738560542464256, 3.834925889968872, 0.00201534666121006, 0.0021755853667855263, 0.001135300612077117, 0.04495992138981819, 0.3344128131866455, 0.003642592579126358, 0.0006451908848248422, 0.08707740902900696, 1.3674793243408203, 0.000969297660049051, 0.0011539950501173735]",1.0405643620522989,0.004146934404905656
604,255,268,111,0.000392913818359375,0.00027057534316554666,1.0342028525033542,"[15.610956192016602, 0.009968851692974567, 0.005050994455814362, 0.0004963834653608501, 0.3916034996509552, 1.059774398803711, 0.005785861052572727, 0.00027247529942542315, 0.0015911312075331807, 0.019515179097652435, 3.812061309814453, 0.002058769576251507, 0.0021176550071686506, 0.0011176775442436337, 0.04507969319820404, 0.33461278676986694, 0.0032189481426030397, 0.0006210067658685148, 0.07724272459745407, 1.3672901391983032, 0.0009657248156145215, 0.001061352901160717]",1.0405643620522989,0.006361509548944655
605,134,115,111,0.0006561279296875,0.0005534669617190957,1.0398767558574697,"[15.602840423583984, 0.00994253158569336, 0.0051621245220303535, 0.000494715350214392, 0.3848438858985901, 1.1440492868423462, 0.005741651635617018, 0.00024136967840604484, 0.0015695883193984628, 0.019818153232336044, 3.8356053829193115, 0.002278947737067938, 0.0021822466515004635, 0.0011382774682715535, 0.0452054925262928, 0.36485686898231506, 0.0036454431246966124, 0.0006425699684768915, 0.07713645696640015, 1.3677326440811157, 0.0010022860951721668, 0.0011582816950976849]",1.0405643620522989,0.0006876061948291046
606,3,6,111,0.00101470947265625,0.0009242655360139906,1.034308291872466,"[15.580889701843262, 0.010096666403114796, 0.0051450468599796295, 0.0004935238393954933, 0.3888489007949829, 1.0597388744354248, 0.00580956507474184, 0.00024256148026324809, 0.0015835139201954007, 0.02004321850836277, 3.8361964225769043, 0.0020139189437031746, 0.0024418795946985483, 0.001260558608919382, 0.0449349619448185, 0.3346179127693176, 0.0032294047996401787, 0.000636255950666964, 0.08657049387693405, 1.3678183555603027, 0.000974656839389354, 0.0011960265692323446]",1.0405643620522989,0.006256070179832873
607,28,14,111,0.0009307861328125,0.0008696414879523218,1.0346935936765724,"[15.595726013183594, 0.010199449956417084, 0.005210866220295429, 0.00048423008411191404, 0.3779640197753906, 1.122570514678955, 0.005835401825606823, 0.0002422039397060871, 0.001618862384930253, 0.019388679414987564, 3.834855794906616, 0.0022768068592995405, 0.0023617250844836235, 0.0011263700434938073, 0.045450322329998016, 0.36494046449661255, 0.0032269093208014965, 0.0006368515896610916, 0.08705708384513855, 1.279914379119873, 0.0009728704462759197, 0.0011992413783445954]",1.0405643620522989,0.005870768375726421
608,73,42,111,0.000797271728515625,0.0007390441605821252,1.0359723005319459,"[15.578600883483887, 0.009898741729557514, 0.0049634575843811035, 0.0004960260121151805, 0.3896236717700958, 1.063127875328064, 0.005729205906391144, 0.00023946279543451965, 0.0016249321633949876, 0.019831007346510887, 3.835235595703125, 0.0020184398163110018, 0.002370882546529174, 0.0011322046630084515, 0.0451301746070385, 0.37127208709716797, 0.003631665138527751, 0.0006389960180968046, 0.08664887398481369, 1.3671462535858154, 0.0009707267745397985, 0.0010594476480036974]",1.0405643620522989,0.0045920615203529636
609,63,36,111,0.000827789306640625,0.0007692791405133903,1.0372315104468726,"[15.645803451538086, 0.009944537654519081, 0.0050125643610954285, 0.0004372832481749356, 0.39875179529190063, 1.1441313028335571, 0.005845475476235151, 0.00024172721896320581, 0.0015769677702337503, 0.020113205537199974, 3.8346614837646484, 0.002049609087407589, 0.0023963325656950474, 0.0011317284079268575, 0.047182224690914154, 0.3352448046207428, 0.003646155819296837, 0.0006443570018745959, 0.07723920047283173, 1.2809077501296997, 0.0009790633339434862, 0.0011522090062499046]",1.0405643620522989,0.0033328516054262902
610,114,74,111,0.000705718994140625,0.0006471435190178454,1.0288648663799078,"[15.563509941101074, 0.00881128292530775, 0.00499797472730279, 0.0004836343287024647, 0.3798292577266693, 1.0633410215377808, 0.00575445219874382, 0.0002379134384682402, 0.001615172834135592, 0.0202474407851696, 3.8367083072662354, 0.00224956963211298, 0.0024635223671793938, 0.0011520899133756757, 0.045292653143405914, 0.3345279097557068, 0.003214670345187187, 0.0006473353132605553, 0.07732769101858139, 1.2805806398391724, 0.0009681067313067615, 0.0010664734290912747]",1.0405643620522989,0.011699495672391036
611,174,138,111,0.0005645751953125,0.0005061462870799005,1.038861989313525,"[15.576850891113281, 0.008832670748233795, 0.00522011611610651, 0.00048351517762057483, 0.390590637922287, 1.143448829650879, 0.005758007988333702, 0.00024327656137757003, 0.0016211237525567412, 0.019411595538258553, 3.8359546661376953, 0.0020450884476304054, 0.0024285605177283287, 0.0011335145682096481, 0.045217115432024, 0.366182416677475, 0.0032198987901210785, 0.0006432848167605698, 0.0772743970155716, 1.3662405014038086, 0.0009659630013629794, 0.0011976935202255845]",1.0405643620522989,0.0017023727387739385
612,241,207,111,0.00041961669921875,0.00035469408612698317,1.0409000572028824,"[15.60262680053711, 0.009052662178874016, 0.005219048820436001, 0.0004847066884394735, 0.3980773389339447, 1.1448400020599365, 0.00570953032001853, 0.0002411313180346042, 0.0016169581795111299, 0.019684910774230957, 3.83543062210083, 0.0022743092849850655, 0.0024557928554713726, 0.001128513365983963, 0.04547993838787079, 0.3656342625617981, 0.0032168091274797916, 0.0006235085893422365, 0.08653474599123001, 1.3674230575561523, 0.0009843033039942384, 0.0010623055277392268]",1.0405643620522989,-0.00033569515058351485
613,201,164,111,0.00051116943359375,0.00045381131349131465,1.0370960046037163,"[15.558448791503906, 0.009950557723641396, 0.005034151952713728, 0.0004395472351461649, 0.39142781496047974, 1.1422315835952759, 0.0057294429279863834, 0.00024423000286333263, 0.0016251702327281237, 0.02000325731933117, 3.8354127407073975, 0.0019991665612906218, 0.002370525849983096, 0.0011370867723599076, 0.04509097710251808, 0.33508989214897156, 0.0036421173717826605, 0.0005716835148632526, 0.08656459301710129, 1.3669155836105347, 0.0009826361201703548, 0.0012005510507151484]",1.0405643620522989,0.0034683574485825375
614,214,176,111,0.00048065185546875,0.00042699516052380204,1.0416736408382845,"[15.67105770111084, 0.009984667412936687, 0.0051431492902338505, 0.000426439888542518, 0.39099451899528503, 1.1410518884658813, 0.005789416376501322, 0.00023982033599168062, 0.0016104121459648013, 0.0193063635379076, 3.8350987434387207, 0.0022590849548578262, 0.002364460611715913, 0.0011194637045264244, 0.04509815573692322, 0.33413177728652954, 0.003226077649742365, 0.0006420934805646539, 0.07716260850429535, 1.3679440021514893, 0.0009690594743005931, 0.0012001938885077834]",1.0405643620522989,-0.0011092787859856568
615,268,243,111,0.0003662109375,0.0003163358196616173,1.0353453428000317,"[15.57010269165039, 0.009882806800305843, 0.005043877754360437, 0.0004876854654867202, 0.3857528567314148, 1.0615147352218628, 0.00568582396954298, 0.0002455409849062562, 0.0015744682168588042, 0.020037610083818436, 3.8356759548187256, 0.0020437799394130707, 0.002411673776805401, 0.0011481605470180511, 0.04515159875154495, 0.3708541691303253, 0.003217878518626094, 0.0006431656656786799, 0.08668593317270279, 1.3673985004425049, 0.0009783487766981125, 0.0010602811817079782]",1.0405643620522989,0.0052190192522671985
616,305,295,111,0.0002727508544921875,0.00021451216889545321,1.0354569763056298,"[15.5327787399292, 0.010010278783738613, 0.005137693602591753, 0.0004430027911439538, 0.39085501432418823, 1.1245224475860596, 0.005731102544814348, 0.00024291902082040906, 0.001631121034733951, 0.019571175798773766, 3.8126683235168457, 0.0020273623522371054, 0.0024358145892620087, 0.0011231550015509129, 0.0452229268848896, 0.3651959300041199, 0.003230711678043008, 0.0006449526408687234, 0.08678736537694931, 1.3677489757537842, 0.0009860896971076727, 0.0010583758121356368]",1.0405643620522989,0.005107385746669024
617,270,246,111,0.000362396240234375,0.00030344745027832687,1.0405566577021752,"[15.62817096710205, 0.009968261234462261, 0.005075427703559399, 0.00048673225683160126, 0.3955846428871155, 1.1419042348861694, 0.005792024079710245, 0.00024351492174901068, 0.001639452064409852, 0.01967836543917656, 3.812826633453369, 0.0020035686902701855, 0.0023814670275896788, 0.0011302995262667537, 0.04336754232645035, 0.37078356742858887, 0.0036276266910135746, 0.0006410212954506278, 0.07733618468046188, 1.3674237728118896, 0.00098204065579921, 0.0011991222854703665]",1.0405643620522989,7.704350123649562e-06
618,164,131,111,0.000579833984375,0.0005198348080739379,1.0318650071924573,"[15.625137329101562, 0.01000957004725933, 0.005150146316736937, 0.0004858981992583722, 0.39116543531417847, 1.058866024017334, 0.0057801720686256886, 0.00023958197562023997, 0.0016213617054745555, 0.02006051130592823, 3.835176944732666, 0.002021057065576315, 0.002428798470646143, 0.0011433976469561458, 0.04343226179480553, 0.3345302939414978, 0.0036516194231808186, 0.0006192197324708104, 0.07746924459934235, 1.279848575592041, 0.000995974289253354, 0.0011967408936470747]",1.0405643620522989,0.008699354859841524
619,176,144,111,0.000560760498046875,0.0004976228228770196,1.0370923424263971,"[15.575810432434082, 0.01000248920172453, 0.005185250658541918, 0.00048530244384892285, 0.39014631509780884, 1.1376911401748657, 0.005778512451797724, 0.00024005869636312127, 0.0015604236396029592, 0.020054902881383896, 3.834505558013916, 0.002028790069743991, 0.002367433626204729, 0.0011193446116521955, 0.04554315656423569, 0.3343631327152252, 0.003233563620597124, 0.000647692708298564, 0.0772557482123375, 1.3658175468444824, 0.0009926398051902652, 0.0012020989088341594]",1.0405643620522989,0.003472019625901712
620,226,200,111,0.00045013427734375,0.00036907687899656594,1.0387142874850808,"[15.611197471618652, 0.009903226979076862, 0.005005566403269768, 0.00047886825632303953, 0.3859919309616089, 1.1397931575775146, 0.005810513161122799, 0.00024291902082040906, 0.0015778008382767439, 0.019624363631010056, 3.835278034210205, 0.0020367607939988375, 0.0023813480511307716, 0.0011369676794856787, 0.045153647661209106, 0.3350985050201416, 0.0036305959802120924, 0.0006250573205761611, 0.07715146243572235, 1.3674285411834717, 0.000966915744356811, 0.0012006701435893774]",1.0405643620522989,0.0018500745672180852
621,177,158,111,0.000553131103515625,0.00046862554154358804,1.0381688172849615,"[15.585841178894043, 0.009950675070285797, 0.0049746073782444, 0.0004884004010818899, 0.3906087279319763, 1.1401554346084595, 0.005752793047577143, 0.00024434918304905295, 0.0014417502097785473, 0.01937628537416458, 3.835043430328369, 0.0020111827179789543, 0.0023852726444602013, 0.0011269653914496303, 0.0451013445854187, 0.3352987766265869, 0.0032075406052172184, 0.0006411403883248568, 0.08692409098148346, 1.3669729232788086, 0.0009712031460367143, 0.0011959074763581157]",1.0405643620522989,0.0023955447673373875
622,196,169,111,0.000518798828125,0.00044354546116665006,1.0358655967006185,"[15.606927871704102, 0.010050995275378227, 0.00499773770570755, 0.00048351517762057483, 0.3900850713253021, 1.0758830308914185, 0.005722568370401859, 0.00027509720530360937, 0.0016138636274263263, 0.019715886563062668, 3.8367154598236084, 0.00204722979106009, 0.0021113501861691475, 0.001116486731916666, 0.04552789032459259, 0.33497732877731323, 0.003644492942839861, 0.0005746620590798557, 0.07731125503778458, 1.367261290550232, 0.0009415484382770956, 0.0010584949050098658]",1.0405643620522989,0.004698765351680345
623,115,65,111,0.000705718994140625,0.0006602539797313511,1.035281490681386,"[15.580347061157227, 0.009808676317334175, 0.0050423359498381615, 0.0004926898400299251, 0.3895820081233978, 1.0575642585754395, 0.005811224225908518, 0.00024279984063468874, 0.0016137446509674191, 0.01979033648967743, 3.8344571590423584, 0.002011658623814583, 0.002388245891779661, 0.0011104138102382421, 0.04043198004364967, 0.3652467131614685, 0.0032283354084938765, 0.0006412595394067466, 0.08657290041446686, 1.3675999641418457, 0.0010082405060529709, 0.0012007892364636064]",1.0405643620522989,0.005282871370912767
624,110,60,111,0.0007171630859375,0.0006858012638986111,1.037967058603747,"[15.559149742126465, 0.0101087037473917, 0.005178134888410568, 0.0004409771354403347, 0.3902836740016937, 1.1409480571746826, 0.0057664234191179276, 0.00024577934527769685, 0.00162588432431221, 0.019761819392442703, 3.8353207111358643, 0.0020147517789155245, 0.0024474686942994595, 0.001134824356995523, 0.04506385326385498, 0.3650248944759369, 0.003218710422515869, 0.0006473353132605553, 0.07739908248186111, 1.3673465251922607, 0.0009529816452413797, 0.0011949549661949277]",1.0405643620522989,0.002597303448551802
625,191,139,111,0.00052642822265625,0.0005038748495280743,1.0363358002730159,"[15.567398071289062, 0.009955869056284428, 0.005132831167429686, 0.0004256058018654585, 0.3730212450027466, 1.1451448202133179, 0.005827935412526131, 0.00024303820100612938, 0.0016227898886427283, 0.019647859036922455, 3.8349289894104004, 0.0020400919020175934, 0.002364460611715913, 0.0011448265286162496, 0.04520902410149574, 0.3348035216331482, 0.003229167079553008, 0.0006501944735646248, 0.07705092430114746, 1.3675228357315063, 0.0009640575153753161, 0.0010594476480036974]",1.0405643620522989,0.004228561779282991
626,267,220,111,0.0003681182861328125,0.00033959205029532313,1.0375708176176308,"[15.62731647491455, 0.010004376992583275, 0.005026560742408037, 0.00048268112004734576, 0.3900192975997925, 1.059754490852356, 0.005622169468551874, 0.00023707917716819793, 0.0016070796409621835, 0.019310807809233665, 3.8355414867401123, 0.0020034497138112783, 0.002360773738473654, 0.0011080323019996285, 0.04576239362359047, 0.3717666268348694, 0.0036497190594673157, 0.0006542449118569493, 0.07713855057954788, 1.3651410341262817, 0.0009837078396230936, 0.0010669498005881906]",1.0405643620522989,0.0029935444346680384
627,264,213,111,0.0003814697265625,0.0003478450234979391,1.0376431083158506,"[15.635388374328613, 0.009907121770083904, 0.005148604512214661, 0.0004829194222111255, 0.38935548067092896, 1.0800769329071045, 0.00583504606038332, 0.0002711643755901605, 0.0016236230731010437, 0.01987588405609131, 3.8346927165985107, 0.0020155846141278744, 0.002382894279435277, 0.0011288706446066499, 0.04508117586374283, 0.3345460593700409, 0.003230117727071047, 0.0006449526408687234, 0.0869922861456871, 1.367300033569336, 0.0009753713966347277, 0.0011931689223274589]",1.0405643620522989,0.0029212537364482483
628,296,276,111,0.0002899169921875,0.00025261391419917345,1.0354362311839147,"[15.605050086975098, 0.010080852545797825, 0.0051087550818920135, 0.0004374024283606559, 0.3901911973953247, 1.0604901313781738, 0.005604269448667765, 0.00023636408150196075, 0.0016181482933461666, 0.019820021465420723, 3.8354532718658447, 0.0020248640794306993, 0.0023576815146952868, 0.0011473270133137703, 0.045107271522283554, 0.3349420130252838, 0.0032229882199317217, 0.0006401873542927206, 0.08675774931907654, 1.367186188697815, 0.0009609610424377024, 0.0011593532981351018]",1.0405643620522989,0.005128130868384151
629,338,319,111,0.00018978118896484375,0.00015408646140713245,1.0354954971077281,"[15.625959396362305, 0.008841178379952908, 0.005111720412969589, 0.0004978132783435285, 0.38491666316986084, 1.1439658403396606, 0.005769860465079546, 0.00024089295766316354, 0.0016250512562692165, 0.01968105509877205, 3.8350698947906494, 0.0019985719118267298, 0.002323905238881707, 0.0011369676794856787, 0.045235686004161835, 0.3346540033817291, 0.0032209681812673807, 0.0006459057331085205, 0.07737921923398972, 1.2806288003921509, 0.0009371418273076415, 0.0010604002745822072]",1.0405643620522989,0.005068864944570706
630,340,320,111,0.00018310546875,0.00015372372581623495,1.0344356245980386,"[15.558551788330078, 0.00992577150464058, 0.005080290138721466, 0.0004861365014221519, 0.39711397886276245, 1.0764505863189697, 0.005867400672286749, 0.00024184639914892614, 0.001576253562234342, 0.01978507824242115, 3.8349051475524902, 0.0020068997982889414, 0.0023764721117913723, 0.0011436357162892818, 0.047298889607191086, 0.3344036638736725, 0.003642473602667451, 0.0006459057331085205, 0.08673030883073807, 1.367236852645874, 0.0009628665866330266, 0.0011514945654198527]",1.0405643620522989,0.006128737454260236
631,320,292,111,0.00023651123046875,0.00021632031712215394,1.0365853636798088,"[15.626103401184082, 0.010189419612288475, 0.005073055624961853, 0.0004390706308186054, 0.3935195207595825, 1.0626230239868164, 0.005799609236419201, 0.0002648479712661356, 0.00162588432431221, 0.019995778799057007, 3.813636302947998, 0.0020189157221466303, 0.002437717281281948, 0.001262939884327352, 0.0453612357378006, 0.3653373122215271, 0.0032226317562162876, 0.0006422125734388828, 0.07724691927433014, 1.3658761978149414, 0.001002047909423709, 0.0011999557027593255]",1.0405643620522989,0.00397899837249005
632,278,228,111,0.000347137451171875,0.00033276138128712773,1.0386081428547518,"[15.63624382019043, 0.009894964285194874, 0.00498623214662075, 0.00048351517762057483, 0.38982412219047546, 1.1243900060653687, 0.005831016693264246, 0.0002416080387774855, 0.0016232660273090005, 0.019865600392222404, 3.8137636184692383, 0.002023793524131179, 0.0024498470593243837, 0.0011189873330295086, 0.04337747395038605, 0.3347333073616028, 0.0032292858231812716, 0.0006101653561927378, 0.086848683655262, 1.3657851219177246, 0.0009919252479448915, 0.0010627818992361426]",1.0405643620522989,0.001956219197547071
633,313,282,111,0.0002593994140625,0.00023980019614100456,1.0315659754467725,"[15.576864242553711, 0.010003550909459591, 0.005145165137946606, 0.0004960260121151805, 0.39864060282707214, 1.0603030920028687, 0.005762985907495022, 0.0002454218047205359, 0.0016251702327281237, 0.019940273836255074, 3.835114002227783, 0.0020124914590269327, 0.002395619172602892, 0.0011395872570574284, 0.045611266046762466, 0.3656787574291229, 0.003643661504611373, 0.0006431656656786799, 0.07732945680618286, 1.2797050476074219, 0.0009895433904603124, 0.0011623300379142165]",1.0405643620522989,0.00899838660552632
634,355,342,111,0.000125885009765625,9.799930558074266e-05,1.0327146993090124,"[15.575370788574219, 0.010238506831228733, 0.00502857705578208, 0.0004942387458868325, 0.3913777768611908, 1.0629676580429077, 0.00581003911793232, 0.00023993951617740095, 0.0016105312388390303, 0.019771287217736244, 3.812072277069092, 0.0022753796074539423, 0.002375164069235325, 0.0011145814787596464, 0.045059751719236374, 0.3350570499897003, 0.003220373997464776, 0.0006378046819008887, 0.07714319229125977, 1.3658461570739746, 0.0009482178138568997, 0.0010640918044373393]",1.0405643620522989,0.007849662743286467
635,344,327,111,0.000171661376953125,0.0001354331470793113,1.0347304900893837,"[15.601243019104004, 0.009948315098881721, 0.005074241664260626, 0.0004372832481749356, 0.3897944986820221, 1.1451995372772217, 0.005739280954003334, 0.00023993951617740095, 0.0016112453304231167, 0.020157601684331894, 3.8360073566436768, 0.0020121345296502113, 0.0023826563265174627, 0.0011356578906998038, 0.04507741704583168, 0.3341141939163208, 0.0032283354084938765, 0.0006395916570909321, 0.07710235565900803, 1.2807857990264893, 0.000976800569333136, 0.0011635207338258624]",1.0405643620522989,0.0058338719629151825
636,316,302,111,0.0002422332763671875,0.00020608144404832274,1.032396233361479,"[15.610451698303223, 0.009893075563013554, 0.005090252961963415, 0.00043561504571698606, 0.3907061517238617, 1.075025200843811, 0.005717589985579252, 0.00024339574156329036, 0.0015812524361535907, 0.01959174871444702, 3.8362934589385986, 0.0020191536750644445, 0.002444376703351736, 0.001134109916165471, 0.045165956020355225, 0.33425211906433105, 0.00364176114089787, 0.0006037319544702768, 0.08666155487298965, 1.2797582149505615, 0.0009810879128053784, 0.001025627483613789]",1.0405643620522989,0.008168128690819954
637,315,296,111,0.00024318695068359375,0.00021155244030524045,1.0415665942167502,"[15.618301391601562, 0.010026447474956512, 0.005047554615885019, 0.00048387263086624444, 0.3897467851638794, 1.1620843410491943, 0.005867518950253725, 0.00024482590379193425, 0.0016183863626793027, 0.01982925459742546, 3.8358004093170166, 0.0020234365947544575, 0.0023511406034231186, 0.001128275180235505, 0.04559452459216118, 0.3654605746269226, 0.0032242953311651945, 0.000644237850792706, 0.0773404911160469, 1.3654868602752686, 0.001004667836241424, 0.0011557810939848423]",1.0405643620522989,-0.0010022321644513887
638,301,274,111,0.0002803802490234375,0.00025506032397970557,1.0434427968641764,"[15.70051097869873, 0.009856248274445534, 0.005162954796105623, 0.0004843492351938039, 0.3843439221382141, 1.1578090190887451, 0.005741414614021778, 0.00024005869636312127, 0.001609698054380715, 0.01942083239555359, 3.8357322216033936, 0.0022961937356740236, 0.0023918135557323694, 0.0011231550015509129, 0.0450240820646286, 0.33473852276802063, 0.00322845415212214, 0.0006448334897868335, 0.07756467163562775, 1.365635871887207, 0.000985136954113841, 0.0011970981722697616]",1.0405643620522989,-0.0028784348118775505
639,290,257,111,0.0003070831298828125,0.0002865695278160274,1.039585272778905,"[15.639819145202637, 0.010185053572058678, 0.004990146495401859, 0.000440262199845165, 0.3991343379020691, 1.141968011856079, 0.005790483206510544, 0.00023934361524879932, 0.0016254083020612597, 0.019652534276247025, 3.813035011291504, 0.002031407319009304, 0.0023819427005946636, 0.001121726119890809, 0.045130401849746704, 0.3342677354812622, 0.003222750499844551, 0.0006439996068365872, 0.0772184506058693, 1.365799903869629, 0.0009689403814263642, 0.001209004782140255]",1.0405643620522989,0.0009790892733938517
640,306,278,111,0.0002689361572265625,0.00025133133749477565,1.0390988976750206,"[15.556626319885254, 0.008924831636250019, 0.005100690294057131, 0.00048196621355600655, 0.4034850597381592, 1.1451623439788818, 0.005741888657212257, 0.0002460177056491375, 0.001632430125027895, 0.02004310116171837, 3.8354721069335938, 0.0020184398163110018, 0.0024138144217431545, 0.0011318475008010864, 0.045007672160863876, 0.36594903469085693, 0.0036360598169267178, 0.0006384003208950162, 0.08658546954393387, 1.3676682710647583, 0.0010128850117325783, 0.0011970981722697616]",1.0405643620522989,0.001465464377278236
641,279,237,111,0.0003414154052734375,0.0003237648925278336,1.0342312374718445,"[15.629791259765625, 0.009042620658874512, 0.005059178452938795, 0.00048303857329301536, 0.38980531692504883, 1.0605792999267578, 0.005869533866643906, 0.0002444683632347733, 0.001620528637431562, 0.019811490550637245, 3.8357439041137695, 0.002003092784434557, 0.0024033491499722004, 0.0011368485866114497, 0.045053597539663315, 0.3710879683494568, 0.0032270282972604036, 0.0006459057331085205, 0.08669456839561462, 1.2806155681610107, 0.0009672730811871588, 0.0012013844680041075]",1.0405643620522989,0.006333124580454319
642,332,308,111,0.00020599365234375,0.00018570786050986499,1.0324869580191178,"[15.601991653442383, 0.01034009549766779, 0.00519782118499279, 0.00048565989709459245, 0.3900599777698517, 1.0618410110473633, 0.005898924078792334, 0.0002456601650919765, 0.0016703951405361295, 0.02016601338982582, 3.83512806892395, 0.002037355676293373, 0.002448301063850522, 0.0011470888275653124, 0.045261092483997345, 0.3652160167694092, 0.0036434237845242023, 0.0006212450098246336, 0.07737844437360764, 1.2817593812942505, 0.000977038755081594, 0.0011984078446403146]",1.0405643620522989,0.008077404033181024
643,357,343,111,0.00011920928955078125,9.787322778720409e-05,1.0368729417334015,"[15.59653091430664, 0.009963540360331535, 0.005074715707451105, 0.0004936429904773831, 0.3911842405796051, 1.0621839761734009, 0.005681674927473068, 0.00024244230007752776, 0.0014315128792077303, 0.02000991813838482, 3.8359527587890625, 0.0020157035905867815, 0.0023415072355419397, 0.0011324428487569094, 0.04534551501274109, 0.3712123930454254, 0.0032233446836471558, 0.0006506709614768624, 0.08643852919340134, 1.368045687675476, 0.00099323526956141, 0.0010563514661043882]",1.0405643620522989,0.0036914203188973538
644,356,340,111,0.00012302398681640625,0.00010132322495337576,1.0336810761033453,"[15.640727996826172, 0.00990062952041626, 0.005147062707692385, 0.000485183292767033, 0.3901216387748718, 1.0785261392593384, 0.005806720349937677, 0.00026973424246534705, 0.0016268364852294326, 0.01981990598142147, 3.7150118350982666, 0.002285965019837022, 0.002415717113763094, 0.0011328000109642744, 0.04553404450416565, 0.37147727608680725, 0.0032182352151721716, 0.0006409021443687379, 0.07714296877384186, 1.3675159215927124, 0.0009779914980754256, 0.0011981697753071785]",1.0405643620522989,0.006883285948953599
645,345,322,111,0.0001678466796875,0.00014807397383265197,1.0385145161430542,"[15.596851348876953, 0.0099950535222888, 0.005155246239155531, 0.0004944770480506122, 0.38427120447158813, 1.1267058849334717, 0.005778749473392963, 0.0002739054325502366, 0.001624099095351994, 0.019440239295363426, 3.8139991760253906, 0.0020183208398520947, 0.0024469930212944746, 0.0011086276499554515, 0.04551707208156586, 0.3715941905975342, 0.0032206117175519466, 0.0006426891195587814, 0.08687829971313477, 1.367292046546936, 0.0009533389820717275, 0.0010577804641798139]",1.0405643620522989,0.0020498459092446186
646,351,331,111,0.00014209747314453125,0.00012193793372716755,1.0380863180471351,"[15.602023124694824, 0.010040609166026115, 0.00510175758972764, 0.000482442817883566, 0.3985595405101776, 1.123091697692871, 0.005765593610703945, 0.00024172721896320581, 0.0016248131869360805, 0.019680235534906387, 3.8352768421173096, 0.00227074115537107, 0.0024528198409825563, 0.0011295850854367018, 0.045581310987472534, 0.3341909348964691, 0.0032242953311651945, 0.000607782625593245, 0.07725320756435394, 1.367276668548584, 0.0009629856795072556, 0.0010602811817079782]",1.0405643620522989,0.0024780440051637154
647,334,311,111,0.0002002716064453125,0.00018025320605374873,1.0355452173019082,"[15.612290382385254, 0.009058214724063873, 0.004940682090818882, 0.0004949536523781717, 0.3900643289089203, 1.1419200897216797, 0.005795816890895367, 0.00023982033599168062, 0.001620647613890469, 0.019952310249209404, 3.812354803085327, 0.002009041141718626, 0.002362676663324237, 0.0011343479854986072, 0.04354343190789223, 0.3715464770793915, 0.0032333259005099535, 0.0006180283380672336, 0.07700137048959732, 1.2797963619232178, 0.000959531927946955, 0.001058137626387179]",1.0405643620522989,0.005019144750390669
648,354,334,111,0.00013828277587890625,0.0001130808304878883,1.0372990879034412,"[15.592790603637695, 0.01010209508240223, 0.005137930624186993, 0.0004850641416851431, 0.3905208706855774, 1.1250423192977905, 0.006474707741290331, 0.00023624490131624043, 0.001617315225303173, 0.019474145025014877, 3.8353044986724854, 0.0020111827179789543, 0.0024431876372545958, 0.0011399445356801152, 0.0433676540851593, 0.3352026045322418, 0.003214313881471753, 0.0005706112715415657, 0.07731644064188004, 1.3659770488739014, 0.0009502424509264529, 0.0012009082129225135]",1.0405643620522989,0.0032652741488576886
649,336,316,111,0.00019359588623046875,0.00016599400260020047,1.0371224332457958,"[15.568201065063477, 0.00992529932409525, 0.00512358034029603, 0.00042798896902240813, 0.3901558518409729, 1.1455696821212769, 0.005769504699856043, 0.0002451834443490952, 0.0016301688738167286, 0.020040882751345634, 3.8349032402038574, 0.0022558735217899084, 0.0024182144552469254, 0.0011335145682096481, 0.04523203894495964, 0.334865003824234, 0.0036371287424117327, 0.0006485265912488103, 0.07713976502418518, 1.3652467727661133, 0.000969297660049051, 0.0011549476766958833]",1.0405643620522989,0.0034419288065030695
650,326,310,111,0.00021457672119140625,0.0001832605485105887,1.035910095578319,"[15.597125053405762, 0.010091474279761314, 0.00516200577840209, 0.0004400238685775548, 0.38421395421028137, 1.0662243366241455, 0.005732050631195307, 0.0002388668799540028, 0.0016171961324289441, 0.019548028707504272, 3.8353960514068604, 0.002285608323290944, 0.0024500847794115543, 0.0011288706446066499, 0.045194096863269806, 0.36473703384399414, 0.0036366537678986788, 0.0006367324967868626, 0.07706979662179947, 1.3650481700897217, 0.0009835887467488647, 0.0010624246206134558]",1.0405643620522989,0.004654266473979929
651,324,306,111,0.00022602081298828125,0.0001942500821314752,1.0286060140907383,"[15.532393455505371, 0.00886433757841587, 0.005056924652308226, 0.00048685140791349113, 0.38072365522384644, 1.0590087175369263, 0.005770571529865265, 0.0002411313180346042, 0.0016261223936453462, 0.019889557734131813, 3.8349759578704834, 0.002238508081063628, 0.002420236123725772, 0.0011387537233531475, 0.045142821967601776, 0.36517563462257385, 0.0036551826633512974, 0.0006426891195587814, 0.07728400081396103, 1.2805427312850952, 0.0009897815762087703, 0.001064687268808484]",1.0405643620522989,0.01195834796156059
652,353,339,111,0.00014019012451171875,0.00010267947800457478,1.034875693127767,"[15.593225479125977, 0.00994807854294777, 0.004981961566954851, 0.00049650261644274, 0.39868682622909546, 1.1397660970687866, 0.005788824055343866, 0.00024029705673456192, 0.0016130305593833327, 0.019635584205389023, 3.834315538406372, 0.0022762122098356485, 0.0024622143246233463, 0.001127441762946546, 0.045133594423532486, 0.33487600088119507, 0.003630833700299263, 0.0006127863889560103, 0.08654644340276718, 1.279753565788269, 0.0009528625523671508, 0.0011950739426538348]",1.0405643620522989,0.005688668924531903
653,298,279,111,0.0002880096435546875,0.0002459843235556036,1.0339066563584227,"[15.582453727722168, 0.009941233322024345, 0.005059889983385801, 0.0004951919545419514, 0.3843185305595398, 1.061906099319458, 0.005689616780728102, 0.00024232311989180744, 0.0016121974913403392, 0.019399670884013176, 3.836111307144165, 0.002268005395308137, 0.0023762343917042017, 0.0011039836099371314, 0.045794617384672165, 0.33658239245414734, 0.003308420069515705, 0.0006493605324067175, 0.07729768007993698, 1.3672266006469727, 0.000947503256611526, 0.0011618537828326225]",1.0405643620522989,0.006657705693876137
654,293,275,111,0.0002994537353515625,0.0002545311290305108,1.0299907112282447,"[15.573811531066895, 0.00993273500353098, 0.0049811312928795815, 0.0004862556525040418, 0.39130887389183044, 1.0654628276824951, 0.005808735266327858, 0.00024327656137757003, 0.0016310019418597221, 0.020042050629854202, 3.8359436988830566, 0.0020172500517219305, 0.002383964601904154, 0.0011342290090397, 0.045873984694480896, 0.33428719639778137, 0.0036357033532112837, 0.0006355411605909467, 0.0772409588098526, 1.2807910442352295, 0.0009857324184849858, 0.001157924416474998]",1.0405643620522989,0.010573650824054148
655,314,297,111,0.00025177001953125,0.00021069492504466325,1.0333864859395279,"[15.583718299865723, 0.010002370923757553, 0.00507957860827446, 0.00042703570215962827, 0.3859339952468872, 1.1416101455688477, 0.005840142257511616, 0.00024351492174901068, 0.0016255272785201669, 0.02001330628991127, 3.8350796699523926, 0.0020384264644235373, 0.0024400956463068724, 0.0011189873330295086, 0.045288778841495514, 0.33487558364868164, 0.00322370114736259, 0.0006423317245207727, 0.07732725143432617, 1.275852918624878, 0.0009631047723814845, 0.001157924416474998]",1.0405643620522989,0.007177876112770987
656,297,272,111,0.0002899169921875,0.0002572399389464408,1.0374904332202277,"[15.638016700744629, 0.010033056139945984, 0.00516971480101347, 0.0004963834653608501, 0.3900708556175232, 1.078904628753662, 0.005699336528778076, 0.00023755589791107923, 0.001610174193046987, 0.019768482074141502, 3.8363006114959717, 0.002266221446916461, 0.002394667826592922, 0.001122916815802455, 0.04734892025589943, 0.3342660367488861, 0.0032258399296551943, 0.0006479309522546828, 0.07725618779659271, 1.3679176568984985, 0.0009742995607666671, 0.001061352901160717]",1.0405643620522989,0.0030739288320711378
657,265,205,111,0.0003795623779296875,0.00035582619602791965,1.0387680045499688,"[15.66948127746582, 0.010120268911123276, 0.005197465419769287, 0.00047755756531842053, 0.39034080505371094, 1.0792839527130127, 0.005736436229199171, 0.0002388668799540028, 0.0016098171472549438, 0.019543703645467758, 3.8357057571411133, 0.0020080895628780127, 0.002369931200519204, 0.001150065683759749, 0.04519170522689819, 0.33433693647384644, 0.0032225127797573805, 0.000645429186988622, 0.07710389792919159, 1.36711847782135, 0.0009848987683653831, 0.0010282472940161824]",1.0405643620522989,0.0017963575023300926
658,287,251,111,0.0003185272216796875,0.0002997249539475888,1.0360702071815135,"[15.541828155517578, 0.00998620130121708, 0.005063685588538647, 0.00048387263086624444, 0.3910917639732361, 1.144017219543457, 0.005748407449573278, 0.00024470672360621393, 0.0015851801726967096, 0.01988055929541588, 3.8350019454956055, 0.002283110748976469, 0.0024434253573417664, 0.0011088658357039094, 0.04727649316191673, 0.33469468355178833, 0.003629170823842287, 0.0006429274217225611, 0.07689716666936874, 1.3674688339233398, 0.0009741804678924382, 0.0011940023396164179]",1.0405643620522989,0.004494154870785305
659,247,191,111,0.000408172607421875,0.0003855641698464751,1.0342693844034907,"[15.591882705688477, 0.00990299042314291, 0.005214186850935221, 0.00048708971007727087, 0.38519835472106934, 1.138256549835205, 0.005755400285124779, 0.0002431573811918497, 0.001450677984394133, 0.020108064636588097, 3.834336280822754, 0.002022841712459922, 0.0023913378827273846, 0.0011474461061879992, 0.04507821425795555, 0.334810346364975, 0.0036462745629251003, 0.0006399490521289408, 0.08675206452608109, 1.282431721687317, 0.0009741804678924382, 0.0011966219171881676]",1.0405643620522989,0.006294977648808153
660,325,307,111,0.00022220611572265625,0.0001879859046312049,1.034515060098122,"[15.597867965698242, 0.009973926469683647, 0.005204580724239349, 0.0004262015863787383, 0.38991662859916687, 1.0591671466827393, 0.005721383262425661, 0.0002420847595203668, 0.0016167201101779938, 0.019441058859229088, 3.8350789546966553, 0.0020600780844688416, 0.0023846779949963093, 0.0011137479450553656, 0.04501371085643768, 0.3348826467990875, 0.003642236115410924, 0.0006420934805646539, 0.07711460441350937, 1.3657664060592651, 0.0009919252479448915, 0.0010625437134876847]",1.0405643620522989,0.0060493019541767445
661,346,335,111,0.00016021728515625,0.00011274716962361708,1.0331754235257078,"[15.620285987854004, 0.010061262175440788, 0.004982317797839642, 0.0004396664153318852, 0.39134013652801514, 1.0811715126037598, 0.005784320179373026, 0.0002445875434204936, 0.0016288596671074629, 0.019441643729805946, 3.835348606109619, 0.0022898900788277388, 0.0023587520699948072, 0.0011269653914496303, 0.04551593214273453, 0.3351586163043976, 0.003217878518626094, 0.0006220789509825408, 0.08640113472938538, 1.280317783355713, 0.0009581027552485466, 0.0011632826644927263]",1.0405643620522989,0.00738893852659106
662,343,336,111,0.00017261505126953125,0.00011049964086851105,1.0358244099638383,"[15.603249549865723, 0.00993509590625763, 0.005084916017949581, 0.0004814896092284471, 0.39579787850379944, 1.0777416229248047, 0.0057679638266563416, 0.00024136967840604484, 0.0016305259196087718, 0.01962938904762268, 3.8341524600982666, 0.002045445377007127, 0.002449014689773321, 0.0011080323019996285, 0.04522976279258728, 0.33490824699401855, 0.0036446116864681244, 0.0006484074983745813, 0.0771229937672615, 1.365128993988037, 0.000972036796156317, 0.001167211914435029]",1.0405643620522989,0.004739952088460564
663,317,315,111,0.00023937225341796875,0.0001698592386674136,1.0399510711233069,"[15.614374160766602, 0.010100561194121838, 0.005049689672887325, 0.00048494499060325325, 0.39834848046302795, 1.1410685777664185, 0.005753385368734598, 0.00024005869636312127, 0.0016158869257196784, 0.019955115392804146, 3.834670305252075, 0.002287511248141527, 0.0024096521083265543, 0.0011080323019996285, 0.045853715389966965, 0.33496198058128357, 0.003630002262070775, 0.0006137394811958075, 0.08675938844680786, 1.3676217794418335, 0.0009513143450021744, 0.001065282616764307]",1.0405643620522989,0.000613290928991983
664,299,293,111,0.000286102294921875,0.0002156360715162009,1.0370715488719393,"[15.589879035949707, 0.009981244802474976, 0.005166986957192421, 0.0004297763225622475, 0.38961195945739746, 1.1230181455612183, 0.005718538537621498, 0.00024279984063468874, 0.0016279076226055622, 0.019950207322835922, 3.8354763984680176, 0.002241243841126561, 0.0024293928872793913, 0.0011305375955998898, 0.045232951641082764, 0.33514872193336487, 0.0032202552538365126, 0.0006412595394067466, 0.07725420594215393, 1.3651279211044312, 0.000985494232736528, 0.0010590903693810105]",1.0405643620522989,0.003492813180359544
665,246,218,111,0.0004100799560546875,0.000340939819579944,1.0374375940498959,"[15.622512817382812, 0.00989177729934454, 0.005141488742083311, 0.00048411093303002417, 0.390735924243927, 1.0798231363296509, 0.005729679949581623, 0.00024125049822032452, 0.0016250512562692165, 0.019985496997833252, 3.8136236667633057, 0.002034619450569153, 0.002172611653804779, 0.0011251792311668396, 0.045426513999700546, 0.37175825238227844, 0.003230830654501915, 0.0006165986997075379, 0.07718578726053238, 1.3680930137634277, 0.0009921634336933494, 0.0011970981722697616]",1.0405643620522989,0.0031267680024029687
666,203,172,111,0.000507354736328125,0.00043252925388514996,1.0328355179266178,"[15.614279747009277, 0.009843145497143269, 0.00501991854980588, 0.0004963834653608501, 0.3841889500617981, 1.0598914623260498, 0.005693528335541487, 0.0002416080387774855, 0.0016294547822326422, 0.020103273913264275, 3.835223436355591, 0.002024507150053978, 0.0023930028546601534, 0.0011305375955998898, 0.045299261808395386, 0.3704519271850586, 0.0036371287424117327, 0.0006107610533945262, 0.07720907032489777, 1.2808341979980469, 0.0009819215629249811, 0.0011981697753071785]",1.0405643620522989,0.007728844125681089
667,152,134,111,0.00060272216796875,0.0005161784938536584,1.0372400323275626,"[15.585026741027832, 0.009954215958714485, 0.005046843085438013, 0.0004936429904773831, 0.39051926136016846, 1.1207809448242188, 0.005840261001139879, 0.00023993951617740095, 0.0015767297009006143, 0.01999472826719284, 3.8139748573303223, 0.002006423892453313, 0.0024289172142744064, 0.001128275180235505, 0.045164816081523895, 0.3652708828449249, 0.0032259586732834578, 0.0005706112715415657, 0.07682354003190994, 1.3670591115951538, 0.0009544108179397881, 0.0011995985405519605]",1.0405643620522989,0.0033243297247362857
668,111,92,111,0.0007171630859375,0.0006134087452664971,1.040044584832768,"[15.584410667419434, 0.009961062110960484, 0.005017783492803574, 0.0004992430913262069, 0.3986767530441284, 1.1424591541290283, 0.005742362700402737, 0.00024029705673456192, 0.0016338583081960678, 0.020105261355638504, 3.836306095123291, 0.002245882526040077, 0.0023865809198468924, 0.0011187491472810507, 0.0450974702835083, 0.3653621971607208, 0.0032221563160419464, 0.0006369707407429814, 0.08678726106882095, 1.3670547008514404, 0.0009581027552485466, 0.0010582567192614079]",1.0405643620522989,0.0005197772195308925
669,138,123,111,0.000644683837890625,0.0005363928503356874,1.035834930907268,"[15.618704795837402, 0.01014186441898346, 0.005033796187490225, 0.00048315772437490523, 0.3910762071609497, 1.0635159015655518, 0.005746985320001841, 0.00024291902082040906, 0.001618743408471346, 0.019659781828522682, 3.835399627685547, 0.002284300047904253, 0.002431652508676052, 0.001134943449869752, 0.04522702842950821, 0.3348810374736786, 0.0036309524439275265, 0.0006299418746493757, 0.07711515575647354, 1.3672457933425903, 0.0009656057227402925, 0.0011982887517660856]",1.0405643620522989,0.004729431145030771
670,219,204,111,0.00046539306640625,0.0003604067605920136,1.0373581048049594,"[15.575597763061523, 0.010001663118600845, 0.005146232433617115, 0.0004294188693165779, 0.39087551832199097, 1.1422204971313477, 0.005775549449026585, 0.00023922442051116377, 0.0016213617054745555, 0.01987728662788868, 3.8355650901794434, 0.002253732644021511, 0.00240013818256557, 0.0011375630274415016, 0.043473124504089355, 0.3344368636608124, 0.00363558460958302, 0.0006507901125587523, 0.07707134634256363, 1.3674328327178955, 0.0009784678695723414, 0.0010582567192614079]",1.0405643620522989,0.0032062572473394724
671,15,9,111,0.00096893310546875,0.0008893662015907466,1.0351310945883265,"[15.63899040222168, 0.010011222213506699, 0.005101876333355904, 0.00048458753735758364, 0.38442477583885193, 1.1432923078536987, 0.005742480978369713, 0.0002687808300834149, 0.0016141016967594624, 0.02005642279982567, 3.8128833770751953, 0.0020183208398520947, 0.0024463983718305826, 0.0011121999705210328, 0.04538778215646744, 0.33521249890327454, 0.003640929702669382, 0.0006457865820266306, 0.077247254550457, 1.2803089618682861, 0.0009400001727044582, 0.0010536124464124441]",1.0405643620522989,0.005433267463972324
673,57,25,111,0.000850677490234375,0.0008030434837564826,1.0329379213058432,"[15.56686019897461, 0.010030223987996578, 0.005172323901206255, 0.0004892344586551189, 0.3978903889656067, 1.1241732835769653, 0.005725294817239046, 0.00023958197562023997, 0.0016132686287164688, 0.019266022369265556, 3.834299087524414, 0.0020172500517219305, 0.0021553635597229004, 0.001135776867158711, 0.04544416815042496, 0.33502405881881714, 0.0036456806119531393, 0.0006417360855266452, 0.08676517754793167, 1.280042290687561, 0.0009790633339434862, 0.0010247938334941864]",1.0405643620522989,0.007626440746455687
674,108,67,111,0.000720977783203125,0.0006584281218238175,1.0368458933927203,"[15.545310974121094, 0.010019248351454735, 0.0051068575121462345, 0.00044288364006206393, 0.38415372371673584, 1.0759612321853638, 0.0057452074252069, 0.00024029705673456192, 0.0016217187512665987, 0.019462570548057556, 3.9263792037963867, 0.002273833379149437, 0.002434268593788147, 0.0011313711293041706, 0.045133478939533234, 0.3345658779144287, 0.003306400263682008, 0.0006432848167605698, 0.07723820209503174, 1.3672749996185303, 0.001002047909423709, 0.0011619728757068515]",1.0405643620522989,0.0037184686595785887
675,204,178,111,0.000507354736328125,0.00041725634946487844,1.037865211381524,"[15.568251609802246, 0.010023142211139202, 0.0050804088823497295, 0.0004857790481764823, 0.3987276256084442, 1.1434708833694458, 0.0057972390204668045, 0.0002723561483435333, 0.0015686361584812403, 0.01971132680773735, 3.834380865097046, 0.002017844934016466, 0.0024084628093987703, 0.001149589428678155, 0.04519147798418999, 0.3354099988937378, 0.003634990891441703, 0.0006379238329827785, 0.08700474351644516, 1.3656105995178223, 0.0010039533954113722, 0.0011951930355280638]",1.0405643620522989,0.0026991506707747526
676,248,254,111,0.000408172607421875,0.00029397045727819204,1.0369583309352906,"[15.611601829528809, 0.009927187114953995, 0.005031423643231392, 0.0004994813934899867, 0.3913988173007965, 1.1244683265686035, 0.005901649594306946, 0.0002450642641633749, 0.0016176722710952163, 0.019724534824490547, 3.8133578300476074, 0.0022551598958671093, 0.002404181519523263, 0.001116367639042437, 0.045183729380369186, 0.40480104088783264, 0.0036381976678967476, 0.000639710808172822, 0.08660635352134705, 1.2805533409118652, 0.0009502424509264529, 0.0011611393420025706]",1.0405643620522989,0.0036060311170083015
677,229,247,111,0.0004405975341796875,0.0003014493559021503,1.035788610944027,"[15.620452880859375, 0.009772200137376785, 0.005174458492547274, 0.00048029806930571795, 0.3993796706199646, 1.141662836074829, 0.005766304675489664, 0.0002461368858348578, 0.0016368337674066424, 0.020160172134637833, 3.835353136062622, 0.002000356325879693, 0.0023497133515775204, 0.0011183919850736856, 0.04332108050584793, 0.3347189724445343, 0.003651738166809082, 0.000633992429357022, 0.07723037153482437, 1.2800517082214355, 0.0009834696538746357, 0.0012047183699905872]",1.0405643620522989,0.004775751108271775
678,213,224,111,0.0004825592041015625,0.00033528852509334683,1.0364273134473478,"[15.61425495147705, 0.010031876154243946, 0.0051604644395411015, 0.0004814896092284471, 0.3913143277168274, 1.1594276428222656, 0.005830779671669006, 0.0002426806604489684, 0.0016021999763324857, 0.020084230229258537, 3.835308074951172, 0.002013324061408639, 0.002431533532217145, 0.0011511372867971659, 0.045241840183734894, 0.334318608045578, 0.003638078924268484, 0.0006395916570909321, 0.086948461830616, 1.2792482376098633, 0.0009682258241809905, 0.0010631391778588295]",1.0405643620522989,0.00413704860495101
679,178,183,111,0.000553131103515625,0.0004030122945550829,1.03601944715245,"[15.62951946258545, 0.010012284852564335, 0.0051290360279381275, 0.0004907834227196872, 0.384836345911026, 1.141715407371521, 0.0057990169152617455, 0.0002406545972917229, 0.0016210046596825123, 0.01967696286737919, 3.8342294692993164, 0.0022533759474754333, 0.002379088429734111, 0.001116605824790895, 0.045562632381916046, 0.33440735936164856, 0.0032184727024286985, 0.0006407829932868481, 0.08690726011991501, 1.2806235551834106, 0.0009818024700507522, 0.0010664734290912747]",1.0405643620522989,0.004544914899848873
684,69,357,111,0.000804901123046875,-0.011903784237802029,1.0291139220974979,"[15.561577796936035, 0.008983196690678596, 0.004979826509952545, 0.0004931663861498237, 0.38975760340690613, 1.0622198581695557, 0.005753741133958101, 0.00024089295766316354, 0.00162743148393929, 0.02007651887834072, 3.834855794906616, 0.0020242691971361637, 0.002381704980507493, 0.0011044599814340472, 0.045778561383485794, 0.33537641167640686, 0.0032202552538365126, 0.0006400682032108307, 0.07720829546451569, 1.2801525592803955, 0.000987995183095336, 0.0010658780811354518]",1.0405643620522989,0.011450439954800995
685,26,356,111,0.000934600830078125,-0.011762071400880814,1.0364365680857603,"[15.555193901062012, 0.008813410066068172, 0.005100334528833628, 0.00048458753735758364, 0.3927411735057831, 1.1416231393814087, 0.005689972545951605, 0.00023946279543451965, 0.0016265984158962965, 0.019810790196061134, 3.8350396156311035, 0.0020130861084908247, 0.002420830773189664, 0.0011086276499554515, 0.045464444905519485, 0.3352476954460144, 0.0032089666929095984, 0.0006372089846991003, 0.07735097408294678, 1.3657724857330322, 0.0009469077922403812, 0.0010702840518206358]",1.0405643620522989,0.004127793966538507
688,12,1,111,0.0009765625,0.003467600094154477,1.0370431541893843,"[15.565936088562012, 0.00989508256316185, 0.005179320927709341, 0.0004950728034600616, 0.3897612392902374, 1.1453871726989746, 0.005717827472835779, 0.00024291902082040906, 0.0016267173923552036, 0.019329166039824486, 3.8353111743927, 0.0022653888445347548, 0.0023673148825764656, 0.001121726119890809, 0.0451766662299633, 0.3359033465385437, 0.0032270282972604036, 0.0006404255982488394, 0.0772656798362732, 1.3660197257995605, 0.0009857324184849858, 0.0010945764370262623]",1.0405643620522989,0.003521207862914544
689,104,2,111,0.000736236572265625,0.0019614440388977528,1.0350178845851175,"[15.610307693481445, 0.009062467142939568, 0.005081120412796736, 0.00048303857329301536, 0.38422712683677673, 1.1416431665420532, 0.005810987204313278, 0.0002411313180346042, 0.001625646254979074, 0.019400838762521744, 3.834292411804199, 0.002020343439653516, 0.002393954200670123, 0.0011269653914496303, 0.045127782970666885, 0.33520644903182983, 0.0032185916788876057, 0.0006398299592547119, 0.08659061044454575, 1.2798752784729004, 0.0009600082994438708, 0.0010580186499282718]",1.0405643620522989,0.005546477467181399
690,116,108,111,0.000705718994140625,0.0005652799736708403,1.03709347600075,"[15.613956451416016, 0.00995740294456482, 0.0049746073782444, 0.00048315772437490523, 0.3987586796283722, 1.1442970037460327, 0.005740466061979532, 0.00024399164249189198, 0.0016348104691132903, 0.02000267244875431, 3.835304021835327, 0.0019966682884842157, 0.002424874110147357, 0.001134943449869752, 0.04533970355987549, 0.36642053723335266, 0.003219066886231303, 0.0006246999255381525, 0.07741187512874603, 1.279961109161377, 0.0009663202799856663, 0.0012034086976200342]",1.0405643620522989,0.0034708860515488826
691,252,234,111,0.000396728515625,0.00032681712764315307,1.0351500849653597,"[15.589341163635254, 0.009902400895953178, 0.005201616324484348, 0.0004822045157197863, 0.3845061659812927, 1.0760236978530884, 0.005785387009382248, 0.0002388668799540028, 0.0016319541027769446, 0.019864900037646294, 3.8352577686309814, 0.0020139189437031746, 0.0023853916209191084, 0.0011252983240410686, 0.045216888189315796, 0.3354073762893677, 0.0032103925477713346, 0.0006441186997108161, 0.08684933930635452, 1.3660037517547607, 0.0010069306008517742, 0.0012023370945826173]",1.0405643620522989,0.005414277086939201
692,205,177,111,0.000499725341796875,0.00041790318209677935,1.0367765798000619,"[15.551507949829102, 0.00884342286735773, 0.005232804920524359, 0.00048756631440483034, 0.3891841769218445, 1.1447516679763794, 0.005796527955681086, 0.0002420847595203668, 0.0015551865799352527, 0.019962241873145103, 3.835536479949951, 0.0020155846141278744, 0.002441165968775749, 0.0011373248416930437, 0.045530397444963455, 0.33473920822143555, 0.003224057611078024, 0.0006364941946230829, 0.08677873015403748, 1.3673102855682373, 0.0009712031460367143, 0.0012001938885077834]",1.0405643620522989,0.003787782252236971
693,254,266,111,0.0003948211669921875,0.0002742085780482739,1.0354552960766754,"[15.536828994750977, 0.00988245289772749, 0.005147181451320648, 0.00048744716332294047, 0.3982410728931427, 1.1436752080917358, 0.005812883377075195, 0.00023934361524879932, 0.00159172632265836, 0.020115425810217857, 3.8141090869903564, 0.002009755000472069, 0.0023877699859440327, 0.0012517482973635197, 0.04522691294550896, 0.33496683835983276, 0.0036452056374400854, 0.0006492413813248277, 0.08663050830364227, 1.3650046586990356, 0.0009652484441176057, 0.0011478032683953643]",1.0405643620522989,0.005109065975623439
694,209,212,111,0.00048828125,0.0003493069962132722,1.0358868669440695,"[15.609503746032715, 0.009948904626071453, 0.005159040912985802, 0.00048494499060325325, 0.39809951186180115, 1.123952865600586, 0.00575196323916316, 0.00024077377747744322, 0.001568279112689197, 0.019799336791038513, 3.835202932357788, 0.0020261728204786777, 0.002377542434260249, 0.001110771088860929, 0.045499302446842194, 0.36639249324798584, 0.0032256022095680237, 0.0005847889697179198, 0.07704231888055801, 1.2793514728546143, 0.0009895433904603124, 0.0011987651232630014]",1.0405643620522989,0.004677495108229346
695,215,235,111,0.0004787445068359375,0.00032627899781800807,1.0426774401064243,"[15.618871688842773, 0.00993320718407631, 0.005136863328516483, 0.0004839917819481343, 0.39137816429138184, 1.1449419260025024, 0.005767015740275383, 0.00024351492174901068, 0.0016229089815169573, 0.020192066207528114, 3.835331678390503, 0.0022757365368306637, 0.0023924082051962614, 0.0012430568458512425, 0.04579667001962662, 0.40456387400627136, 0.003213957417756319, 0.0006388768670149148, 0.07707376778125763, 1.365668773651123, 0.0009835887467488647, 0.00114994659088552]",1.0405643620522989,-0.002113078054125417
696,169,159,111,0.000576019287109375,0.000467275531264022,1.0317175493176116,"[15.549040794372559, 0.009957167319953442, 0.005034388974308968, 0.0004278697888366878, 0.3897182047367096, 1.0436949729919434, 0.005723753944039345, 0.00023993951617740095, 0.0016720612766221166, 0.01963277906179428, 3.836679697036743, 0.0020191536750644445, 0.0024733925238251686, 0.0011441120877861977, 0.045267246663570404, 0.3344475328922272, 0.0032322565093636513, 0.0006432848167605698, 0.07708138972520828, 1.3674851655960083, 0.0009742995607666671, 0.0011966219171881676]",1.0405643620522989,0.008846812734687237
697,149,135,111,0.0006103515625,0.0005148956552147865,1.0384445896025598,"[15.67061710357666, 0.009928368031978607, 0.004988604225218296, 0.0004941195948049426, 0.3847184479236603, 1.0417615175247192, 0.005772705189883709, 0.00026723151677288115, 0.0016212427290156484, 0.020022187381982803, 3.834831953048706, 0.002003211760893464, 0.002176893875002861, 0.0011266082292422652, 0.0450761616230011, 0.37080201506614685, 0.0036376039497554302, 0.0006376855308189988, 0.07748810946941376, 1.3656620979309082, 0.0009529816452413797, 0.0011941214324906468]",1.0405643620522989,0.0021197724497390436
699,122,91,111,0.0006866455078125,0.0006147173698991537,1.0421773527897047,"[15.677574157714844, 0.008940664120018482, 0.004994297865778208, 0.0004832768754567951, 0.38942986726760864, 1.060473084449768, 0.005893946625292301, 0.0002451834443490952, 0.0016018429305404425, 0.019739612936973572, 3.927018165588379, 0.0023112983908504248, 0.002414646791294217, 0.0011264891363680363, 0.04038378223776817, 0.3344959020614624, 0.0036520943976938725, 0.0006126672378741205, 0.07712619751691818, 1.367262601852417, 0.0009640575153753161, 0.001157924416474998]",1.0405643620522989,-0.0016129907374058394
701,105,83,111,0.000736236572265625,0.0006255303742364049,1.0379305365482154,"[15.557936668395996, 0.009926714934408665, 0.005058466922491789, 0.00048160876031033695, 0.3898037075996399, 1.1424723863601685, 0.005791313014924526, 0.00024387246230617166, 0.001564113306812942, 0.020065419375896454, 3.835265636444092, 0.0020202244631946087, 0.00242475513368845, 0.0011152960360050201, 0.04510180279612541, 0.36584165692329407, 0.003629408311098814, 0.0005729940603487194, 0.0773998498916626, 1.365597128868103, 0.0009922825265675783, 0.0011664974736049771]",1.0405643620522989,0.00263382550408342
702,227,245,111,0.0004444122314453125,0.00030942921875976026,1.0366792118253547,"[15.578147888183594, 0.009947252459824085, 0.0051218015141785145, 0.0004403813509270549, 0.3896135687828064, 1.1249868869781494, 0.005774957127869129, 0.00024136967840604484, 0.0016677769599482417, 0.019786013290286064, 3.8362720012664795, 0.002279899315908551, 0.0023646983318030834, 0.0011326810345053673, 0.04494157060980797, 0.33376675844192505, 0.0032150268089026213, 0.0005827635759487748, 0.07726600766181946, 1.3672293424606323, 0.0009688212885521352, 0.0011951930355280638]",1.0405643620522989,0.003885150226944134
703,222,244,111,0.0004558563232421875,0.00031517737079411745,1.031446902314201,"[15.550772666931152, 0.009954215958714485, 0.005166156683117151, 0.00048101297579705715, 0.3903023898601532, 1.0775883197784424, 0.005783253349363804, 0.00023958197562023997, 0.0016058895271271467, 0.01943988911807537, 3.834958076477051, 0.0020320022013038397, 0.0023988301400095224, 0.001135300612077117, 0.04510009288787842, 0.37159761786460876, 0.003642592579126358, 0.0006434039096347988, 0.08662526309490204, 1.2801663875579834, 0.0009997851448133588, 0.0011991222854703665]",1.0405643620522989,0.009117459738097855
704,99,76,111,0.000743865966796875,0.0006441052537411451,1.0401518104660104,"[15.611556053161621, 0.010077903047204018, 0.005126189440488815, 0.0004953111056238413, 0.38509663939476013, 1.141235589981079, 0.005686535034328699, 0.00023719835735391825, 0.001624099095351994, 0.019836032763123512, 3.834672451019287, 0.002007613657042384, 0.002363865962252021, 0.001105412608012557, 0.04571160301566124, 0.3657829463481903, 0.0032209681812673807, 0.0006473353132605553, 0.07726921141147614, 1.3674554824829102, 0.0009659630013629794, 0.0011654258705675602]",1.0405643620522989,0.00041255158628850097
705,190,166,111,0.000530242919921875,0.00045251791016198695,1.033736733818924,"[15.565553665161133, 0.01023178081959486, 0.005055501591414213, 0.0004949536523781717, 0.38952329754829407, 1.0605640411376953, 0.00573939923197031, 0.00024351492174901068, 0.00157423026394099, 0.019458360970020294, 3.83701229095459, 0.002042947104200721, 0.002368028275668621, 0.0011256556026637554, 0.04512105882167816, 0.3347814977169037, 0.0036390291061252356, 0.0006435230607166886, 0.08665849268436432, 1.3682490587234497, 0.0009653675369918346, 0.0011624491307884455]",1.0405643620522989,0.006827628233374794
706,70,45,111,0.000804901123046875,0.000731561507564038,1.0383562292250148,"[15.627821922302246, 0.010044150054454803, 0.005177660379558802, 0.0004300146538298577, 0.3987766206264496, 1.1252784729003906, 0.005819165147840977, 0.00027056847466155887, 0.0016202905680984259, 0.020020902156829834, 3.813131332397461, 0.002286202972754836, 0.0024312958121299744, 0.0011491130571812391, 0.043503712862730026, 0.3343204855918884, 0.0036381976678967476, 0.0005751386051997542, 0.07722871750593185, 1.3681646585464478, 0.0009909725049510598, 0.001157448161393404]",1.0405643620522989,0.0022081328272840484
707,59,44,111,0.000835418701171875,0.0007338051218539476,1.0333245289988222,"[15.58607006072998, 0.010036243125796318, 0.005054196808487177, 0.0004881620698142797, 0.3899728059768677, 1.06471848487854, 0.005744021851569414, 0.0002444683632347733, 0.0016352864913642406, 0.020044386386871338, 3.813744068145752, 0.0020172500517219305, 0.002458290196955204, 0.001156733720563352, 0.04517199471592903, 0.3346647322177887, 0.0032283354084938765, 0.0006202919175848365, 0.07722087949514389, 1.3667012453079224, 0.0009601273923180997, 0.0011875727213919163]",1.0405643620522989,0.007239833053476641
708,50,50,111,0.0008697509765625,0.0007162680849432945,1.0412961264849978,"[15.612197875976562, 0.00992494449019432, 0.005221657920628786, 0.0004365683125797659, 0.3993189036846161, 1.1462515592575073, 0.005746155511587858, 0.00023600654094479978, 0.0015735160559415817, 0.019749781116843224, 3.8347370624542236, 0.0020170120988041162, 0.0023843212984502316, 0.0011258936719968915, 0.04533514752984047, 0.3716316521167755, 0.003234870731830597, 0.0006187431863509119, 0.07725409418344498, 1.3673707246780396, 0.000945121340919286, 0.0012031705118715763]",1.0405643620522989,-0.0007317644326989559
709,181,233,111,0.00054931640625,0.0003273827023804188,1.0390092473680852,"[15.632875442504883, 0.00989036075770855, 0.005055501591414213, 0.00043823651503771544, 0.3909733295440674, 1.1417970657348633, 0.005836586933583021, 0.0002683041093405336, 0.0016299308044835925, 0.020114840939641, 3.8135359287261963, 0.0020038066431879997, 0.0023649362847208977, 0.0011408970458433032, 0.04515239596366882, 0.3346118628978729, 0.0032153832726180553, 0.0006357794045470655, 0.0772770494222641, 1.3674006462097168, 0.0009322587866336107, 0.0010528980055823922]",1.0405643620522989,0.0015551146842136543
710,210,351,111,0.00048828125,-0.006980824749916792,1.0344802957829828,"[15.589764595031738, 0.010031876154243946, 0.005206597037613392, 0.0004953111056238413, 0.39096567034721375, 1.1388270854949951, 0.005726479925215244, 0.00024399164249189198, 0.0015866083558648825, 0.019543703645467758, 3.8358566761016846, 0.002284775720909238, 0.002433198504149914, 0.0011328000109642744, 0.04503878578543663, 0.33412742614746094, 0.0036465120501816273, 0.00063744728686288, 0.08674211800098419, 1.2822366952896118, 0.0009775151265785098, 0.0010606384603306651]",1.0405643620522989,0.006084066269316013
711,159,352,111,0.00058746337890625,-0.007101230323314667,1.0378685121163884,"[15.586414337158203, 0.008854529820382595, 0.005035812500864267, 0.0004395472351461649, 0.3914799690246582, 1.142568588256836, 0.005735843442380428, 0.00023719835735391825, 0.0016057705506682396, 0.02009381167590618, 3.834758996963501, 0.0019984529353678226, 0.002166069345548749, 0.0011219641892239451, 0.04516025632619858, 0.3347994089126587, 0.0032188291661441326, 0.0006112375995144248, 0.07725641131401062, 1.3673816919326782, 0.0009729895391501486, 0.0011955503141507506]",1.0405643620522989,0.0026958499359104326
717,66,130,111,0.0008087158203125,0.0005213977419771254,1.038683458540287,"[15.60416316986084, 0.010175377130508423, 0.005150976590812206, 0.0004963834653608501, 0.3901122808456421, 1.1411082744598389, 0.00583729799836874, 0.0002374367177253589, 0.0016210046596825123, 0.020153630524873734, 3.835890293121338, 0.0020149897318333387, 0.0023576815146952868, 0.0011025547282770276, 0.045007217675447464, 0.3346109092235565, 0.0036459180992096663, 0.0006422125734388828, 0.0773577019572258, 1.3671650886535645, 0.0009868042543530464, 0.0011988840997219086]",1.0405643620522989,0.0018809035120117557
875,86,96,111,0.0007781982421875,0.0005985869211144745,1.0356118918147827,"[15.604302406311035, 0.010029987432062626, 0.005087762605398893, 0.0004998388467356563, 0.39630454778671265, 1.0595942735671997, 0.005726479925215244, 0.00024101213784888387, 0.0015691122971475124, 0.01962319388985634, 3.813462257385254, 0.00201094476506114, 0.0024302254896610975, 0.0011210116790607572, 0.045261893421411514, 0.3656627833843231, 0.0032232257071882486, 0.0006420934805646539, 0.07740702480077744, 1.3671238422393799, 0.000982397934421897, 0.0011553048389032483]",1.0405643620522989,0.0049524702375161045
876,162,221,111,0.000583648681640625,0.0003387928009033203,1.0358546142392284,"[15.578160285949707, 0.009995879605412483, 0.005227942951023579, 0.00048387263086624444, 0.3988398015499115, 1.0637871026992798, 0.00571427121758461, 0.0002719986077863723, 0.0016108882846310735, 0.0196272861212492, 3.8339664936065674, 0.0019964303355664015, 0.0024441389832645655, 0.001128513365983963, 0.0452054925262928, 0.37118369340896606, 0.0032147890888154507, 0.0006319671520031989, 0.07732901722192764, 1.3657846450805664, 0.001002047909423709, 0.0011949549661949277]",1.0405643620522989,0.004709747813070431
877,150,236,111,0.0006103515625,0.0003259730292484164,1.0322005915685706,"[15.552163124084473, 0.010030577890574932, 0.005044589750468731, 0.0004828002711292356, 0.38465604186058044, 1.1447948217391968, 0.005804942920804024, 0.00024196557933464646, 0.0016108882846310735, 0.019398150965571404, 3.8351681232452393, 0.0020267677027732134, 0.0023643416352570057, 0.0011326810345053673, 0.04545852169394493, 0.3343093693256378, 0.0032157397363334894, 0.000634111522231251, 0.07709717005491257, 1.2806293964385986, 0.0009511952521279454, 0.0011976935202255845]",1.0405643620522989,0.008363770483728272
878,65,125,111,0.000812530517578125,0.0005281271296553314,1.040903665113464,"[15.64706039428711, 0.00996483862400055, 0.004977928940206766, 0.00048101297579705715, 0.3894619941711426, 1.1444398164749146, 0.005788350012153387, 0.0002397011558059603, 0.0016307639889419079, 0.019957218319177628, 3.83599853515625, 0.0020223658066242933, 0.0024509173817932606, 0.0011328000109642744, 0.04743020981550217, 0.3356824815273285, 0.0032225127797573805, 0.0006193388253450394, 0.0771229937672615, 1.3680223226547241, 0.0009725131676532328, 0.0012016226537525654]",1.0405643620522989,-0.00033930306116514153
884,1,24,111,0.0010223388671875,0.000805604737251997,1.0380185175791583,"[15.586308479309082, 0.0098367715254426, 0.005178727675229311, 0.00048720886115916073, 0.3892291486263275, 1.1465939283370972, 0.0057599046267569065, 0.00023827097902540118, 0.001615410903468728, 0.019353602081537247, 3.8362298011779785, 0.002033786615356803, 0.0021809381432831287, 0.0011389919091016054, 0.04522907733917236, 0.3345690965652466, 0.0032185916788876057, 0.0006382812280207872, 0.07706549018621445, 1.3674814701080322, 0.0009633429581299424, 0.0010570659069344401]",1.0405643620522989,0.002545844473140546
892,170,314,111,0.000576019287109375,0.0001774359552655369,1.0385318888246813,"[15.59190845489502, 0.010136081837117672, 0.005138286389410496, 0.00048458753735758364, 0.3912145495414734, 1.1438281536102295, 0.005744732916355133, 0.00023862851958256215, 0.0016087458934634924, 0.01969332806766033, 3.8344058990478516, 0.002266697119921446, 0.002457814523950219, 0.0011343479854986072, 0.04351820796728134, 0.33458805084228516, 0.003641167189925909, 0.0006233894382603467, 0.08665827661752701, 1.3662593364715576, 0.0009504806366749108, 0.0012023370945826173]",1.0405643620522989,0.0020324732276175705
919,36,54,111,0.000904083251953125,0.0007015999872237444,1.0376051526770673,"[15.592144012451172, 0.010090766474604607, 0.0050581106916069984, 0.0004300146538298577, 0.3908955752849579, 1.1428020000457764, 0.005778512451797724, 0.0002420847595203668, 0.0016130305593833327, 0.02009509690105915, 3.8142013549804688, 0.002008922165259719, 0.002412862842902541, 0.0011132716899737716, 0.0454726479947567, 0.3350493907928467, 0.0032174033112823963, 0.0006425699684768915, 0.0864286944270134, 1.365464448928833, 0.0009875188115984201, 0.0011650687083601952]",1.0405643620522989,0.0029592093752315307
924,19,85,111,0.000949859619140625,0.0006213575252331793,1.029544788555623,"[15.553589820861816, 0.010117672383785248, 0.005099860019981861, 0.0004903068183921278, 0.3982294499874115, 1.0616322755813599, 0.005795816890895367, 0.0002431573811918497, 0.0015779199311509728, 0.019937586039304733, 3.812821388244629, 0.0020198675338178873, 0.0023901485837996006, 0.0011211306555196643, 0.045639511197805405, 0.3658774495124817, 0.003644730430096388, 0.0006468587671406567, 0.07728929072618484, 1.2796258926391602, 0.0009883524617180228, 0.001206861576065421]",1.0405643620522989,0.011019573496675816
925,100,240,111,0.000743865966796875,0.0003215400502085686,1.038055500434976,"[15.644574165344238, 0.00997605174779892, 0.005043047480285168, 0.0004814896092284471, 0.3909500241279602, 1.1409595012664795, 0.006396416109055281, 0.00024387246230617166, 0.0016331442166119814, 0.01999402604997158, 3.835174083709717, 0.0020227227360010147, 0.002360298065468669, 0.001122440560720861, 0.04529356583952904, 0.37114956974983215, 0.003645324381068349, 0.0006444760947488248, 0.07721072435379028, 1.2761765718460083, 0.00097977789118886, 0.0011897159274667501]",1.0405643620522989,0.0025088616173227773
