key_block,initial_candidate_rank,learned_candidate_rank,removed,initial_score,learned_score,label_loss,token_losses,baseline_loss,utility
1,83,2,135,0.00010013580322265625,0.00020636904810089618,1.010778870522698,"[17.337411880493164, 5.2689116273541003e-05, 5.483612312673358e-06, 3.6477376852417365e-05, 2.053618907928467, 2.3602006435394287, 0.001482460182160139, 1.9073468138230965e-06, 3.40932747349143e-05, 0.00039760314393788576, 0.006106765940785408, 4.005352093372494e-05, 2.002696055569686e-05, 3.58813522325363e-05, 0.00018320789968129247, 0.0025367720518261194, 6.246371776796877e-05, 1.4066597032069694e-05, 0.00028606137493625283, 0.4746065139770508, 9.536738616588991e-07, 2.3841855067985307e-07]",1.0152039341014734,0.004425063578775257
3,142,60,135,8.249282836914062e-05,0.00012335460633039474,1.014609185291284,"[17.492908477783203, 6.246371776796877e-05, 5.483612312673358e-06, 4.3987260141875595e-05, 2.0353779792785645, 2.307858467102051, 0.0013159195659682155, 2.264974000354414e-06, 3.421248038648628e-05, 0.00039200251922011375, 0.005621931981295347, 3.7431014789035544e-05, 1.9430925021879375e-05, 3.3854863431770355e-05, 0.00019536493346095085, 0.002544144168496132, 7.045020902296528e-05, 1.3351351299206726e-05, 0.00028784899041056633, 0.47457581758499146, 9.536738616588991e-07, 2.3841855067985307e-07]",1.0152039341014734,0.0005947488101893939
4,343,321,135,1.704692840576172e-05,3.0103521567070857e-05,1.0110378750810105,"[17.399898529052734, 5.519237674889155e-05, 7.033323527139146e-06, 3.969590397900902e-05, 2.0450782775878906, 2.3572335243225098, 0.0013933007139712572, 1.9073468138230965e-06, 3.0874729418428615e-05, 0.00037281715776771307, 0.006327949929982424, 3.909988299710676e-05, 1.9788545614574105e-05, 3.576214658096433e-05, 0.00018594920402392745, 0.002545333234593272, 7.021180499577895e-05, 1.1205610462639015e-05, 0.0002899941464420408, 0.429195374250412, 1.1920922133867862e-06, 2.3841855067985307e-07]",1.0152039341014734,0.004166059020462853
5,350,330,135,1.4603137969970703e-05,2.6905894628725946e-05,1.0181985710018195,"[17.4757080078125, 4.8636207793606445e-05, 5.245195097813848e-06, 3.58813522325363e-05, 2.0256497859954834, 2.4134206771850586, 0.001302704680711031, 2.145764938177308e-06, 3.135155202471651e-05, 0.0003916450368706137, 0.006281631998717785, 3.564294092939235e-05, 1.7881233361549675e-05, 3.313963316031732e-05, 0.00016485285595990717, 0.0022865599021315575, 7.903263758635148e-05, 1.2874520507466514e-05, 0.0002865380665753037, 0.47457313537597656, 9.536738616588991e-07, 2.3841855067985307e-07]",1.0152039341014734,-0.0029946369003461815
6,315,312,135,2.8014183044433594e-05,3.49007204931695e-05,1.0217381978357685,"[17.524839401245117, 4.95898348162882e-05, 5.602820692729438e-06, 4.005352093372494e-05, 2.112983465194702, 2.3059325218200684, 0.0013293724041432142, 1.9073468138230965e-06, 3.8265450712060556e-05, 0.0003736513026524335, 0.006088400725275278, 3.862306402879767e-05, 1.9907753085135482e-05, 3.671578815556131e-05, 0.00018285033002030104, 0.002283110748976469, 7.033100700937212e-05, 1.4066597032069694e-05, 0.00025912740966305137, 0.5236523151397705, 8.344646857949556e-07, 2.3841855067985307e-07]",1.0152039341014734,-0.006534263734295109
7,132,98,135,8.392333984375e-05,0.00010632933845045045,1.008541129292386,"[17.337400436401367, 5.149708886165172e-05, 5.483612312673358e-06, 4.1126360883936286e-05, 1.9548144340515137, 2.4107208251953125, 0.001254724687896669, 2.264974000354414e-06, 3.528532761265524e-05, 0.00038389943074434996, 0.005671362392604351, 3.6477376852417365e-05, 2.074220174108632e-05, 3.433168603805825e-05, 0.00017498392844572663, 0.002285489346832037, 7.033100700937212e-05, 1.3708974620385561e-05, 0.00031585473334416747, 0.4745701551437378, 1.1920922133867862e-06, 2.3841855067985307e-07]",1.0152039341014734,0.006662804809087319
12,38,37,135,0.00011730194091796875,0.00013179554662201554,1.008552176721608,"[17.368038177490234, 7.128461584215984e-05, 5.722029527532868e-06, 4.076874756719917e-05, 2.0269086360931396, 2.3071563243865967, 0.0014723424101248384, 2.145764938177308e-06, 3.528532761265524e-05, 0.00037925204378552735, 0.006227848585695028, 3.6954195820726454e-05, 1.9073304429184645e-05, 3.361645576660521e-05, 0.00018940561858471483, 0.0025755350943654776, 6.305972783593461e-05, 1.1920858014491387e-05, 0.0002864189154934138, 0.47459256649017334, 1.311301275563892e-06, 2.3841855067985307e-07]",1.0152039341014734,0.006651757379865453
13,73,85,135,0.000102996826171875,0.00011288459063507617,1.0111699392464948,"[17.35083770751953, 5.113947918289341e-05, 5.8412379075889476e-06, 3.981510963058099e-05, 2.1042635440826416, 2.3061411380767822, 0.0012503195321187377, 2.264974000354414e-06, 3.45700973412022e-05, 0.00037925204378552735, 0.005033914465457201, 3.433168603805825e-05, 1.966933996300213e-05, 3.421248038648628e-05, 0.00018189683032687753, 0.0025393879041075706, 7.021180499577895e-05, 1.156323378381785e-05, 0.0002628219372127205, 0.4745437502861023, 1.0728830375228426e-06, 2.3841855067985307e-07]",1.0152039341014734,0.004033994854978573
14,198,198,135,6.4849853515625e-05,7.186641596490517e-05,1.011503053612799,"[17.413339614868164, 5.2927523938706145e-05, 5.483612312673358e-06, 3.635817120084539e-05, 1.9867466688156128, 2.368278980255127, 0.0010793342953547835, 2.50339189733495e-06, 3.421248038648628e-05, 0.0003773453936446458, 0.005598105024546385, 3.290122185717337e-05, 2.002696055569686e-05, 3.790783375734463e-05, 0.0001823735801735893, 0.002284300047904253, 7.843663479434326e-05, 1.3947389561508317e-05, 0.00029047083808109164, 0.47457408905029297, 9.536738616588991e-07, 2.3841855067985307e-07]",1.0152039341014734,0.0037008804886744517
15,242,241,135,5.14984130859375e-05,5.997268817736767e-05,1.0145256983832525,"[17.475704193115234, 5.519237674889155e-05, 6.198863957251888e-06, 4.0649541915627196e-05, 1.9444105625152588, 2.413623094558716, 0.0013340153964236379, 2.145764938177308e-06, 3.123234637314454e-05, 0.0003564914222806692, 0.006193492095917463, 3.8265450712060556e-05, 1.7881233361549675e-05, 3.671578815556131e-05, 0.00017474555352237076, 0.002570184413343668, 6.23445157543756e-05, 1.1801649634435307e-05, 0.00026353701832704246, 0.4746314287185669, 9.536738616588991e-07, 2.3841855067985307e-07]",1.0152039341014734,0.0006782357182208987
19,185,179,135,6.914138793945312e-05,7.996616477612406e-05,1.0192616516855162,"[17.475811004638672, 5.709961988031864e-05, 5.960446742392378e-06, 3.635817120084539e-05, 2.110375165939331, 2.3526451587677, 0.001359610934741795, 1.7881377516459906e-06, 3.421248038648628e-05, 0.0003592322755139321, 0.005589214153587818, 3.659658250398934e-05, 1.9550132492440753e-05, 3.361645576660521e-05, 0.00018416139937471598, 0.0022408869117498398, 7.807903602952138e-05, 1.3947389561508317e-05, 0.00028725311858579516, 0.4745858907699585, 1.311301275563892e-06, 2.3841855067985307e-07]",1.0152039341014734,-0.00405771758404283
20,145,159,135,8.058547973632812e-05,8.593464008299634e-05,1.0148266763569647,"[17.41337013244629, 5.471556869451888e-05, 5.483612312673358e-06, 3.909988299710676e-05, 2.062471866607666, 2.3651676177978516, 0.0013091336004436016, 2.0265558760002023e-06, 3.981510963058099e-05, 0.0003798478574026376, 0.005584591068327427, 3.862306402879767e-05, 2.1219027985353023e-05, 3.58813522325363e-05, 0.00018082413589581847, 0.0024752949830144644, 7.962863310240209e-05, 1.3589766240329482e-05, 0.00029059001826681197, 0.4746255874633789, 1.0728830375228426e-06, 2.3841855067985307e-07]",1.0152039341014734,0.00037725774450869665
21,213,232,135,6.0558319091796875e-05,6.327460869215429e-05,1.0217381978357685,"[17.524839401245117, 4.95898348162882e-05, 5.602820692729438e-06, 4.005352093372494e-05, 2.112983465194702, 2.3059325218200684, 0.0013293724041432142, 1.9073468138230965e-06, 3.8265450712060556e-05, 0.0003736513026524335, 0.006088400725275278, 3.862306402879767e-05, 1.9907753085135482e-05, 3.671578815556131e-05, 0.00018285033002030104, 0.002283110748976469, 7.033100700937212e-05, 1.4066597032069694e-05, 0.00025912740966305137, 0.5236523151397705, 8.344646857949556e-07, 2.3841855067985307e-07]",1.0152039341014734,-0.006534263734295109
22,318,322,135,2.682209014892578e-05,2.960923120554071e-05,1.0058187911684138,"[17.35084342956543, 5.531158240046352e-05, 5.125986263010418e-06, 3.4450891689630225e-05, 1.9874730110168457, 2.3043007850646973, 0.0012424614978954196, 1.9073468138230965e-06, 3.45700973412022e-05, 0.00037949037505313754, 0.006064110901206732, 4.053033626405522e-05, 1.8715683836489916e-05, 3.671578815556131e-05, 0.00018034738604910672, 0.0023424585815519094, 7.903263758635148e-05, 1.2874520507466514e-05, 0.00029094755882397294, 0.474575936794281, 9.536738616588991e-07, 2.3841855067985307e-07]",1.0152039341014734,0.009385142933059587
23,297,307,135,3.552436828613281e-05,3.7169698771322146e-05,1.0163556416720767,"[17.4132080078125, 5.0424259825376794e-05, 5.602820692729438e-06, 4.136476854910143e-05, 2.0464792251586914, 2.4157135486602783, 0.0013168720761314034, 2.264974000354414e-06, 3.0636318115284666e-05, 0.00039569655200466514, 0.005029407329857349, 3.45700973412022e-05, 1.883488948806189e-05, 3.659658250398934e-05, 0.0001821352052502334, 0.0023302086628973484, 6.246371776796877e-05, 1.3947389561508317e-05, 0.00028701478731818497, 0.4745839834213257, 1.0728830375228426e-06, 2.3841855067985307e-07]",1.0152039341014734,-0.0011517075706033442
24,320,320,135,2.658367156982422e-05,3.119061511824839e-05,1.018887086615206,"[17.399864196777344, 4.565611743601039e-05, 6.318072337307967e-06, 4.279521817807108e-05, 2.064061164855957, 2.4656856060028076, 0.0013158005895093083, 2.50339189733495e-06, 3.4450891689630225e-05, 0.0003953390696551651, 0.006281513720750809, 3.814624506048858e-05, 2.0146166207268834e-05, 3.8980677345534787e-05, 0.00019751029321923852, 0.0025176277849823236, 7.033100700937212e-05, 1.2159273865108844e-05, 0.00029237763374112546, 0.4745922088623047, 8.344646857949556e-07, 2.3841855067985307e-07]",1.0152039341014734,-0.003683152513732635
25,48,74,135,0.00011301040649414062,0.00011854781041620299,1.0181985710018195,"[17.4757080078125, 4.8636207793606445e-05, 5.245195097813848e-06, 3.58813522325363e-05, 2.0256497859954834, 2.4134206771850586, 0.001302704680711031, 2.145764938177308e-06, 3.135155202471651e-05, 0.0003916450368706137, 0.006281631998717785, 3.564294092939235e-05, 1.7881233361549675e-05, 3.313963316031732e-05, 0.00016485285595990717, 0.0022865599021315575, 7.903263758635148e-05, 1.2874520507466514e-05, 0.0002865380665753037, 0.47457313537597656, 9.536738616588991e-07, 2.3841855067985307e-07]",1.0152039341014734,-0.0029946369003461815
26,35,51,135,0.000118255615234375,0.00012570178660098463,1.0073151547414172,"[17.350849151611328, 6.12716976320371e-05, 6.198863957251888e-06, 3.6954195820726454e-05, 2.0170607566833496, 2.308156728744507, 0.0012413900112733245, 2.264974000354414e-06, 3.4450891689630225e-05, 0.0003618539194576442, 0.005626792553812265, 4.4225667807040736e-05, 1.8358061424805783e-05, 3.504691630951129e-05, 0.00017021637177094817, 0.00228739227168262, 7.891343557275832e-05, 1.4305012882687151e-05, 0.0002656822034623474, 0.4745802581310272, 9.536738616588991e-07, 2.3841855067985307e-07]",1.0152039341014734,0.007888779360056164
28,57,79,135,0.00011014938354492188,0.00011496036313474178,1.0168918557806743,"[17.39999771118164, 4.60137271147687e-05, 4.768360213347478e-06, 3.611976353568025e-05, 2.1273627281188965, 2.3583827018737793, 0.0014494876377284527, 2.3841830625315197e-06, 3.123234637314454e-05, 0.0003904534096363932, 0.006327357608824968, 3.6238969187252223e-05, 1.823885577323381e-05, 3.397406908334233e-05, 0.00018523407925385982, 0.002354351570829749, 7.855583680793643e-05, 1.2278481335670222e-05, 0.0002908283786382526, 0.4745786190032959, 1.311301275563892e-06, 2.3841855067985307e-07]",1.0152039341014734,-0.0016879216792009544
29,273,276,135,4.363059997558594e-05,4.8205871280515566e-05,1.0105145485871274,"[17.41340446472168, 5.817244164063595e-05, 5.364403477869928e-06, 3.755022044060752e-05, 2.0279123783111572, 2.3043675422668457, 0.001293656532652676, 2.50339189733495e-06, 3.528532761265524e-05, 0.00038092033355496824, 0.00608034385368228, 4.124556289752945e-05, 1.811964830267243e-05, 3.6000557884108275e-05, 0.00018487652414478362, 0.0025150116998702288, 7.10462118149735e-05, 1.6212332411669195e-05, 0.00028951745480298996, 0.4745686650276184, 9.536738616588991e-07, 2.3841855067985307e-07]",1.0152039341014734,0.004689385514345945
30,217,234,135,5.984306335449219e-05,6.202524673426524e-05,1.0217381978357685,"[17.524839401245117, 4.95898348162882e-05, 5.602820692729438e-06, 4.005352093372494e-05, 2.112983465194702, 2.3059325218200684, 0.0013293724041432142, 1.9073468138230965e-06, 3.8265450712060556e-05, 0.0003736513026524335, 0.006088400725275278, 3.862306402879767e-05, 1.9907753085135482e-05, 3.671578815556131e-05, 0.00018285033002030104, 0.002283110748976469, 7.033100700937212e-05, 1.4066597032069694e-05, 0.00025912740966305137, 0.5236523151397705, 8.344646857949556e-07, 2.3841855067985307e-07]",1.0152039341014734,-0.006534263734295109
31,328,333,135,2.4080276489257812e-05,2.622055217216257e-05,1.0160091659393296,"[17.399982452392578, 6.0794889577664435e-05, 5.483612312673358e-06, 4.029192859889008e-05, 2.1069159507751465, 2.3596901893615723, 0.001105888863094151, 1.6689286894688848e-06, 3.4450891689630225e-05, 0.0003589939442463219, 0.006231047213077545, 3.862306402879767e-05, 1.7762025890988298e-05, 3.349725011503324e-05, 0.00018821375851985067, 0.002559483051300049, 7.045020902296528e-05, 1.3112935448589269e-05, 0.00028713393840007484, 0.4745648503303528, 1.0728830375228426e-06, 2.3841855067985307e-07]",1.0152039341014734,-0.0008052318378561907
32,323,332,135,2.5033950805664062e-05,2.6589177650748752e-05,1.0105145485871274,"[17.41340446472168, 5.817244164063595e-05, 5.364403477869928e-06, 3.755022044060752e-05, 2.0279123783111572, 2.3043675422668457, 0.001293656532652676, 2.50339189733495e-06, 3.528532761265524e-05, 0.00038092033355496824, 0.00608034385368228, 4.124556289752945e-05, 1.811964830267243e-05, 3.6000557884108275e-05, 0.00018487652414478362, 0.0025150116998702288, 7.10462118149735e-05, 1.6212332411669195e-05, 0.00028951745480298996, 0.4745686650276184, 9.536738616588991e-07, 2.3841855067985307e-07]",1.0152039341014734,0.004689385514345945
33,348,349,135,1.5854835510253906e-05,1.8029466446023434e-05,1.018887086615206,"[17.399864196777344, 4.565611743601039e-05, 6.318072337307967e-06, 4.279521817807108e-05, 2.064061164855957, 2.4656856060028076, 0.0013158005895093083, 2.50339189733495e-06, 3.4450891689630225e-05, 0.0003953390696551651, 0.006281513720750809, 3.814624506048858e-05, 2.0146166207268834e-05, 3.8980677345534787e-05, 0.00019751029321923852, 0.0025176277849823236, 7.033100700937212e-05, 1.2159273865108844e-05, 0.00029237763374112546, 0.4745922088623047, 8.344646857949556e-07, 2.3841855067985307e-07]",1.0152039341014734,-0.003683152513732635
34,246,252,135,5.078315734863281e-05,5.602249802905135e-05,1.0187384534556814,"[17.39987564086914, 5.113947918289341e-05, 4.172316494077677e-06, 3.576214658096433e-05, 2.1088314056396484, 2.417634963989258, 0.00130282377358526, 2.264974000354414e-06, 3.3854863431770355e-05, 0.00037067217635922134, 0.0063252258114516735, 3.790783375734463e-05, 2.0503786799963564e-05, 3.4927710657939315e-05, 0.00018845213344320655, 0.0025450955145061016, 7.033100700937212e-05, 1.2040065485052764e-05, 0.0002901133266277611, 0.4745776057243347, 8.344646857949556e-07, 2.3841855067985307e-07]",1.0152039341014734,-0.00353451935420801
35,54,76,135,0.00011157989501953125,0.00011675652058329433,1.0161161551517752,"[17.462312698364258, 5.018585216021165e-05, 6.437280717364047e-06, 3.755022044060752e-05, 2.107135057449341, 2.3001046180725098, 0.001383420079946518, 2.264974000354414e-06, 3.504691630951129e-05, 0.0003880701260641217, 0.005619087256491184, 4.386805812828243e-05, 1.823885577323381e-05, 3.361645576660521e-05, 0.000164018536452204, 0.0022903657518327236, 6.282132380874828e-05, 1.1920858014491387e-05, 0.0002867764269467443, 0.47456780076026917, 1.311301275563892e-06, 2.3841855067985307e-07]",1.0152039341014734,-0.0009122210503018646
36,127,140,135,8.535385131835938e-05,9.127039083978161e-05,1.0049825828061616,"[17.2125244140625, 4.9828242481453344e-05, 6.437280717364047e-06, 3.7788631743751466e-05, 2.0577938556671143, 2.3552801609039307, 0.0011817384511232376, 2.264974000354414e-06, 3.4927710657939315e-05, 0.0003599472693167627, 0.00503557501360774, 3.9457496313843876e-05, 2.038458114839159e-05, 3.361645576660521e-05, 0.00018308870494365692, 0.0020695950370281935, 6.246371776796877e-05, 1.3708974620385561e-05, 0.00028606137493625283, 0.47459983825683594, 1.4305104514278355e-06, 2.3841855067985307e-07]",1.0152039341014734,0.010221351295311765
37,195,203,135,6.628036499023438e-05,6.98922376614064e-05,1.0173879562875265,"[17.4758243560791, 5.4596363042946905e-05, 6.6756979322235566e-06, 4.1126360883936286e-05, 2.0523970127105713, 2.369159698486328, 0.0015144795179367065, 2.3841830625315197e-06, 3.9457496313843876e-05, 0.000377583724912256, 0.005569180008023977, 3.659658250398934e-05, 1.823885577323381e-05, 3.9457496313843876e-05, 0.00017438798386137933, 0.0022857272997498512, 6.961580220377073e-05, 1.4185804502631072e-05, 0.0002862997353076935, 0.47462254762649536, 1.1920922133867862e-06, 2.3841855067985307e-07]",1.0152039341014734,-0.0021840221860531805
38,334,338,135,2.0384788513183594e-05,2.2585834813071415e-05,1.0140266246939442,"[17.39985466003418, 6.007967749610543e-05, 7.033323527139146e-06, 3.4450891689630225e-05, 2.0603597164154053, 2.36281681060791, 0.0014021099777892232, 2.264974000354414e-06, 3.45700973412022e-05, 0.0003781795676331967, 0.006115178111940622, 3.4927710657939315e-05, 1.9192511899746023e-05, 3.421248038648628e-05, 0.0001967951684491709, 0.002266340423375368, 7.855583680793643e-05, 1.4305012882687151e-05, 0.00029452278977259994, 0.47458064556121826, 9.536738616588991e-07, 2.3841855067985307e-07]",1.0152039341014734,0.0011773094075291368
39,352,353,135,1.3887882232666016e-05,1.5174144209595397e-05,1.0141031225354427,"[17.41337776184082, 6.460934673668817e-05, 6.079655122448457e-06, 4.136476854910143e-05, 2.057055711746216, 2.354586362838745, 0.0014497257070615888, 2.3841830625315197e-06, 3.45700973412022e-05, 0.00038068200228735805, 0.005752911325544119, 3.635817120084539e-05, 1.9430925021879375e-05, 3.671578815556131e-05, 0.0001805857609724626, 0.002289414405822754, 6.985420623095706e-05, 1.3708974620385561e-05, 0.00027891082572750747, 0.47459012269973755, 1.1920922133867862e-06, 2.3841855067985307e-07]",1.0152039341014734,0.0011008115660307016
40,355,356,135,1.1742115020751953e-05,1.237539981957525e-05,1.0217381978357685,"[17.524839401245117, 4.95898348162882e-05, 5.602820692729438e-06, 4.005352093372494e-05, 2.112983465194702, 2.3059325218200684, 0.0013293724041432142, 1.9073468138230965e-06, 3.8265450712060556e-05, 0.0003736513026524335, 0.006088400725275278, 3.862306402879767e-05, 1.9907753085135482e-05, 3.671578815556131e-05, 0.00018285033002030104, 0.002283110748976469, 7.033100700937212e-05, 1.4066597032069694e-05, 0.00025912740966305137, 0.5236523151397705, 8.344646857949556e-07, 2.3841855067985307e-07]",1.0152039341014734,-0.006534263734295109
41,358,358,135,8.463859558105469e-06,9.537526239000726e-06,1.0160091659393296,"[17.399982452392578, 6.0794889577664435e-05, 5.483612312673358e-06, 4.029192859889008e-05, 2.1069159507751465, 2.3596901893615723, 0.001105888863094151, 1.6689286894688848e-06, 3.4450891689630225e-05, 0.0003589939442463219, 0.006231047213077545, 3.862306402879767e-05, 1.7762025890988298e-05, 3.349725011503324e-05, 0.00018821375851985067, 0.002559483051300049, 7.045020902296528e-05, 1.3112935448589269e-05, 0.00028713393840007484, 0.4745648503303528, 1.0728830375228426e-06, 2.3841855067985307e-07]",1.0152039341014734,-0.0008052318378561907
42,338,346,135,1.823902130126953e-05,1.9206434444640763e-05,1.0160091659393296,"[17.399982452392578, 6.0794889577664435e-05, 5.483612312673358e-06, 4.029192859889008e-05, 2.1069159507751465, 2.3596901893615723, 0.001105888863094151, 1.6689286894688848e-06, 3.4450891689630225e-05, 0.0003589939442463219, 0.006231047213077545, 3.862306402879767e-05, 1.7762025890988298e-05, 3.349725011503324e-05, 0.00018821375851985067, 0.002559483051300049, 7.045020902296528e-05, 1.3112935448589269e-05, 0.00028713393840007484, 0.4745648503303528, 1.0728830375228426e-06, 2.3841855067985307e-07]",1.0152039341014734,-0.0008052318378561907
43,340,342,135,1.7404556274414062e-05,2.0816598407691345e-05,1.018887086615206,"[17.399864196777344, 4.565611743601039e-05, 6.318072337307967e-06, 4.279521817807108e-05, 2.064061164855957, 2.4656856060028076, 0.0013158005895093083, 2.50339189733495e-06, 3.4450891689630225e-05, 0.0003953390696551651, 0.006281513720750809, 3.814624506048858e-05, 2.0146166207268834e-05, 3.8980677345534787e-05, 0.00019751029321923852, 0.0025176277849823236, 7.033100700937212e-05, 1.2159273865108844e-05, 0.00029237763374112546, 0.4745922088623047, 8.344646857949556e-07, 2.3841855067985307e-07]",1.0152039341014734,-0.003683152513732635
44,164,183,135,7.486343383789062e-05,7.828181696822867e-05,1.013767785175052,"[17.413360595703125, 5.519237674889155e-05, 5.245195097813848e-06, 3.707340147229843e-05, 2.09936261177063, 2.3049516677856445, 0.001312705222517252, 2.264974000354414e-06, 3.4689302992774174e-05, 0.00038044367101974785, 0.005597393959760666, 3.886147169396281e-05, 1.9907753085135482e-05, 3.361645576660521e-05, 0.00018070495571009815, 0.002573275938630104, 7.033100700937212e-05, 1.1086402082582936e-05, 0.00028951745480298996, 0.4745725393295288, 1.311301275563892e-06, 2.3841855067985307e-07]",1.0152039341014734,0.00143614892642141
45,262,268,135,4.744529724121094e-05,5.268974564387463e-05,1.008541129292386,"[17.337400436401367, 5.149708886165172e-05, 5.483612312673358e-06, 4.1126360883936286e-05, 1.9548144340515137, 2.4107208251953125, 0.001254724687896669, 2.264974000354414e-06, 3.528532761265524e-05, 0.00038389943074434996, 0.005671362392604351, 3.6477376852417365e-05, 2.074220174108632e-05, 3.433168603805825e-05, 0.00017498392844572663, 0.002285489346832037, 7.033100700937212e-05, 1.3708974620385561e-05, 0.00031585473334416747, 0.4745701551437378, 1.1920922133867862e-06, 2.3841855067985307e-07]",1.0152039341014734,0.006662804809087319
46,214,219,135,6.0558319091796875e-05,6.614079757127911e-05,1.0160091659393296,"[17.399982452392578, 6.0794889577664435e-05, 5.483612312673358e-06, 4.029192859889008e-05, 2.1069159507751465, 2.3596901893615723, 0.001105888863094151, 1.6689286894688848e-06, 3.4450891689630225e-05, 0.0003589939442463219, 0.006231047213077545, 3.862306402879767e-05, 1.7762025890988298e-05, 3.349725011503324e-05, 0.00018821375851985067, 0.002559483051300049, 7.045020902296528e-05, 1.3112935448589269e-05, 0.00028713393840007484, 0.4745648503303528, 1.0728830375228426e-06, 2.3841855067985307e-07]",1.0152039341014734,-0.0008052318378561907
47,199,209,135,6.437301635742188e-05,6.836727698100731e-05,1.011121607074822,"[17.39984893798828, 5.328513361746445e-05, 5.245195097813848e-06, 3.4927710657939315e-05, 2.056433916091919, 2.3036742210388184, 0.0012205539969727397, 1.6689286894688848e-06, 3.4450891689630225e-05, 0.00035851728171110153, 0.005538713186979294, 4.124556289752945e-05, 1.8358061424805783e-05, 3.71926071238704e-05, 0.00017963226127903908, 0.002272168407216668, 7.056941103655845e-05, 1.1920858014491387e-05, 0.0002650863316375762, 0.47457367181777954, 8.344646857949556e-07, 2.3841855067985307e-07]",1.0152039341014734,0.0040823270266514555
48,298,297,135,3.552436828613281e-05,4.011092823930085e-05,1.0163849149820912,"[17.39989471435547, 5.4596363042946905e-05, 6.318072337307967e-06, 3.45700973412022e-05, 2.059359550476074, 2.4161531925201416, 0.001303299912251532, 2.50339189733495e-06, 3.397406908334233e-05, 0.0003797286772169173, 0.005440548062324524, 3.433168603805825e-05, 2.074220174108632e-05, 3.659658250398934e-05, 0.00019035911827813834, 0.0025326102040708065, 7.10462118149735e-05, 1.4066597032069694e-05, 0.00031704644788987935, 0.4745867848396301, 1.311301275563892e-06, 2.3841855067985307e-07]",1.0152039341014734,-0.001180980880617799
49,277,285,135,4.315376281738281e-05,4.6032069803914055e-05,1.0151965008013533,"[17.46238136291504, 6.425174069590867e-05, 5.602820692729438e-06, 3.7431014789035544e-05, 2.0330116748809814, 2.3540902137756348, 0.0012481764424592257, 1.9073468138230965e-06, 3.099393507000059e-05, 0.00037889453233219683, 0.005603320896625519, 3.862306402879767e-05, 1.8358061424805783e-05, 3.731181277544238e-05, 0.00017081231635529548, 0.002274071332067251, 6.246371776796877e-05, 1.2755313036905136e-05, 0.0002653246629051864, 0.47458839416503906, 8.344646857949556e-07, 2.3841855067985307e-07]",1.0152039341014734,7.433300120096575e-06
50,339,339,135,1.823902130126953e-05,2.1838679458596744e-05,1.0079667790970346,"[17.337493896484375, 5.054346183896996e-05, 5.006777428206988e-06, 3.766942609217949e-05, 2.04818058013916, 2.304145097732544, 0.001259844284504652, 2.264974000354414e-06, 3.4450891689630225e-05, 0.0004266782198101282, 0.006134727504104376, 3.6000557884108275e-05, 1.823885577323381e-05, 3.6477376852417365e-05, 0.00019727191829588264, 0.0022480234038084745, 7.033100700937212e-05, 1.4305012882687151e-05, 0.0002919009421020746, 0.4745844006538391, 1.1920922133867862e-06, 2.3841855067985307e-07]",1.0152039341014734,0.007237155004438778
51,309,309,135,3.0994415283203125e-05,3.5912282328354195e-05,1.0096333324699083,"[17.430234909057617, 5.793403761344962e-05, 6.079655122448457e-06, 3.9219088648678735e-05, 2.0409908294677734, 2.3003101348876953, 0.0012368656462058425, 1.9073468138230965e-06, 3.45700973412022e-05, 0.0004258441040292382, 0.006153684109449387, 3.909988299710676e-05, 1.8358061424805783e-05, 3.349725011503324e-05, 0.0001902399235405028, 0.0025378421414643526, 7.891343557275832e-05, 1.3947389561508317e-05, 0.00031406714697368443, 0.4292139410972595, 1.1920922133867862e-06, 2.3841855067985307e-07]",1.0152039341014734,0.005570601631565086
52,189,171,135,6.723403930664062e-05,8.272693958133459e-05,1.0106639971108742,"[17.475828170776367, 4.649054244509898e-05, 5.245195097813848e-06, 3.5523738915799186e-05, 1.9672867059707642, 2.306608200073242, 0.0012301980750635266, 1.9073468138230965e-06, 3.480850500636734e-05, 0.0003771070914808661, 0.005591229535639286, 3.838465272565372e-05, 1.7881233361549675e-05, 3.361645576660521e-05, 0.0001784403866622597, 0.0023468590807169676, 6.997340824455023e-05, 1.4185804502631072e-05, 0.00029595286468975246, 0.47456586360931396, 9.536738616588991e-07, 2.3841855067985307e-07]",1.0152039341014734,0.00453993699059918
55,137,121,135,8.296966552734375e-05,0.00010091005970025435,1.0042240301941285,"[17.350709915161133, 5.61460001335945e-05, 6.198863957251888e-06, 4.017272294731811e-05, 1.9567457437515259, 2.3006153106689453, 0.0012687736889347434, 1.9073468138230965e-06, 3.4450891689630225e-05, 0.00037901371251791716, 0.0056007131934165955, 3.290122185717337e-05, 2.0861407392658293e-05, 3.635817120084539e-05, 0.00018451895448379219, 0.0022706221789121628, 7.056941103655845e-05, 1.4066597032069694e-05, 0.00028939827461726964, 0.4745498299598694, 9.536738616588991e-07, 2.3841855067985307e-07]",1.0152039341014734,0.010979903907344823
56,91,104,135,9.632110595703125e-05,0.00010525482502998784,1.015200300860255,"[17.462339401245117, 4.589452510117553e-05, 5.483612312673358e-06, 4.31528314948082e-05, 2.0203464031219482, 2.36637020111084, 0.0012401993153616786, 2.264974000354414e-06, 3.135155202471651e-05, 0.0003800861886702478, 0.006114585790783167, 3.540453326422721e-05, 2.0265373677830212e-05, 3.349725011503324e-05, 0.0001805857609724626, 0.0022884628269821405, 6.329813186312094e-05, 1.2040065485052764e-05, 0.00028689560713246465, 0.474565714597702, 1.1920922133867862e-06, 2.3841855067985307e-07]",1.0152039341014734,3.6332412183259777e-06
57,182,182,135,7.009506225585938e-05,7.880156044848263e-05,1.0131574693095267,"[17.46232032775879, 5.9602869441732764e-05, 4.887569048150908e-06, 3.886147169396281e-05, 2.034381866455078, 2.3065268993377686, 0.0013666347367689013, 2.3841830625315197e-06, 3.421248038648628e-05, 0.0003800861886702478, 0.006251542363315821, 3.731181277544238e-05, 2.0503786799963564e-05, 3.790783375734463e-05, 0.00019059749320149422, 0.00284445658326149, 7.879423355916515e-05, 1.1801649634435307e-05, 0.000291662581730634, 0.4745827913284302, 9.536738616588991e-07, 2.3841855067985307e-07]",1.0152039341014734,0.0020464647919467005
58,205,202,135,6.246566772460938e-05,7.029507833067328e-05,1.01434846354516,"[17.47572135925293, 5.340433563105762e-05, 4.768360213347478e-06, 3.6238969187252223e-05, 2.056269645690918, 2.297851324081421, 0.0013663965510204434, 2.3841830625315197e-06, 3.45700973412022e-05, 0.0003805628512054682, 0.006173351313918829, 4.029192859889008e-05, 1.7881233361549675e-05, 3.731181277544238e-05, 0.00019822540343739092, 0.002526783850044012, 7.056941103655845e-05, 1.7165990357170813e-05, 0.00029452278977259994, 0.4745680093765259, 1.1920922133867862e-06, 2.3841855067985307e-07]",1.0152039341014734,0.000855470556313298
59,312,311,135,3.0279159545898438e-05,3.5069500881945714e-05,1.013524079817313,"[17.33737564086914, 5.674201020156033e-05, 6.198863957251888e-06, 4.029192859889008e-05, 2.1032376289367676, 2.3713769912719727, 0.0014185375766828656, 2.3841830625315197e-06, 3.4927710657939315e-05, 0.0003594706067815423, 0.006118495482951403, 3.909988299710676e-05, 1.8596476365928538e-05, 3.313963316031732e-05, 0.00018285033002030104, 0.0022992859594523907, 6.294052582234144e-05, 1.3708974620385561e-05, 0.0002653246629051864, 0.4745861887931824, 1.0728830375228426e-06, 2.3841855067985307e-07]",1.0152039341014734,0.001679854284160287
60,327,316,135,2.4437904357910156e-05,3.189282142557204e-05,1.0130931402372867,"[17.430368423461914, 5.07818695041351e-05, 6.198863957251888e-06, 3.4450891689630225e-05, 2.1131017208099365, 2.3047502040863037, 0.0013558013597503304, 2.3841830625315197e-06, 3.4450891689630225e-05, 0.00037889453233219683, 0.005574396345764399, 3.85038583772257e-05, 1.7881233361549675e-05, 3.790783375734463e-05, 0.00017557987303007394, 0.0025346316397190094, 7.045020902296528e-05, 1.4066597032069694e-05, 0.000286657246761024, 0.42921414971351624, 1.311301275563892e-06, 2.3841855067985307e-07]",1.0152039341014734,0.0021107938641866664
61,51,72,135,0.0001125335693359375,0.00011898432421730831,1.0181288068785634,"[17.413312911987305, 5.113947918289341e-05, 5.483612312673358e-06, 3.814624506048858e-05, 2.0917813777923584, 2.359631299972534, 0.0013222293928265572, 2.3841830625315197e-06, 3.0517112463712692e-05, 0.00037877538125030696, 0.005447306204587221, 3.6954195820726454e-05, 1.7881233361549675e-05, 3.397406908334233e-05, 0.00018976318824570626, 0.0025279729161411524, 7.891343557275832e-05, 1.1205610462639015e-05, 0.000286657246761024, 0.5236477851867676, 8.344646857949556e-07, 2.3841855067985307e-07]",1.0152039341014734,-0.0029248727770900818
62,88,81,135,9.775161743164062e-05,0.00011464120325399563,1.006420388536168,"[17.350854873657227, 4.994744449504651e-05, 4.887569048150908e-06, 3.528532761265524e-05, 2.005741596221924, 2.2993271350860596, 0.001368777477182448, 2.264974000354414e-06, 3.45700973412022e-05, 0.00040165462996810675, 0.005644217599183321, 3.564294092939235e-05, 2.0146166207268834e-05, 3.4450891689630225e-05, 0.0001740304142003879, 0.002540695946663618, 7.915183232398704e-05, 1.1086402082582936e-05, 0.0002919009421020746, 0.47459515929222107, 8.344646857949556e-07, 2.3841855067985307e-07]",1.0152039341014734,0.008783545565305362
64,159,144,135,7.62939453125e-05,9.006410982692614e-05,1.0170640661978907,"[17.53830337524414, 5.793403761344962e-05, 5.006777428206988e-06, 4.2437604861333966e-05, 2.0517830848693848, 2.3005130290985107, 0.0013153243344277143, 2.264974000354414e-06, 3.480850500636734e-05, 0.0003808011533692479, 0.005464260466396809, 3.8980677345534787e-05, 2.0265373677830212e-05, 3.242440288886428e-05, 0.00017081231635529548, 0.0022699085529893637, 6.329813186312094e-05, 1.168244216387393e-05, 0.00028713393840007484, 0.4746115505695343, 8.344646857949556e-07, 2.3841855067985307e-07]",1.0152039341014734,-0.001860132096417333
65,107,116,135,9.34600830078125e-05,0.00010230013867840171,1.0183910380931074,"[17.492876052856445, 6.651657167822123e-05, 5.245195097813848e-06, 3.814624506048858e-05, 2.0089869499206543, 2.4173223972320557, 0.0014846028061583638, 2.145764938177308e-06, 3.0874729418428615e-05, 0.0003992714046034962, 0.005589925684034824, 3.516612196108326e-05, 2.109982233378105e-05, 3.659658250398934e-05, 0.0001821352052502334, 0.0025763672310858965, 7.068861305015162e-05, 1.1086402082582936e-05, 0.0002914242504630238, 0.474574476480484, 1.4305104514278355e-06, 2.3841855067985307e-07]",1.0152039341014734,-0.0031871039916340216
66,193,199,135,6.67572021484375e-05,7.137849024729803e-05,1.0096955001674595,"[17.41341209411621, 5.3165931603871286e-05, 4.410734163684538e-06, 4.410646579344757e-05, 2.048229217529297, 2.3117668628692627, 0.001495434669777751, 2.3841830625315197e-06, 3.3854863431770355e-05, 0.00038211196078918874, 0.005467817187309265, 3.397406908334233e-05, 2.0503786799963564e-05, 3.635817120084539e-05, 0.00017212340026162565, 0.0025398635771125555, 8.916457591112703e-05, 1.3947389561508317e-05, 0.00028725311858579516, 0.4292151629924774, 9.536738616588991e-07, 2.3841855067985307e-07]",1.0152039341014734,0.005508433934013901
67,281,289,135,4.124641418457031e-05,4.5642966142622754e-05,1.0041469802546408,"[17.27501106262207, 5.686121585313231e-05, 5.364403477869928e-06, 3.659658250398934e-05, 2.020719528198242, 2.3554792404174805, 0.0012288884026929736, 2.3841830625315197e-06, 3.886147169396281e-05, 0.0003798478574026376, 0.006131173111498356, 3.433168603805825e-05, 2.0265373677830212e-05, 3.6477376852417365e-05, 0.0001802282058633864, 0.0022969073615968227, 7.033100700937212e-05, 1.3708974620385561e-05, 0.0002917817619163543, 0.42919817566871643, 1.311301275563892e-06, 2.3841855067985307e-07]",1.0152039341014734,0.011056953846832585
68,265,274,135,4.57763671875e-05,4.877147512161173e-05,1.007119762711484,"[17.337358474731445, 5.23315102327615e-05, 5.960446742392378e-06, 3.8265450712060556e-05, 2.0280697345733643, 2.306671142578125, 0.001379848807118833, 1.7881377516459906e-06, 3.480850500636734e-05, 0.0003960540343541652, 0.005413871258497238, 3.58813522325363e-05, 1.8358061424805783e-05, 3.373566141817719e-05, 0.0001820160250645131, 0.0020201054867357016, 7.819823804311454e-05, 1.2516897186287679e-05, 0.00029059001826681197, 0.4745399057865143, 9.536738616588991e-07, 2.3841855067985307e-07]",1.0152039341014734,0.008084171389989292
69,310,310,135,3.0517578125e-05,3.5810433473670855e-05,1.0160091659393296,"[17.399982452392578, 6.0794889577664435e-05, 5.483612312673358e-06, 4.029192859889008e-05, 2.1069159507751465, 2.3596901893615723, 0.001105888863094151, 1.6689286894688848e-06, 3.4450891689630225e-05, 0.0003589939442463219, 0.006231047213077545, 3.862306402879767e-05, 1.7762025890988298e-05, 3.349725011503324e-05, 0.00018821375851985067, 0.002559483051300049, 7.045020902296528e-05, 1.3112935448589269e-05, 0.00028713393840007484, 0.4745648503303528, 1.0728830375228426e-06, 2.3841855067985307e-07]",1.0152039341014734,-0.0008052318378561907
70,67,78,135,0.00010728836059570312,0.00011668612569337711,1.017151149649183,"[17.462329864501953, 5.471556869451888e-05, 5.125986263010418e-06, 4.3987260141875595e-05, 2.0614681243896484, 2.368051290512085, 0.0013367536012083292, 1.9073468138230965e-06, 3.433168603805825e-05, 0.00038044367101974785, 0.0055651492439210415, 3.528532761265524e-05, 2.288792165927589e-05, 3.433168603805825e-05, 0.0001984637783607468, 0.0028011868707835674, 7.843663479434326e-05, 1.3828182090946939e-05, 0.0002944036095868796, 0.4745735824108124, 8.344646857949556e-07, 3.576278118089249e-07]",1.0152039341014734,-0.001947215547709602
74,224,221,135,5.817413330078125e-05,6.542151095345616e-05,1.0111708428166344,"[17.400012969970703, 4.935142715112306e-05, 6.6756979322235566e-06, 4.088794958079234e-05, 2.0490617752075195, 2.3109803199768066, 0.0014862692914903164, 2.3841830625315197e-06, 3.814624506048858e-05, 0.000432278640801087, 0.005826394539326429, 3.6000557884108275e-05, 1.7881233361549675e-05, 3.290122185717337e-05, 0.00018165845540352166, 0.002589684445410967, 7.962863310240209e-05, 1.4185804502631072e-05, 0.00029380773776210845, 0.4745740294456482, 1.0728830375228426e-06, 2.3841855067985307e-07]",1.0152039341014734,0.004033091284838974
75,222,236,135,5.841255187988281e-05,6.146520900074393e-05,1.0151395557444751,"[17.4132080078125, 5.8410845667822286e-05, 5.960446742392378e-06, 3.9934315282152966e-05, 2.0138449668884277, 2.466062545776367, 0.001369491801597178, 1.9073468138230965e-06, 3.3854863431770355e-05, 0.0003909300430677831, 0.005611856002360582, 3.266281055402942e-05, 1.966933996300213e-05, 3.4450891689630225e-05, 0.00019464982324279845, 0.0025719678960740566, 7.056941103655845e-05, 1.1205610462639015e-05, 0.0002873722987715155, 0.42921873927116394, 8.344646857949556e-07, 2.3841855067985307e-07]",1.0152039341014734,6.437835699824035e-05
76,280,293,135,4.1484832763671875e-05,4.2950687202392146e-05,1.011918088302101,"[17.462377548217773, 5.8410845667822286e-05, 5.8412379075889476e-06, 3.504691630951129e-05, 1.9978102445602417, 2.3613831996917725, 0.0013624681159853935, 2.145764938177308e-06, 3.158996332786046e-05, 0.0004236992390360683, 0.006294900085777044, 4.31528314948082e-05, 2.0265373677830212e-05, 3.6000557884108275e-05, 0.00018821375851985067, 0.0025398635771125555, 7.021180499577895e-05, 1.2993727978027891e-05, 0.0002924968139268458, 0.42920809984207153, 1.311301275563892e-06, 2.3841855067985307e-07]",1.0152039341014734,0.0032858457993723
77,349,351,135,1.4841556549072266e-05,1.6058524124673568e-05,1.0181985710018195,"[17.4757080078125, 4.8636207793606445e-05, 5.245195097813848e-06, 3.58813522325363e-05, 2.0256497859954834, 2.4134206771850586, 0.001302704680711031, 2.145764938177308e-06, 3.135155202471651e-05, 0.0003916450368706137, 0.006281631998717785, 3.564294092939235e-05, 1.7881233361549675e-05, 3.313963316031732e-05, 0.00016485285595990717, 0.0022865599021315575, 7.903263758635148e-05, 1.2874520507466514e-05, 0.0002865380665753037, 0.47457313537597656, 9.536738616588991e-07, 2.3841855067985307e-07]",1.0152039341014734,-0.0029946369003461815
78,353,352,135,1.3530254364013672e-05,1.5712330423411913e-05,1.0160091659393296,"[17.399982452392578, 6.0794889577664435e-05, 5.483612312673358e-06, 4.029192859889008e-05, 2.1069159507751465, 2.3596901893615723, 0.001105888863094151, 1.6689286894688848e-06, 3.4450891689630225e-05, 0.0003589939442463219, 0.006231047213077545, 3.862306402879767e-05, 1.7762025890988298e-05, 3.349725011503324e-05, 0.00018821375851985067, 0.002559483051300049, 7.045020902296528e-05, 1.3112935448589269e-05, 0.00028713393840007484, 0.4745648503303528, 1.0728830375228426e-06, 2.3841855067985307e-07]",1.0152039341014734,-0.0008052318378561907
79,172,162,135,7.343292236328125e-05,8.50929573061876e-05,1.016858623775191,"[17.47573471069336, 6.723177648382261e-05, 5.960446742392378e-06, 3.957670196541585e-05, 2.0543603897094727, 2.354867696762085, 0.0012887752382084727, 2.3841830625315197e-06, 3.4689302992774174e-05, 0.0003766304289456457, 0.0062696672976017, 3.6238969187252223e-05, 2.062299427052494e-05, 3.635817120084539e-05, 0.00018404220463708043, 0.002589327748864889, 7.843663479434326e-05, 1.3589766240329482e-05, 0.0002936885575763881, 0.4745882749557495, 1.1920922133867862e-06, 2.3841855067985307e-07]",1.0152039341014734,-0.0016546896737177352
80,95,88,135,9.5367431640625e-05,0.00011169999925186858,1.0189962656261533,"[17.413341522216797, 5.8887653722194955e-05, 7.033323527139146e-06, 3.8980677345534787e-05, 2.1064722537994385, 2.4130635261535645, 0.0014799605123698711, 2.0265558760002023e-06, 3.099393507000059e-05, 0.00037853704998269677, 0.0055127497762441635, 3.671578815556131e-05, 2.062299427052494e-05, 3.421248038648628e-05, 0.00018416139937471598, 0.0022883438505232334, 6.985420623095706e-05, 1.6331539882230572e-05, 0.00029094755882397294, 0.47458887100219727, 1.0728830375228426e-06, 2.3841855067985307e-07]",1.0152039341014734,-0.0037923315246799483
81,209,161,135,6.198883056640625e-05,8.518825052306056e-05,1.0024764449150714,"[17.275033950805664, 5.328513361746445e-05, 4.529942543740617e-06, 4.482168878894299e-05, 1.9895228147506714, 2.3047518730163574, 0.0013156814966350794, 2.264974000354414e-06, 3.516612196108326e-05, 0.00037925204378552735, 0.00550646660849452, 3.6000557884108275e-05, 1.9311717551317997e-05, 3.9457496313843876e-05, 0.00019786784832831472, 0.0025838580913841724, 7.915183232398704e-05, 1.156323378381785e-05, 0.00028951745480298996, 0.4745732843875885, 1.311301275563892e-06, 3.576278118089249e-07]",1.0152039341014734,0.012727489186401986
82,202,180,135,6.389617919921875e-05,7.891104178270325e-05,1.0136059364305794,"[17.413375854492188, 4.541770613286644e-05, 5.006777428206988e-06, 3.0040289857424796e-05, 2.04111909866333, 2.359971284866333, 0.0012243640376254916, 2.264974000354414e-06, 3.45700973412022e-05, 0.000380324519937858, 0.005627384874969721, 3.886147169396281e-05, 1.8715683836489916e-05, 3.433168603805825e-05, 0.00018726025882642716, 0.002283824374899268, 7.843663479434326e-05, 1.156323378381785e-05, 0.0002907091984525323, 0.4745698571205139, 1.1920922133867862e-06, 2.3841855067985307e-07]",1.0152039341014734,0.0015979976708939692
83,304,304,135,3.4332275390625e-05,3.7850539229111746e-05,1.0160091659393296,"[17.399982452392578, 6.0794889577664435e-05, 5.483612312673358e-06, 4.029192859889008e-05, 2.1069159507751465, 2.3596901893615723, 0.001105888863094151, 1.6689286894688848e-06, 3.4450891689630225e-05, 0.0003589939442463219, 0.006231047213077545, 3.862306402879767e-05, 1.7762025890988298e-05, 3.349725011503324e-05, 0.00018821375851985067, 0.002559483051300049, 7.045020902296528e-05, 1.3112935448589269e-05, 0.00028713393840007484, 0.4745648503303528, 1.0728830375228426e-06, 2.3841855067985307e-07]",1.0152039341014734,-0.0008052318378561907
84,332,336,135,2.1696090698242188e-05,2.362947998335585e-05,1.0169908251644713,"[17.413400650024414, 5.221230458118953e-05, 5.722029527532868e-06, 3.635817120084539e-05, 2.1075401306152344, 2.412931442260742, 0.0012355559738352895, 2.3841830625315197e-06, 3.4927710657939315e-05, 0.0003524397616274655, 0.006065295543521643, 3.6000557884108275e-05, 1.9788545614574105e-05, 3.3854863431770355e-05, 0.0001854724541772157, 0.0022879871539771557, 6.246371776796877e-05, 1.3589766240329482e-05, 0.00029309268575161695, 0.4292077124118805, 8.344646857949556e-07, 2.3841855067985307e-07]",1.0152039341014734,-0.0017868910629978974
85,344,348,135,1.704692840576172e-05,1.8127253497368656e-05,1.0129091052256933,"[17.475692749023438, 5.0424259825376794e-05, 5.960446742392378e-06, 4.1483970562694594e-05, 2.0224547386169434, 2.3001866340637207, 0.0012431758223101497, 2.264974000354414e-06, 3.957670196541585e-05, 0.0003796095261350274, 0.0061199176125228405, 3.8265450712060556e-05, 1.9073304429184645e-05, 3.659658250398934e-05, 0.00018010901112575084, 0.0025662605185061693, 7.045020902296528e-05, 1.1801649634435307e-05, 0.0002864189154934138, 0.4745737314224243, 8.344646857949556e-07, 2.3841855067985307e-07]",1.0152039341014734,0.0022948288757800306
86,357,357,135,1.0132789611816406e-05,1.1353306035744026e-05,1.0123587175850717,"[17.413381576538086, 4.911301948595792e-05, 4.887569048150908e-06, 3.814624506048858e-05, 2.0095582008361816, 2.3635988235473633, 0.0012248402927070856, 2.50339189733495e-06, 3.528532761265524e-05, 0.00039641151670366526, 0.006323330104351044, 3.5523738915799186e-05, 1.823885577323381e-05, 3.504691630951129e-05, 0.00018285033002030104, 0.002031407319009304, 7.855583680793643e-05, 1.168244216387393e-05, 0.0002865380665753037, 0.4745977520942688, 8.344646857949556e-07, 2.3841855067985307e-07]",1.0152039341014734,0.002845216516401683
87,354,354,135,1.341104507446289e-05,1.4544699297402985e-05,1.0172175089263944,"[17.413230895996094, 5.2569914259947836e-05, 6.794906312279636e-06, 4.088794958079234e-05, 2.220083713531494, 2.305361747741699, 0.0010874316794797778, 2.3841830625315197e-06, 3.421248038648628e-05, 0.0003813969960901886, 0.006085201632231474, 3.45700973412022e-05, 2.0146166207268834e-05, 3.4927710657939315e-05, 0.00019429226813372225, 0.002583144698292017, 7.045020902296528e-05, 1.1205610462639015e-05, 0.0002644904307089746, 0.4292035400867462, 9.536738616588991e-07, 2.3841855067985307e-07]",1.0152039341014734,-0.0020135748249210383
88,351,350,135,1.4007091522216797e-05,1.6314008462359197e-05,1.014007794130318,"[17.350879669189453, 6.401333666872233e-05, 7.033323527139146e-06, 3.969590397900902e-05, 2.1180644035339355, 2.3542416095733643, 0.0014033003244549036, 1.6689286894688848e-06, 3.480850500636734e-05, 0.00038115866482257843, 0.005520100239664316, 3.886147169396281e-05, 1.9788545614574105e-05, 3.0040289857424796e-05, 0.00016926287207752466, 0.0022948854602873325, 7.068861305015162e-05, 1.1086402082582936e-05, 0.0003010773507412523, 0.4745972454547882, 8.344646857949556e-07, 2.3841855067985307e-07]",1.0152039341014734,0.0011961399711553078
89,255,257,135,4.9591064453125e-05,5.5005733884172514e-05,1.0116408328644233,"[17.33735466003418, 4.911301948595792e-05, 5.602820692729438e-06, 4.053033626405522e-05, 2.0777485370635986, 2.355945587158203, 0.00145948666613549, 2.50339189733495e-06, 3.4450891689630225e-05, 0.0003680505615193397, 0.005631652660667896, 3.9934315282152966e-05, 2.002696055569686e-05, 3.671578815556131e-05, 0.0001685477327555418, 0.002250283258035779, 7.045020902296528e-05, 1.3708974620385561e-05, 0.00028713393840007484, 0.4745701551437378, 9.536738616588991e-07, 2.3841855067985307e-07]",1.0152039341014734,0.003563101237050059
90,138,141,135,8.296966552734375e-05,9.060284355655313e-05,1.0204405686086837,"[17.52483558654785, 5.507317473529838e-05, 5.8412379075889476e-06, 3.40932747349143e-05, 2.0210790634155273, 2.4180853366851807, 0.0013525871327146888, 2.264974000354414e-06, 3.421248038648628e-05, 0.0003746046277228743, 0.006292175501585007, 4.076874756719917e-05, 1.823885577323381e-05, 4.005352093372494e-05, 0.0001805857609724626, 0.002281683497130871, 7.843663479434326e-05, 1.597391747054644e-05, 0.00028618055512197316, 0.4745981991291046, 1.311301275563892e-06, 2.3841855067985307e-07]",1.0152039341014734,-0.005236634507210347
91,139,139,135,8.296966552734375e-05,9.314883209299296e-05,1.0108691761104893,"[17.399860382080078, 4.970903682988137e-05, 5.722029527532868e-06, 3.8980677345534787e-05, 2.046125888824463, 2.3080697059631348, 0.0013078240444883704, 2.0265558760002023e-06, 3.8742269680369645e-05, 0.00043072958942502737, 0.005591941066086292, 3.361645576660521e-05, 1.966933996300213e-05, 3.433168603805825e-05, 0.00018142008048016578, 0.0023501890245825052, 6.222531374078244e-05, 1.3708974620385561e-05, 0.0002898749662563205, 0.4746139943599701, 9.536738616588991e-07, 2.3841855067985307e-07]",1.0152039341014734,0.0043347579909840395
92,84,95,135,0.00010013580322265625,0.00010678442049538717,1.004299261231881,"[17.275053024291992, 4.5298504119273275e-05, 5.960446742392378e-06, 3.683499380713329e-05, 2.034437656402588, 2.3000550270080566, 0.0011957883834838867, 2.145764938177308e-06, 3.4450891689630225e-05, 0.00037901371251791716, 0.005618850234895945, 3.6238969187252223e-05, 1.7762025890988298e-05, 3.015949550899677e-05, 0.00018308870494365692, 0.0025247621815651655, 7.879423355916515e-05, 1.2874520507466514e-05, 0.0002650863316375762, 0.4745698571205139, 8.344646857949556e-07, 2.3841855067985307e-07]",1.0152039341014734,0.010904672869592291
93,256,251,135,4.9591064453125e-05,5.618071372737177e-05,1.0122259604773622,"[17.475841522216797, 6.151010165922344e-05, 5.483612312673358e-06, 3.5523738915799186e-05, 2.0017685890197754, 2.306203603744507, 0.001158400671556592, 2.264974000354414e-06, 3.4689302992774174e-05, 0.000379132863599807, 0.005702181253582239, 3.516612196108326e-05, 2.1457441107486375e-05, 3.671578815556131e-05, 0.00018153927521780133, 0.002557580592110753, 7.10462118149735e-05, 1.4185804502631072e-05, 0.0002864189154934138, 0.47457268834114075, 1.1920922133867862e-06, 2.3841855067985307e-07]",1.0152039341014734,0.0029779736241111188
94,244,255,135,5.1021575927734375e-05,5.55728365725372e-05,1.0236310329861285,"[17.538244247436523, 5.030505417380482e-05, 5.602820692729438e-06, 3.802703940891661e-05, 2.1414124965667725, 2.354372978210449, 0.0013302058214321733, 2.264974000354414e-06, 3.8980677345534787e-05, 0.00037996700848452747, 0.006284475326538086, 3.6000557884108275e-05, 1.811964830267243e-05, 3.6477376852417365e-05, 0.00018344627460464835, 0.0025144172832369804, 6.341733387671411e-05, 1.5616295058862306e-05, 0.0002864189154934138, 0.4745681881904602, 8.344646857949556e-07, 2.3841855067985307e-07]",1.0152039341014734,-0.008427098884655093
95,296,299,135,3.5762786865234375e-05,3.88492553611286e-05,1.0192857778837003,"[17.475709915161133, 5.149708886165172e-05, 5.483612312673358e-06, 3.8265450712060556e-05, 2.045748233795166, 2.4174325466156006, 0.001312348060309887, 1.6689286894688848e-06, 3.0874729418428615e-05, 0.000380324519937858, 0.0060620964504778385, 3.516612196108326e-05, 1.8000440832111053e-05, 3.635817120084539e-05, 0.00017438798386137933, 0.0022448119707405567, 7.879423355916515e-05, 1.0371154530730564e-05, 0.0002903516869992018, 0.47462430596351624, 1.0728830375228426e-06, 2.3841855067985307e-07]",1.0152039341014734,-0.004081843782226979
96,330,327,135,2.384185791015625e-05,2.8041986297466792e-05,1.0168665249765754,"[17.399999618530273, 4.8636207793606445e-05, 6.198863957251888e-06, 3.9219088648678735e-05, 2.127316951751709, 2.358701705932617, 0.0014921018155291677, 2.264974000354414e-06, 3.480850500636734e-05, 0.00042512916843406856, 0.005524131003767252, 3.6238969187252223e-05, 1.883488948806189e-05, 3.802703940891661e-05, 0.00017534149810671806, 0.0022619394585490227, 7.045020902296528e-05, 1.4066597032069694e-05, 0.00028772983932867646, 0.47456860542297363, 1.311301275563892e-06, 2.3841855067985307e-07]",1.0152039341014734,-0.0016625908751020102
97,258,265,135,4.887580871582031e-05,5.3613293857779354e-05,1.0138562407067646,"[17.430374145507812, 5.519237674889155e-05, 5.245195097813848e-06, 3.969590397900902e-05, 2.0351181030273438, 2.354504108428955, 0.001328420010395348, 2.264974000354414e-06, 3.433168603805825e-05, 0.00037865620106458664, 0.005457265302538872, 4.005352093372494e-05, 2.169585604860913e-05, 3.659658250398934e-05, 0.00019059749320149422, 0.0022870355751365423, 7.068861305015162e-05, 1.4305012882687151e-05, 0.00029225845355540514, 0.4745854437351227, 9.536738616588991e-07, 2.3841855067985307e-07]",1.0152039341014734,0.0013476933947087488
98,180,152,135,7.05718994140625e-05,8.75201731105335e-05,1.012733524514011,"[17.337520599365234, 5.745722592109814e-05, 6.198863957251888e-06, 4.029192859889008e-05, 2.0467028617858887, 2.4109745025634766, 0.0013902055798098445, 1.9073468138230965e-06, 3.40932747349143e-05, 0.00038378025055862963, 0.005504214204847813, 3.528532761265524e-05, 1.8715683836489916e-05, 4.029192859889008e-05, 0.00017927470616996288, 0.0022462394554167986, 6.985420623095706e-05, 1.5139465176616795e-05, 0.0002849888114724308, 0.47463008761405945, 1.311301275563892e-06, 2.3841855067985307e-07]",1.0152039341014734,0.0024704095874623633
102,70,83,135,0.00010442733764648438,0.00011397628986742347,1.0082226429050343,"[17.3373966217041, 5.924526340095326e-05, 6.198863957251888e-06, 3.8265450712060556e-05, 1.9978809356689453, 2.3607723712921143, 0.0012644876260310411, 2.0265558760002023e-06, 3.4450891689630225e-05, 0.0003780603874474764, 0.005558273755013943, 4.005352093372494e-05, 2.002696055569686e-05, 3.421248038648628e-05, 0.00018082413589581847, 0.0022751418873667717, 7.188061863416806e-05, 1.3708974620385561e-05, 0.0002797450579237193, 0.4745901823043823, 1.1920922133867862e-06, 2.3841855067985307e-07]",1.0152039341014734,0.006981291196439088
103,102,102,135,9.441375732421875e-05,0.0001053392916219309,1.0148301411631697,"[17.399852752685547, 5.8053239627042785e-05, 5.364403477869928e-06, 3.290122185717337e-05, 2.1202361583709717, 2.3662309646606445, 0.0012299600057303905, 2.622600959512056e-06, 3.4689302992774174e-05, 0.0003761537664104253, 0.006295965984463692, 3.85038583772257e-05, 1.811964830267243e-05, 3.4450891689630225e-05, 0.00018070495571009815, 0.0020484195556491613, 7.068861305015162e-05, 1.2755313036905136e-05, 0.00028701478731818497, 0.42921531200408936, 1.311301275563892e-06, 2.3841855067985307e-07]",1.0152039341014734,0.0003737929383036409
105,146,137,135,8.058547973632812e-05,9.338527888758108e-05,1.0110458987137398,"[17.413244247436523, 5.8887653722194955e-05, 5.364403477869928e-06, 4.207999518257566e-05, 1.9784126281738281, 2.366306781768799, 0.0013513966696336865, 2.264974000354414e-06, 3.433168603805825e-05, 0.0003800861886702478, 0.00562536995857954, 3.6000557884108275e-05, 1.9788545614574105e-05, 3.671578815556131e-05, 0.00019333878299221396, 0.0022750229109078646, 7.045020902296528e-05, 1.3708974620385561e-05, 0.0002874914789572358, 0.4746127426624298, 8.344646857949556e-07, 2.3841855067985307e-07]",1.0152039341014734,0.004158035387733516
106,14,19,135,0.0001239776611328125,0.00014405902766156942,1.0168575469792387,"[17.35090446472168, 5.054346183896996e-05, 5.245195097813848e-06, 3.683499380713329e-05, 2.065298318862915, 2.469454765319824, 0.0013194911880418658, 2.50339189733495e-06, 3.9457496313843876e-05, 0.00038211196078918874, 0.0055761742405593395, 3.838465272565372e-05, 1.764281842042692e-05, 3.6477376852417365e-05, 0.00017569905321579427, 0.0025879007298499346, 6.246371776796877e-05, 1.3828182090946939e-05, 0.00028784899041056633, 0.4745746850967407, 9.536738616588991e-07, 2.3841855067985307e-07]",1.0152039341014734,-0.0016536128777653314
113,121,124,135,8.821487426757812e-05,9.917105489876121e-05,1.0083049683756038,"[17.3507080078125, 4.9232225137529895e-05, 5.483612312673358e-06, 4.434487345861271e-05, 1.9284446239471436, 2.4183340072631836, 0.0012972281547263265, 2.50339189733495e-06, 3.075552376685664e-05, 0.0003793711948674172, 0.005616834852844477, 3.814624506048858e-05, 1.823885577323381e-05, 3.576214658096433e-05, 0.00018070495571009815, 0.002582193585112691, 7.10462118149735e-05, 1.1801649634435307e-05, 0.000286657246761024, 0.4745710492134094, 1.0728830375228426e-06, 2.3841855067985307e-07]",1.0152039341014734,0.006898965725869566
114,251,254,135,4.982948303222656e-05,5.5640102800680324e-05,1.0188987605398125,"[17.4132080078125, 5.2569914259947836e-05, 6.079655122448457e-06, 3.671578815556131e-05, 2.099975824356079, 2.4169771671295166, 0.0013865152141079307, 2.264974000354414e-06, 3.325883881188929e-05, 0.0003805628512054682, 0.006155935116112232, 3.957670196541585e-05, 1.9430925021879375e-05, 3.58813522325363e-05, 0.00018380382971372455, 0.0022915550507605076, 7.045020902296528e-05, 1.6331539882230572e-05, 0.000286657246761024, 0.47461259365081787, 1.311301275563892e-06, 2.3841855067985307e-07]",1.0152039341014734,-0.0036948264383391827
115,275,270,135,4.3392181396484375e-05,5.21598631166853e-05,1.0072944299502522,"[17.337467193603516, 5.2689116273541003e-05, 5.245195097813848e-06, 4.303362584323622e-05, 2.0333375930786133, 2.3045663833618164, 0.0012041230220347643, 1.9073468138230965e-06, 3.45700973412022e-05, 0.0003813969960901886, 0.0056237103417515755, 3.8265450712060556e-05, 1.847726889536716e-05, 3.6000557884108275e-05, 0.00017355366435367614, 0.0025563915260136127, 6.890059739816934e-05, 1.1086402082582936e-05, 0.00026472879108041525, 0.47459113597869873, 8.344646857949556e-07, 2.3841855067985307e-07]",1.0152039341014734,0.007909504151221158
119,103,100,135,9.441375732421875e-05,0.00010581730748526752,1.0111848396893117,"[17.413375854492188, 5.185469490243122e-05, 4.887569048150908e-06, 3.9457496313843876e-05, 2.1442794799804688, 2.2490127086639404, 0.0012399612460285425, 1.7881377516459906e-06, 3.349725011503324e-05, 0.00037996700848452747, 0.005567046348005533, 3.838465272565372e-05, 1.9430925021879375e-05, 3.6477376852417365e-05, 0.00017438798386137933, 0.002249688608571887, 6.222531374078244e-05, 1.1920858014491387e-05, 0.0002899941464420408, 0.42919614911079407, 1.0728830375228426e-06, 2.3841855067985307e-07]",1.0152039341014734,0.004019094412161639
120,168,173,135,7.43865966796875e-05,8.211272506741807e-05,1.0086648996093766,"[17.35088539123535, 5.6622808187967166e-05, 5.722029527532868e-06, 3.683499380713329e-05, 2.045743465423584, 2.308805465698242, 0.0014787701657041907, 1.6689286894688848e-06, 3.8980677345534787e-05, 0.000379132863599807, 0.00565642723813653, 3.659658250398934e-05, 2.0503786799963564e-05, 3.635817120084539e-05, 0.00018165845540352166, 0.0022846567444503307, 7.045020902296528e-05, 1.3708974620385561e-05, 0.00028725311858579516, 0.47460657358169556, 1.311301275563892e-06, 2.3841855067985307e-07]",1.0152039341014734,0.006539034492096807
121,123,143,135,8.726119995117188e-05,9.018231503432617e-05,1.0160091659393296,"[17.399982452392578, 6.0794889577664435e-05, 5.483612312673358e-06, 4.029192859889008e-05, 2.1069159507751465, 2.3596901893615723, 0.001105888863094151, 1.6689286894688848e-06, 3.4450891689630225e-05, 0.0003589939442463219, 0.006231047213077545, 3.862306402879767e-05, 1.7762025890988298e-05, 3.349725011503324e-05, 0.00018821375851985067, 0.002559483051300049, 7.045020902296528e-05, 1.3112935448589269e-05, 0.00028713393840007484, 0.4745648503303528, 1.0728830375228426e-06, 2.3841855067985307e-07]",1.0152039341014734,-0.0008052318378561907
122,311,314,135,3.0517578125e-05,3.360188929946162e-05,1.0177140787755534,"[17.538366317749023, 5.9126061387360096e-05, 5.125986263010418e-06, 3.2305197237292305e-05, 2.0577034950256348, 2.3089189529418945, 0.0013253247598186135, 2.264974000354414e-06, 3.909988299710676e-05, 0.00037877538125030696, 0.005435094237327576, 3.528532761265524e-05, 1.8596476365928538e-05, 3.2305197237292305e-05, 0.00017927470616996288, 0.002272168407216668, 7.009260298218578e-05, 1.1205610462639015e-05, 0.0002914242504630238, 0.47453242540359497, 8.344646857949556e-07, 2.3841855067985307e-07]",1.0152039341014734,-0.0025101446740800615
123,317,326,135,2.6941299438476562e-05,2.8475435101427138e-05,1.0163849149820912,"[17.39989471435547, 5.4596363042946905e-05, 6.318072337307967e-06, 3.45700973412022e-05, 2.059359550476074, 2.4161531925201416, 0.001303299912251532, 2.50339189733495e-06, 3.397406908334233e-05, 0.0003797286772169173, 0.005440548062324524, 3.433168603805825e-05, 2.074220174108632e-05, 3.659658250398934e-05, 0.00019035911827813834, 0.0025326102040708065, 7.10462118149735e-05, 1.4066597032069694e-05, 0.00031704644788987935, 0.4745867848396301, 1.311301275563892e-06, 2.3841855067985307e-07]",1.0152039341014734,-0.001180980880617799
124,356,355,135,1.1444091796875e-05,1.3733230844081845e-05,1.017013165476146,"[17.46233367919922, 5.507317473529838e-05, 4.887569048150908e-06, 3.85038583772257e-05, 2.013817071914673, 2.4126596450805664, 0.0013152052415534854, 2.264974000354414e-06, 3.45700973412022e-05, 0.0003784178989008069, 0.006362065207213163, 4.017272294731811e-05, 2.0146166207268834e-05, 3.671578815556131e-05, 0.00018404220463708043, 0.0020642417948693037, 6.97350042173639e-05, 1.4066597032069694e-05, 0.0002901133266277611, 0.474567711353302, 1.0728830375228426e-06, 2.3841855067985307e-07]",1.0152039341014734,-0.001809231374672704
125,252,261,135,4.982948303222656e-05,5.443378904601559e-05,1.0082324742363122,"[17.337366104125977, 5.006664650863968e-05, 5.006777428206988e-06, 3.814624506048858e-05, 2.053985595703125, 2.3041605949401855, 0.001416156766936183, 2.0265558760002023e-06, 3.349725011503324e-05, 0.00038044367101974785, 0.006154039409011602, 3.6477376852417365e-05, 1.811964830267243e-05, 3.4689302992774174e-05, 0.00019405389321036637, 0.002331279218196869, 7.164221460698172e-05, 1.168244216387393e-05, 0.0002637753786984831, 0.47455984354019165, 9.536738616588991e-07, 2.3841855067985307e-07]",1.0152039341014734,0.006971459865161123
126,74,89,135,0.000102996826171875,0.00011153767991345376,1.017013165476146,"[17.46233367919922, 5.507317473529838e-05, 4.887569048150908e-06, 3.85038583772257e-05, 2.013817071914673, 2.4126596450805664, 0.0013152052415534854, 2.264974000354414e-06, 3.45700973412022e-05, 0.0003784178989008069, 0.006362065207213163, 4.017272294731811e-05, 2.0146166207268834e-05, 3.671578815556131e-05, 0.00018404220463708043, 0.0020642417948693037, 6.97350042173639e-05, 1.4066597032069694e-05, 0.0002901133266277611, 0.474567711353302, 1.0728830375228426e-06, 2.3841855067985307e-07]",1.0152039341014734,-0.001809231374672704
128,28,47,135,0.00011920928955078125,0.00012629097909666598,1.0104428536476242,"[17.274921417236328, 5.340433563105762e-05, 5.245195097813848e-06, 3.564294092939235e-05, 2.0560381412506104, 2.41337251663208, 0.0013774678809568286, 1.9073468138230965e-06, 3.015949550899677e-05, 0.00039057256071828306, 0.00622180663049221, 3.802703940891661e-05, 2.169585604860913e-05, 3.6000557884108275e-05, 0.00018356545479036868, 0.002072569215670228, 7.033100700937212e-05, 1.2040065485052764e-05, 0.0002864189154934138, 0.4745723009109497, 1.311301275563892e-06, 2.3841855067985307e-07]",1.0152039341014734,0.004761080453849154
129,268,271,135,4.458427429199219e-05,5.116008469485678e-05,1.0160091659393296,"[17.399982452392578, 6.0794889577664435e-05, 5.483612312673358e-06, 4.029192859889008e-05, 2.1069159507751465, 2.3596901893615723, 0.001105888863094151, 1.6689286894688848e-06, 3.4450891689630225e-05, 0.0003589939442463219, 0.006231047213077545, 3.862306402879767e-05, 1.7762025890988298e-05, 3.349725011503324e-05, 0.00018821375851985067, 0.002559483051300049, 7.045020902296528e-05, 1.3112935448589269e-05, 0.00028713393840007484, 0.4745648503303528, 1.0728830375228426e-06, 2.3841855067985307e-07]",1.0152039341014734,-0.0008052318378561907
130,165,184,135,7.486343383789062e-05,7.827424997230992e-05,1.0111629424142359,"[17.39988899230957, 5.435795901576057e-05, 4.291525328881107e-06, 4.1126360883936286e-05, 1.9472227096557617, 2.4125924110412598, 0.0013985387049615383, 2.264974000354414e-06, 3.45700973412022e-05, 0.0003589939442463219, 0.006256162188947201, 3.969590397900902e-05, 2.038458114839159e-05, 3.4689302992774174e-05, 0.00018082413589581847, 0.002519292524084449, 6.246371776796877e-05, 1.2040065485052764e-05, 0.0002901133266277611, 0.47456926107406616, 1.311301275563892e-06, 2.3841855067985307e-07]",1.0152039341014734,0.004040991687237483
131,260,272,135,4.76837158203125e-05,5.0797014409909025e-05,1.0160091659393296,"[17.399982452392578, 6.0794889577664435e-05, 5.483612312673358e-06, 4.029192859889008e-05, 2.1069159507751465, 2.3596901893615723, 0.001105888863094151, 1.6689286894688848e-06, 3.4450891689630225e-05, 0.0003589939442463219, 0.006231047213077545, 3.862306402879767e-05, 1.7762025890988298e-05, 3.349725011503324e-05, 0.00018821375851985067, 0.002559483051300049, 7.045020902296528e-05, 1.3112935448589269e-05, 0.00028713393840007484, 0.4745648503303528, 1.0728830375228426e-06, 2.3841855067985307e-07]",1.0152039341014734,-0.0008052318378561907
132,314,317,135,2.9087066650390625e-05,3.171281787217595e-05,1.013237077712175,"[17.350839614868164, 5.829164365422912e-05, 5.125986263010418e-06, 4.076874756719917e-05, 2.146761178970337, 2.307839870452881, 0.0014925779541954398, 1.9073468138230965e-06, 3.361645576660521e-05, 0.00040189296123571694, 0.006267298012971878, 3.40932747349143e-05, 1.8358061424805783e-05, 3.564294092939235e-05, 0.00018106251081917435, 0.0022878681775182486, 7.056941103655845e-05, 1.4662635294371285e-05, 0.0002586507180240005, 0.4745713472366333, 1.0728830375228426e-06, 2.3841855067985307e-07]",1.0152039341014734,0.001966856389298277
133,337,343,135,1.8358230590820312e-05,2.0642188246711157e-05,1.0163849149820912,"[17.39989471435547, 5.4596363042946905e-05, 6.318072337307967e-06, 3.45700973412022e-05, 2.059359550476074, 2.4161531925201416, 0.001303299912251532, 2.50339189733495e-06, 3.397406908334233e-05, 0.0003797286772169173, 0.005440548062324524, 3.433168603805825e-05, 2.074220174108632e-05, 3.659658250398934e-05, 0.00019035911827813834, 0.0025326102040708065, 7.10462118149735e-05, 1.4066597032069694e-05, 0.00031704644788987935, 0.4745867848396301, 1.311301275563892e-06, 2.3841855067985307e-07]",1.0152039341014734,-0.001180980880617799
134,270,273,135,4.410743713378906e-05,5.018346200813539e-05,1.0140932084231558,"[17.33737564086914, 4.732496745418757e-05, 5.245195097813848e-06, 3.373566141817719e-05, 2.070063829421997, 2.4177794456481934, 0.0014893640764057636, 2.264974000354414e-06, 3.4927710657939315e-05, 0.00042381841922178864, 0.00498646916821599, 3.4450891689630225e-05, 1.8000440832111053e-05, 3.540453326422721e-05, 0.00017927470616996288, 0.0025383178144693375, 7.033100700937212e-05, 1.2993727978027891e-05, 0.0003159739135298878, 0.4746023416519165, 1.1920922133867862e-06, 2.3841855067985307e-07]",1.0152039341014734,0.0011107256783176034
136,41,42,135,0.00011682510375976562,0.00012896842963527888,1.0135167336876456,"[17.47587013244629, 6.437094270950183e-05, 5.722029527532868e-06, 3.40932747349143e-05, 2.032588243484497, 2.303947925567627, 0.0012812747154384851, 2.622600959512056e-06, 3.421248038648628e-05, 0.0003796095261350274, 0.005628807470202446, 4.303362584323622e-05, 1.9311717551317997e-05, 3.576214658096433e-05, 0.00018761781393550336, 0.0023042813409119844, 6.353653589030728e-05, 1.3708974620385561e-05, 0.00029047083808109164, 0.474572092294693, 1.0728830375228426e-06, 2.3841855067985307e-07]",1.0152039341014734,0.0016872004138277497
137,2,24,135,0.00012969970703125,0.00013975102046970278,1.0140223037374598,"[17.46234703063965, 5.125868119648658e-05, 5.125986263010418e-06, 4.2914423829643056e-05, 2.055957794189453, 2.3042373657226562, 0.0015455455286428332, 2.145764938177308e-06, 3.0517112463712692e-05, 0.0003815161471720785, 0.006126907654106617, 3.9219088648678735e-05, 1.811964830267243e-05, 3.790783375734463e-05, 0.00017963226127903908, 0.002568757627159357, 7.1403817855753e-05, 1.2636104656849056e-05, 0.0002644904307089746, 0.47456884384155273, 1.311301275563892e-06, 2.3841855067985307e-07]",1.0152039341014734,0.0011816303640135306
138,190,193,135,6.723403930664062e-05,7.482327782781795e-05,1.0141816962882473,"[17.475736618041992, 5.8410845667822286e-05, 6.079655122448457e-06, 3.7788631743751466e-05, 2.046027660369873, 2.304671287536621, 0.0014669859083369374, 2.50339189733495e-06, 3.8742269680369645e-05, 0.00038187362952157855, 0.00568854995071888, 3.9934315282152966e-05, 1.7881233361549675e-05, 3.659658250398934e-05, 0.00018010901112575084, 0.002587187336757779, 6.937739817658439e-05, 1.4305012882687151e-05, 0.0002992897352669388, 0.4746348261833191, 1.0728830375228426e-06, 2.3841855067985307e-07]",1.0152039341014734,0.001022237813226079
139,259,258,135,4.887580871582031e-05,5.497826714417897e-05,1.006732068586022,"[17.350872039794922, 5.245071224635467e-05, 4.768360213347478e-06, 3.9457496313843876e-05, 2.053359031677246, 2.3041839599609375, 0.0014103237772360444, 2.264974000354414e-06, 3.4450891689630225e-05, 0.000380324519937858, 0.00565358204767108, 3.242440288886428e-05, 1.823885577323381e-05, 3.957670196541585e-05, 0.0001722425949992612, 0.0022708598989993334, 6.961580220377073e-05, 1.4066597032069694e-05, 0.00028713393840007484, 0.4292072653770447, 1.1920922133867862e-06, 2.3841855067985307e-07]",1.0152039341014734,0.008471865515451427
140,278,288,135,4.2438507080078125e-05,4.568277290672995e-05,1.0117034048593803,"[17.430429458618164, 5.566918844124302e-05, 6.198863957251888e-06, 3.349725011503324e-05, 2.032599449157715, 2.3091397285461426, 0.0012530578533187509, 1.6689286894688848e-06, 3.480850500636734e-05, 0.0003766304289456457, 0.006070864852517843, 3.4927710657939315e-05, 1.9073304429184645e-05, 3.9219088648678735e-05, 0.0001821352052502334, 0.002252900041639805, 7.045020902296528e-05, 1.1801649634435307e-05, 0.0002915434306487441, 0.47457075119018555, 8.344646857949556e-07, 2.3841855067985307e-07]",1.0152039341014734,0.003500529242093098
141,342,340,135,1.71661376953125e-05,2.1828318494954146e-05,1.0166980884082257,"[17.39988899230957, 4.684815212385729e-05, 5.006777428206988e-06, 3.85038583772257e-05, 2.068631172180176, 2.413630247116089, 0.00126079679466784, 2.622600959512056e-06, 3.111314072157256e-05, 0.000379132863599807, 0.005674681626260281, 3.862306402879767e-05, 1.7881233361549675e-05, 3.7788631743751466e-05, 0.00017951308109331876, 0.002539269160479307, 7.033100700937212e-05, 1.4185804502631072e-05, 0.00029059001826681197, 0.47457921504974365, 1.1920922133867862e-06, 2.3841855067985307e-07]",1.0152039341014734,-0.001494154306752371
142,306,308,135,3.218650817871094e-05,3.679270957945846e-05,1.0181985710018195,"[17.4757080078125, 4.8636207793606445e-05, 5.245195097813848e-06, 3.58813522325363e-05, 2.0256497859954834, 2.4134206771850586, 0.001302704680711031, 2.145764938177308e-06, 3.135155202471651e-05, 0.0003916450368706137, 0.006281631998717785, 3.564294092939235e-05, 1.7881233361549675e-05, 3.313963316031732e-05, 0.00016485285595990717, 0.0022865599021315575, 7.903263758635148e-05, 1.2874520507466514e-05, 0.0002865380665753037, 0.47457313537597656, 9.536738616588991e-07, 2.3841855067985307e-07]",1.0152039341014734,-0.0029946369003461815
143,274,245,135,4.363059997558594e-05,5.822980165248737e-05,1.0160091659393296,"[17.399982452392578, 6.0794889577664435e-05, 5.483612312673358e-06, 4.029192859889008e-05, 2.1069159507751465, 2.3596901893615723, 0.001105888863094151, 1.6689286894688848e-06, 3.4450891689630225e-05, 0.0003589939442463219, 0.006231047213077545, 3.862306402879767e-05, 1.7762025890988298e-05, 3.349725011503324e-05, 0.00018821375851985067, 0.002559483051300049, 7.045020902296528e-05, 1.3112935448589269e-05, 0.00028713393840007484, 0.4745648503303528, 1.0728830375228426e-06, 2.3841855067985307e-07]",1.0152039341014734,-0.0008052318378561907
150,15,21,135,0.0001239776611328125,0.00014126241148915142,0.9969547973708718,"[17.27488136291504, 5.6980417866725475e-05, 7.271740287251305e-06, 3.635817120084539e-05, 2.014949083328247, 2.2031960487365723, 0.0015568528324365616, 1.9073468138230965e-06, 3.480850500636734e-05, 0.000382707774406299, 0.005539305508136749, 3.6477376852417365e-05, 2.0503786799963564e-05, 3.528532761265524e-05, 0.00017438798386137933, 0.0025738703552633524, 6.294052582234144e-05, 1.1205610462639015e-05, 0.00025781645672395825, 0.42918917536735535, 9.536738616588991e-07, 2.3841855067985307e-07]",1.0152039341014734,0.01824913673060158
151,130,99,135,8.440017700195312e-05,0.00010611515608616173,1.009265766987352,"[17.399858474731445, 5.2689116273541003e-05, 4.6491513785440475e-06, 3.766942609217949e-05, 1.9538954496383667, 2.4107348918914795, 0.0011529234470799565, 2.264974000354414e-06, 3.433168603805825e-05, 0.0003815161471720785, 0.005580916069447994, 3.671578815556131e-05, 2.0265373677830212e-05, 3.731181277544238e-05, 0.00018285033002030104, 0.002295717829838395, 7.068861305015162e-05, 1.2397689715726301e-05, 0.0002859421947505325, 0.42916813492774963, 8.344646857949556e-07, 2.3841855067985307e-07]",1.0152039341014734,0.005938167114121429
158,68,63,135,0.00010728836059570312,0.00012278242502361536,1.0139452733090828,"[17.47571563720703, 5.4238757002167404e-05, 5.006777428206988e-06, 3.802703940891661e-05, 2.0343241691589355, 2.3579347133636475, 0.0011980506824329495, 2.50339189733495e-06, 3.504691630951129e-05, 0.0003815161471720785, 0.005003905855119228, 3.909988299710676e-05, 2.098061486321967e-05, 3.6000557884108275e-05, 0.00018344627460464835, 0.0022735956590622663, 6.258291978156194e-05, 1.4185804502631072e-05, 0.00026353701832704246, 0.42920833826065063, 1.1920922133867862e-06, 2.3841855067985307e-07]",1.0152039341014734,0.0012586607923905646
159,96,120,135,9.5367431640625e-05,0.00010121030209120363,1.0128597264669397,"[17.28837776184082, 6.16293036728166e-05, 4.6491513785440475e-06, 3.540453326422721e-05, 2.153107166290283, 2.3555703163146973, 0.0014859121292829514, 2.264974000354414e-06, 3.0874729418428615e-05, 0.0004236992390360683, 0.0062707336619496346, 3.58813522325363e-05, 2.0265373677830212e-05, 3.659658250398934e-05, 0.0001820160250645131, 0.0022978587076067924, 6.258291978156194e-05, 1.1801649634435307e-05, 0.0002908283786382526, 0.47460418939590454, 1.311301275563892e-06, 2.3841855067985307e-07]",1.0152039341014734,0.0023442076345336904
160,284,287,135,3.910064697265625e-05,4.572953548631631e-05,1.0116784830366057,"[17.41335678100586, 5.721882189391181e-05, 4.887569048150908e-06, 3.7431014789035544e-05, 2.0582451820373535, 2.2997403144836426, 0.0012967520160600543, 2.264974000354414e-06, 3.45700973412022e-05, 0.0003796095261350274, 0.006211026106029749, 3.516612196108326e-05, 2.169585604860913e-05, 3.576214658096433e-05, 0.0001820160250645131, 0.002284300047904253, 7.033100700937212e-05, 1.4305012882687151e-05, 0.00028713393840007484, 0.4746286869049072, 9.536738616588991e-07, 2.3841855067985307e-07]",1.0152039341014734,0.0035254510648676796
161,115,128,135,9.012222290039062e-05,9.696614870335907e-05,1.0125700661088979,"[17.399898529052734, 5.4596363042946905e-05, 5.006777428206988e-06, 3.58813522325363e-05, 1.9764479398727417, 2.4144699573516846, 0.0012985378270968795, 2.264974000354414e-06, 3.3854863431770355e-05, 0.0003591130953282118, 0.006110675632953644, 3.671578815556131e-05, 1.883488948806189e-05, 4.005352093372494e-05, 0.0001754606782924384, 0.002573156962171197, 7.056941103655845e-05, 1.1086402082582936e-05, 0.0002919009421020746, 0.4746057689189911, 1.311301275563892e-06, 2.3841855067985307e-07]",1.0152039341014734,0.002633867992575478
167,147,156,135,8.058547973632812e-05,8.71754382387735e-05,1.0163849149820912,"[17.39989471435547, 5.4596363042946905e-05, 6.318072337307967e-06, 3.45700973412022e-05, 2.059359550476074, 2.4161531925201416, 0.001303299912251532, 2.50339189733495e-06, 3.397406908334233e-05, 0.0003797286772169173, 0.005440548062324524, 3.433168603805825e-05, 2.074220174108632e-05, 3.659658250398934e-05, 0.00019035911827813834, 0.0025326102040708065, 7.10462118149735e-05, 1.4066597032069694e-05, 0.00031704644788987935, 0.4745867848396301, 1.311301275563892e-06, 2.3841855067985307e-07]",1.0152039341014734,-0.001180980880617799
168,196,200,135,6.628036499023438e-05,7.125059346435592e-05,1.018887086615206,"[17.399864196777344, 4.565611743601039e-05, 6.318072337307967e-06, 4.279521817807108e-05, 2.064061164855957, 2.4656856060028076, 0.0013158005895093083, 2.50339189733495e-06, 3.4450891689630225e-05, 0.0003953390696551651, 0.006281513720750809, 3.814624506048858e-05, 2.0146166207268834e-05, 3.8980677345534787e-05, 0.00019751029321923852, 0.0025176277849823236, 7.033100700937212e-05, 1.2159273865108844e-05, 0.00029237763374112546, 0.4745922088623047, 8.344646857949556e-07, 2.3841855067985307e-07]",1.0152039341014734,-0.003683152513732635
169,302,301,135,3.4809112548828125e-05,3.8216941902646795e-05,1.0105145485871274,"[17.41340446472168, 5.817244164063595e-05, 5.364403477869928e-06, 3.755022044060752e-05, 2.0279123783111572, 2.3043675422668457, 0.001293656532652676, 2.50339189733495e-06, 3.528532761265524e-05, 0.00038092033355496824, 0.00608034385368228, 4.124556289752945e-05, 1.811964830267243e-05, 3.6000557884108275e-05, 0.00018487652414478362, 0.0025150116998702288, 7.10462118149735e-05, 1.6212332411669195e-05, 0.00028951745480298996, 0.4745686650276184, 9.536738616588991e-07, 2.3841855067985307e-07]",1.0152039341014734,0.004689385514345945
170,288,281,135,3.8623809814453125e-05,4.70907507406082e-05,1.018887086615206,"[17.399864196777344, 4.565611743601039e-05, 6.318072337307967e-06, 4.279521817807108e-05, 2.064061164855957, 2.4656856060028076, 0.0013158005895093083, 2.50339189733495e-06, 3.4450891689630225e-05, 0.0003953390696551651, 0.006281513720750809, 3.814624506048858e-05, 2.0146166207268834e-05, 3.8980677345534787e-05, 0.00019751029321923852, 0.0025176277849823236, 7.033100700937212e-05, 1.2159273865108844e-05, 0.00029237763374112546, 0.4745922088623047, 8.344646857949556e-07, 2.3841855067985307e-07]",1.0152039341014734,-0.003683152513732635
174,64,69,135,0.00010824203491210938,0.00011972810898441821,1.0042717725465762,"[17.33742332458496, 5.9960475482512265e-05, 4.887569048150908e-06, 3.4689302992774174e-05, 1.9571963548660278, 2.3144679069519043, 0.0013222293928265572, 2.264974000354414e-06, 3.433168603805825e-05, 0.0003784178989008069, 0.005525198299437761, 3.981510963058099e-05, 1.9788545614574105e-05, 3.290122185717337e-05, 0.00017498392844572663, 0.0022877492010593414, 7.045020902296528e-05, 1.2040065485052764e-05, 0.00031704644788987935, 0.4745735824108124, 8.344646857949556e-07, 2.3841855067985307e-07]",1.0152039341014734,0.01093216155489718
175,226,222,135,5.793571472167969e-05,6.511146057164297e-05,1.019426113093489,"[17.475696563720703, 5.376194530981593e-05, 6.198863957251888e-06, 3.480850500636734e-05, 2.106088161468506, 2.3602678775787354, 0.0013816345017403364, 1.7881377516459906e-06, 3.3854863431770355e-05, 0.0003970073303207755, 0.005588384345173836, 3.576214658096433e-05, 1.7881233361549675e-05, 3.683499380713329e-05, 0.00018165845540352166, 0.0025708978064358234, 7.045020902296528e-05, 1.1324817933200393e-05, 0.0002908283786382526, 0.4746072590351105, 1.311301275563892e-06, 2.3841855067985307e-07]",1.0152039341014734,-0.004222178992015602
176,212,225,135,6.079673767089844e-05,6.430350185837597e-05,1.0160091659393296,"[17.399982452392578, 6.0794889577664435e-05, 5.483612312673358e-06, 4.029192859889008e-05, 2.1069159507751465, 2.3596901893615723, 0.001105888863094151, 1.6689286894688848e-06, 3.4450891689630225e-05, 0.0003589939442463219, 0.006231047213077545, 3.862306402879767e-05, 1.7762025890988298e-05, 3.349725011503324e-05, 0.00018821375851985067, 0.002559483051300049, 7.045020902296528e-05, 1.3112935448589269e-05, 0.00028713393840007484, 0.4745648503303528, 1.0728830375228426e-06, 2.3841855067985307e-07]",1.0152039341014734,-0.0008052318378561907
177,322,325,135,2.5153160095214844e-05,2.854486956493929e-05,1.0163849149820912,"[17.39989471435547, 5.4596363042946905e-05, 6.318072337307967e-06, 3.45700973412022e-05, 2.059359550476074, 2.4161531925201416, 0.001303299912251532, 2.50339189733495e-06, 3.397406908334233e-05, 0.0003797286772169173, 0.005440548062324524, 3.433168603805825e-05, 2.074220174108632e-05, 3.659658250398934e-05, 0.00019035911827813834, 0.0025326102040708065, 7.10462118149735e-05, 1.4066597032069694e-05, 0.00031704644788987935, 0.4745867848396301, 1.311301275563892e-06, 2.3841855067985307e-07]",1.0152039341014734,-0.001180980880617799
178,325,331,135,2.47955322265625e-05,2.684659557417035e-05,1.0163849149820912,"[17.39989471435547, 5.4596363042946905e-05, 6.318072337307967e-06, 3.45700973412022e-05, 2.059359550476074, 2.4161531925201416, 0.001303299912251532, 2.50339189733495e-06, 3.397406908334233e-05, 0.0003797286772169173, 0.005440548062324524, 3.433168603805825e-05, 2.074220174108632e-05, 3.659658250398934e-05, 0.00019035911827813834, 0.0025326102040708065, 7.10462118149735e-05, 1.4066597032069694e-05, 0.00031704644788987935, 0.4745867848396301, 1.311301275563892e-06, 2.3841855067985307e-07]",1.0152039341014734,-0.001180980880617799
179,341,341,135,1.7404556274414062e-05,2.1233146981103346e-05,1.0160091659393296,"[17.399982452392578, 6.0794889577664435e-05, 5.483612312673358e-06, 4.029192859889008e-05, 2.1069159507751465, 2.3596901893615723, 0.001105888863094151, 1.6689286894688848e-06, 3.4450891689630225e-05, 0.0003589939442463219, 0.006231047213077545, 3.862306402879767e-05, 1.7762025890988298e-05, 3.349725011503324e-05, 0.00018821375851985067, 0.002559483051300049, 7.045020902296528e-05, 1.3112935448589269e-05, 0.00028713393840007484, 0.4745648503303528, 1.0728830375228426e-06, 2.3841855067985307e-07]",1.0152039341014734,-0.0008052318378561907
180,177,187,135,7.152557373046875e-05,7.713188824709505e-05,1.017255248726582,"[17.475849151611328, 5.829164365422912e-05, 5.602820692729438e-06, 3.93382906622719e-05, 2.0557968616485596, 2.363053798675537, 0.0012530578533187509, 2.264974000354414e-06, 3.099393507000059e-05, 0.00037722624256275594, 0.005646944046020508, 4.088794958079234e-05, 1.8358061424805783e-05, 3.40932747349143e-05, 0.0001821352052502334, 0.0022833484690636396, 6.949660019017756e-05, 1.1920858014491387e-05, 0.00028713393840007484, 0.47457313537597656, 1.1920922133867862e-06, 2.3841855067985307e-07]",1.0152039341014734,-0.002051314625108658
181,46,55,135,0.00011348724365234375,0.00012439704732969403,1.0160091659393296,"[17.399982452392578, 6.0794889577664435e-05, 5.483612312673358e-06, 4.029192859889008e-05, 2.1069159507751465, 2.3596901893615723, 0.001105888863094151, 1.6689286894688848e-06, 3.4450891689630225e-05, 0.0003589939442463219, 0.006231047213077545, 3.862306402879767e-05, 1.7762025890988298e-05, 3.349725011503324e-05, 0.00018821375851985067, 0.002559483051300049, 7.045020902296528e-05, 1.3112935448589269e-05, 0.00028713393840007484, 0.4745648503303528, 1.0728830375228426e-06, 2.3841855067985307e-07]",1.0152039341014734,-0.0008052318378561907
184,232,229,135,5.3882598876953125e-05,6.357720849337056e-05,1.0163849149820912,"[17.39989471435547, 5.4596363042946905e-05, 6.318072337307967e-06, 3.45700973412022e-05, 2.059359550476074, 2.4161531925201416, 0.001303299912251532, 2.50339189733495e-06, 3.397406908334233e-05, 0.0003797286772169173, 0.005440548062324524, 3.433168603805825e-05, 2.074220174108632e-05, 3.659658250398934e-05, 0.00019035911827813834, 0.0025326102040708065, 7.10462118149735e-05, 1.4066597032069694e-05, 0.00031704644788987935, 0.4745867848396301, 1.311301275563892e-06, 2.3841855067985307e-07]",1.0152039341014734,-0.001180980880617799
185,134,147,135,8.344650268554688e-05,8.979943231679499e-05,1.008541129292386,"[17.337400436401367, 5.149708886165172e-05, 5.483612312673358e-06, 4.1126360883936286e-05, 1.9548144340515137, 2.4107208251953125, 0.001254724687896669, 2.264974000354414e-06, 3.528532761265524e-05, 0.00038389943074434996, 0.005671362392604351, 3.6477376852417365e-05, 2.074220174108632e-05, 3.433168603805825e-05, 0.00017498392844572663, 0.002285489346832037, 7.033100700937212e-05, 1.3708974620385561e-05, 0.00031585473334416747, 0.4745701551437378, 1.1920922133867862e-06, 2.3841855067985307e-07]",1.0152039341014734,0.006662804809087319
186,163,172,135,7.534027099609375e-05,8.252383850049227e-05,1.0089134623914733,"[17.430400848388672, 5.328513361746445e-05, 5.602820692729438e-06, 3.731181277544238e-05, 2.02113676071167, 2.3040804862976074, 0.0014104428701102734, 2.264974000354414e-06, 3.45700973412022e-05, 0.0003777029050979763, 0.006350338459014893, 3.6477376852417365e-05, 1.7762025890988298e-05, 3.361645576660521e-05, 0.0001839230244513601, 0.0023563734721392393, 6.961580220377073e-05, 1.3947389561508317e-05, 0.0003000047872774303, 0.42919328808784485, 1.311301275563892e-06, 2.3841855067985307e-07]",1.0152039341014734,0.006290471710000078
187,253,224,135,4.982948303222656e-05,6.444050814025104e-05,1.0161678169779136,"[17.399858474731445, 5.8887653722194955e-05, 6.6756979322235566e-06, 4.0649541915627196e-05, 2.004206418991089, 2.466417074203491, 0.0012985378270968795, 2.145764938177308e-06, 3.4450891689630225e-05, 0.00037722624256275594, 0.005594548769295216, 4.172238186583854e-05, 1.9073304429184645e-05, 3.373566141817719e-05, 0.00017355366435367614, 0.0025553214363753796, 7.045020902296528e-05, 1.2874520507466514e-05, 0.00031704644788987935, 0.4745717942714691, 1.0728830375228426e-06, 2.3841855067985307e-07]",1.0152039341014734,-0.0009638828764402252
188,184,154,135,6.961822509765625e-05,8.726620581001043e-05,1.0181985710018195,"[17.4757080078125, 4.8636207793606445e-05, 5.245195097813848e-06, 3.58813522325363e-05, 2.0256497859954834, 2.4134206771850586, 0.001302704680711031, 2.145764938177308e-06, 3.135155202471651e-05, 0.0003916450368706137, 0.006281631998717785, 3.564294092939235e-05, 1.7881233361549675e-05, 3.313963316031732e-05, 0.00016485285595990717, 0.0022865599021315575, 7.903263758635148e-05, 1.2874520507466514e-05, 0.0002865380665753037, 0.47457313537597656, 9.536738616588991e-07, 2.3841855067985307e-07]",1.0152039341014734,-0.0029946369003461815
196,173,105,135,7.295608520507812e-05,0.00010496730828890577,1.0098287865386404,"[17.399864196777344, 5.8887653722194955e-05, 5.602820692729438e-06, 3.421248038648628e-05, 2.0241072177886963, 2.306326150894165, 0.00156816013623029, 2.50339189733495e-06, 3.45700973412022e-05, 0.0003808011533692479, 0.006361709907650948, 4.076874756719917e-05, 2.062299427052494e-05, 3.635817120084539e-05, 0.00018142008048016578, 0.002292030956596136, 7.033100700937212e-05, 1.3828182090946939e-05, 0.00026341783814132214, 0.4745694398880005, 8.344646857949556e-07, 2.3841855067985307e-07]",1.0152039341014734,0.0053751475628329715
197,22,16,135,0.00012111663818359375,0.00014860069495625794,1.0152420172654488,"[17.430395126342773, 6.115249561844394e-05, 6.198863957251888e-06, 4.255681051290594e-05, 2.060764789581299, 2.359062671661377, 0.001404609763994813, 2.145764938177308e-06, 3.4927710657939315e-05, 0.00042417587246745825, 0.005609959363937378, 4.005352093372494e-05, 2.0146166207268834e-05, 3.302042750874534e-05, 0.0001833270798670128, 0.0022833484690636396, 6.341733387671411e-05, 1.4066597032069694e-05, 0.0002910667099058628, 0.4745861887931824, 1.1920922133867862e-06, 2.3841855067985307e-07]",1.0152039341014734,-3.8083163975466405e-05
206,77,35,135,0.00010251998901367188,0.00013264836161397398,1.0073358463189626,"[17.28838348388672, 4.541770613286644e-05, 6.198863957251888e-06, 4.184158387943171e-05, 2.0247154235839844, 2.3629214763641357, 0.0014940063701942563, 2.50339189733495e-06, 3.909988299710676e-05, 0.0004010588163509965, 0.0055651492439210415, 3.6954195820726454e-05, 1.811964830267243e-05, 3.516612196108326e-05, 0.00017426878912374377, 0.0025324912276118994, 7.021180499577895e-05, 1.3708974620385561e-05, 0.00028725311858579516, 0.47460371255874634, 8.344646857949556e-07, 2.3841855067985307e-07]",1.0152039341014734,0.007868087782510802
214,151,151,135,7.915496826171875e-05,8.763442019699141e-05,1.0145896458073365,"[17.475875854492188, 5.149708886165172e-05, 6.9141146923357155e-06, 3.480850500636734e-05, 2.0512845516204834, 2.353940725326538, 0.001459367573261261, 2.145764938177308e-06, 3.814624506048858e-05, 0.0003828269545920193, 0.0055266208946704865, 4.23184028477408e-05, 2.074220174108632e-05, 3.45700973412022e-05, 0.00018714107864070684, 0.0025278539396822453, 7.056941103655845e-05, 1.3232143828645349e-05, 0.0002650863316375762, 0.42920616269111633, 8.344646857949556e-07, 2.3841855067985307e-07]",1.0152039341014734,0.0006142882941368999
215,299,290,135,3.552436828613281e-05,4.4963264372199774e-05,1.0137111682719961,"[17.350862503051758, 5.900685573578812e-05, 4.887569048150908e-06, 3.528532761265524e-05, 2.0478527545928955, 2.417090892791748, 0.0012656782055273652, 2.145764938177308e-06, 3.504691630951129e-05, 0.000380324519937858, 0.0062825800850987434, 3.93382906622719e-05, 1.7523612768854946e-05, 3.6000557884108275e-05, 0.0001892864383989945, 0.0025434307754039764, 7.033100700937212e-05, 1.4305012882687151e-05, 0.00029213930247351527, 0.4745710492134094, 9.536738616588991e-07, 2.3841855067985307e-07]",1.0152039341014734,0.0014927658294772161
216,62,73,135,0.0001087188720703125,0.00011866429849760607,1.0116389342584065,"[17.413230895996094, 5.543078441405669e-05, 5.483612312673358e-06, 3.5523738915799186e-05, 2.049163341522217, 2.308046817779541, 0.0012297218199819326, 2.0265558760002023e-06, 3.421248038648628e-05, 0.00038020533975213766, 0.0060748932883143425, 3.862306402879767e-05, 2.0503786799963564e-05, 3.58813522325363e-05, 0.00019059749320149422, 0.002588733099400997, 7.915183232398704e-05, 1.1086402082582936e-05, 0.00026425207033753395, 0.47456809878349304, 8.344646857949556e-07, 2.3841855067985307e-07]",1.0152039341014734,0.003564999843066907
220,240,217,135,5.1975250244140625e-05,6.626333924941719e-05,1.0127178048690488,"[17.4757022857666, 5.6622808187967166e-05, 5.364403477869928e-06, 4.136476854910143e-05, 1.9613304138183594, 2.3577895164489746, 0.0013172292383387685, 1.6689286894688848e-06, 3.075552376685664e-05, 0.00037508129025809467, 0.005652041174471378, 3.838465272565372e-05, 1.823885577323381e-05, 3.361645576660521e-05, 0.00018285033002030104, 0.0022839431185275316, 6.305972783593461e-05, 1.168244216387393e-05, 0.0002862997353076935, 0.4745698571205139, 1.1920922133867862e-06, 2.3841855067985307e-07]",1.0152039341014734,0.0024861292324245277
221,129,145,135,8.487701416015625e-05,8.999583951663226e-05,1.005658712856048,"[17.36801528930664, 7.366862701019272e-05, 6.6756979322235566e-06, 4.410646579344757e-05, 1.9589312076568604, 2.311622381210327, 0.0014600817812606692, 2.50339189733495e-06, 3.45700973412022e-05, 0.0003939091111533344, 0.00613081781193614, 3.909988299710676e-05, 1.823885577323381e-05, 3.45700973412022e-05, 0.00018189683032687753, 0.002557104919105768, 7.1403817855753e-05, 1.4066597032069694e-05, 0.0002865380665753037, 0.47457224130630493, 1.0728830375228426e-06, 2.3841855067985307e-07]",1.0152039341014734,0.00954522124542545
222,287,291,135,3.886222839355469e-05,4.430272019817494e-05,1.0163849149820912,"[17.39989471435547, 5.4596363042946905e-05, 6.318072337307967e-06, 3.45700973412022e-05, 2.059359550476074, 2.4161531925201416, 0.001303299912251532, 2.50339189733495e-06, 3.397406908334233e-05, 0.0003797286772169173, 0.005440548062324524, 3.433168603805825e-05, 2.074220174108632e-05, 3.659658250398934e-05, 0.00019035911827813834, 0.0025326102040708065, 7.10462118149735e-05, 1.4066597032069694e-05, 0.00031704644788987935, 0.4745867848396301, 1.311301275563892e-06, 2.3841855067985307e-07]",1.0152039341014734,-0.001180980880617799
223,319,319,135,2.682209014892578e-05,3.120660767308436e-05,1.0163849149820912,"[17.39989471435547, 5.4596363042946905e-05, 6.318072337307967e-06, 3.45700973412022e-05, 2.059359550476074, 2.4161531925201416, 0.001303299912251532, 2.50339189733495e-06, 3.397406908334233e-05, 0.0003797286772169173, 0.005440548062324524, 3.433168603805825e-05, 2.074220174108632e-05, 3.659658250398934e-05, 0.00019035911827813834, 0.0025326102040708065, 7.10462118149735e-05, 1.4066597032069694e-05, 0.00031704644788987935, 0.4745867848396301, 1.311301275563892e-06, 2.3841855067985307e-07]",1.0152039341014734,-0.001180980880617799
224,346,344,135,1.6927719116210938e-05,2.0030814994242974e-05,1.0217381978357685,"[17.524839401245117, 4.95898348162882e-05, 5.602820692729438e-06, 4.005352093372494e-05, 2.112983465194702, 2.3059325218200684, 0.0013293724041432142, 1.9073468138230965e-06, 3.8265450712060556e-05, 0.0003736513026524335, 0.006088400725275278, 3.862306402879767e-05, 1.9907753085135482e-05, 3.671578815556131e-05, 0.00018285033002030104, 0.002283110748976469, 7.033100700937212e-05, 1.4066597032069694e-05, 0.00025912740966305137, 0.5236523151397705, 8.344646857949556e-07, 2.3841855067985307e-07]",1.0152039341014734,-0.006534263734295109
225,289,277,135,3.814697265625e-05,4.819482273887843e-05,1.0092479560859857,"[17.399974822998047, 5.6980417866725475e-05, 6.318072337307967e-06, 3.886147169396281e-05, 2.0105466842651367, 2.3079185485839844, 0.0013713965890929103, 2.622600959512056e-06, 3.85038583772257e-05, 0.0003830652858596295, 0.005576767027378082, 3.7431014789035544e-05, 1.8715683836489916e-05, 3.611976353568025e-05, 0.0001829695247579366, 0.002303805435076356, 7.86750388215296e-05, 1.3232143828645349e-05, 0.00026520551182329655, 0.4746028780937195, 1.1920922133867862e-06, 2.3841855067985307e-07]",1.0152039341014734,0.00595597801548764
232,114,23,135,9.059906005859375e-05,0.00014080520486459136,1.0138954408955605,"[17.475698471069336, 5.185469490243122e-05, 6.318072337307967e-06, 3.433168603805825e-05, 2.0403833389282227, 2.303600311279297, 0.0014786511892452836, 1.9073468138230965e-06, 3.4689302992774174e-05, 0.00039057256071828306, 0.00626943027600646, 3.516612196108326e-05, 1.9192511899746023e-05, 3.504691630951129e-05, 0.00018010901112575084, 0.002561623230576515, 7.068861305015162e-05, 1.3708974620385561e-05, 0.0002646096108946949, 0.47456836700439453, 1.0728830375228426e-06, 2.3841855067985307e-07]",1.0152039341014734,0.001308493205912864
233,16,6,135,0.0001239776611328125,0.00017651783127803355,1.0161987884595438,"[17.475862503051758, 5.590759246842936e-05, 5.483612312673358e-06, 3.7431014789035544e-05, 2.038674831390381, 2.3561081886291504, 0.0014178233686834574, 2.264974000354414e-06, 3.480850500636734e-05, 0.00037520044133998454, 0.0063041397370398045, 3.58813522325363e-05, 1.811964830267243e-05, 3.0397906812140718e-05, 0.0001821352052502334, 0.0022807319182902575, 7.855583680793643e-05, 1.3947389561508317e-05, 0.0002864189154934138, 0.4745675027370453, 8.344646857949556e-07, 2.3841855067985307e-07]",1.0152039341014734,-0.0009948543580704516
242,9,4,135,0.000125885009765625,0.000188244302989915,1.0149347565997353,"[17.41336441040039, 4.649054244509898e-05, 5.483612312673358e-06, 4.2437604861333966e-05, 2.073169708251953, 2.3572287559509277, 0.0013075858587399125, 1.9073468138230965e-06, 3.480850500636734e-05, 0.0003914067056030035, 0.005484533961862326, 4.136476854910143e-05, 1.9192511899746023e-05, 3.504691630951129e-05, 0.00018130090029444546, 0.00227656913921237, 6.985420623095706e-05, 1.2040065485052764e-05, 0.0002797450579237193, 0.4745709300041199, 8.344646857949556e-07, 2.3841855067985307e-07]",1.0152039341014734,0.00026917750173804933
258,10,12,135,0.000125885009765625,0.00015415289090014994,1.0070041763996123,"[17.35073471069336, 5.411955135059543e-05, 5.602820692729438e-06, 3.6000557884108275e-05, 1.955322027206421, 2.362546682357788, 0.001313776709139347, 1.9073468138230965e-06, 3.480850500636734e-05, 0.0003777029050979763, 0.006090651731938124, 3.6477376852417365e-05, 1.7881233361549675e-05, 3.2543604902457446e-05, 0.0001823735801735893, 0.002331873867660761, 6.937739817658439e-05, 1.597391747054644e-05, 0.00028713393840007484, 0.4745991826057434, 8.344646857949556e-07, 2.3841855067985307e-07]",1.0152039341014734,0.008199757701861099
259,39,32,135,0.00011730194091796875,0.00013346836203709245,1.0085161593693925,"[17.350725173950195, 6.389413465512916e-05, 6.794906312279636e-06, 3.838465272565372e-05, 2.0448741912841797, 2.305889368057251, 0.0013406822690740228, 2.3841830625315197e-06, 3.4450891689630225e-05, 0.0003771070914808661, 0.006192188709974289, 3.6238969187252223e-05, 2.1457441107486375e-05, 3.671578815556131e-05, 0.00017438798386137933, 0.0025720868725329638, 6.97350042173639e-05, 1.3708974620385561e-05, 0.00028713393840007484, 0.47459834814071655, 8.344646857949556e-07, 2.3841855067985307e-07]",1.0152039341014734,0.00668777473208082
260,157,150,135,7.82012939453125e-05,8.868137956596911e-05,1.0084599149460884,"[17.337379455566406, 5.9602869441732764e-05, 4.887569048150908e-06, 4.136476854910143e-05, 2.052426815032959, 2.3109867572784424, 0.0012881800066679716, 2.50339189733495e-06, 3.4927710657939315e-05, 0.0003796095261350274, 0.005713797174394131, 3.6238969187252223e-05, 1.823885577323381e-05, 3.766942609217949e-05, 0.00018106251081917435, 0.0025664984714239836, 7.962863310240209e-05, 1.1920858014491387e-05, 0.00029202012228779495, 0.47457563877105713, 1.0728830375228426e-06, 2.3841855067985307e-07]",1.0152039341014734,0.006744019155384917
261,122,119,135,8.821487426757812e-05,0.00010141741222469136,1.0163556416720767,"[17.4132080078125, 5.0424259825376794e-05, 5.602820692729438e-06, 4.136476854910143e-05, 2.0464792251586914, 2.4157135486602783, 0.0013168720761314034, 2.264974000354414e-06, 3.0636318115284666e-05, 0.00039569655200466514, 0.005029407329857349, 3.45700973412022e-05, 1.883488948806189e-05, 3.659658250398934e-05, 0.0001821352052502334, 0.0023302086628973484, 6.246371776796877e-05, 1.3947389561508317e-05, 0.00028701478731818497, 0.4745839834213257, 1.0728830375228426e-06, 2.3841855067985307e-07]",1.0152039341014734,-0.0011517075706033442
265,17,13,135,0.0001239776611328125,0.00015364060527645051,1.0110125789753746,"[17.337398529052734, 5.0424259825376794e-05, 5.245195097813848e-06, 3.7431014789035544e-05, 2.0572609901428223, 2.362666130065918, 0.0013044904917478561, 2.50339189733495e-06, 3.40932747349143e-05, 0.0003793711948674172, 0.005591229535639286, 4.23184028477408e-05, 1.9430925021879375e-05, 3.6000557884108275e-05, 0.00018308870494365692, 0.0022902467753738165, 7.068861305015162e-05, 1.2516897186287679e-05, 0.0002865380665753037, 0.4746042788028717, 9.536738616588991e-07, 2.3841855067985307e-07]",1.0152039341014734,0.004191355126098806
266,55,44,135,0.00011157989501953125,0.00012812319619115442,1.0177096381988635,"[17.475709915161133, 5.519237674889155e-05, 5.245195097813848e-06, 3.909988299710676e-05, 2.025118350982666, 2.3542897701263428, 0.0012512720422819257, 1.9073468138230965e-06, 3.480850500636734e-05, 0.0003810394846368581, 0.006153684109449387, 3.58813522325363e-05, 2.0146166207268834e-05, 3.349725011503324e-05, 0.0001821352052502334, 0.0022864409256726503, 7.033100700937212e-05, 1.1444026313256472e-05, 0.0002873722987715155, 0.5236428380012512, 1.4305104514278355e-06, 2.3841855067985307e-07]",1.0152039341014734,-0.002505704097390149
267,79,90,135,0.00010156631469726562,0.00011093441571574658,1.0190068476192031,"[17.462322235107422, 5.400034933700226e-05, 6.6756979322235566e-06, 3.802703940891661e-05, 2.056154251098633, 2.4130964279174805, 0.001383896335028112, 2.145764938177308e-06, 3.45700973412022e-05, 0.0003793711948674172, 0.006829136051237583, 3.576214658096433e-05, 1.8596476365928538e-05, 3.6954195820726454e-05, 0.00018308870494365692, 0.0025889708194881678, 7.974783511599526e-05, 1.3708974620385561e-05, 0.000286657246761024, 0.47460487484931946, 1.311301275563892e-06, 2.3841855067985307e-07]",1.0152039341014734,-0.003802913517729767
268,267,240,135,4.5299530029296875e-05,6.000596476951614e-05,1.0119185398485682,"[17.462364196777344, 5.7338023907504976e-05, 4.887569048150908e-06, 3.6000557884108275e-05, 2.0092740058898926, 2.3054728507995605, 0.0013774678809568286, 2.50339189733495e-06, 3.433168603805825e-05, 0.00038068200228735805, 0.0056912763975560665, 3.6238969187252223e-05, 1.966933996300213e-05, 3.6477376852417365e-05, 0.00018499570433050394, 0.002272525103762746, 7.879423355916515e-05, 1.168244216387393e-05, 0.0002847504511009902, 0.4745856523513794, 1.311301275563892e-06, 2.3841855067985307e-07]",1.0152039341014734,0.003285394252905194
269,235,238,135,5.2928924560546875e-05,6.095251956139691e-05,1.0121757269274345,"[17.41338539123535, 6.615896563744172e-05, 5.602820692729438e-06, 3.8980677345534787e-05, 2.057276725769043, 2.3112945556640625, 0.0013259199913591146, 1.6689286894688848e-06, 3.480850500636734e-05, 0.00037949037505313754, 0.0062343645840883255, 3.6238969187252223e-05, 1.9192511899746023e-05, 3.659658250398934e-05, 0.00018380382971372455, 0.0025964616797864437, 7.843663479434326e-05, 1.4066597032069694e-05, 0.0002851079625543207, 0.47457122802734375, 9.536738616588991e-07, 2.3841855067985307e-07]",1.0152039341014734,0.003028207174038844
270,300,262,135,3.552436828613281e-05,5.438201333163306e-05,1.0163849149820912,"[17.39989471435547, 5.4596363042946905e-05, 6.318072337307967e-06, 3.45700973412022e-05, 2.059359550476074, 2.4161531925201416, 0.001303299912251532, 2.50339189733495e-06, 3.397406908334233e-05, 0.0003797286772169173, 0.005440548062324524, 3.433168603805825e-05, 2.074220174108632e-05, 3.659658250398934e-05, 0.00019035911827813834, 0.0025326102040708065, 7.10462118149735e-05, 1.4066597032069694e-05, 0.00031704644788987935, 0.4745867848396301, 1.311301275563892e-06, 2.3841855067985307e-07]",1.0152039341014734,-0.001180980880617799
271,97,48,135,9.5367431640625e-05,0.0001262619043700397,1.0083459831966415,"[17.3901309967041, 4.8874615458771586e-05, 5.602820692729438e-06, 3.302042750874534e-05, 2.001263380050659, 2.30721378326416, 0.0013763965107500553, 2.3841830625315197e-06, 3.421248038648628e-05, 0.0003927174839191139, 0.005570484325289726, 3.969590397900902e-05, 2.0146166207268834e-05, 3.6954195820726454e-05, 0.0001811817055568099, 0.0022884628269821405, 7.068861305015162e-05, 1.4781842764932662e-05, 0.0002873722987715155, 0.4745989441871643, 1.311301275563892e-06, 2.3841855067985307e-07]",1.0152039341014734,0.006857950904831878
277,166,86,135,7.486343383789062e-05,0.00011276638542767614,1.0091892428033937,"[17.350893020629883, 5.1377883210079744e-05, 6.9141146923357155e-06, 3.838465272565372e-05, 2.0613670349121094, 2.3048901557922363, 0.0013675870141014457, 1.9073468138230965e-06, 3.814624506048858e-05, 0.00035851728171110153, 0.00559976464137435, 3.8265450712060556e-05, 1.9311717551317997e-05, 3.480850500636734e-05, 0.00019274283840786666, 0.0022891764529049397, 7.891343557275832e-05, 1.2874520507466514e-05, 0.00028975578607060015, 0.47459301352500916, 1.4305104514278355e-06, 2.3841855067985307e-07]",1.0152039341014734,0.006014691298079633
278,118,56,135,8.869171142578125e-05,0.00012417211837600917,1.016050366247321,"[17.47584342956543, 5.590759246842936e-05, 4.887569048150908e-06, 4.756337511935271e-05, 2.0380725860595703, 2.354196071624756, 0.0013800868764519691, 2.264974000354414e-06, 3.4450891689630225e-05, 0.0003762729174923152, 0.00556977279484272, 3.802703940891661e-05, 1.8358061424805783e-05, 3.349725011503324e-05, 0.000196556793525815, 0.0022845377679914236, 7.807903602952138e-05, 1.4305012882687151e-05, 0.0002857038634829223, 0.47457462549209595, 8.344646857949556e-07, 2.3841855067985307e-07]",1.0152039341014734,-0.0008464321458476753
279,174,96,135,7.295608520507812e-05,0.00010671095515135676,1.0108347125107455,"[17.39984893798828, 4.851700214203447e-05, 5.483612312673358e-06, 4.2676016164477915e-05, 2.050118923187256, 2.3034684658050537, 0.0012715120101347566, 1.9073468138230965e-06, 3.480850500636734e-05, 0.00037889453233219683, 0.005616479087620974, 3.9934315282152966e-05, 1.847726889536716e-05, 3.576214658096433e-05, 0.00019774865359067917, 0.0022922686766833067, 6.985420623095706e-05, 1.3708974620385561e-05, 0.0002862997353076935, 0.47457170486450195, 1.0728830375228426e-06, 2.3841855067985307e-07]",1.0152039341014734,0.004369221590727834
280,60,1,135,0.00010919570922851562,0.00020711477554868907,1.0176314863062108,"[17.46233558654785, 6.544376083184034e-05, 5.602820692729438e-06, 4.1126360883936286e-05, 2.0291295051574707, 2.4108617305755615, 0.001312467036768794, 2.264974000354414e-06, 3.421248038648628e-05, 0.0003793711948674172, 0.006212329026311636, 3.802703940891661e-05, 1.9430925021879375e-05, 3.373566141817719e-05, 0.00019774865359067917, 0.002281088614836335, 7.152301259338856e-05, 1.1801649634435307e-05, 0.0002865380665753037, 0.474572092294693, 8.344646857949556e-07, 2.3841855067985307e-07]",1.0152039341014734,-0.0024275522047374487
303,81,62,135,0.0001010894775390625,0.00012294227781239897,1.0173879562875265,"[17.4758243560791, 5.4596363042946905e-05, 6.6756979322235566e-06, 4.1126360883936286e-05, 2.0523970127105713, 2.369159698486328, 0.0015144795179367065, 2.3841830625315197e-06, 3.9457496313843876e-05, 0.000377583724912256, 0.005569180008023977, 3.659658250398934e-05, 1.823885577323381e-05, 3.9457496313843876e-05, 0.00017438798386137933, 0.0022857272997498512, 6.961580220377073e-05, 1.4185804502631072e-05, 0.0002862997353076935, 0.47462254762649536, 1.1920922133867862e-06, 2.3841855067985307e-07]",1.0152039341014734,-0.0021840221860531805
304,82,82,135,0.00010061264038085938,0.00011429293226683512,1.0119506094366244,"[17.39985466003418, 5.4834770708112046e-05, 6.556489552167477e-06, 3.7431014789035544e-05, 2.02445125579834, 2.3533031940460205, 0.0014726994559168816, 2.264974000354414e-06, 3.433168603805825e-05, 0.0003813969960901886, 0.005573803558945656, 3.981510963058099e-05, 1.7762025890988298e-05, 3.886147169396281e-05, 0.00018261195509694517, 0.0025211949832737446, 7.056941103655845e-05, 1.3589766240329482e-05, 0.0002864189154934138, 0.47456860542297363, 1.311301275563892e-06, 2.3841855067985307e-07]",1.0152039341014734,0.0032533246648489555
305,158,163,135,7.772445678710938e-05,8.50732103572227e-05,1.0101905497588681,"[17.33735466003418, 5.507317473529838e-05, 5.245195097813848e-06, 3.909988299710676e-05, 2.0482475757598877, 2.3529348373413086, 0.001405204995535314, 2.0265558760002023e-06, 3.85038583772257e-05, 0.0003599472693167627, 0.006233179941773415, 3.9219088648678735e-05, 1.8358061424805783e-05, 3.969590397900902e-05, 0.000192504478036426, 0.002275260630995035, 6.97350042173639e-05, 1.3947389561508317e-05, 0.00027938754647038877, 0.474587082862854, 1.311301275563892e-06, 2.3841855067985307e-07]",1.0152039341014734,0.005013384342605232
306,316,303,135,2.7894973754882812e-05,3.800580452661961e-05,1.0181985710018195,"[17.4757080078125, 4.8636207793606445e-05, 5.245195097813848e-06, 3.58813522325363e-05, 2.0256497859954834, 2.4134206771850586, 0.001302704680711031, 2.145764938177308e-06, 3.135155202471651e-05, 0.0003916450368706137, 0.006281631998717785, 3.564294092939235e-05, 1.7881233361549675e-05, 3.313963316031732e-05, 0.00016485285595990717, 0.0022865599021315575, 7.903263758635148e-05, 1.2874520507466514e-05, 0.0002865380665753037, 0.47457313537597656, 9.536738616588991e-07, 2.3841855067985307e-07]",1.0152039341014734,-0.0029946369003461815
307,40,41,135,0.00011730194091796875,0.00012921485176775604,1.0115148982608468,"[17.39989471435547, 5.340433563105762e-05, 4.291525328881107e-06, 3.5523738915799186e-05, 2.0090019702911377, 2.3586220741271973, 0.001384372473694384, 2.0265558760002023e-06, 3.4450891689630225e-05, 0.0003798478574026376, 0.006125248968601227, 4.1126360883936286e-05, 1.823885577323381e-05, 3.731181277544238e-05, 0.00017021637177094817, 0.002575653837993741, 7.92710343375802e-05, 1.168244216387393e-05, 0.00028546550311148167, 0.47456955909729004, 1.0728830375228426e-06, 2.3841855067985307e-07]",1.0152039341014734,0.00368903584062652
313,128,129,135,8.535385131835938e-05,9.657267946749926e-05,1.0140204764425922,"[17.35089683532715, 5.1377883210079744e-05, 5.8412379075889476e-06, 3.564294092939235e-05, 2.054323434829712, 2.4184203147888184, 0.001256391522474587, 2.3841830625315197e-06, 3.4450891689630225e-05, 0.00037579628406092525, 0.005619324278086424, 3.838465272565372e-05, 1.8596476365928538e-05, 3.611976353568025e-05, 0.00018070495571009815, 0.0022326798643916845, 7.009260298218578e-05, 1.2040065485052764e-05, 0.00026603974401950836, 0.47457247972488403, 1.311301275563892e-06, 2.3841855067985307e-07]",1.0152039341014734,0.0011834576588811707
314,179,181,135,7.104873657226562e-05,7.890545384725556e-05,1.0161678169779136,"[17.399858474731445, 5.8887653722194955e-05, 6.6756979322235566e-06, 4.0649541915627196e-05, 2.004206418991089, 2.466417074203491, 0.0012985378270968795, 2.145764938177308e-06, 3.4450891689630225e-05, 0.00037722624256275594, 0.005594548769295216, 4.172238186583854e-05, 1.9073304429184645e-05, 3.373566141817719e-05, 0.00017355366435367614, 0.0025553214363753796, 7.045020902296528e-05, 1.2874520507466514e-05, 0.00031704644788987935, 0.4745717942714691, 1.0728830375228426e-06, 2.3841855067985307e-07]",1.0152039341014734,-0.0009638828764402252
315,229,235,135,5.5789947509765625e-05,6.188382394611835e-05,1.0163849149820912,"[17.39989471435547, 5.4596363042946905e-05, 6.318072337307967e-06, 3.45700973412022e-05, 2.059359550476074, 2.4161531925201416, 0.001303299912251532, 2.50339189733495e-06, 3.397406908334233e-05, 0.0003797286772169173, 0.005440548062324524, 3.433168603805825e-05, 2.074220174108632e-05, 3.659658250398934e-05, 0.00019035911827813834, 0.0025326102040708065, 7.10462118149735e-05, 1.4066597032069694e-05, 0.00031704644788987935, 0.4745867848396301, 1.311301275563892e-06, 2.3841855067985307e-07]",1.0152039341014734,-0.001180980880617799
316,266,256,135,4.553794860839844e-05,5.550732385017909e-05,1.0125082731425734,"[17.41334342956543, 6.174850568640977e-05, 5.8412379075889476e-06, 3.8742269680369645e-05, 2.0219130516052246, 2.354595422744751, 0.0014207994099706411, 2.264974000354414e-06, 3.480850500636734e-05, 0.00035637227119877934, 0.0056493147276341915, 4.279521817807108e-05, 1.883488948806189e-05, 4.029192859889008e-05, 0.00018106251081917435, 0.002527615986764431, 7.045020902296528e-05, 1.4066597032069694e-05, 0.000291662581730634, 0.47457200288772583, 1.1920922133867862e-06, 2.3841855067985307e-07]",1.0152039341014734,0.002695660958899948
322,152,158,135,7.915496826171875e-05,8.661939500598237e-05,1.0181985710018195,"[17.4757080078125, 4.8636207793606445e-05, 5.245195097813848e-06, 3.58813522325363e-05, 2.0256497859954834, 2.4134206771850586, 0.001302704680711031, 2.145764938177308e-06, 3.135155202471651e-05, 0.0003916450368706137, 0.006281631998717785, 3.564294092939235e-05, 1.7881233361549675e-05, 3.313963316031732e-05, 0.00016485285595990717, 0.0022865599021315575, 7.903263758635148e-05, 1.2874520507466514e-05, 0.0002865380665753037, 0.47457313537597656, 9.536738616588991e-07, 2.3841855067985307e-07]",1.0152039341014734,-0.0029946369003461815
323,220,216,135,5.8650970458984375e-05,6.7076638515573e-05,1.0049495123523051,"[17.274890899658203, 5.2927523938706145e-05, 6.079655122448457e-06, 3.683499380713329e-05, 1.9858735799789429, 2.362466812133789, 0.0014603198505938053, 2.50339189733495e-06, 3.421248038648628e-05, 0.0003911683743353933, 0.006185435689985752, 4.172238186583854e-05, 2.0861407392658293e-05, 3.397406908334233e-05, 0.00018106251081917435, 0.002286916598677635, 7.962863310240209e-05, 1.2159273865108844e-05, 0.00026008085114881396, 0.47457054257392883, 1.311301275563892e-06, 2.3841855067985307e-07]",1.0152039341014734,0.010254421749168241
324,247,250,135,5.078315734863281e-05,5.664440686814487e-05,1.0153307944078152,"[17.400022506713867, 5.495397272170521e-05, 5.602820692729438e-06, 4.100715523236431e-05, 2.029961109161377, 2.467804193496704, 0.0012735360069200397, 1.5497195136049413e-06, 3.45700973412022e-05, 0.00039176418795250356, 0.005570721346884966, 3.4927710657939315e-05, 2.0503786799963564e-05, 3.659658250398934e-05, 0.00017474555352237076, 0.002282991772517562, 7.068861305015162e-05, 1.4185804502631072e-05, 0.0002640137099660933, 0.4292161166667938, 9.536738616588991e-07, 2.3841855067985307e-07]",1.0152039341014734,-0.00012686030634179168
325,279,249,135,4.220008850097656e-05,5.709488323191181e-05,1.0024764449150714,"[17.275033950805664, 5.328513361746445e-05, 4.529942543740617e-06, 4.482168878894299e-05, 1.9895228147506714, 2.3047518730163574, 0.0013156814966350794, 2.264974000354414e-06, 3.516612196108326e-05, 0.00037925204378552735, 0.00550646660849452, 3.6000557884108275e-05, 1.9311717551317997e-05, 3.9457496313843876e-05, 0.00019786784832831472, 0.0025838580913841724, 7.915183232398704e-05, 1.156323378381785e-05, 0.00028951745480298996, 0.4745732843875885, 1.311301275563892e-06, 3.576278118089249e-07]",1.0152039341014734,0.012727489186401986
349,24,20,135,0.00012063980102539062,0.00014332038699649274,1.0085315603030667,"[17.350872039794922, 5.1020273531321436e-05, 4.887569048150908e-06, 3.4927710657939315e-05, 2.0443902015686035, 2.306638717651367, 0.0014697236474603415, 2.264974000354414e-06, 3.421248038648628e-05, 0.0003805628512054682, 0.006268364377319813, 3.886147169396281e-05, 1.7881233361549675e-05, 3.6000557884108275e-05, 0.00019262365822214633, 0.002314390614628792, 7.056941103655845e-05, 1.4066597032069694e-05, 0.0002903516869992018, 0.47457122802734375, 1.1920922133867862e-06, 2.3841855067985307e-07]",1.0152039341014734,0.006672373798406683
351,178,175,135,7.152557373046875e-05,8.201451419154182e-05,1.0084919050192553,"[17.350788116455078, 4.851700214203447e-05, 5.483612312673358e-06, 4.2199197196168825e-05, 2.0377466678619385, 2.3132922649383545, 0.0013087764382362366, 1.9073468138230965e-06, 3.480850500636734e-05, 0.000433112756581977, 0.005606758873909712, 3.433168603805825e-05, 1.9311717551317997e-05, 3.325883881188929e-05, 0.00018761781393550336, 0.002295004203915596, 6.985420623095706e-05, 1.4066597032069694e-05, 0.00028618055512197316, 0.4745725989341736, 8.344646857949556e-07, 2.3841855067985307e-07]",1.0152039341014734,0.006712029082218018
352,108,103,135,9.34600830078125e-05,0.00010528766870265827,1.0041177931509369,"[17.337404251098633, 4.911301948595792e-05, 5.245195097813848e-06, 3.5523738915799186e-05, 1.9605605602264404, 2.3067727088928223, 0.0014963869471102953, 2.145764938177308e-06, 3.135155202471651e-05, 0.0004037995240651071, 0.006074656266719103, 3.862306402879767e-05, 1.823885577323381e-05, 3.516612196108326e-05, 0.00018285033002030104, 0.0025299943517893553, 7.950943836476654e-05, 1.2874520507466514e-05, 0.00029047083808109164, 0.47456690669059753, 8.344646857949556e-07, 2.3841855067985307e-07]",1.0152039341014734,0.011086140950536505
353,52,53,135,0.00011205673217773438,0.00012524444900918752,1.0199874238522633,"[17.493005752563477, 5.674201020156033e-05, 5.602820692729438e-06, 3.9219088648678735e-05, 2.1046142578125, 2.356342315673828, 0.0011960265692323446, 2.145764938177308e-06, 3.111314072157256e-05, 0.0003805628512054682, 0.006281276699155569, 3.540453326422721e-05, 2.0503786799963564e-05, 3.802703940891661e-05, 0.00018285033002030104, 0.00255555915646255, 7.033100700937212e-05, 1.1205610462639015e-05, 0.0002864189154934138, 0.4745670557022095, 7.152555099310121e-07, 2.3841855067985307e-07]",1.0152039341014734,-0.004783489750789904
358,148,146,135,8.0108642578125e-05,8.980200800579041e-05,1.0136146879888293,"[17.274993896484375, 5.3881147323409095e-05, 5.483612312673358e-06, 3.957670196541585e-05, 2.0706429481506348, 2.468055486679077, 0.0013718727277591825, 1.9073468138230965e-06, 3.4450891689630225e-05, 0.00040522945346310735, 0.006120035890489817, 4.339123915997334e-05, 2.002696055569686e-05, 3.969590397900902e-05, 0.0001805857609724626, 0.002560672117397189, 7.974783511599526e-05, 1.4185804502631072e-05, 0.0002859421947505325, 0.47457268834114075, 1.1920922133867862e-06, 2.3841855067985307e-07]",1.0152039341014734,0.0015892461126441049
359,93,106,135,9.584426879882812e-05,0.00010488613042980433,1.0143084372804338,"[17.492904663085938, 5.793403761344962e-05, 6.9141146923357155e-06, 3.9457496313843876e-05, 2.0289835929870605, 2.307771682739258, 0.001179118873551488, 2.3841830625315197e-06, 3.4689302992774174e-05, 0.00037853704998269677, 0.005631889682263136, 3.9934315282152966e-05, 2.0146166207268834e-05, 3.373566141817719e-05, 0.00018261195509694517, 0.0025620989035815, 7.879423355916515e-05, 1.1801649634435307e-05, 0.00028713393840007484, 0.4745774269104004, 8.344646857949556e-07, 2.3841855067985307e-07]",1.0152039341014734,0.0008954968210395098
360,219,228,135,5.888938903808594e-05,6.36988042970188e-05,1.0172369676738462,"[17.413339614868164, 5.4596363042946905e-05, 6.318072337307967e-06, 3.540453326422721e-05, 2.0648632049560547, 2.416382074356079, 0.0012367465533316135, 2.264974000354414e-06, 3.862306402879767e-05, 0.00037877538125030696, 0.005610907915979624, 3.8742269680369645e-05, 2.109982233378105e-05, 3.4689302992774174e-05, 0.00017987063620239496, 0.0020424711983650923, 6.997340824455023e-05, 1.1205610462639015e-05, 0.00029094755882397294, 0.4745746850967407, 8.344646857949556e-07, 2.3841855067985307e-07]",1.0152039341014734,-0.0020330335723728332
361,321,315,135,2.6226043701171875e-05,3.205743996659294e-05,1.0087690978568624,"[17.350881576538086, 5.638440416078083e-05, 5.602820692729438e-06, 3.8265450712060556e-05, 2.0525879859924316, 2.304412364959717, 0.0014225849881768227, 1.4305104514278355e-06, 3.433168603805825e-05, 0.00038092033355496824, 0.005586962215602398, 4.0649541915627196e-05, 1.811964830267243e-05, 3.397406908334233e-05, 0.00017438798386137933, 0.0022978587076067924, 7.033100700937212e-05, 1.1205610462639015e-05, 0.00028761065914295614, 0.47457653284072876, 8.344646857949556e-07, 2.3841855067985307e-07]",1.0152039341014734,0.006434836244610942
362,231,237,135,5.555152893066406e-05,6.123726780060679e-05,1.016179525296013,"[17.41318702697754, 5.4834770708112046e-05, 5.602820692729438e-06, 3.564294092939235e-05, 2.046548366546631, 2.4110679626464844, 0.0014074668288230896, 2.50339189733495e-06, 3.9219088648678735e-05, 0.00037722624256275594, 0.005537527613341808, 3.611976353568025e-05, 1.8000440832111053e-05, 3.683499380713329e-05, 0.00016449528629891574, 0.0024970562662929296, 6.97350042173639e-05, 1.2755313036905136e-05, 0.00028725311858579516, 0.4745623767375946, 1.311301275563892e-06, 2.3841855067985307e-07]",1.0152039341014734,-0.0009755911945397155
363,150,132,135,7.963180541992188e-05,9.549731475999579e-05,1.0163849149820912,"[17.39989471435547, 5.4596363042946905e-05, 6.318072337307967e-06, 3.45700973412022e-05, 2.059359550476074, 2.4161531925201416, 0.001303299912251532, 2.50339189733495e-06, 3.397406908334233e-05, 0.0003797286772169173, 0.005440548062324524, 3.433168603805825e-05, 2.074220174108632e-05, 3.659658250398934e-05, 0.00019035911827813834, 0.0025326102040708065, 7.10462118149735e-05, 1.4066597032069694e-05, 0.00031704644788987935, 0.4745867848396301, 1.311301275563892e-06, 2.3841855067985307e-07]",1.0152039341014734,-0.001180980880617799
366,71,67,135,0.00010395050048828125,0.00012063862232025713,1.0173218437010858,"[17.475818634033203, 5.5549986427649856e-05, 5.245195097813848e-06, 4.005352093372494e-05, 2.0640196800231934, 2.3556108474731445, 0.0012032896047458053, 1.6689286894688848e-06, 3.4689302992774174e-05, 0.00039664984797127545, 0.006299045868217945, 3.6238969187252223e-05, 2.1219027985353023e-05, 3.576214658096433e-05, 0.00020418466010596603, 0.0023384150117635727, 7.974783511599526e-05, 1.2516897186287679e-05, 0.00028975578607060015, 0.4745761752128601, 9.536738616588991e-07, 2.3841855067985307e-07]",1.0152039341014734,-0.002117909599612444
368,116,115,135,9.012222290039062e-05,0.00010231257328996435,1.0163849149820912,"[17.39989471435547, 5.4596363042946905e-05, 6.318072337307967e-06, 3.45700973412022e-05, 2.059359550476074, 2.4161531925201416, 0.001303299912251532, 2.50339189733495e-06, 3.397406908334233e-05, 0.0003797286772169173, 0.005440548062324524, 3.433168603805825e-05, 2.074220174108632e-05, 3.659658250398934e-05, 0.00019035911827813834, 0.0025326102040708065, 7.10462118149735e-05, 1.4066597032069694e-05, 0.00031704644788987935, 0.4745867848396301, 1.311301275563892e-06, 2.3841855067985307e-07]",1.0152039341014734,-0.001180980880617799
369,61,70,135,0.00010919570922851562,0.00011939367686863989,1.0143053440523355,"[17.399858474731445, 5.364274329622276e-05, 5.006777428206988e-06, 3.671578815556131e-05, 2.0571532249450684, 2.4172816276550293, 0.0013663965510204434, 2.3841830625315197e-06, 3.540453326422721e-05, 0.0003805628512054682, 0.006097049918025732, 4.184158387943171e-05, 2.038458114839159e-05, 3.671578815556131e-05, 0.0001896439935080707, 0.002568519674241543, 6.937739817658439e-05, 1.4185804502631072e-05, 0.00028713393840007484, 0.42921796441078186, 1.0728830375228426e-06, 2.3841855067985307e-07]",1.0152039341014734,0.0008985900491378374
370,194,177,135,6.67572021484375e-05,8.034848724491894e-05,1.0163849149820912,"[17.39989471435547, 5.4596363042946905e-05, 6.318072337307967e-06, 3.45700973412022e-05, 2.059359550476074, 2.4161531925201416, 0.001303299912251532, 2.50339189733495e-06, 3.397406908334233e-05, 0.0003797286772169173, 0.005440548062324524, 3.433168603805825e-05, 2.074220174108632e-05, 3.659658250398934e-05, 0.00019035911827813834, 0.0025326102040708065, 7.10462118149735e-05, 1.4066597032069694e-05, 0.00031704644788987935, 0.4745867848396301, 1.311301275563892e-06, 2.3841855067985307e-07]",1.0152039341014734,-0.001180980880617799
380,5,7,135,0.00012874603271484375,0.00017153016233351082,1.0092180339227057,"[17.350858688354492, 6.0794889577664435e-05, 6.437280717364047e-06, 4.100715523236431e-05, 2.104236364364624, 2.3071184158325195, 0.0013823487097397447, 1.7881377516459906e-06, 3.504691630951129e-05, 0.00037746457383036613, 0.006270496640354395, 3.611976353568025e-05, 2.0503786799963564e-05, 3.6954195820726454e-05, 0.00017569905321579427, 0.002581836888566613, 6.246371776796877e-05, 1.3947389561508317e-05, 0.0002646096108946949, 0.42921432852745056, 1.1920922133867862e-06, 2.3841855067985307e-07]",1.0152039341014734,0.005985900178767656
397,143,142,135,8.153915405273438e-05,9.027562191477045e-05,1.0053507148664005,"[17.27503204345703, 5.328513361746445e-05, 5.245195097813848e-06, 4.076874756719917e-05, 1.9424324035644531, 2.414827823638916, 0.0014463926199823618, 2.264974000354414e-06, 3.45700973412022e-05, 0.0003810394846368581, 0.005621813703328371, 3.9934315282152966e-05, 1.8000440832111053e-05, 3.659658250398934e-05, 0.0001740304142003879, 0.002613226417452097, 7.033100700937212e-05, 1.2397689715726301e-05, 0.0002926159941125661, 0.47457951307296753, 1.1920922133867862e-06, 2.3841855067985307e-07]",1.0152039341014734,0.009853219235072874
398,11,33,135,0.000125885009765625,0.00013306945038493723,1.0134957486561986,"[17.49286651611328, 6.103329360485077e-05, 5.483612312673358e-06, 4.2676016164477915e-05, 2.0119333267211914, 2.3069281578063965, 0.0013006808003410697, 2.264974000354414e-06, 3.480850500636734e-05, 0.0003817544784396887, 0.005636512767523527, 4.124556289752945e-05, 1.9073304429184645e-05, 3.373566141817719e-05, 0.00016819016309455037, 0.0025012181140482426, 7.939023635117337e-05, 1.0847986231965479e-05, 0.0002862997353076935, 0.47457170486450195, 1.311301275563892e-06, 2.3841855067985307e-07]",1.0152039341014734,0.0017081854452747347
404,125,136,135,8.630752563476562e-05,9.344433783553541e-05,1.016733640681556,"[17.46236228942871, 6.031808152329177e-05, 4.887569048150908e-06, 4.0649541915627196e-05, 2.066223382949829, 2.353807210922241, 0.001334729720838368, 2.7418097943154862e-06, 3.075552376685664e-05, 0.0003797286772169173, 0.00607050908729434, 4.1960789531003684e-05, 1.9550132492440753e-05, 3.6238969187252223e-05, 0.00019012074335478246, 0.0025843337643891573, 6.937739817658439e-05, 1.4185804502631072e-05, 0.0002864189154934138, 0.4745791554450989, 1.311301275563892e-06, 2.3841855067985307e-07]",1.0152039341014734,-0.0015297065800825571
405,111,131,135,9.1552734375e-05,9.580842743162066e-05,1.0048502227158698,"[17.27506446838379, 5.9126061387360096e-05, 5.960446742392378e-06, 3.7431014789035544e-05, 2.0389564037323, 2.3071818351745605, 0.0012387705501168966, 2.0265558760002023e-06, 3.45700973412022e-05, 0.00037853704998269677, 0.006257465574890375, 3.909988299710676e-05, 1.8715683836489916e-05, 3.3854863431770355e-05, 0.00018714107864070684, 0.0022793046664446592, 7.855583680793643e-05, 1.3708974620385561e-05, 0.00026341783814132214, 0.47457343339920044, 8.344646857949556e-07, 2.3841855067985307e-07]",1.0152039341014734,0.010353711385603592
406,303,300,135,3.457069396972656e-05,3.837835174635984e-05,1.0114333131186235,"[17.33734130859375, 5.578839045483619e-05, 5.483612312673358e-06, 3.58813522325363e-05, 2.020125389099121, 2.4087588787078857, 0.001374610816128552, 2.7418097943154862e-06, 3.862306402879767e-05, 0.00039200251922011375, 0.005563964135944843, 3.611976353568025e-05, 1.9788545614574105e-05, 3.671578815556131e-05, 0.0001805857609724626, 0.002559126354753971, 7.939023635117337e-05, 1.4305012882687151e-05, 0.00028689560713246465, 0.4746238589286804, 1.1920922133867862e-06, 2.3841855067985307e-07]",1.0152039341014734,0.0037706209828498594
407,271,280,135,4.38690185546875e-05,4.810048994841054e-05,1.0110378750810105,"[17.399898529052734, 5.519237674889155e-05, 7.033323527139146e-06, 3.969590397900902e-05, 2.0450782775878906, 2.3572335243225098, 0.0013933007139712572, 1.9073468138230965e-06, 3.0874729418428615e-05, 0.00037281715776771307, 0.006327949929982424, 3.909988299710676e-05, 1.9788545614574105e-05, 3.576214658096433e-05, 0.00018594920402392745, 0.002545333234593272, 7.021180499577895e-05, 1.1205610462639015e-05, 0.0002899941464420408, 0.429195374250412, 1.1920922133867862e-06, 2.3841855067985307e-07]",1.0152039341014734,0.004166059020462853
408,227,227,135,5.7697296142578125e-05,6.403308361768723e-05,1.009557835473328,"[17.350900650024414, 5.054346183896996e-05, 4.887569048150908e-06, 4.4225667807040736e-05, 2.0634913444519043, 2.3099169731140137, 0.0014722233172506094, 2.264974000354414e-06, 3.516612196108326e-05, 0.00039593485416844487, 0.006175128277391195, 3.516612196108326e-05, 1.823885577323381e-05, 3.0397906812140718e-05, 0.00018308870494365692, 0.002553062280640006, 7.056941103655845e-05, 1.4066597032069694e-05, 0.00028725311858579516, 0.4745897650718689, 1.1920922133867862e-06, 2.3841855067985307e-07]",1.0152039341014734,0.005646098628145468
413,33,36,135,0.00011873245239257812,0.00013234742800705135,1.011716643896843,"[17.475692749023438, 5.280832192511298e-05, 5.125986263010418e-06, 3.9219088648678735e-05, 1.9964792728424072, 2.3002350330352783, 0.0012182918144389987, 2.264974000354414e-06, 3.40932747349143e-05, 0.0003797286772169173, 0.006129514425992966, 3.71926071238704e-05, 1.7881233361549675e-05, 3.6238969187252223e-05, 0.00018344627460464835, 0.0022840620949864388, 6.985420623095706e-05, 1.3351351299206726e-05, 0.000286657246761024, 0.4745679497718811, 1.1920922133867862e-06, 2.3841855067985307e-07]",1.0152039341014734,0.0034872902046303444
414,53,39,135,0.00011205673217773438,0.00013038089673500508,1.0135837876973595,"[17.538171768188477, 6.151010165922344e-05, 6.198863957251888e-06, 3.564294092939235e-05, 2.020899772644043, 2.300328493118286, 0.001378896413370967, 2.264974000354414e-06, 3.123234637314454e-05, 0.0003880701260641217, 0.005415175575762987, 3.421248038648628e-05, 2.0265373677830212e-05, 3.659658250398934e-05, 0.00018690270371735096, 0.0022677676752209663, 6.282132380874828e-05, 1.4185804502631072e-05, 0.0002864189154934138, 0.4292139410972595, 9.536738616588991e-07, 2.3841855067985307e-07]",1.0152039341014734,0.001620146404113898
416,63,31,135,0.0001087188720703125,0.0001342523464700207,1.011127594535133,"[17.3508358001709, 5.900685573578812e-05, 6.794906312279636e-06, 3.58813522325363e-05, 2.1006927490234375, 2.307783603668213, 0.0013186577707529068, 2.7418097943154862e-06, 3.85038583772257e-05, 0.0003564914222806692, 0.006140177603811026, 3.9219088648678735e-05, 2.074220174108632e-05, 3.504691630951129e-05, 0.00017391123401466757, 0.0023042813409119844, 7.879423355916515e-05, 1.2755313036905136e-05, 0.0002907091984525323, 0.47457966208457947, 1.311301275563892e-06, 2.3841855067985307e-07]",1.0152039341014734,0.004076339566340348
425,1,11,135,0.00013065338134765625,0.0001561758399475366,1.0123698527319105,"[17.475725173950195, 5.3165931603871286e-05, 5.006777428206988e-06, 4.1126360883936286e-05, 2.055981159210205, 2.300539493560791, 0.001190430368296802, 1.4305104514278355e-06, 3.421248038648628e-05, 0.0003587556129787117, 0.006108542904257774, 4.124556289752945e-05, 1.823885577323381e-05, 3.671578815556131e-05, 0.00018273114983458072, 0.0022388650104403496, 6.97350042173639e-05, 1.4066597032069694e-05, 0.0002865380665753037, 0.42920905351638794, 8.344646857949556e-07, 2.3841855067985307e-07]",1.0152039341014734,0.0028340813695628686
442,69,84,135,0.0001049041748046875,0.00011292244016658515,1.0085920185197714,"[17.337486267089844, 4.684815212385729e-05, 6.079655122448457e-06, 4.255681051290594e-05, 2.000399351119995, 2.3660941123962402, 0.0013686585007235408, 2.264974000354414e-06, 3.45700973412022e-05, 0.0003805628512054682, 0.005676815286278725, 3.540453326422721e-05, 1.883488948806189e-05, 3.8265450712060556e-05, 0.00018308870494365692, 0.002285013673827052, 6.23445157543756e-05, 1.2636104656849056e-05, 0.00028701478731818497, 0.47456252574920654, 9.536738616588991e-07, 2.3841855067985307e-07]",1.0152039341014734,0.006611915581701933
443,169,178,135,7.43865966796875e-05,8.023413829505444e-05,1.0113318801930753,"[17.4132137298584, 5.3165931603871286e-05, 5.960446742392378e-06, 4.31528314948082e-05, 2.0514159202575684, 2.300083637237549, 0.0014138950500637293, 2.264974000354414e-06, 3.45700973412022e-05, 0.000377583724912256, 0.005106620490550995, 3.397406908334233e-05, 2.038458114839159e-05, 3.218599158572033e-05, 0.0001734344696160406, 0.0022890574764460325, 7.033100700937212e-05, 1.3589766240329482e-05, 0.0002907091984525323, 0.4746256470680237, 1.311301275563892e-06, 2.3841855067985307e-07]",1.0152039341014734,0.0038720539083980654
444,98,117,135,9.5367431640625e-05,0.00010165282583329827,1.0150871343575263,"[17.413328170776367, 5.9960475482512265e-05, 5.006777428206988e-06, 3.957670196541585e-05, 2.057960271835327, 2.42041015625, 0.0013323486782610416, 2.0265558760002023e-06, 3.4450891689630225e-05, 0.0003771070914808661, 0.006293478421866894, 3.969590397900902e-05, 1.811964830267243e-05, 3.361645576660521e-05, 0.00017569905321579427, 0.002247785683721304, 7.92710343375802e-05, 1.1801649634435307e-05, 0.00028618055512197316, 0.4291810393333435, 9.536738616588991e-07, 2.3841855067985307e-07]",1.0152039341014734,0.00011679974394707138
449,12,28,135,0.000125885009765625,0.0001362534676445648,1.0072944299502522,"[17.337467193603516, 5.2689116273541003e-05, 5.245195097813848e-06, 4.303362584323622e-05, 2.0333375930786133, 2.3045663833618164, 0.0012041230220347643, 1.9073468138230965e-06, 3.45700973412022e-05, 0.0003813969960901886, 0.0056237103417515755, 3.8265450712060556e-05, 1.847726889536716e-05, 3.6000557884108275e-05, 0.00017355366435367614, 0.0025563915260136127, 6.890059739816934e-05, 1.1086402082582936e-05, 0.00026472879108041525, 0.47459113597869873, 8.344646857949556e-07, 2.3841855067985307e-07]",1.0152039341014734,0.007909504151221158
451,85,101,135,0.00010013580322265625,0.00010564642434474081,1.0163849149820912,"[17.39989471435547, 5.4596363042946905e-05, 6.318072337307967e-06, 3.45700973412022e-05, 2.059359550476074, 2.4161531925201416, 0.001303299912251532, 2.50339189733495e-06, 3.397406908334233e-05, 0.0003797286772169173, 0.005440548062324524, 3.433168603805825e-05, 2.074220174108632e-05, 3.659658250398934e-05, 0.00019035911827813834, 0.0025326102040708065, 7.10462118149735e-05, 1.4066597032069694e-05, 0.00031704644788987935, 0.4745867848396301, 1.311301275563892e-06, 2.3841855067985307e-07]",1.0152039341014734,-0.001180980880617799
452,234,243,135,5.316734313964844e-05,5.904892168473452e-05,1.0161678169779136,"[17.399858474731445, 5.8887653722194955e-05, 6.6756979322235566e-06, 4.0649541915627196e-05, 2.004206418991089, 2.466417074203491, 0.0012985378270968795, 2.145764938177308e-06, 3.4450891689630225e-05, 0.00037722624256275594, 0.005594548769295216, 4.172238186583854e-05, 1.9073304429184645e-05, 3.373566141817719e-05, 0.00017355366435367614, 0.0025553214363753796, 7.045020902296528e-05, 1.2874520507466514e-05, 0.00031704644788987935, 0.4745717942714691, 1.0728830375228426e-06, 2.3841855067985307e-07]",1.0152039341014734,-0.0009638828764402252
453,176,185,135,7.200241088867188e-05,7.789871597196907e-05,1.0152734276107251,"[17.4132137298584, 5.519237674889155e-05, 6.198863957251888e-06, 3.85038583772257e-05, 2.0650486946105957, 2.417391061782837, 0.001341753639280796, 1.7881377516459906e-06, 3.40932747349143e-05, 0.00038092033355496824, 0.00608366122469306, 4.1483970562694594e-05, 1.8000440832111053e-05, 3.802703940891661e-05, 0.0001892864383989945, 0.0025833826512098312, 6.365573790390044e-05, 1.1324817933200393e-05, 0.00025781645672395825, 0.4292156398296356, 9.536738616588991e-07, 2.3841855067985307e-07]",1.0152039341014734,-6.949350925178344e-05
454,18,17,135,0.0001239776611328125,0.00014754285803064704,1.0163849149820912,"[17.39989471435547, 5.4596363042946905e-05, 6.318072337307967e-06, 3.45700973412022e-05, 2.059359550476074, 2.4161531925201416, 0.001303299912251532, 2.50339189733495e-06, 3.397406908334233e-05, 0.0003797286772169173, 0.005440548062324524, 3.433168603805825e-05, 2.074220174108632e-05, 3.659658250398934e-05, 0.00019035911827813834, 0.0025326102040708065, 7.10462118149735e-05, 1.4066597032069694e-05, 0.00031704644788987935, 0.4745867848396301, 1.311301275563892e-06, 2.3841855067985307e-07]",1.0152039341014734,-0.001180980880617799
459,104,113,135,9.441375732421875e-05,0.00010295319953002036,1.0120038493908756,"[17.462337493896484, 5.173549288883805e-05, 5.245195097813848e-06, 3.7788631743751466e-05, 2.0124173164367676, 2.304701328277588, 0.0012491289526224136, 1.9073468138230965e-06, 3.421248038648628e-05, 0.0003782987187150866, 0.005613160319626331, 3.659658250398934e-05, 1.823885577323381e-05, 3.58813522325363e-05, 0.00019262365822214633, 0.0020436609629541636, 7.843663479434326e-05, 1.3708974620385561e-05, 0.0002644904307089746, 0.47457224130630493, 9.536738616588991e-07, 2.3841855067985307e-07]",1.0152039341014734,0.0032000847105977392
460,43,65,135,0.00011587142944335938,0.00012138616875745356,1.009975132946066,"[17.399993896484375, 5.590759246842936e-05, 4.291525328881107e-06, 4.088794958079234e-05, 2.066135883331299, 2.3131258487701416, 0.0013559204526245594, 2.264974000354414e-06, 3.4450891689630225e-05, 0.00037996700848452747, 0.00622228067368269, 3.957670196541585e-05, 1.8358061424805783e-05, 3.9457496313843876e-05, 0.00017379203927703202, 0.002294528530910611, 7.045020902296528e-05, 1.3947389561508317e-05, 0.0002907091984525323, 0.4291594326496124, 8.344646857949556e-07, 2.3841855067985307e-07]",1.0152039341014734,0.005228801155407359
461,245,247,135,5.1021575927734375e-05,5.7499015383655205e-05,1.016179525296013,"[17.41318702697754, 5.4834770708112046e-05, 5.602820692729438e-06, 3.564294092939235e-05, 2.046548366546631, 2.4110679626464844, 0.0014074668288230896, 2.50339189733495e-06, 3.9219088648678735e-05, 0.00037722624256275594, 0.005537527613341808, 3.611976353568025e-05, 1.8000440832111053e-05, 3.683499380713329e-05, 0.00016449528629891574, 0.0024970562662929296, 6.97350042173639e-05, 1.2755313036905136e-05, 0.00028725311858579516, 0.4745623767375946, 1.311301275563892e-06, 2.3841855067985307e-07]",1.0152039341014734,-0.0009755911945397155
462,171,168,135,7.390975952148438e-05,8.350717689609155e-05,1.016731362057332,"[17.399824142456055, 5.1973900554003194e-05, 5.8412379075889476e-06, 3.9457496313843876e-05, 2.0642282962799072, 2.4195995330810547, 0.0014093714999035, 1.9073468138230965e-06, 3.4450891689630225e-05, 0.0003808011533692479, 0.005015648435801268, 3.4450891689630225e-05, 1.9192511899746023e-05, 3.969590397900902e-05, 0.00018249277491122484, 0.002283824374899268, 7.045020902296528e-05, 1.4305012882687151e-05, 0.00028796817059628665, 0.47456496953964233, 9.536738616588991e-07, 2.3841855067985307e-07]",1.0152039341014734,-0.0015274279558585846
487,23,45,135,0.00012111663818359375,0.0001279192219953984,1.0181985710018195,"[17.4757080078125, 4.8636207793606445e-05, 5.245195097813848e-06, 3.58813522325363e-05, 2.0256497859954834, 2.4134206771850586, 0.001302704680711031, 2.145764938177308e-06, 3.135155202471651e-05, 0.0003916450368706137, 0.006281631998717785, 3.564294092939235e-05, 1.7881233361549675e-05, 3.313963316031732e-05, 0.00016485285595990717, 0.0022865599021315575, 7.903263758635148e-05, 1.2874520507466514e-05, 0.0002865380665753037, 0.47457313537597656, 9.536738616588991e-07, 2.3841855067985307e-07]",1.0152039341014734,-0.0029946369003461815
488,160,165,135,7.62939453125e-05,8.465713472105563e-05,1.0137780490935326,"[17.35088539123535, 5.7338023907504976e-05, 6.079655122448457e-06, 4.2199197196168825e-05, 2.1032915115356445, 2.3633627891540527, 0.001375206047669053, 2.50339189733495e-06, 3.4450891689630225e-05, 0.00043096792069263756, 0.005774957127869129, 4.053033626405522e-05, 1.8000440832111053e-05, 3.6000557884108275e-05, 0.00018165845540352166, 0.002570184413343668, 7.10462118149735e-05, 1.5735502529423684e-05, 0.0002859421947505325, 0.47463303804397583, 1.311301275563892e-06, 2.3841855067985307e-07]",1.0152039341014734,0.0014258850079407193
489,34,59,135,0.00011873245239257812,0.00012375811638776213,1.0181985710018195,"[17.4757080078125, 4.8636207793606445e-05, 5.245195097813848e-06, 3.58813522325363e-05, 2.0256497859954834, 2.4134206771850586, 0.001302704680711031, 2.145764938177308e-06, 3.135155202471651e-05, 0.0003916450368706137, 0.006281631998717785, 3.564294092939235e-05, 1.7881233361549675e-05, 3.313963316031732e-05, 0.00016485285595990717, 0.0022865599021315575, 7.903263758635148e-05, 1.2874520507466514e-05, 0.0002865380665753037, 0.47457313537597656, 9.536738616588991e-07, 2.3841855067985307e-07]",1.0152039341014734,-0.0029946369003461815
490,65,58,135,0.00010824203491210938,0.00012377304665278643,1.0163849149820912,"[17.39989471435547, 5.4596363042946905e-05, 6.318072337307967e-06, 3.45700973412022e-05, 2.059359550476074, 2.4161531925201416, 0.001303299912251532, 2.50339189733495e-06, 3.397406908334233e-05, 0.0003797286772169173, 0.005440548062324524, 3.433168603805825e-05, 2.074220174108632e-05, 3.659658250398934e-05, 0.00019035911827813834, 0.0025326102040708065, 7.10462118149735e-05, 1.4066597032069694e-05, 0.00031704644788987935, 0.4745867848396301, 1.311301275563892e-06, 2.3841855067985307e-07]",1.0152039341014734,-0.001180980880617799
497,249,253,135,5.0067901611328125e-05,5.5944907217053697e-05,1.0181985710018195,"[17.4757080078125, 4.8636207793606445e-05, 5.245195097813848e-06, 3.58813522325363e-05, 2.0256497859954834, 2.4134206771850586, 0.001302704680711031, 2.145764938177308e-06, 3.135155202471651e-05, 0.0003916450368706137, 0.006281631998717785, 3.564294092939235e-05, 1.7881233361549675e-05, 3.313963316031732e-05, 0.00016485285595990717, 0.0022865599021315575, 7.903263758635148e-05, 1.2874520507466514e-05, 0.0002865380665753037, 0.47457313537597656, 9.536738616588991e-07, 2.3841855067985307e-07]",1.0152039341014734,-0.0029946369003461815
498,216,226,135,6.031990051269531e-05,6.426178879337385e-05,1.0163849149820912,"[17.39989471435547, 5.4596363042946905e-05, 6.318072337307967e-06, 3.45700973412022e-05, 2.059359550476074, 2.4161531925201416, 0.001303299912251532, 2.50339189733495e-06, 3.397406908334233e-05, 0.0003797286772169173, 0.005440548062324524, 3.433168603805825e-05, 2.074220174108632e-05, 3.659658250398934e-05, 0.00019035911827813834, 0.0025326102040708065, 7.10462118149735e-05, 1.4066597032069694e-05, 0.00031704644788987935, 0.4745867848396301, 1.311301275563892e-06, 2.3841855067985307e-07]",1.0152039341014734,-0.001180980880617799
499,221,211,135,5.8650970458984375e-05,6.787425081711262e-05,1.0163849149820912,"[17.39989471435547, 5.4596363042946905e-05, 6.318072337307967e-06, 3.45700973412022e-05, 2.059359550476074, 2.4161531925201416, 0.001303299912251532, 2.50339189733495e-06, 3.397406908334233e-05, 0.0003797286772169173, 0.005440548062324524, 3.433168603805825e-05, 2.074220174108632e-05, 3.659658250398934e-05, 0.00019035911827813834, 0.0025326102040708065, 7.10462118149735e-05, 1.4066597032069694e-05, 0.00031704644788987935, 0.4745867848396301, 1.311301275563892e-06, 2.3841855067985307e-07]",1.0152039341014734,-0.001180980880617799
504,218,220,135,5.984306335449219e-05,6.583147478522733e-05,1.01349389628435,"[17.33751106262207, 5.543078441405669e-05, 6.318072337307967e-06, 3.671578815556131e-05, 2.055062770843506, 2.4185893535614014, 0.0013816345017403364, 2.264974000354414e-06, 3.9219088648678735e-05, 0.00037949037505313754, 0.00632996391505003, 3.302042750874534e-05, 1.9550132492440753e-05, 3.242440288886428e-05, 0.0001740304142003879, 0.0022815645206719637, 7.855583680793643e-05, 1.1920858014491387e-05, 0.0002648479712661356, 0.4745740294456482, 1.311301275563892e-06, 2.3841855067985307e-07]",1.0152039341014734,0.001710037817123311
505,153,166,135,7.915496826171875e-05,8.422865357715636e-05,1.013668601651384,"[17.399845123291016, 5.757642793469131e-05, 4.887569048150908e-06, 4.434487345861271e-05, 2.1078245639801025, 2.3073713779449463, 0.0013562776148319244, 2.3841830625315197e-06, 3.45700973412022e-05, 0.00039593485416844487, 0.006277367472648621, 3.671578815556131e-05, 2.0265373677830212e-05, 3.480850500636734e-05, 0.00017927470616996288, 0.0022948854602873325, 7.033100700937212e-05, 1.3232143828645349e-05, 0.0002636561985127628, 0.4745801091194153, 1.311301275563892e-06, 2.3841855067985307e-07]",1.0152039341014734,0.0015353324500892995
506,233,248,135,5.3882598876953125e-05,5.74680780118797e-05,1.0163849149820912,"[17.39989471435547, 5.4596363042946905e-05, 6.318072337307967e-06, 3.45700973412022e-05, 2.059359550476074, 2.4161531925201416, 0.001303299912251532, 2.50339189733495e-06, 3.397406908334233e-05, 0.0003797286772169173, 0.005440548062324524, 3.433168603805825e-05, 2.074220174108632e-05, 3.659658250398934e-05, 0.00019035911827813834, 0.0025326102040708065, 7.10462118149735e-05, 1.4066597032069694e-05, 0.00031704644788987935, 0.4745867848396301, 1.311301275563892e-06, 2.3841855067985307e-07]",1.0152039341014734,-0.001180980880617799
507,307,305,135,3.218650817871094e-05,3.7736859667347744e-05,1.0181985710018195,"[17.4757080078125, 4.8636207793606445e-05, 5.245195097813848e-06, 3.58813522325363e-05, 2.0256497859954834, 2.4134206771850586, 0.001302704680711031, 2.145764938177308e-06, 3.135155202471651e-05, 0.0003916450368706137, 0.006281631998717785, 3.564294092939235e-05, 1.7881233361549675e-05, 3.313963316031732e-05, 0.00016485285595990717, 0.0022865599021315575, 7.903263758635148e-05, 1.2874520507466514e-05, 0.0002865380665753037, 0.47457313537597656, 9.536738616588991e-07, 2.3841855067985307e-07]",1.0152039341014734,-0.0029946369003461815
508,225,230,135,5.817413330078125e-05,6.347247108351439e-05,1.0163849149820912,"[17.39989471435547, 5.4596363042946905e-05, 6.318072337307967e-06, 3.45700973412022e-05, 2.059359550476074, 2.4161531925201416, 0.001303299912251532, 2.50339189733495e-06, 3.397406908334233e-05, 0.0003797286772169173, 0.005440548062324524, 3.433168603805825e-05, 2.074220174108632e-05, 3.659658250398934e-05, 0.00019035911827813834, 0.0025326102040708065, 7.10462118149735e-05, 1.4066597032069694e-05, 0.00031704644788987935, 0.4745867848396301, 1.311301275563892e-06, 2.3841855067985307e-07]",1.0152039341014734,-0.001180980880617799
509,45,14,135,0.00011444091796875,0.00015205965610221028,1.0165551283380139,"[17.4132080078125, 5.185469490243122e-05, 5.245195097813848e-06, 3.6000557884108275e-05, 2.110745429992676, 2.3551197052001953, 0.0012407946633175015, 2.0265558760002023e-06, 3.45700973412022e-05, 0.00037901371251791716, 0.005586250685155392, 4.1483970562694594e-05, 1.8000440832111053e-05, 3.218599158572033e-05, 0.00018559163436293602, 0.002578150946646929, 7.068861305015162e-05, 1.3708974620385561e-05, 0.00028761065914295614, 0.4745754301548004, 8.344646857949556e-07, 2.3841855067985307e-07]",1.0152039341014734,-0.0013511942365405094
516,58,27,135,0.00011014938354492188,0.00013644000864587724,1.013731180159558,"[17.413352966308594, 6.139089964563027e-05, 4.887569048150908e-06, 4.1126360883936286e-05, 2.036876916885376, 2.365993022918701, 0.0012988949893042445, 2.622600959512056e-06, 3.45700973412022e-05, 0.0003798478574026376, 0.006227611564099789, 4.017272294731811e-05, 2.074220174108632e-05, 3.433168603805825e-05, 0.00018273114983458072, 0.0025720868725329638, 7.045020902296528e-05, 1.3708974620385561e-05, 0.0002901133266277611, 0.4745863378047943, 1.1920922133867862e-06, 2.3841855067985307e-07]",1.0152039341014734,0.0014727539419152613
535,117,118,135,8.916854858398438e-05,0.00010143341933144256,1.0163849149820912,"[17.39989471435547, 5.4596363042946905e-05, 6.318072337307967e-06, 3.45700973412022e-05, 2.059359550476074, 2.4161531925201416, 0.001303299912251532, 2.50339189733495e-06, 3.397406908334233e-05, 0.0003797286772169173, 0.005440548062324524, 3.433168603805825e-05, 2.074220174108632e-05, 3.659658250398934e-05, 0.00019035911827813834, 0.0025326102040708065, 7.10462118149735e-05, 1.4066597032069694e-05, 0.00031704644788987935, 0.4745867848396301, 1.311301275563892e-06, 2.3841855067985307e-07]",1.0152039341014734,-0.001180980880617799
540,8,26,135,0.00012683868408203125,0.00013768333883490413,1.0145106431528654,"[17.492900848388672, 6.139089964563027e-05, 5.722029527532868e-06, 3.838465272565372e-05, 2.032217025756836, 2.309011936187744, 0.001404847833327949, 2.145764938177308e-06, 3.85038583772257e-05, 0.0003819928097072989, 0.0054320115596055984, 3.790783375734463e-05, 1.966933996300213e-05, 3.58813522325363e-05, 0.00017593742813915014, 0.002533561550080776, 6.985420623095706e-05, 1.1324817933200393e-05, 0.0002865380665753037, 0.47456735372543335, 1.0728830375228426e-06, 2.3841855067985307e-07]",1.0152039341014734,0.0006932909486079275
541,94,122,135,9.584426879882812e-05,0.00010065462993225083,1.0163849149820912,"[17.39989471435547, 5.4596363042946905e-05, 6.318072337307967e-06, 3.45700973412022e-05, 2.059359550476074, 2.4161531925201416, 0.001303299912251532, 2.50339189733495e-06, 3.397406908334233e-05, 0.0003797286772169173, 0.005440548062324524, 3.433168603805825e-05, 2.074220174108632e-05, 3.659658250398934e-05, 0.00019035911827813834, 0.0025326102040708065, 7.10462118149735e-05, 1.4066597032069694e-05, 0.00031704644788987935, 0.4745867848396301, 1.311301275563892e-06, 2.3841855067985307e-07]",1.0152039341014734,-0.001180980880617799
542,254,269,135,4.982948303222656e-05,5.227386282058433e-05,1.0163849149820912,"[17.39989471435547, 5.4596363042946905e-05, 6.318072337307967e-06, 3.45700973412022e-05, 2.059359550476074, 2.4161531925201416, 0.001303299912251532, 2.50339189733495e-06, 3.397406908334233e-05, 0.0003797286772169173, 0.005440548062324524, 3.433168603805825e-05, 2.074220174108632e-05, 3.659658250398934e-05, 0.00019035911827813834, 0.0025326102040708065, 7.10462118149735e-05, 1.4066597032069694e-05, 0.00031704644788987935, 0.4745867848396301, 1.311301275563892e-06, 2.3841855067985307e-07]",1.0152039341014734,-0.001180980880617799
543,335,337,135,2.0384788513183594e-05,2.302495158801321e-05,1.0018009319874686,"[17.27488899230957, 5.829164365422912e-05, 5.602820692729438e-06, 3.5523738915799186e-05, 2.019702434539795, 2.304715394973755, 0.001313776709139347, 2.264974000354414e-06, 3.45700973412022e-05, 0.0004040378553327173, 0.006330793257802725, 3.9934315282152966e-05, 2.0146166207268834e-05, 3.564294092939235e-05, 0.00018034738604910672, 0.002273833379149437, 6.341733387671411e-05, 1.2397689715726301e-05, 0.00028713393840007484, 0.4292147755622864, 9.536738616588991e-07, 2.3841855067985307e-07]",1.0152039341014734,0.013403002114004803
544,324,329,135,2.5033950805664062e-05,2.710304943320807e-05,1.0163849149820912,"[17.39989471435547, 5.4596363042946905e-05, 6.318072337307967e-06, 3.45700973412022e-05, 2.059359550476074, 2.4161531925201416, 0.001303299912251532, 2.50339189733495e-06, 3.397406908334233e-05, 0.0003797286772169173, 0.005440548062324524, 3.433168603805825e-05, 2.074220174108632e-05, 3.659658250398934e-05, 0.00019035911827813834, 0.0025326102040708065, 7.10462118149735e-05, 1.4066597032069694e-05, 0.00031704644788987935, 0.4745867848396301, 1.311301275563892e-06, 2.3841855067985307e-07]",1.0152039341014734,-0.001180980880617799
545,269,263,135,4.4345855712890625e-05,5.4380645451601595e-05,1.0136750881223136,"[17.3508358001709, 6.007967749610543e-05, 6.198863957251888e-06, 3.5523738915799186e-05, 2.1107535362243652, 2.3540563583374023, 0.001574111171066761, 1.9073468138230965e-06, 3.4927710657939315e-05, 0.00038068200228735805, 0.0054991161450743675, 3.909988299710676e-05, 2.13382354559144e-05, 3.45700973412022e-05, 0.00019095504831057042, 0.0023341334890574217, 7.080780778778717e-05, 1.4066597032069694e-05, 0.0002932118659373373, 0.4746144413948059, 8.344646857949556e-07, 2.3841855067985307e-07]",1.0152039341014734,0.0015288459791598097
549,90,114,135,9.679794311523438e-05,0.00010247197496937588,1.0163849149820912,"[17.39989471435547, 5.4596363042946905e-05, 6.318072337307967e-06, 3.45700973412022e-05, 2.059359550476074, 2.4161531925201416, 0.001303299912251532, 2.50339189733495e-06, 3.397406908334233e-05, 0.0003797286772169173, 0.005440548062324524, 3.433168603805825e-05, 2.074220174108632e-05, 3.659658250398934e-05, 0.00019035911827813834, 0.0025326102040708065, 7.10462118149735e-05, 1.4066597032069694e-05, 0.00031704644788987935, 0.4745867848396301, 1.311301275563892e-06, 2.3841855067985307e-07]",1.0152039341014734,-0.001180980880617799
550,155,167,135,7.867813110351562e-05,8.412142051383853e-05,1.0139421653691534,"[17.475711822509766, 5.757642793469131e-05, 4.887569048150908e-06, 4.124556289752945e-05, 2.0385210514068604, 2.30705189704895, 0.0012640113709494472, 2.145764938177308e-06, 3.564294092939235e-05, 0.00037949037505313754, 0.006100604776293039, 3.981510963058099e-05, 1.823885577323381e-05, 3.313963316031732e-05, 0.00018249277491122484, 0.0023055896162986755, 7.045020902296528e-05, 1.3708974620385561e-05, 0.000285584683297202, 0.47460681200027466, 1.1920922133867862e-06, 2.3841855067985307e-07]",1.0152039341014734,0.0012617687323199789
551,112,134,135,9.1552734375e-05,9.491010860074311e-05,1.0163849149820912,"[17.39989471435547, 5.4596363042946905e-05, 6.318072337307967e-06, 3.45700973412022e-05, 2.059359550476074, 2.4161531925201416, 0.001303299912251532, 2.50339189733495e-06, 3.397406908334233e-05, 0.0003797286772169173, 0.005440548062324524, 3.433168603805825e-05, 2.074220174108632e-05, 3.659658250398934e-05, 0.00019035911827813834, 0.0025326102040708065, 7.10462118149735e-05, 1.4066597032069694e-05, 0.00031704644788987935, 0.4745867848396301, 1.311301275563892e-06, 2.3841855067985307e-07]",1.0152039341014734,-0.001180980880617799
552,294,295,135,3.743171691894531e-05,4.1383973439224064e-05,1.0160091659393296,"[17.399982452392578, 6.0794889577664435e-05, 5.483612312673358e-06, 4.029192859889008e-05, 2.1069159507751465, 2.3596901893615723, 0.001105888863094151, 1.6689286894688848e-06, 3.4450891689630225e-05, 0.0003589939442463219, 0.006231047213077545, 3.862306402879767e-05, 1.7762025890988298e-05, 3.349725011503324e-05, 0.00018821375851985067, 0.002559483051300049, 7.045020902296528e-05, 1.3112935448589269e-05, 0.00028713393840007484, 0.4745648503303528, 1.0728830375228426e-06, 2.3841855067985307e-07]",1.0152039341014734,-0.0008052318378561907
553,263,267,135,4.744529724121094e-05,5.282271740725264e-05,1.0137331801458591,"[17.462326049804688, 5.9602869441732764e-05, 6.437280717364047e-06, 4.2676016164477915e-05, 2.0541138648986816, 2.3003592491149902, 0.0011650687083601952, 2.0265558760002023e-06, 3.433168603805825e-05, 0.000376034586224705, 0.006087216082960367, 3.8742269680369645e-05, 2.002696055569686e-05, 3.6238969187252223e-05, 0.00018142008048016578, 0.0023074925411492586, 6.997340824455023e-05, 1.3351351299206726e-05, 0.0002907091984525323, 0.47459790110588074, 1.311301275563892e-06, 2.3841855067985307e-07]",1.0152039341014734,0.0014707539556142457
554,133,126,135,8.392333984375e-05,9.721761307446286e-05,1.0181985710018195,"[17.4757080078125, 4.8636207793606445e-05, 5.245195097813848e-06, 3.58813522325363e-05, 2.0256497859954834, 2.4134206771850586, 0.001302704680711031, 2.145764938177308e-06, 3.135155202471651e-05, 0.0003916450368706137, 0.006281631998717785, 3.564294092939235e-05, 1.7881233361549675e-05, 3.313963316031732e-05, 0.00016485285595990717, 0.0022865599021315575, 7.903263758635148e-05, 1.2874520507466514e-05, 0.0002865380665753037, 0.47457313537597656, 9.536738616588991e-07, 2.3841855067985307e-07]",1.0152039341014734,-0.0029946369003461815
561,89,107,135,9.72747802734375e-05,0.0001044364325935021,1.0072517117338797,"[17.39986801147461, 6.067568756407127e-05, 5.483612312673358e-06, 3.8980677345534787e-05, 1.9650013446807861, 2.354161500930786, 0.001479484373703599, 2.50339189733495e-06, 3.45700973412022e-05, 0.00042775063775479794, 0.0060823578387498856, 3.516612196108326e-05, 1.7523612768854946e-05, 3.659658250398934e-05, 0.00018320789968129247, 0.002518935827538371, 7.855583680793643e-05, 1.2636104656849056e-05, 0.00028713393840007484, 0.42920368909835815, 1.311301275563892e-06, 2.3841855067985307e-07]",1.0152039341014734,0.007952222367593631
562,203,190,135,6.389617919921875e-05,7.537352939834818e-05,1.002795023458183,"[17.21249771118164, 4.684815212385729e-05, 4.887569048150908e-06, 3.540453326422721e-05, 2.1470258235931396, 2.261749744415283, 0.0013805630151182413, 2.50339189733495e-06, 3.40932747349143e-05, 0.00037555795279331505, 0.006154513452202082, 3.611976353568025e-05, 1.811964830267243e-05, 3.373566141817719e-05, 0.00018142008048016578, 0.00231879111379385, 7.86750388215296e-05, 1.3947389561508317e-05, 0.0002928543253801763, 0.4292078912258148, 9.536738616588991e-07, 3.576278118089249e-07]",1.0152039341014734,0.012408910643290305
571,126,123,135,8.58306884765625e-05,9.956269786925986e-05,1.015816967611555,"[17.39984893798828, 5.61460001335945e-05, 5.483612312673358e-06, 4.279521817807108e-05, 2.0512776374816895, 2.4117507934570312, 0.0011237503495067358, 1.7881377516459906e-06, 3.421248038648628e-05, 0.0003800861886702478, 0.005629756022244692, 3.528532761265524e-05, 2.0265373677830212e-05, 3.576214658096433e-05, 0.00018165845540352166, 0.002576129510998726, 6.282132380874828e-05, 1.6212332411669195e-05, 0.00029094755882397294, 0.47460174560546875, 8.344646857949556e-07, 2.3841855067985307e-07]",1.0152039341014734,-0.0006130335100815731
578,36,52,135,0.000118255615234375,0.0001254841045010835,1.0147460699257829,"[17.538347244262695, 6.341733387671411e-05, 7.629365427419543e-06, 4.0411134250462055e-05, 1.9456740617752075, 2.354281187057495, 0.0014271085383370519, 2.7418097943154862e-06, 3.4450891689630225e-05, 0.00037091050762683153, 0.006333399098366499, 4.0411134250462055e-05, 1.9192511899746023e-05, 3.397406908334233e-05, 0.00018463814922142774, 0.0025692330673336983, 7.939023635117337e-05, 1.3589766240329482e-05, 0.0002899941464420408, 0.4745990037918091, 1.311301275563892e-06, 2.3841855067985307e-07]",1.0152039341014734,0.0004578641756904922
579,26,46,135,0.0001201629638671875,0.00012661164510063827,1.0163849149820912,"[17.39989471435547, 5.4596363042946905e-05, 6.318072337307967e-06, 3.45700973412022e-05, 2.059359550476074, 2.4161531925201416, 0.001303299912251532, 2.50339189733495e-06, 3.397406908334233e-05, 0.0003797286772169173, 0.005440548062324524, 3.433168603805825e-05, 2.074220174108632e-05, 3.659658250398934e-05, 0.00019035911827813834, 0.0025326102040708065, 7.10462118149735e-05, 1.4066597032069694e-05, 0.00031704644788987935, 0.4745867848396301, 1.311301275563892e-06, 2.3841855067985307e-07]",1.0152039341014734,-0.001180980880617799
580,119,138,135,8.869171142578125e-05,9.324557322543114e-05,1.0136092898447722,"[17.413393020629883, 6.12716976320371e-05, 5.602820692729438e-06, 3.7788631743751466e-05, 2.0905463695526123, 2.3103952407836914, 0.001212338567711413, 2.145764938177308e-06, 3.433168603805825e-05, 0.00040141629870049655, 0.0057326434180140495, 3.8265450712060556e-05, 1.9907753085135482e-05, 3.576214658096433e-05, 0.00018404220463708043, 0.0022884628269821405, 7.045020902296528e-05, 1.3708974620385561e-05, 0.00031668893643654883, 0.4746134877204895, 1.1920922133867862e-06, 2.3841855067985307e-07]",1.0152039341014734,0.0015946442567011943
581,149,149,135,8.0108642578125e-05,8.875595813151449e-05,1.0163849149820912,"[17.39989471435547, 5.4596363042946905e-05, 6.318072337307967e-06, 3.45700973412022e-05, 2.059359550476074, 2.4161531925201416, 0.001303299912251532, 2.50339189733495e-06, 3.397406908334233e-05, 0.0003797286772169173, 0.005440548062324524, 3.433168603805825e-05, 2.074220174108632e-05, 3.659658250398934e-05, 0.00019035911827813834, 0.0025326102040708065, 7.10462118149735e-05, 1.4066597032069694e-05, 0.00031704644788987935, 0.4745867848396301, 1.311301275563892e-06, 2.3841855067985307e-07]",1.0152039341014734,-0.001180980880617799
586,78,92,135,0.00010204315185546875,0.00010785565245896578,1.0163849149820912,"[17.39989471435547, 5.4596363042946905e-05, 6.318072337307967e-06, 3.45700973412022e-05, 2.059359550476074, 2.4161531925201416, 0.001303299912251532, 2.50339189733495e-06, 3.397406908334233e-05, 0.0003797286772169173, 0.005440548062324524, 3.433168603805825e-05, 2.074220174108632e-05, 3.659658250398934e-05, 0.00019035911827813834, 0.0025326102040708065, 7.10462118149735e-05, 1.4066597032069694e-05, 0.00031704644788987935, 0.4745867848396301, 1.311301275563892e-06, 2.3841855067985307e-07]",1.0152039341014734,-0.001180980880617799
587,191,204,135,6.723403930664062e-05,6.955006392672658e-05,1.0053656039427041,"[17.288393020629883, 5.745722592109814e-05, 5.8412379075889476e-06, 3.540453326422721e-05, 2.035144329071045, 2.3094029426574707, 0.0014915067004039884, 2.3841830625315197e-06, 3.111314072157256e-05, 0.000402250443585217, 0.005514172837138176, 4.172238186583854e-05, 1.823885577323381e-05, 3.731181277544238e-05, 0.00018714107864070684, 0.0023179587442427874, 7.986703712958843e-05, 1.6212332411669195e-05, 0.00028713393840007484, 0.4745757281780243, 1.311301275563892e-06, 2.3841855067985307e-07]",1.0152039341014734,0.009838330158769226
588,347,347,135,1.6808509826660156e-05,1.88450521818595e-05,1.0217381978357685,"[17.524839401245117, 4.95898348162882e-05, 5.602820692729438e-06, 4.005352093372494e-05, 2.112983465194702, 2.3059325218200684, 0.0013293724041432142, 1.9073468138230965e-06, 3.8265450712060556e-05, 0.0003736513026524335, 0.006088400725275278, 3.862306402879767e-05, 1.9907753085135482e-05, 3.671578815556131e-05, 0.00018285033002030104, 0.002283110748976469, 7.033100700937212e-05, 1.4066597032069694e-05, 0.00025912740966305137, 0.5236523151397705, 8.344646857949556e-07, 2.3841855067985307e-07]",1.0152039341014734,-0.006534263734295109
589,331,335,135,2.2649765014648438e-05,2.3928305381559767e-05,1.0181985710018195,"[17.4757080078125, 4.8636207793606445e-05, 5.245195097813848e-06, 3.58813522325363e-05, 2.0256497859954834, 2.4134206771850586, 0.001302704680711031, 2.145764938177308e-06, 3.135155202471651e-05, 0.0003916450368706137, 0.006281631998717785, 3.564294092939235e-05, 1.7881233361549675e-05, 3.313963316031732e-05, 0.00016485285595990717, 0.0022865599021315575, 7.903263758635148e-05, 1.2874520507466514e-05, 0.0002865380665753037, 0.47457313537597656, 9.536738616588991e-07, 2.3841855067985307e-07]",1.0152039341014734,-0.0029946369003461815
590,345,345,135,1.704692840576172e-05,1.961550697160419e-05,1.0217381978357685,"[17.524839401245117, 4.95898348162882e-05, 5.602820692729438e-06, 4.005352093372494e-05, 2.112983465194702, 2.3059325218200684, 0.0013293724041432142, 1.9073468138230965e-06, 3.8265450712060556e-05, 0.0003736513026524335, 0.006088400725275278, 3.862306402879767e-05, 1.9907753085135482e-05, 3.671578815556131e-05, 0.00018285033002030104, 0.002283110748976469, 7.033100700937212e-05, 1.4066597032069694e-05, 0.00025912740966305137, 0.5236523151397705, 8.344646857949556e-07, 2.3841855067985307e-07]",1.0152039341014734,-0.006534263734295109
591,187,195,135,6.866455078125e-05,7.420964539051056e-05,1.0181985710018195,"[17.4757080078125, 4.8636207793606445e-05, 5.245195097813848e-06, 3.58813522325363e-05, 2.0256497859954834, 2.4134206771850586, 0.001302704680711031, 2.145764938177308e-06, 3.135155202471651e-05, 0.0003916450368706137, 0.006281631998717785, 3.564294092939235e-05, 1.7881233361549675e-05, 3.313963316031732e-05, 0.00016485285595990717, 0.0022865599021315575, 7.903263758635148e-05, 1.2874520507466514e-05, 0.0002865380665753037, 0.47457313537597656, 9.536738616588991e-07, 2.3841855067985307e-07]",1.0152039341014734,-0.0029946369003461815
595,210,206,135,6.198883056640625e-05,6.940292951185256e-05,1.0163849149820912,"[17.39989471435547, 5.4596363042946905e-05, 6.318072337307967e-06, 3.45700973412022e-05, 2.059359550476074, 2.4161531925201416, 0.001303299912251532, 2.50339189733495e-06, 3.397406908334233e-05, 0.0003797286772169173, 0.005440548062324524, 3.433168603805825e-05, 2.074220174108632e-05, 3.659658250398934e-05, 0.00019035911827813834, 0.0025326102040708065, 7.10462118149735e-05, 1.4066597032069694e-05, 0.00031704644788987935, 0.4745867848396301, 1.311301275563892e-06, 2.3841855067985307e-07]",1.0152039341014734,-0.001180980880617799
596,25,54,135,0.00012063980102539062,0.00012484242324717343,1.0181985710018195,"[17.4757080078125, 4.8636207793606445e-05, 5.245195097813848e-06, 3.58813522325363e-05, 2.0256497859954834, 2.4134206771850586, 0.001302704680711031, 2.145764938177308e-06, 3.135155202471651e-05, 0.0003916450368706137, 0.006281631998717785, 3.564294092939235e-05, 1.7881233361549675e-05, 3.313963316031732e-05, 0.00016485285595990717, 0.0022865599021315575, 7.903263758635148e-05, 1.2874520507466514e-05, 0.0002865380665753037, 0.47457313537597656, 9.536738616588991e-07, 2.3841855067985307e-07]",1.0152039341014734,-0.0029946369003461815
597,230,239,135,5.5789947509765625e-05,6.021201625117101e-05,1.0204585748235877,"[17.538156509399414, 5.030505417380482e-05, 6.318072337307967e-06, 3.9934315282152966e-05, 2.057053804397583, 2.369462251663208, 0.0015019814018160105, 2.0265558760002023e-06, 3.45700973412022e-05, 0.00037996700848452747, 0.005589332897216082, 3.659658250398934e-05, 2.0146166207268834e-05, 3.516612196108326e-05, 0.00018165845540352166, 0.002588733099400997, 7.10462118149735e-05, 1.2755313036905136e-05, 0.0002907091984525323, 0.4745732843875885, 1.311301275563892e-06, 2.3841855067985307e-07]",1.0152039341014734,-0.005254640722114345
598,272,275,135,4.38690185546875e-05,4.872337740380317e-05,1.0181985710018195,"[17.4757080078125, 4.8636207793606445e-05, 5.245195097813848e-06, 3.58813522325363e-05, 2.0256497859954834, 2.4134206771850586, 0.001302704680711031, 2.145764938177308e-06, 3.135155202471651e-05, 0.0003916450368706137, 0.006281631998717785, 3.564294092939235e-05, 1.7881233361549675e-05, 3.313963316031732e-05, 0.00016485285595990717, 0.0022865599021315575, 7.903263758635148e-05, 1.2874520507466514e-05, 0.0002865380665753037, 0.47457313537597656, 9.536738616588991e-07, 2.3841855067985307e-07]",1.0152039341014734,-0.0029946369003461815
599,206,215,135,6.246566772460938e-05,6.710795423714444e-05,1.018712697351386,"[17.3508243560791, 5.221230458118953e-05, 6.079655122448457e-06, 3.8742269680369645e-05, 2.106727361679077, 2.4194278717041016, 0.0014637719141319394, 1.9073468138230965e-06, 3.45700973412022e-05, 0.00037901371251791716, 0.006159489508718252, 3.6477376852417365e-05, 1.8358061424805783e-05, 3.361645576660521e-05, 0.00018046658078674227, 0.002278472064062953, 6.997340824455023e-05, 1.1324817933200393e-05, 0.0002873722987715155, 0.5236465930938721, 1.0728830375228426e-06, 2.3841855067985307e-07]",1.0152039341014734,-0.003508763249912672
600,124,111,135,8.726119995117188e-05,0.00010360546730225906,1.0163849149820912,"[17.39989471435547, 5.4596363042946905e-05, 6.318072337307967e-06, 3.45700973412022e-05, 2.059359550476074, 2.4161531925201416, 0.001303299912251532, 2.50339189733495e-06, 3.397406908334233e-05, 0.0003797286772169173, 0.005440548062324524, 3.433168603805825e-05, 2.074220174108632e-05, 3.659658250398934e-05, 0.00019035911827813834, 0.0025326102040708065, 7.10462118149735e-05, 1.4066597032069694e-05, 0.00031704644788987935, 0.4745867848396301, 1.311301275563892e-06, 2.3841855067985307e-07]",1.0152039341014734,-0.001180980880617799
607,215,205,135,6.0558319091796875e-05,6.941266474314034e-05,1.0163849149820912,"[17.39989471435547, 5.4596363042946905e-05, 6.318072337307967e-06, 3.45700973412022e-05, 2.059359550476074, 2.4161531925201416, 0.001303299912251532, 2.50339189733495e-06, 3.397406908334233e-05, 0.0003797286772169173, 0.005440548062324524, 3.433168603805825e-05, 2.074220174108632e-05, 3.659658250398934e-05, 0.00019035911827813834, 0.0025326102040708065, 7.10462118149735e-05, 1.4066597032069694e-05, 0.00031704644788987935, 0.4745867848396301, 1.311301275563892e-06, 2.3841855067985307e-07]",1.0152039341014734,-0.001180980880617799
617,49,49,135,0.00011301040649414062,0.00012595130829140544,1.0163849149820912,"[17.39989471435547, 5.4596363042946905e-05, 6.318072337307967e-06, 3.45700973412022e-05, 2.059359550476074, 2.4161531925201416, 0.001303299912251532, 2.50339189733495e-06, 3.397406908334233e-05, 0.0003797286772169173, 0.005440548062324524, 3.433168603805825e-05, 2.074220174108632e-05, 3.659658250398934e-05, 0.00019035911827813834, 0.0025326102040708065, 7.10462118149735e-05, 1.4066597032069694e-05, 0.00031704644788987935, 0.4745867848396301, 1.311301275563892e-06, 2.3841855067985307e-07]",1.0152039341014734,-0.001180980880617799
624,204,210,135,6.29425048828125e-05,6.803877477068454e-05,1.0163849149820912,"[17.39989471435547, 5.4596363042946905e-05, 6.318072337307967e-06, 3.45700973412022e-05, 2.059359550476074, 2.4161531925201416, 0.001303299912251532, 2.50339189733495e-06, 3.397406908334233e-05, 0.0003797286772169173, 0.005440548062324524, 3.433168603805825e-05, 2.074220174108632e-05, 3.659658250398934e-05, 0.00019035911827813834, 0.0025326102040708065, 7.10462118149735e-05, 1.4066597032069694e-05, 0.00031704644788987935, 0.4745867848396301, 1.311301275563892e-06, 2.3841855067985307e-07]",1.0152039341014734,-0.001180980880617799
625,156,176,135,7.867813110351562e-05,8.1451958976686e-05,1.0108572844263881,"[17.4000186920166, 5.328513361746445e-05, 6.794906312279636e-06, 3.58813522325363e-05, 2.048161745071411, 2.306149482727051, 0.001302704680711031, 2.3841830625315197e-06, 3.528532761265524e-05, 0.00037949037505313754, 0.00490046851336956, 3.576214658096433e-05, 2.062299427052494e-05, 3.3378044463461265e-05, 0.00017212340026162565, 0.0025729192420840263, 7.879423355916515e-05, 1.2159273865108844e-05, 0.0002862997353076935, 0.4746004343032837, 1.311301275563892e-06, 2.3841855067985307e-07]",1.0152039341014734,0.004346649675085246
626,333,334,135,2.1219253540039062e-05,2.444711935822852e-05,1.0181985710018195,"[17.4757080078125, 4.8636207793606445e-05, 5.245195097813848e-06, 3.58813522325363e-05, 2.0256497859954834, 2.4134206771850586, 0.001302704680711031, 2.145764938177308e-06, 3.135155202471651e-05, 0.0003916450368706137, 0.006281631998717785, 3.564294092939235e-05, 1.7881233361549675e-05, 3.313963316031732e-05, 0.00016485285595990717, 0.0022865599021315575, 7.903263758635148e-05, 1.2874520507466514e-05, 0.0002865380665753037, 0.47457313537597656, 9.536738616588991e-07, 2.3841855067985307e-07]",1.0152039341014734,-0.0029946369003461815
627,188,196,135,6.818771362304688e-05,7.300719153136015e-05,1.0181985710018195,"[17.4757080078125, 4.8636207793606445e-05, 5.245195097813848e-06, 3.58813522325363e-05, 2.0256497859954834, 2.4134206771850586, 0.001302704680711031, 2.145764938177308e-06, 3.135155202471651e-05, 0.0003916450368706137, 0.006281631998717785, 3.564294092939235e-05, 1.7881233361549675e-05, 3.313963316031732e-05, 0.00016485285595990717, 0.0022865599021315575, 7.903263758635148e-05, 1.2874520507466514e-05, 0.0002865380665753037, 0.47457313537597656, 9.536738616588991e-07, 2.3841855067985307e-07]",1.0152039341014734,-0.0029946369003461815
631,59,77,135,0.00010967254638671875,0.00011673163680825382,1.0163849149820912,"[17.39989471435547, 5.4596363042946905e-05, 6.318072337307967e-06, 3.45700973412022e-05, 2.059359550476074, 2.4161531925201416, 0.001303299912251532, 2.50339189733495e-06, 3.397406908334233e-05, 0.0003797286772169173, 0.005440548062324524, 3.433168603805825e-05, 2.074220174108632e-05, 3.659658250398934e-05, 0.00019035911827813834, 0.0025326102040708065, 7.10462118149735e-05, 1.4066597032069694e-05, 0.00031704644788987935, 0.4745867848396301, 1.311301275563892e-06, 2.3841855067985307e-07]",1.0152039341014734,-0.001180980880617799
632,86,110,135,0.00010013580322265625,0.0001036740723066032,1.0140027297795031,"[17.53818702697754, 4.911301948595792e-05, 5.602820692729438e-06, 3.9457496313843876e-05, 1.984481692314148, 2.299652338027954, 0.0013934198068454862, 1.6689286894688848e-06, 3.480850500636734e-05, 0.0003766304289456457, 0.0062696672976017, 3.9219088648678735e-05, 2.0146166207268834e-05, 3.504691630951129e-05, 0.00018249277491122484, 0.002282278146594763, 7.843663479434326e-05, 1.4185804502631072e-05, 0.00032050241134129465, 0.4745953679084778, 7.152555099310121e-07, 2.3841855067985307e-07]",1.0152039341014734,0.0012012043219702395
633,237,259,135,5.245208740234375e-05,5.4759606427978724e-05,1.0163849149820912,"[17.39989471435547, 5.4596363042946905e-05, 6.318072337307967e-06, 3.45700973412022e-05, 2.059359550476074, 2.4161531925201416, 0.001303299912251532, 2.50339189733495e-06, 3.397406908334233e-05, 0.0003797286772169173, 0.005440548062324524, 3.433168603805825e-05, 2.074220174108632e-05, 3.659658250398934e-05, 0.00019035911827813834, 0.0025326102040708065, 7.10462118149735e-05, 1.4066597032069694e-05, 0.00031704644788987935, 0.4745867848396301, 1.311301275563892e-06, 2.3841855067985307e-07]",1.0152039341014734,-0.001180980880617799
634,301,306,135,3.528594970703125e-05,3.7669324228772894e-05,1.0141498896264174,"[17.46233367919922, 5.030505417380482e-05, 5.006777428206988e-06, 3.397406908334233e-05, 2.0510494709014893, 2.3125789165496826, 0.0013936578761786222, 2.264974000354414e-06, 3.9219088648678735e-05, 0.00037889453233219683, 0.0056154122576117516, 4.029192859889008e-05, 1.966933996300213e-05, 3.6954195820726454e-05, 0.00017593742813915014, 0.002566617215052247, 6.97350042173639e-05, 1.3708974620385561e-05, 0.00028761065914295614, 0.47460517287254333, 8.344646857949556e-07, 2.3841855067985307e-07]",1.0152039341014734,0.0010540444750559708
635,285,296,135,3.910064697265625e-05,4.112550595891662e-05,1.0181985710018195,"[17.4757080078125, 4.8636207793606445e-05, 5.245195097813848e-06, 3.58813522325363e-05, 2.0256497859954834, 2.4134206771850586, 0.001302704680711031, 2.145764938177308e-06, 3.135155202471651e-05, 0.0003916450368706137, 0.006281631998717785, 3.564294092939235e-05, 1.7881233361549675e-05, 3.313963316031732e-05, 0.00016485285595990717, 0.0022865599021315575, 7.903263758635148e-05, 1.2874520507466514e-05, 0.0002865380665753037, 0.47457313537597656, 9.536738616588991e-07, 2.3841855067985307e-07]",1.0152039341014734,-0.0029946369003461815
636,243,244,135,5.125999450683594e-05,5.842760583618656e-05,1.0181985710018195,"[17.4757080078125, 4.8636207793606445e-05, 5.245195097813848e-06, 3.58813522325363e-05, 2.0256497859954834, 2.4134206771850586, 0.001302704680711031, 2.145764938177308e-06, 3.135155202471651e-05, 0.0003916450368706137, 0.006281631998717785, 3.564294092939235e-05, 1.7881233361549675e-05, 3.313963316031732e-05, 0.00016485285595990717, 0.0022865599021315575, 7.903263758635148e-05, 1.2874520507466514e-05, 0.0002865380665753037, 0.47457313537597656, 9.536738616588991e-07, 2.3841855067985307e-07]",1.0152039341014734,-0.0029946369003461815
640,44,61,135,0.00011539459228515625,0.0001233385264640674,1.0152500729416403,"[17.350866317749023, 5.495397272170521e-05, 5.006777428206988e-06, 4.017272294731811e-05, 2.0844337940216064, 2.41439151763916, 0.0013602061662822962, 2.264974000354414e-06, 3.540453326422721e-05, 0.0004312062228564173, 0.0061081876046955585, 3.8265450712060556e-05, 2.0503786799963564e-05, 3.683499380713329e-05, 0.0001760566228767857, 0.0025440254248678684, 6.937739817658439e-05, 1.597391747054644e-05, 0.000286657246761024, 0.47458380460739136, 8.344646857949556e-07, 2.3841855067985307e-07]",1.0152039341014734,-4.613884016690939e-05
641,113,127,135,9.107589721679688e-05,9.707897697808221e-05,1.0142813054703856,"[17.4757137298584, 5.61460001335945e-05, 5.364403477869928e-06, 3.802703940891661e-05, 1.9443222284317017, 2.4089272022247314, 0.001328539103269577, 2.7418097943154862e-06, 3.099393507000059e-05, 0.00037901371251791716, 0.005607707425951958, 3.611976353568025e-05, 1.7165990357170813e-05, 3.3854863431770355e-05, 0.00018404220463708043, 0.002561623230576515, 6.305972783593461e-05, 1.3351351299206726e-05, 0.00028725311858579516, 0.4745793640613556, 9.536738616588991e-07, 2.3841855067985307e-07]",1.0152039341014734,0.0009226286310877185
642,135,157,135,8.344650268554688e-05,8.673985576024279e-05,1.0204585748235877,"[17.538156509399414, 5.030505417380482e-05, 6.318072337307967e-06, 3.9934315282152966e-05, 2.057053804397583, 2.369462251663208, 0.0015019814018160105, 2.0265558760002023e-06, 3.45700973412022e-05, 0.00037996700848452747, 0.005589332897216082, 3.659658250398934e-05, 2.0146166207268834e-05, 3.516612196108326e-05, 0.00018165845540352166, 0.002588733099400997, 7.10462118149735e-05, 1.2755313036905136e-05, 0.0002907091984525323, 0.4745732843875885, 1.311301275563892e-06, 2.3841855067985307e-07]",1.0152039341014734,-0.005254640722114345
643,308,313,135,3.170967102050781e-05,3.488617221591994e-05,1.015809078646595,"[17.41336441040039, 5.543078441405669e-05, 5.006777428206988e-06, 3.480850500636734e-05, 2.138105630874634, 2.3110973834991455, 0.0013808010844513774, 2.264974000354414e-06, 3.814624506048858e-05, 0.000379132863599807, 0.005598579533398151, 3.7431014789035544e-05, 1.8596476365928538e-05, 3.58813522325363e-05, 0.00018165845540352166, 0.002514655003324151, 7.092700980138034e-05, 1.1205610462639015e-05, 0.0002862997353076935, 0.47458040714263916, 8.344646857949556e-07, 2.3841855067985307e-07]",1.0152039341014734,-0.0006051445451216164
644,291,298,135,3.790855407714844e-05,3.994373764726333e-05,1.0160673271238443,"[17.492918014526367, 6.83045873302035e-05, 5.125986263010418e-06, 4.029192859889008e-05, 2.064819812774658, 2.3108468055725098, 0.0013141338713467121, 2.3841830625315197e-06, 3.3854863431770355e-05, 0.000379132863599807, 0.005505992565304041, 3.981510963058099e-05, 1.9788545614574105e-05, 3.635817120084539e-05, 0.0001833270798670128, 0.002293101279065013, 7.033100700937212e-05, 1.2874520507466514e-05, 0.0002627027570270002, 0.4746277332305908, 1.0728830375228426e-06, 2.3841855067985307e-07]",1.0152039341014734,-0.0008633930223709285
645,329,323,135,2.4080276489257812e-05,2.9314946004888043e-05,1.0141498896264174,"[17.46233367919922, 5.030505417380482e-05, 5.006777428206988e-06, 3.397406908334233e-05, 2.0510494709014893, 2.3125789165496826, 0.0013936578761786222, 2.264974000354414e-06, 3.9219088648678735e-05, 0.00037889453233219683, 0.0056154122576117516, 4.029192859889008e-05, 1.966933996300213e-05, 3.6954195820726454e-05, 0.00017593742813915014, 0.002566617215052247, 6.97350042173639e-05, 1.3708974620385561e-05, 0.00028761065914295614, 0.47460517287254333, 8.344646857949556e-07, 2.3841855067985307e-07]",1.0152039341014734,0.0010540444750559708
650,47,57,135,0.00011348724365234375,0.0001239170815097168,1.0097631388389694,"[17.350854873657227, 5.602679812000133e-05, 7.152531907195225e-06, 4.017272294731811e-05, 1.9607892036437988, 2.4178237915039062, 0.0013012760318815708, 2.50339189733495e-06, 3.158996332786046e-05, 0.0003808011533692479, 0.0060808174312114716, 3.6238969187252223e-05, 2.038458114839159e-05, 3.45700973412022e-05, 0.00018261195509694517, 0.0022352966479957104, 7.068861305015162e-05, 1.2993727978027891e-05, 0.00025769727653823793, 0.47456905245780945, 1.0728830375228426e-06, 2.3841855067985307e-07]",1.0152039341014734,0.005440795262503961
652,140,148,135,8.296966552734375e-05,8.895870996639132e-05,1.016179525296013,"[17.41318702697754, 5.4834770708112046e-05, 5.602820692729438e-06, 3.564294092939235e-05, 2.046548366546631, 2.4110679626464844, 0.0014074668288230896, 2.50339189733495e-06, 3.9219088648678735e-05, 0.00037722624256275594, 0.005537527613341808, 3.611976353568025e-05, 1.8000440832111053e-05, 3.683499380713329e-05, 0.00016449528629891574, 0.0024970562662929296, 6.97350042173639e-05, 1.2755313036905136e-05, 0.00028725311858579516, 0.4745623767375946, 1.311301275563892e-06, 2.3841855067985307e-07]",1.0152039341014734,-0.0009755911945397155
653,170,164,135,7.43865966796875e-05,8.480512769892812e-05,1.016179525296013,"[17.41318702697754, 5.4834770708112046e-05, 5.602820692729438e-06, 3.564294092939235e-05, 2.046548366546631, 2.4110679626464844, 0.0014074668288230896, 2.50339189733495e-06, 3.9219088648678735e-05, 0.00037722624256275594, 0.005537527613341808, 3.611976353568025e-05, 1.8000440832111053e-05, 3.683499380713329e-05, 0.00016449528629891574, 0.0024970562662929296, 6.97350042173639e-05, 1.2755313036905136e-05, 0.00028725311858579516, 0.4745623767375946, 1.311301275563892e-06, 2.3841855067985307e-07]",1.0152039341014734,-0.0009755911945397155
662,106,93,135,9.393692016601562e-05,0.00010761232260847464,1.016179525296013,"[17.41318702697754, 5.4834770708112046e-05, 5.602820692729438e-06, 3.564294092939235e-05, 2.046548366546631, 2.4110679626464844, 0.0014074668288230896, 2.50339189733495e-06, 3.9219088648678735e-05, 0.00037722624256275594, 0.005537527613341808, 3.611976353568025e-05, 1.8000440832111053e-05, 3.683499380713329e-05, 0.00016449528629891574, 0.0024970562662929296, 6.97350042173639e-05, 1.2755313036905136e-05, 0.00028725311858579516, 0.4745623767375946, 1.311301275563892e-06, 2.3841855067985307e-07]",1.0152039341014734,-0.0009755911945397155
669,19,40,135,0.0001239776611328125,0.00012977611913811415,1.0204585748235877,"[17.538156509399414, 5.030505417380482e-05, 6.318072337307967e-06, 3.9934315282152966e-05, 2.057053804397583, 2.369462251663208, 0.0015019814018160105, 2.0265558760002023e-06, 3.45700973412022e-05, 0.00037996700848452747, 0.005589332897216082, 3.659658250398934e-05, 2.0146166207268834e-05, 3.516612196108326e-05, 0.00018165845540352166, 0.002588733099400997, 7.10462118149735e-05, 1.2755313036905136e-05, 0.0002907091984525323, 0.4745732843875885, 1.311301275563892e-06, 2.3841855067985307e-07]",1.0152039341014734,-0.005254640722114345
670,37,64,135,0.00011777877807617188,0.00012209569104015827,1.0163849149820912,"[17.39989471435547, 5.4596363042946905e-05, 6.318072337307967e-06, 3.45700973412022e-05, 2.059359550476074, 2.4161531925201416, 0.001303299912251532, 2.50339189733495e-06, 3.397406908334233e-05, 0.0003797286772169173, 0.005440548062324524, 3.433168603805825e-05, 2.074220174108632e-05, 3.659658250398934e-05, 0.00019035911827813834, 0.0025326102040708065, 7.10462118149735e-05, 1.4066597032069694e-05, 0.00031704644788987935, 0.4745867848396301, 1.311301275563892e-06, 2.3841855067985307e-07]",1.0152039341014734,-0.001180980880617799
671,175,188,135,7.295608520507812e-05,7.658291724510491e-05,1.008204326148301,"[17.337360382080078, 5.376194530981593e-05, 5.245195097813848e-06, 4.482168878894299e-05, 2.0533828735351562, 2.3044161796569824, 0.0013905627420172095, 2.264974000354414e-06, 3.4450891689630225e-05, 0.00037996700848452747, 0.005618376191705465, 3.516612196108326e-05, 1.9907753085135482e-05, 3.397406908334233e-05, 0.00019894051365554333, 0.00257303798571229, 7.116541382856667e-05, 1.3828182090946939e-05, 0.00028713393840007484, 0.47457194328308105, 9.536738616588991e-07, 2.3841855067985307e-07]",1.0152039341014734,0.006999607953172449
672,257,260,135,4.9114227294921875e-05,5.4708056268282235e-05,1.0163849149820912,"[17.39989471435547, 5.4596363042946905e-05, 6.318072337307967e-06, 3.45700973412022e-05, 2.059359550476074, 2.4161531925201416, 0.001303299912251532, 2.50339189733495e-06, 3.397406908334233e-05, 0.0003797286772169173, 0.005440548062324524, 3.433168603805825e-05, 2.074220174108632e-05, 3.659658250398934e-05, 0.00019035911827813834, 0.0025326102040708065, 7.10462118149735e-05, 1.4066597032069694e-05, 0.00031704644788987935, 0.4745867848396301, 1.311301275563892e-06, 2.3841855067985307e-07]",1.0152039341014734,-0.001180980880617799
673,6,30,135,0.00012874603271484375,0.00013479522021953017,1.017284112860134,"[17.475696563720703, 5.066266385256313e-05, 4.887569048150908e-06, 3.981510963058099e-05, 2.0627403259277344, 2.356966495513916, 0.0012706785928457975, 1.9073468138230965e-06, 3.480850500636734e-05, 0.00035506143467500806, 0.005593244917690754, 4.088794958079234e-05, 1.7165990357170813e-05, 3.659658250398934e-05, 0.00016389934171456844, 0.0022870355751365423, 7.891343557275832e-05, 1.4066597032069694e-05, 0.0002932118659373373, 0.4745628237724304, 1.1920922133867862e-06, 2.3841855067985307e-07]",1.0152039341014734,-0.0020801787586606224
678,42,66,135,0.00011682510375976562,0.0001212391143781133,1.0163849149820912,"[17.39989471435547, 5.4596363042946905e-05, 6.318072337307967e-06, 3.45700973412022e-05, 2.059359550476074, 2.4161531925201416, 0.001303299912251532, 2.50339189733495e-06, 3.397406908334233e-05, 0.0003797286772169173, 0.005440548062324524, 3.433168603805825e-05, 2.074220174108632e-05, 3.659658250398934e-05, 0.00019035911827813834, 0.0025326102040708065, 7.10462118149735e-05, 1.4066597032069694e-05, 0.00031704644788987935, 0.4745867848396301, 1.311301275563892e-06, 2.3841855067985307e-07]",1.0152039341014734,-0.001180980880617799
679,181,194,135,7.05718994140625e-05,7.425102376146242e-05,1.0163849149820912,"[17.39989471435547, 5.4596363042946905e-05, 6.318072337307967e-06, 3.45700973412022e-05, 2.059359550476074, 2.4161531925201416, 0.001303299912251532, 2.50339189733495e-06, 3.397406908334233e-05, 0.0003797286772169173, 0.005440548062324524, 3.433168603805825e-05, 2.074220174108632e-05, 3.659658250398934e-05, 0.00019035911827813834, 0.0025326102040708065, 7.10462118149735e-05, 1.4066597032069694e-05, 0.00031704644788987935, 0.4745867848396301, 1.311301275563892e-06, 2.3841855067985307e-07]",1.0152039341014734,-0.001180980880617799
680,211,231,135,6.103515625e-05,6.331737677101046e-05,1.0181985710018195,"[17.4757080078125, 4.8636207793606445e-05, 5.245195097813848e-06, 3.58813522325363e-05, 2.0256497859954834, 2.4134206771850586, 0.001302704680711031, 2.145764938177308e-06, 3.135155202471651e-05, 0.0003916450368706137, 0.006281631998717785, 3.564294092939235e-05, 1.7881233361549675e-05, 3.313963316031732e-05, 0.00016485285595990717, 0.0022865599021315575, 7.903263758635148e-05, 1.2874520507466514e-05, 0.0002865380665753037, 0.47457313537597656, 9.536738616588991e-07, 2.3841855067985307e-07]",1.0152039341014734,-0.0029946369003461815
681,290,294,135,3.814697265625e-05,4.178546441835351e-05,1.0181985710018195,"[17.4757080078125, 4.8636207793606445e-05, 5.245195097813848e-06, 3.58813522325363e-05, 2.0256497859954834, 2.4134206771850586, 0.001302704680711031, 2.145764938177308e-06, 3.135155202471651e-05, 0.0003916450368706137, 0.006281631998717785, 3.564294092939235e-05, 1.7881233361549675e-05, 3.313963316031732e-05, 0.00016485285595990717, 0.0022865599021315575, 7.903263758635148e-05, 1.2874520507466514e-05, 0.0002865380665753037, 0.47457313537597656, 9.536738616588991e-07, 2.3841855067985307e-07]",1.0152039341014734,-0.0029946369003461815
682,109,125,135,9.250640869140625e-05,9.782689448911697e-05,1.0181985710018195,"[17.4757080078125, 4.8636207793606445e-05, 5.245195097813848e-06, 3.58813522325363e-05, 2.0256497859954834, 2.4134206771850586, 0.001302704680711031, 2.145764938177308e-06, 3.135155202471651e-05, 0.0003916450368706137, 0.006281631998717785, 3.564294092939235e-05, 1.7881233361549675e-05, 3.313963316031732e-05, 0.00016485285595990717, 0.0022865599021315575, 7.903263758635148e-05, 1.2874520507466514e-05, 0.0002865380665753037, 0.47457313537597656, 9.536738616588991e-07, 2.3841855067985307e-07]",1.0152039341014734,-0.0029946369003461815
686,228,223,135,5.6743621826171875e-05,6.49695357424207e-05,1.0217381978357685,"[17.524839401245117, 4.95898348162882e-05, 5.602820692729438e-06, 4.005352093372494e-05, 2.112983465194702, 2.3059325218200684, 0.0013293724041432142, 1.9073468138230965e-06, 3.8265450712060556e-05, 0.0003736513026524335, 0.006088400725275278, 3.862306402879767e-05, 1.9907753085135482e-05, 3.671578815556131e-05, 0.00018285033002030104, 0.002283110748976469, 7.033100700937212e-05, 1.4066597032069694e-05, 0.00025912740966305137, 0.5236523151397705, 8.344646857949556e-07, 2.3841855067985307e-07]",1.0152039341014734,-0.006534263734295109
688,161,174,135,7.62939453125e-05,8.21042267489247e-05,1.0140964324292023,"[17.350852966308594, 6.067568756407127e-05, 6.6756979322235566e-06, 3.659658250398934e-05, 2.0589098930358887, 2.4601192474365234, 0.001319729257375002, 2.145764938177308e-06, 3.45700973412022e-05, 0.00035232058144174516, 0.006310536526143551, 3.611976353568025e-05, 2.074220174108632e-05, 3.421248038648628e-05, 0.00017069313616957515, 0.002273833379149437, 7.033100700937212e-05, 1.2874520507466514e-05, 0.0002864189154934138, 0.42920973896980286, 9.536738616588991e-07, 2.3841855067985307e-07]",1.0152039341014734,0.0011075016722710274
689,241,246,135,5.173683166503906e-05,5.8128833188675344e-05,1.0141891553566984,"[17.4757137298584, 5.793403761344962e-05, 6.198863957251888e-06, 3.671578815556131e-05, 2.090707778930664, 2.3055553436279297, 0.0012554391287267208, 1.9073468138230965e-06, 3.433168603805825e-05, 0.00037877538125030696, 0.006268364377319813, 4.088794958079234e-05, 1.8954096958623268e-05, 3.790783375734463e-05, 0.00018249277491122484, 0.0023061842657625675, 6.961580220377073e-05, 1.2040065485052764e-05, 0.00028689560713246465, 0.42918848991394043, 1.1920922133867862e-06, 2.3841855067985307e-07]",1.0152039341014734,0.0010147787447749579
690,282,286,135,4.124641418457031e-05,4.5799315557815135e-05,1.0128020811252894,"[17.462331771850586, 5.3881147323409095e-05, 5.364403477869928e-06, 3.6954195820726454e-05, 1.9676623344421387, 2.412083864212036, 0.0012344843707978725, 2.264974000354414e-06, 3.862306402879767e-05, 0.00037877538125030696, 0.005645521450787783, 4.279521817807108e-05, 1.823885577323381e-05, 3.802703940891661e-05, 0.00018189683032687753, 0.0023124876897782087, 6.329813186312094e-05, 1.1801649634435307e-05, 0.0002864189154934138, 0.42921578884124756, 9.536738616588991e-07, 2.3841855067985307e-07]",1.0152039341014734,0.0024018529761840046
691,264,264,135,4.601478576660156e-05,5.413476537796669e-05,1.017824531689695,"[17.524839401245117, 5.3165931603871286e-05, 5.960446742392378e-06, 3.7788631743751466e-05, 2.066537857055664, 2.3599905967712402, 0.0012475810945034027, 2.145764938177308e-06, 3.433168603805825e-05, 0.0003763920976780355, 0.00687542837113142, 3.6000557884108275e-05, 2.062299427052494e-05, 3.6477376852417365e-05, 0.0001839230244513601, 0.0022977397311478853, 5.578839045483619e-05, 1.2159273865108844e-05, 0.0002862997353076935, 0.4292089641094208, 8.344646857949556e-07, 2.3841855067985307e-07]",1.0152039341014734,-0.0026205975882216404
698,99,94,135,9.5367431640625e-05,0.00010755861876532435,1.0186297746483979,"[17.475727081298828, 5.817244164063595e-05, 6.437280717364047e-06, 4.0411134250462055e-05, 2.0947256088256836, 2.3542301654815674, 0.0014965059235692024, 2.145764938177308e-06, 3.4689302992774174e-05, 0.0003589939442463219, 0.005620746873319149, 3.4689302992774174e-05, 2.13382354559144e-05, 3.2543604902457446e-05, 0.0001754606782924384, 0.0022885818034410477, 7.045020902296528e-05, 1.4185804502631072e-05, 0.0002864189154934138, 0.4746289849281311, 1.1920922133867862e-06, 2.3841855067985307e-07]",1.0152039341014734,-0.003425840546924519
707,20,38,135,0.0001220703125,0.00013163693074602634,1.012715765134242,"[17.475831985473633, 5.185469490243122e-05, 5.483612312673358e-06, 3.6238969187252223e-05, 2.0155699253082275, 2.303245782852173, 0.0014363934751600027, 1.7881377516459906e-06, 3.45700973412022e-05, 0.00039081089198589325, 0.005650144536048174, 3.790783375734463e-05, 2.0146166207268834e-05, 3.71926071238704e-05, 0.00018094333063345402, 0.002262177411466837, 7.045020902296528e-05, 1.3947389561508317e-05, 0.0002901133266277611, 0.47457730770111084, 1.311301275563892e-06, 3.576278118089249e-07]",1.0152039341014734,0.0024881689672313634
708,131,130,135,8.440017700195312e-05,9.641585347708315e-05,1.0155092328751492,"[17.493005752563477, 6.01988795096986e-05, 5.483612312673358e-06, 4.076874756719917e-05, 2.062593698501587, 2.3003079891204834, 0.0013941340148448944, 2.3841830625315197e-06, 3.45700973412022e-05, 0.000377583724912256, 0.005569298751652241, 3.6954195820726454e-05, 2.038458114839159e-05, 3.3854863431770355e-05, 0.0001820160250645131, 0.0025412903632968664, 7.855583680793643e-05, 1.4066597032069694e-05, 0.0002862997353076935, 0.47461628913879395, 1.311301275563892e-06, 2.3841855067985307e-07]",1.0152039341014734,-0.0003052987736757995
717,110,108,135,9.202957153320312e-05,0.00010411538096377626,1.0082605522056773,"[17.33736801147461, 5.6980417866725475e-05, 5.125986263010418e-06, 3.7788631743751466e-05, 2.058131694793701, 2.3002846240997314, 0.0014874596381559968, 2.3841830625315197e-06, 3.504691630951129e-05, 0.00040451448876410723, 0.006094324868172407, 3.8742269680369645e-05, 2.1219027985353023e-05, 3.659658250398934e-05, 0.00018010901112575084, 0.0025880197063088417, 7.891343557275832e-05, 1.2516897186287679e-05, 0.00029213930247351527, 0.47457462549209595, 1.0728830375228426e-06, 2.3841855067985307e-07]",1.0152039341014734,0.006943381895796019
724,207,218,135,6.246566772460938e-05,6.622391083510593e-05,1.009684772047901,"[17.337547302246094, 5.149708886165172e-05, 5.602820692729438e-06, 3.909988299710676e-05, 2.0901131629943848, 2.300333023071289, 0.0014103237772360444, 2.0265558760002023e-06, 3.504691630951129e-05, 0.00037901371251791716, 0.005631296895444393, 3.671578815556131e-05, 2.0503786799963564e-05, 3.111314072157256e-05, 0.00018082413589581847, 0.0022947664838284254, 7.903263758635148e-05, 1.4066597032069694e-05, 0.0002899941464420408, 0.47456926107406616, 1.0728830375228426e-06, 2.3841855067985307e-07]",1.0152039341014734,0.005519162053572391
725,248,266,135,5.078315734863281e-05,5.331779539119452e-05,1.0163849149820912,"[17.39989471435547, 5.4596363042946905e-05, 6.318072337307967e-06, 3.45700973412022e-05, 2.059359550476074, 2.4161531925201416, 0.001303299912251532, 2.50339189733495e-06, 3.397406908334233e-05, 0.0003797286772169173, 0.005440548062324524, 3.433168603805825e-05, 2.074220174108632e-05, 3.659658250398934e-05, 0.00019035911827813834, 0.0025326102040708065, 7.10462118149735e-05, 1.4066597032069694e-05, 0.00031704644788987935, 0.4745867848396301, 1.311301275563892e-06, 2.3841855067985307e-07]",1.0152039341014734,-0.001180980880617799
726,313,318,135,2.968311309814453e-05,3.124999420833774e-05,1.0163849149820912,"[17.39989471435547, 5.4596363042946905e-05, 6.318072337307967e-06, 3.45700973412022e-05, 2.059359550476074, 2.4161531925201416, 0.001303299912251532, 2.50339189733495e-06, 3.397406908334233e-05, 0.0003797286772169173, 0.005440548062324524, 3.433168603805825e-05, 2.074220174108632e-05, 3.659658250398934e-05, 0.00019035911827813834, 0.0025326102040708065, 7.10462118149735e-05, 1.4066597032069694e-05, 0.00031704644788987935, 0.4745867848396301, 1.311301275563892e-06, 2.3841855067985307e-07]",1.0152039341014734,-0.001180980880617799
727,326,328,135,2.467632293701172e-05,2.747567486949265e-05,1.0163849149820912,"[17.39989471435547, 5.4596363042946905e-05, 6.318072337307967e-06, 3.45700973412022e-05, 2.059359550476074, 2.4161531925201416, 0.001303299912251532, 2.50339189733495e-06, 3.397406908334233e-05, 0.0003797286772169173, 0.005440548062324524, 3.433168603805825e-05, 2.074220174108632e-05, 3.659658250398934e-05, 0.00019035911827813834, 0.0025326102040708065, 7.10462118149735e-05, 1.4066597032069694e-05, 0.00031704644788987935, 0.4745867848396301, 1.311301275563892e-06, 2.3841855067985307e-07]",1.0152039341014734,-0.001180980880617799
728,200,212,135,6.437301635742188e-05,6.765191210433841e-05,1.0148701259688435,"[17.47573471069336, 5.936446541454643e-05, 5.483612312673358e-06, 4.2199197196168825e-05, 2.0589091777801514, 2.3068008422851562, 0.0014172281371429563, 2.50339189733495e-06, 3.4450891689630225e-05, 0.00037543877260759473, 0.006261730100959539, 3.611976353568025e-05, 2.0146166207268834e-05, 3.58813522325363e-05, 0.00017486473370809108, 0.002285489346832037, 7.068861305015162e-05, 1.4781842764932662e-05, 0.000286657246761024, 0.4745735824108124, 1.1920922133867862e-06, 2.3841855067985307e-07]",1.0152039341014734,0.00033380813262984255
729,120,133,135,8.869171142578125e-05,9.547782246954739e-05,1.018887086615206,"[17.399864196777344, 4.565611743601039e-05, 6.318072337307967e-06, 4.279521817807108e-05, 2.064061164855957, 2.4656856060028076, 0.0013158005895093083, 2.50339189733495e-06, 3.4450891689630225e-05, 0.0003953390696551651, 0.006281513720750809, 3.814624506048858e-05, 2.0146166207268834e-05, 3.8980677345534787e-05, 0.00019751029321923852, 0.0025176277849823236, 7.033100700937212e-05, 1.2159273865108844e-05, 0.00029237763374112546, 0.4745922088623047, 8.344646857949556e-07, 2.3841855067985307e-07]",1.0152039341014734,-0.003683152513732635
731,197,201,135,6.532669067382812e-05,7.072085281834006e-05,1.0163849149820912,"[17.39989471435547, 5.4596363042946905e-05, 6.318072337307967e-06, 3.45700973412022e-05, 2.059359550476074, 2.4161531925201416, 0.001303299912251532, 2.50339189733495e-06, 3.397406908334233e-05, 0.0003797286772169173, 0.005440548062324524, 3.433168603805825e-05, 2.074220174108632e-05, 3.659658250398934e-05, 0.00019035911827813834, 0.0025326102040708065, 7.10462118149735e-05, 1.4066597032069694e-05, 0.00031704644788987935, 0.4745867848396301, 1.311301275563892e-06, 2.3841855067985307e-07]",1.0152039341014734,-0.001180980880617799
732,201,208,135,6.437301635742188e-05,6.886766641400754e-05,1.0163849149820912,"[17.39989471435547, 5.4596363042946905e-05, 6.318072337307967e-06, 3.45700973412022e-05, 2.059359550476074, 2.4161531925201416, 0.001303299912251532, 2.50339189733495e-06, 3.397406908334233e-05, 0.0003797286772169173, 0.005440548062324524, 3.433168603805825e-05, 2.074220174108632e-05, 3.659658250398934e-05, 0.00019035911827813834, 0.0025326102040708065, 7.10462118149735e-05, 1.4066597032069694e-05, 0.00031704644788987935, 0.4745867848396301, 1.311301275563892e-06, 2.3841855067985307e-07]",1.0152039341014734,-0.001180980880617799
733,186,197,135,6.914138793945312e-05,7.202418782981113e-05,1.0163849149820912,"[17.39989471435547, 5.4596363042946905e-05, 6.318072337307967e-06, 3.45700973412022e-05, 2.059359550476074, 2.4161531925201416, 0.001303299912251532, 2.50339189733495e-06, 3.397406908334233e-05, 0.0003797286772169173, 0.005440548062324524, 3.433168603805825e-05, 2.074220174108632e-05, 3.659658250398934e-05, 0.00019035911827813834, 0.0025326102040708065, 7.10462118149735e-05, 1.4066597032069694e-05, 0.00031704644788987935, 0.4745867848396301, 1.311301275563892e-06, 2.3841855067985307e-07]",1.0152039341014734,-0.001180980880617799
734,276,278,135,4.3392181396484375e-05,4.815509237232618e-05,1.0217381978357685,"[17.524839401245117, 4.95898348162882e-05, 5.602820692729438e-06, 4.005352093372494e-05, 2.112983465194702, 2.3059325218200684, 0.0013293724041432142, 1.9073468138230965e-06, 3.8265450712060556e-05, 0.0003736513026524335, 0.006088400725275278, 3.862306402879767e-05, 1.9907753085135482e-05, 3.671578815556131e-05, 0.00018285033002030104, 0.002283110748976469, 7.033100700937212e-05, 1.4066597032069694e-05, 0.00025912740966305137, 0.5236523151397705, 8.344646857949556e-07, 2.3841855067985307e-07]",1.0152039341014734,-0.006534263734295109
735,154,170,135,7.915496826171875e-05,8.274646825157106e-05,1.006302226172278,"[17.350719451904297, 5.590759246842936e-05, 4.887569048150908e-06, 3.790783375734463e-05, 1.9960088729858398, 2.306540012359619, 0.0013810392701998353, 2.145764938177308e-06, 3.8742269680369645e-05, 0.0003911683743353933, 0.005652278196066618, 3.6238969187252223e-05, 2.0146166207268834e-05, 3.373566141817719e-05, 0.00018225439998786896, 0.0025889708194881678, 7.939023635117337e-05, 1.168244216387393e-05, 0.00028939827461726964, 0.47457319498062134, 1.311301275563892e-06, 2.3841855067985307e-07]",1.0152039341014734,0.008901707929195313
736,292,284,135,3.7670135498046875e-05,4.634524884750135e-05,1.009684772047901,"[17.337547302246094, 5.149708886165172e-05, 5.602820692729438e-06, 3.909988299710676e-05, 2.0901131629943848, 2.300333023071289, 0.0014103237772360444, 2.0265558760002023e-06, 3.504691630951129e-05, 0.00037901371251791716, 0.005631296895444393, 3.671578815556131e-05, 2.0503786799963564e-05, 3.111314072157256e-05, 0.00018082413589581847, 0.0022947664838284254, 7.903263758635148e-05, 1.4066597032069694e-05, 0.0002899941464420408, 0.47456926107406616, 1.0728830375228426e-06, 2.3841855067985307e-07]",1.0152039341014734,0.005519162053572391
743,100,109,135,9.5367431640625e-05,0.00010373020631959662,1.0163849149820912,"[17.39989471435547, 5.4596363042946905e-05, 6.318072337307967e-06, 3.45700973412022e-05, 2.059359550476074, 2.4161531925201416, 0.001303299912251532, 2.50339189733495e-06, 3.397406908334233e-05, 0.0003797286772169173, 0.005440548062324524, 3.433168603805825e-05, 2.074220174108632e-05, 3.659658250398934e-05, 0.00019035911827813834, 0.0025326102040708065, 7.10462118149735e-05, 1.4066597032069694e-05, 0.00031704644788987935, 0.4745867848396301, 1.311301275563892e-06, 2.3841855067985307e-07]",1.0152039341014734,-0.001180980880617799
744,29,43,135,0.00011920928955078125,0.00012864774907939136,1.0078325813896887,"[17.350862503051758, 5.495397272170521e-05, 5.602820692729438e-06, 4.649054244509898e-05, 2.073509693145752, 2.2626092433929443, 0.001359134796075523, 2.264974000354414e-06, 3.397406908334233e-05, 0.00039104922325350344, 0.005702299997210503, 3.8980677345534787e-05, 1.8715683836489916e-05, 3.504691630951129e-05, 0.00018034738604910672, 0.0025322535075247288, 7.009260298218578e-05, 1.3708974620385561e-05, 0.00028618055512197316, 0.4745630621910095, 9.536738616588991e-07, 2.3841855067985307e-07]",1.0152039341014734,0.007371352711784684
753,87,80,135,0.00010013580322265625,0.00011486143921501935,1.0167333867478396,"[17.399860382080078, 5.4238757002167404e-05, 5.125986263010418e-06, 4.029192859889008e-05, 2.065067768096924, 2.417600154876709, 0.0010701649589464068, 2.264974000354414e-06, 3.0636318115284666e-05, 0.00038246947224251926, 0.0061776163056492805, 4.184158387943171e-05, 1.9192511899746023e-05, 3.349725011503324e-05, 0.0001858300092862919, 0.0025615044869482517, 7.068861305015162e-05, 1.3947389561508317e-05, 0.00029023250681348145, 0.4746253490447998, 1.0728830375228426e-06, 2.3841855067985307e-07]",1.0152039341014734,-0.0015294526463662805
763,56,50,135,0.00011157989501953125,0.00012574995344039053,1.0069469953259238,"[17.39986228942871, 4.8040190449682996e-05, 6.318072337307967e-06, 3.8980677345534787e-05, 2.051286220550537, 2.261575222015381, 0.0012378181563690305, 2.50339189733495e-06, 3.099393507000059e-05, 0.0004183370911050588, 0.005622050724923611, 3.540453326422721e-05, 1.7881233361549675e-05, 3.4927710657939315e-05, 0.00018189683032687753, 0.002848854986950755, 7.879423355916515e-05, 1.1205610462639015e-05, 0.000286657246761024, 0.4292084276676178, 8.344646857949556e-07, 2.3841855067985307e-07]",1.0152039341014734,0.00825693877554956
769,144,153,135,8.106231689453125e-05,8.747649553697556e-05,1.0225868333175792,"[17.52484893798828, 5.376194530981593e-05, 6.079655122448457e-06, 3.361645576660521e-05, 2.1323349475860596, 2.3541810512542725, 0.0013878247700631618, 2.145764938177308e-06, 3.40932747349143e-05, 0.00036030475166626275, 0.006163043901324272, 3.7431014789035544e-05, 2.074220174108632e-05, 3.2305197237292305e-05, 0.0001833270798670128, 0.002286678645759821, 7.045020902296528e-05, 1.3947389561508317e-05, 0.0002857038634829223, 0.47457239031791687, 1.311301275563892e-06, 2.3841855067985307e-07]",1.0152039341014734,-0.007382899216105798
770,208,213,135,6.246566772460938e-05,6.762291013728827e-05,1.021457865408736,"[17.413331985473633, 4.970903682988137e-05, 4.529942543740617e-06, 3.671578815556131e-05, 2.1609158515930176, 2.4121170043945312, 0.0014023480471223593, 2.3841830625315197e-06, 3.504691630951129e-05, 0.0003999863693024963, 0.006273813545703888, 4.017272294731811e-05, 2.0503786799963564e-05, 3.373566141817719e-05, 0.00018070495571009815, 0.0022858462762087584, 7.009260298218578e-05, 1.4066597032069694e-05, 0.00028606137493625283, 0.4745709300041199, 1.311301275563892e-06, 2.3841855067985307e-07]",1.0152039341014734,-0.006253931307262706
771,136,155,135,8.344650268554688e-05,8.723753126105294e-05,1.005797405537339,"[17.275049209594727, 5.829164365422912e-05, 5.722029527532868e-06, 3.886147169396281e-05, 2.0606493949890137, 2.306751251220703, 0.0012517482973635197, 1.9073468138230965e-06, 3.433168603805825e-05, 0.00037746457383036613, 0.005777801387012005, 3.909988299710676e-05, 2.002696055569686e-05, 3.71926071238704e-05, 0.00019751029321923852, 0.0023098711390048265, 7.045020902296528e-05, 1.1086402082582936e-05, 0.0002862997353076935, 0.4745739698410034, 1.1920922133867862e-06, 2.3841855067985307e-07]",1.0152039341014734,0.009406528564134264
772,293,292,135,3.7670135498046875e-05,4.3033036490669474e-05,1.0064176735875092,"[17.462310791015625, 5.2927523938706145e-05, 5.483612312673358e-06, 4.017272294731811e-05, 1.9480676651000977, 2.2457427978515625, 0.0014419882791116834, 2.145764938177308e-06, 3.45700973412022e-05, 0.0003812778159044683, 0.005601543001830578, 3.755022044060752e-05, 2.0503786799963564e-05, 3.266281055402942e-05, 0.0001728385395836085, 0.0022961937356740236, 7.068861305015162e-05, 1.2397689715726301e-05, 0.00028618055512197316, 0.47457700967788696, 1.1920922133867862e-06, 2.3841855067985307e-07]",1.0152039341014734,0.00878626051396414
773,162,169,135,7.62939453125e-05,8.341138163814321e-05,1.0078662356557906,"[17.27484703063965, 5.149708886165172e-05, 6.079655122448457e-06, 3.909988299710676e-05, 2.0581421852111816, 2.3060028553009033, 0.00108159682713449, 2.3841830625315197e-06, 3.802703940891661e-05, 0.000426439888542518, 0.006081291474401951, 4.1960789531003684e-05, 1.8358061424805783e-05, 3.123234637314454e-05, 0.00018869050836656243, 0.0020393780432641506, 6.258291978156194e-05, 1.6093124941107817e-05, 0.000291662581730634, 0.523647665977478, 8.344646857949556e-07, 2.3841855067985307e-07]",1.0152039341014734,0.007337698445682772
777,105,91,135,9.441375732421875e-05,0.00011079518299084157,1.0217381978357685,"[17.524839401245117, 4.95898348162882e-05, 5.602820692729438e-06, 4.005352093372494e-05, 2.112983465194702, 2.3059325218200684, 0.0013293724041432142, 1.9073468138230965e-06, 3.8265450712060556e-05, 0.0003736513026524335, 0.006088400725275278, 3.862306402879767e-05, 1.9907753085135482e-05, 3.671578815556131e-05, 0.00018285033002030104, 0.002283110748976469, 7.033100700937212e-05, 1.4066597032069694e-05, 0.00025912740966305137, 0.5236523151397705, 8.344646857949556e-07, 2.3841855067985307e-07]",1.0152039341014734,-0.006534263734295109
778,3,25,135,0.00012969970703125,0.00013944378588348627,1.013714969072896,"[17.399864196777344, 5.471556869451888e-05, 6.198863957251888e-06, 4.2199197196168825e-05, 2.0697245597839355, 2.346846103668213, 0.0014055621577426791, 2.264974000354414e-06, 3.421248038648628e-05, 0.00038914260221645236, 0.00559620838612318, 3.838465272565372e-05, 2.0146166207268834e-05, 3.58813522325363e-05, 0.00017033556650858372, 0.0025345126632601023, 6.23445157543756e-05, 1.490105023549404e-05, 0.000286657246761024, 0.4745992422103882, 1.311301275563892e-06, 2.3841855067985307e-07]",1.0152039341014734,0.001488965028577427
779,66,75,135,0.00010776519775390625,0.00011700470349751413,1.0189754075220556,"[17.475727081298828, 5.638440416078083e-05, 5.960446742392378e-06, 3.540453326422721e-05, 2.0396361351013184, 2.4161362648010254, 0.0013653251808136702, 1.7881377516459906e-06, 3.814624506048858e-05, 0.00035982808913104236, 0.006308760028332472, 3.194758028257638e-05, 2.074220174108632e-05, 3.111314072157256e-05, 0.000179036331246607, 0.002568519674241543, 6.961580220377073e-05, 1.4305012882687151e-05, 0.00028713393840007484, 0.4745844006538391, 8.344646857949556e-07, 2.3841855067985307e-07]",1.0152039341014734,-0.003771473420582261
780,183,186,135,7.009506225585938e-05,7.765878399368376e-05,1.016179525296013,"[17.41318702697754, 5.4834770708112046e-05, 5.602820692729438e-06, 3.564294092939235e-05, 2.046548366546631, 2.4110679626464844, 0.0014074668288230896, 2.50339189733495e-06, 3.9219088648678735e-05, 0.00037722624256275594, 0.005537527613341808, 3.611976353568025e-05, 1.8000440832111053e-05, 3.683499380713329e-05, 0.00016449528629891574, 0.0024970562662929296, 6.97350042173639e-05, 1.2755313036905136e-05, 0.00028725311858579516, 0.4745623767375946, 1.311301275563892e-06, 2.3841855067985307e-07]",1.0152039341014734,-0.0009755911945397155
781,283,283,135,3.981590270996094e-05,4.6897392167011276e-05,1.0187853045198885,"[17.462337493896484, 4.9828242481453344e-05, 7.152531907195225e-06, 4.029192859889008e-05, 2.052177906036377, 2.4133946895599365, 0.0012030514189973474, 2.622600959512056e-06, 3.45700973412022e-05, 0.00037949037505313754, 0.005584591068327427, 3.671578815556131e-05, 1.9430925021879375e-05, 3.3378044463461265e-05, 0.00019071667338721454, 0.002813787665218115, 6.97350042173639e-05, 1.4185804502631072e-05, 0.0002865380665753037, 0.47459909319877625, 1.1920922133867862e-06, 2.3841855067985307e-07]",1.0152039341014734,-0.0035813704184151085
782,223,189,135,5.841255187988281e-05,7.624588761245832e-05,1.0072517117338797,"[17.39986801147461, 6.067568756407127e-05, 5.483612312673358e-06, 3.8980677345534787e-05, 1.9650013446807861, 2.354161500930786, 0.001479484373703599, 2.50339189733495e-06, 3.45700973412022e-05, 0.00042775063775479794, 0.0060823578387498856, 3.516612196108326e-05, 1.7523612768854946e-05, 3.659658250398934e-05, 0.00018320789968129247, 0.002518935827538371, 7.855583680793643e-05, 1.2636104656849056e-05, 0.00028713393840007484, 0.42920368909835815, 1.311301275563892e-06, 2.3841855067985307e-07]",1.0152039341014734,0.007952222367593631
790,30,29,135,0.00011920928955078125,0.00013582067913375795,1.0060507544238133,"[17.337366104125977, 5.209310256759636e-05, 4.887569048150908e-06, 3.7788631743751466e-05, 2.066650152206421, 2.243642807006836, 0.0012460333527997136, 1.9073468138230965e-06, 3.480850500636734e-05, 0.00037901371251791716, 0.006108424626290798, 3.838465272565372e-05, 1.811964830267243e-05, 3.611976353568025e-05, 0.00019727191829588264, 0.0023551841732114553, 7.033100700937212e-05, 1.1205610462639015e-05, 0.00029130507027730346, 0.4745735824108124, 8.344646857949556e-07, 2.3841855067985307e-07]",1.0152039341014734,0.00915317967766005
791,72,18,135,0.00010347366333007812,0.00014713563723489642,1.016934527848557,"[17.274871826171875, 5.8530047681415454e-05, 4.887569048150908e-06, 4.160317621426657e-05, 2.1479270458221436, 2.4647748470306396, 0.0014734136639162898, 2.145764938177308e-06, 3.4927710657939315e-05, 0.0003781795676331967, 0.005492595490068197, 4.0649541915627196e-05, 2.0146166207268834e-05, 3.349725011503324e-05, 0.00018046658078674227, 0.002284894697368145, 6.937739817658439e-05, 1.1324817933200393e-05, 0.00029345019720494747, 0.47456425428390503, 1.311301275563892e-06, 2.3841855067985307e-07]",1.0152039341014734,-0.0017305937470837307
808,250,233,135,5.0067901611328125e-05,6.314584607025608e-05,1.0038885476226047,"[17.350858688354492, 5.352353764465079e-05, 6.318072337307967e-06, 3.683499380713329e-05, 1.944283366203308, 2.3050646781921387, 0.0014325842494145036, 2.50339189733495e-06, 3.576214658096433e-05, 0.0004253674705978483, 0.005621220916509628, 3.862306402879767e-05, 2.074220174108632e-05, 3.611976353568025e-05, 0.0001805857609724626, 0.0025137036573141813, 6.329813186312094e-05, 1.3828182090946939e-05, 0.00028618055512197316, 0.47457268834114075, 1.1920922133867862e-06, 2.3841855067985307e-07]",1.0152039341014734,0.01131538647886865
809,192,191,135,6.723403930664062e-05,7.500113133573905e-05,1.0097631388389694,"[17.350854873657227, 5.602679812000133e-05, 7.152531907195225e-06, 4.017272294731811e-05, 1.9607892036437988, 2.4178237915039062, 0.0013012760318815708, 2.50339189733495e-06, 3.158996332786046e-05, 0.0003808011533692479, 0.0060808174312114716, 3.6238969187252223e-05, 2.038458114839159e-05, 3.45700973412022e-05, 0.00018261195509694517, 0.0022352966479957104, 7.068861305015162e-05, 1.2993727978027891e-05, 0.00025769727653823793, 0.47456905245780945, 1.0728830375228426e-06, 2.3841855067985307e-07]",1.0152039341014734,0.005440795262503961
810,80,68,135,0.00010156631469726562,0.0001197314340970479,1.007890039920533,"[17.288354873657227, 5.2569914259947836e-05, 6.437280717364047e-06, 3.909988299710676e-05, 2.095038414001465, 2.304899215698242, 0.001105293515138328, 2.7418097943154862e-06, 3.123234637314454e-05, 0.00038378025055862963, 0.006101434119045734, 3.969590397900902e-05, 1.764281842042692e-05, 3.635817120084539e-05, 0.00018845213344320655, 0.002303448738530278, 7.10462118149735e-05, 1.3708974620385561e-05, 0.0002982171718031168, 0.47459614276885986, 8.344646857949556e-07, 2.3841855067985307e-07]",1.0152039341014734,0.007313894180940306
815,141,135,135,8.296966552734375e-05,9.36933938646689e-05,1.0050695400013334,"[17.350849151611328, 5.411955135059543e-05, 4.768360213347478e-06, 4.029192859889008e-05, 1.9673733711242676, 2.307870388031006, 0.0013174673076719046, 2.264974000354414e-06, 3.40932747349143e-05, 0.00037901371251791716, 0.006106054875999689, 3.909988299710676e-05, 1.8954096958623268e-05, 3.373566141817719e-05, 0.00017534149810671806, 0.0022858462762087584, 6.997340824455023e-05, 1.3828182090946939e-05, 0.0002898749662563205, 0.47457069158554077, 1.311301275563892e-06, 2.3841855067985307e-07]",1.0152039341014734,0.010134394100139943
816,92,112,135,9.632110595703125e-05,0.00010353307879995555,1.00983136068073,"[17.413366317749023, 4.625213477993384e-05, 5.8412379075889476e-06, 3.635817120084539e-05, 2.060819625854492, 2.3021535873413086, 0.001379372552037239, 2.7418097943154862e-06, 3.85038583772257e-05, 0.0003813969960901886, 0.005598579533398151, 4.1960789531003684e-05, 1.9907753085135482e-05, 3.6954195820726454e-05, 0.00018594920402392745, 0.0025903978385031223, 7.83174327807501e-05, 1.2755313036905136e-05, 0.0002849888114724308, 0.42920881509780884, 1.0728830375228426e-06, 2.3841855067985307e-07]",1.0152039341014734,0.005372573420743265
817,286,282,135,3.910064697265625e-05,4.7088742576306686e-05,1.010938637484203,"[17.413372039794922, 5.5549986427649856e-05, 6.198863957251888e-06, 4.160317621426657e-05, 2.037877082824707, 2.303638458251953, 0.0012981806648895144, 1.9073468138230965e-06, 3.528532761265524e-05, 0.000377583724912256, 0.006136149168014526, 3.6238969187252223e-05, 2.002696055569686e-05, 3.564294092939235e-05, 0.00018320789968129247, 0.0025387934874743223, 7.843663479434326e-05, 1.156323378381785e-05, 0.0002874914789572358, 0.47461703419685364, 1.311301275563892e-06, 2.3841855067985307e-07]",1.0152039341014734,0.0042652966172702644
818,167,160,135,7.486343383789062e-05,8.549993071937934e-05,1.0163849149820912,"[17.39989471435547, 5.4596363042946905e-05, 6.318072337307967e-06, 3.45700973412022e-05, 2.059359550476074, 2.4161531925201416, 0.001303299912251532, 2.50339189733495e-06, 3.397406908334233e-05, 0.0003797286772169173, 0.005440548062324524, 3.433168603805825e-05, 2.074220174108632e-05, 3.659658250398934e-05, 0.00019035911827813834, 0.0025326102040708065, 7.10462118149735e-05, 1.4066597032069694e-05, 0.00031704644788987935, 0.4745867848396301, 1.311301275563892e-06, 2.3841855067985307e-07]",1.0152039341014734,-0.001180980880617799
824,75,87,135,0.000102996826171875,0.00011268532398389652,1.0163849149820912,"[17.39989471435547, 5.4596363042946905e-05, 6.318072337307967e-06, 3.45700973412022e-05, 2.059359550476074, 2.4161531925201416, 0.001303299912251532, 2.50339189733495e-06, 3.397406908334233e-05, 0.0003797286772169173, 0.005440548062324524, 3.433168603805825e-05, 2.074220174108632e-05, 3.659658250398934e-05, 0.00019035911827813834, 0.0025326102040708065, 7.10462118149735e-05, 1.4066597032069694e-05, 0.00031704644788987935, 0.4745867848396301, 1.311301275563892e-06, 2.3841855067985307e-07]",1.0152039341014734,-0.001180980880617799
825,238,242,135,5.245208740234375e-05,5.9917107137152925e-05,1.0011867603322238,"[17.33753776550293, 5.6622808187967166e-05, 6.079655122448457e-06, 3.886147169396281e-05, 1.9475702047348022, 2.255213737487793, 0.0012330556055530906, 2.145764938177308e-06, 3.45700973412022e-05, 0.0003808011533692479, 0.006272036582231522, 4.076874756719917e-05, 2.0146166207268834e-05, 3.909988299710676e-05, 0.00017712931730784476, 0.002535582985728979, 7.045020902296528e-05, 1.3589766240329482e-05, 0.00029202012228779495, 0.4745729863643646, 8.344646857949556e-07, 2.3841855067985307e-07]",1.0152039341014734,0.014017173769249602
826,305,302,135,3.314018249511719e-05,3.8042366213630885e-05,1.011299366199677,"[17.337554931640625, 5.2569914259947836e-05, 5.8412379075889476e-06, 4.029192859889008e-05, 2.1595518589019775, 2.3120388984680176, 0.0014961488777771592, 2.3841830625315197e-06, 3.433168603805825e-05, 0.000377583724912256, 0.0050195627845823765, 3.969590397900902e-05, 2.0503786799963564e-05, 3.45700973412022e-05, 0.00019298121333122253, 0.0025409336667507887, 7.10462118149735e-05, 1.1920858014491387e-05, 0.0002901133266277611, 0.42920833826065063, 1.311301275563892e-06, 2.3841855067985307e-07]",1.0152039341014734,0.0039045679017963852
827,336,324,135,2.0265579223632812e-05,2.93112825602293e-05,1.0132646907488303,"[17.35090446472168, 6.854299135738984e-05, 5.245195097813848e-06, 3.766942609217949e-05, 2.0390326976776123, 2.4162745475769043, 0.0014431786257773638, 2.264974000354414e-06, 3.45700973412022e-05, 0.00037996700848452747, 0.006113164126873016, 3.838465272565372e-05, 2.0503786799963564e-05, 3.45700973412022e-05, 0.00019095504831057042, 0.0022436226718127728, 7.068861305015162e-05, 1.2874520507466514e-05, 0.0002862997353076935, 0.47462743520736694, 1.311301275563892e-06, 2.3841855067985307e-07]",1.0152039341014734,0.0019392433526430608
828,236,214,135,5.2928924560546875e-05,6.742023106198758e-05,1.0081528023195871,"[17.337522506713867, 4.95898348162882e-05, 5.245195097813848e-06, 4.362964682513848e-05, 2.050847053527832, 2.305417537689209, 0.0012952042743563652, 1.9073468138230965e-06, 3.480850500636734e-05, 0.0003992714046034962, 0.0062851859256625175, 4.076874756719917e-05, 2.0861407392658293e-05, 3.58813522325363e-05, 0.00018225439998786896, 0.002273833379149437, 7.021180499577895e-05, 1.2159273865108844e-05, 0.00025412190007045865, 0.47456854581832886, 8.344646857949556e-07, 2.3841855067985307e-07]",1.0152039341014734,0.007051131781886211
832,27,8,135,0.00011968612670898438,0.0001679572742432356,1.017387524217589,"[17.475814819335938, 5.054346183896996e-05, 5.245195097813848e-06, 4.160317621426657e-05, 2.0602896213531494, 2.360548734664917, 0.0013862771447747946, 1.7881377516459906e-06, 3.4450891689630225e-05, 0.00042417587246745825, 0.006162096280604601, 3.6954195820726454e-05, 1.823885577323381e-05, 3.611976353568025e-05, 0.00018010901112575084, 0.002576248487457633, 7.045020902296528e-05, 1.4305012882687151e-05, 0.0002636561985127628, 0.4745686650276184, 1.1920922133867862e-06, 2.3841855067985307e-07]",1.0152039341014734,-0.0021835901161155746
834,21,9,135,0.0001220703125,0.0001663033035583794,1.0156295896426533,"[17.399879455566406, 5.6265202147187665e-05, 5.006777428206988e-06, 4.0411134250462055e-05, 2.038130760192871, 2.4195613861083984, 0.001400562352500856, 2.3841830625315197e-06, 3.4927710657939315e-05, 0.00037901371251791716, 0.006270022597163916, 3.659658250398934e-05, 2.002696055569686e-05, 3.671578815556131e-05, 0.00018153927521780133, 0.0028318562544882298, 7.974783511599526e-05, 1.4424220353248529e-05, 0.00026294111739844084, 0.47462549805641174, 1.1920922133867862e-06, 2.3841855067985307e-07]",1.0152039341014734,-0.00042565554117990345
836,31,5,135,0.00011920928955078125,0.00018123630434274673,1.0116562177638144,"[17.399864196777344, 5.543078441405669e-05, 5.960446742392378e-06, 4.017272294731811e-05, 2.005293607711792, 2.3663246631622314, 0.0012541294563561678, 1.9073468138230965e-06, 3.790783375734463e-05, 0.00037877538125030696, 0.005639002192765474, 4.1126360883936286e-05, 1.9073304429184645e-05, 3.58813522325363e-05, 0.0001908358681248501, 0.002310228068381548, 7.033100700937212e-05, 1.3708974620385561e-05, 0.00028725311858579516, 0.4745710492134094, 1.311301275563892e-06, 2.3841855067985307e-07]",1.0152039341014734,0.003547716337658935
862,7,22,135,0.00012874603271484375,0.0001411334815202281,1.0163849149820912,"[17.39989471435547, 5.4596363042946905e-05, 6.318072337307967e-06, 3.45700973412022e-05, 2.059359550476074, 2.4161531925201416, 0.001303299912251532, 2.50339189733495e-06, 3.397406908334233e-05, 0.0003797286772169173, 0.005440548062324524, 3.433168603805825e-05, 2.074220174108632e-05, 3.659658250398934e-05, 0.00019035911827813834, 0.0025326102040708065, 7.10462118149735e-05, 1.4066597032069694e-05, 0.00031704644788987935, 0.4745867848396301, 1.311301275563892e-06, 2.3841855067985307e-07]",1.0152039341014734,-0.001180980880617799
863,239,207,135,5.245208740234375e-05,6.921317253727466e-05,1.0163849149820912,"[17.39989471435547, 5.4596363042946905e-05, 6.318072337307967e-06, 3.45700973412022e-05, 2.059359550476074, 2.4161531925201416, 0.001303299912251532, 2.50339189733495e-06, 3.397406908334233e-05, 0.0003797286772169173, 0.005440548062324524, 3.433168603805825e-05, 2.074220174108632e-05, 3.659658250398934e-05, 0.00019035911827813834, 0.0025326102040708065, 7.10462118149735e-05, 1.4066597032069694e-05, 0.00031704644788987935, 0.4745867848396301, 1.311301275563892e-06, 2.3841855067985307e-07]",1.0152039341014734,-0.001180980880617799
865,13,10,135,0.000125885009765625,0.00016407921793870628,1.0163849149820912,"[17.39989471435547, 5.4596363042946905e-05, 6.318072337307967e-06, 3.45700973412022e-05, 2.059359550476074, 2.4161531925201416, 0.001303299912251532, 2.50339189733495e-06, 3.397406908334233e-05, 0.0003797286772169173, 0.005440548062324524, 3.433168603805825e-05, 2.074220174108632e-05, 3.659658250398934e-05, 0.00019035911827813834, 0.0025326102040708065, 7.10462118149735e-05, 1.4066597032069694e-05, 0.00031704644788987935, 0.4745867848396301, 1.311301275563892e-06, 2.3841855067985307e-07]",1.0152039341014734,-0.001180980880617799
870,76,71,135,0.000102996826171875,0.00011899962555617094,1.0163849149820912,"[17.39989471435547, 5.4596363042946905e-05, 6.318072337307967e-06, 3.45700973412022e-05, 2.059359550476074, 2.4161531925201416, 0.001303299912251532, 2.50339189733495e-06, 3.397406908334233e-05, 0.0003797286772169173, 0.005440548062324524, 3.433168603805825e-05, 2.074220174108632e-05, 3.659658250398934e-05, 0.00019035911827813834, 0.0025326102040708065, 7.10462118149735e-05, 1.4066597032069694e-05, 0.00031704644788987935, 0.4745867848396301, 1.311301275563892e-06, 2.3841855067985307e-07]",1.0152039341014734,-0.001180980880617799
871,101,97,135,9.489059448242188e-05,0.0001064994212356396,1.0163849149820912,"[17.39989471435547, 5.4596363042946905e-05, 6.318072337307967e-06, 3.45700973412022e-05, 2.059359550476074, 2.4161531925201416, 0.001303299912251532, 2.50339189733495e-06, 3.397406908334233e-05, 0.0003797286772169173, 0.005440548062324524, 3.433168603805825e-05, 2.074220174108632e-05, 3.659658250398934e-05, 0.00019035911827813834, 0.0025326102040708065, 7.10462118149735e-05, 1.4066597032069694e-05, 0.00031704644788987935, 0.4745867848396301, 1.311301275563892e-06, 2.3841855067985307e-07]",1.0152039341014734,-0.001180980880617799
872,295,279,135,3.719329833984375e-05,4.811731196241453e-05,1.0163849149820912,"[17.39989471435547, 5.4596363042946905e-05, 6.318072337307967e-06, 3.45700973412022e-05, 2.059359550476074, 2.4161531925201416, 0.001303299912251532, 2.50339189733495e-06, 3.397406908334233e-05, 0.0003797286772169173, 0.005440548062324524, 3.433168603805825e-05, 2.074220174108632e-05, 3.659658250398934e-05, 0.00019035911827813834, 0.0025326102040708065, 7.10462118149735e-05, 1.4066597032069694e-05, 0.00031704644788987935, 0.4745867848396301, 1.311301275563892e-06, 2.3841855067985307e-07]",1.0152039341014734,-0.001180980880617799
873,261,192,135,4.76837158203125e-05,7.486015238100663e-05,1.0126520335052644,"[17.475839614868164, 4.6967357775429264e-05, 5.483612312673358e-06, 3.838465272565372e-05, 2.0084245204925537, 2.307548761367798, 0.0012919898144900799, 2.264974000354414e-06, 3.838465272565372e-05, 0.0003897384158335626, 0.006894371006637812, 3.4927710657939315e-05, 2.0503786799963564e-05, 3.516612196108326e-05, 0.00018523407925385982, 0.002540576970204711, 7.819823804311454e-05, 1.3947389561508317e-05, 0.00028725311858579516, 0.47462713718414307, 1.0728830375228426e-06, 2.3841855067985307e-07]",1.0152039341014734,0.0025519005962089114
908,4,15,135,0.00012969970703125,0.00014864122204016894,1.0175272508935107,"[17.41333770751953, 5.352353764465079e-05, 6.198863957251888e-06, 3.7788631743751466e-05, 2.123736619949341, 2.3633198738098145, 0.0012342463014647365, 2.3841830625315197e-06, 3.862306402879767e-05, 0.00038914260221645236, 0.005622406490147114, 3.9934315282152966e-05, 1.847726889536716e-05, 3.671578815556131e-05, 0.00019536493346095085, 0.0025527053512632847, 6.985420623095706e-05, 1.4185804502631072e-05, 0.0002874914789572358, 0.4746047258377075, 1.311301275563892e-06, 2.3841855067985307e-07]",1.0152039341014734,-0.0023233167920373443
909,50,34,135,0.00011301040649414062,0.00013283465523272753,1.016179525296013,"[17.41318702697754, 5.4834770708112046e-05, 5.602820692729438e-06, 3.564294092939235e-05, 2.046548366546631, 2.4110679626464844, 0.0014074668288230896, 2.50339189733495e-06, 3.9219088648678735e-05, 0.00037722624256275594, 0.005537527613341808, 3.611976353568025e-05, 1.8000440832111053e-05, 3.683499380713329e-05, 0.00016449528629891574, 0.0024970562662929296, 6.97350042173639e-05, 1.2755313036905136e-05, 0.00028725311858579516, 0.4745623767375946, 1.311301275563892e-06, 2.3841855067985307e-07]",1.0152039341014734,-0.0009755911945397155
918,32,3,135,0.00011920928955078125,0.0001925271935760975,1.0163849149820912,"[17.39989471435547, 5.4596363042946905e-05, 6.318072337307967e-06, 3.45700973412022e-05, 2.059359550476074, 2.4161531925201416, 0.001303299912251532, 2.50339189733495e-06, 3.397406908334233e-05, 0.0003797286772169173, 0.005440548062324524, 3.433168603805825e-05, 2.074220174108632e-05, 3.659658250398934e-05, 0.00019035911827813834, 0.0025326102040708065, 7.10462118149735e-05, 1.4066597032069694e-05, 0.00031704644788987935, 0.4745867848396301, 1.311301275563892e-06, 2.3841855067985307e-07]",1.0152039341014734,-0.001180980880617799
