Working directory: /inspire/hdd/global_user/gexinmu-253108100065/Repos/fuyicheng_workshop/Innovator-lm-evaluation-hardness/x-attention-main
MODEL_PATH=/inspire/hdd/global_user/gexinmu-253108100065/Resources/models/LLMs/Qwen3-8B
NOLIMA_ROOT=/inspire/hdd/global_user/gexinmu-253108100065/Repos/fuyicheng_workshop/dllm/data/NoLiMa
SYNTH_DATA=/inspire/hdd/global_user/gexinmu-253108100065/Repos/fuyicheng_workshop/dllm/data/NoLiMa/synth_train/qwen3_8b_ruler_mix_sparse_t065_48k64k_multikey_qa2_16000.jsonl
DATA_SAMPLES=16000
INIT_PATH=identity
OUT_PATH=/inspire/hdd/global_user/gexinmu-253108100065/Repos/fuyicheng_workshop/Innovator-lm-evaluation-hardness/x-attention-main/xattn/qwen_weights/conv_qwen3_boundary_v2/conv_kernel_7x7_qwen3_8b_boundary_v2_t065_s16_48k64k_bf16.pt
MODEL_PRECISION=bf16
TRAIN_STEPS=32000
LAYERS_PER_SAMPLE=2
LR=5e-5
LR_SCHEDULE=cosine
WARMUP_STEPS=500
MIN_LR_RATIO=0.20
WEIGHT_MIN=-1.0
WEIGHT_MAX=2.0
THRESHOLD=0.65
BLOCK_TOPK_RATIO=0.65
SCORE_STRIDE=16
TEACHER_KL_WEIGHT=0.15
TOPK_RECALL_LOSS_WEIGHT=8.0
TARGET_LOSS_WEIGHT=0.60
TARGET_QUERY_TAIL_BLOCKS=8
MAX_GRAD_NORM=0.10
LOG_FILE=./ft_scripts/sparse_ruler_qwen/logs/train_qwen3_8b_boundary_v2_t065_s16_48k64k_bf16_20260904_091029.log
Evaluation must use stride=16, block_topk_ratio=0.65.
PYTORCH_CUDA_ALLOC_CONF=expandable_segments:True,max_split_size_mb:128
Skipping import of cpp extensions due to incompatible torch version. Please upgrade to torch >= 2.11.0 (found 2.8.0+cu128).
================================================================================
Sparse guarded long-context training (49152-65536 tokens)
model: /inspire/hdd/global_user/gexinmu-253108100065/Resources/models/LLMs/Qwen3-8B
data: /inspire/hdd/global_user/gexinmu-253108100065/Repos/fuyicheng_workshop/dllm/data/NoLiMa/synth_train/qwen3_8b_ruler_mix_sparse_t065_48k64k_multikey_qa2_16000.jsonl
out: /inspire/hdd/global_user/gexinmu-253108100065/Repos/fuyicheng_workshop/Innovator-lm-evaluation-hardness/x-attention-main/xattn/qwen_weights/conv_qwen3_boundary_v2/conv_kernel_7x7_qwen3_8b_boundary_v2_t065_s16_48k64k_bf16.pt
init_path: identity
resume_state: 
model_type: qwen3
model_precision: bf16
num_layers: 36
num_heads: 32
num_key_value_heads: 8
kernel_size: 7
layers_per_sample: 2
min_seq_length: 49152
max_seq_length: 65536
steps: 32000
lr: 5e-05
lr_schedule: cosine
warmup_steps: 500
min_lr_ratio: 0.2
seed: 24032
block_size: 128
threshold: 0.65
block_topk_ratio: 0.65
score_stride: 16
score_chunk_size: 0
score_sample_kernel_size: 7
score_norm: 1.0
teacher_rows: 16
teacher_tail_rows: 12
teacher_tokens_per_row: 4
teacher_head_chunk: 1
teacher_key_chunk: 512
positive_temperature: 0.02
teacher_kl_weight: 0.15
teacher_l1_weight: 0.05
topk_recall_loss_weight: 8.0
topk_train_ratio: 0.65
topk_positive_mass: 0.99
topk_boundary_negatives: 32
topk_boundary_margin: 0.03
target_loss_weight: 0.6
aggregation_loss_weight: 0.25
aggregation_cover_mass: 0.45
target_margin: 0.12
target_joint_weight: 0.9
target_query_tail_blocks: 8
negative_weight: 0.03
compression_loss_weight: 0.0
compression_loss_weight_final: 0.0
budget_loss_weight: 0.0
target_blocks_schedule: 0:256
bounded_delta_alpha: 0.06
weight_min: -1.0
weight_max: 2.0
ema_decay: 0.997
max_grad_norm: 0.1
log_steps: 10
save_steps: 250
kernel_parameterization: absolute_tanh range=(-1.0,2.0); bounded_delta_alpha is ignored
================================================================================
dataset size: 16000
[model] precision=bf16 compute_dtype=torch.bfloat16
[model] attention_implementation=flash_attention_2
Loading checkpoint shards:   0%|          | 0/5 [00:00<?, ?it/s]Loading checkpoint shards:  20%|██        | 1/5 [00:04<00:19,  4.91s/it]Loading checkpoint shards:  40%|████      | 2/5 [00:08<00:13,  4.34s/it]Loading checkpoint shards:  60%|██████    | 3/5 [00:12<00:08,  4.17s/it]Loading checkpoint shards:  80%|████████  | 4/5 [00:16<00:03,  3.80s/it]Loading checkpoint shards: 100%|██████████| 5/5 [00:17<00:00,  3.03s/it]Loading checkpoint shards: 100%|██████████| 5/5 [00:17<00:00,  3.54s/it]
[model warning] requested training length exceeds the model's max_position_embeddings (65536>40960); using native-RoPE extrapolation to stay identical to inference
[init] scratch identity (no-conv baseline)
[save initial] raw=/inspire/hdd/global_user/gexinmu-253108100065/Repos/fuyicheng_workshop/Innovator-lm-evaluation-hardness/x-attention-main/xattn/qwen_weights/conv_qwen3_boundary_v2/conv_kernel_7x7_qwen3_8b_boundary_v2_t065_s16_48k64k_bf16_step0.pt
[save initial] ema=/inspire/hdd/global_user/gexinmu-253108100065/Repos/fuyicheng_workshop/Innovator-lm-evaluation-hardness/x-attention-main/xattn/qwen_weights/conv_qwen3_boundary_v2/conv_kernel_7x7_qwen3_8b_boundary_v2_t065_s16_48k64k_bf16_ema_step0.pt
step=00010 layers=8,19 seq_len=63175 skipped_length=0 loss=0.313872 teacher_kl=0.775900 teacher_l1=0.000700 topk_boundary_loss=0.009910 teacher_recall=0.901666 causal_density=0.652159 target_group_coverage=0.856597 same_head_all_targets_hit=1.000000 rank_loss=0.189298 aggregation_loss=0.018373 negative_penalty=0.000000 soft_effective_blocks=203.262834 current_block_budget=256.000000 energy_mean=0.017518 energy_std=0.123891 lr=5.500000e-07 grad_norm=0.192571
step=00020 layers=0,31 seq_len=61472 skipped_length=0 loss=0.328407 teacher_kl=0.807140 teacher_l1=0.000682 topk_boundary_loss=0.010455 teacher_recall=0.903987 causal_density=0.652154 target_group_coverage=0.851554 same_head_all_targets_hit=0.950000 rank_loss=0.190682 aggregation_loss=0.037021 negative_penalty=0.000000 soft_effective_blocks=200.991591 current_block_budget=256.000000 energy_mean=0.017417 energy_std=0.124040 lr=1.550000e-06 grad_norm=0.194092
step=00030 layers=7,26 seq_len=63224 skipped_length=0 loss=0.280077 teacher_kl=0.749391 teacher_l1=0.000687 topk_boundary_loss=0.010496 teacher_recall=0.891564 causal_density=0.652211 target_group_coverage=0.818707 same_head_all_targets_hit=0.900000 rank_loss=0.108170 aggregation_loss=0.075043 negative_penalty=0.000000 soft_effective_blocks=202.623799 current_block_budget=256.000000 energy_mean=0.017895 energy_std=0.118748 lr=2.550000e-06 grad_norm=0.085462
step=00040 layers=12,15 seq_len=64443 skipped_length=0 loss=0.346744 teacher_kl=0.930884 teacher_l1=0.000730 topk_boundary_loss=0.009812 teacher_recall=0.915608 causal_density=0.652106 target_group_coverage=0.855078 same_head_all_targets_hit=0.950000 rank_loss=0.214293 aggregation_loss=0.000000 negative_penalty=0.000000 soft_effective_blocks=209.130974 current_block_budget=256.000000 energy_mean=0.017001 energy_std=0.124765 lr=3.550000e-06 grad_norm=0.158616
step=00050 layers=11,24 seq_len=56515 skipped_length=0 loss=0.305265 teacher_kl=0.723147 teacher_l1=0.000690 topk_boundary_loss=0.011630 teacher_recall=0.887921 causal_density=0.652286 target_group_coverage=0.920156 same_head_all_targets_hit=1.000000 rank_loss=0.165055 aggregation_loss=0.018749 negative_penalty=0.000000 soft_effective_blocks=200.322256 current_block_budget=256.000000 energy_mean=0.018399 energy_std=0.114407 lr=4.550000e-06 grad_norm=0.138790
step=00060 layers=14,30 seq_len=61485 skipped_length=0 loss=0.302891 teacher_kl=0.733340 teacher_l1=0.000686 topk_boundary_loss=0.010502 teacher_recall=0.894102 causal_density=0.652160 target_group_coverage=0.816328 same_head_all_targets_hit=0.950000 rank_loss=0.157239 aggregation_loss=0.057978 negative_penalty=0.000000 soft_effective_blocks=192.408876 current_block_budget=256.000000 energy_mean=0.017814 energy_std=0.133222 lr=5.550000e-06 grad_norm=0.179256
step=00070 layers=1,23 seq_len=58791 skipped_length=0 loss=0.325333 teacher_kl=0.806464 teacher_l1=0.000776 topk_boundary_loss=0.009994 teacher_recall=0.908007 causal_density=0.652279 target_group_coverage=0.856250 same_head_all_targets_hit=1.000000 rank_loss=0.199727 aggregation_loss=0.018137 negative_penalty=0.000000 soft_effective_blocks=186.674998 current_block_budget=256.000000 energy_mean=0.018675 energy_std=0.133992 lr=6.550000e-06 grad_norm=0.232671
step=00080 layers=16,29 seq_len=64804 skipped_length=0 loss=0.311161 teacher_kl=0.814174 teacher_l1=0.000679 topk_boundary_loss=0.010323 teacher_recall=0.900654 causal_density=0.652206 target_group_coverage=0.854245 same_head_all_targets_hit=1.000000 rank_loss=0.169570 aggregation_loss=0.018689 negative_penalty=0.000000 soft_effective_blocks=209.792371 current_block_budget=256.000000 energy_mean=0.017487 energy_std=0.113320 lr=7.550000e-06 grad_norm=0.146603
step=00090 layers=0,18 seq_len=57875 skipped_length=0 loss=0.340316 teacher_kl=0.786746 teacher_l1=0.000704 topk_boundary_loss=0.010068 teacher_recall=0.908345 causal_density=0.652194 target_group_coverage=0.805651 same_head_all_targets_hit=0.950000 rank_loss=0.228810 aggregation_loss=0.017761 negative_penalty=0.000000 soft_effective_blocks=194.623167 current_block_budget=256.000000 energy_mean=0.017921 energy_std=0.129780 lr=8.550000e-06 grad_norm=0.240105
step=00100 layers=22,23 seq_len=61879 skipped_length=0 loss=0.310735 teacher_kl=0.793790 teacher_l1=0.000705 topk_boundary_loss=0.011983 teacher_recall=0.898470 causal_density=0.652230 target_group_coverage=0.814697 same_head_all_targets_hit=0.900000 rank_loss=0.135854 aggregation_loss=0.057025 negative_penalty=0.000000 soft_effective_blocks=193.148793 current_block_budget=256.000000 energy_mean=0.018143 energy_std=0.127076 lr=9.550000e-06 grad_norm=0.203620
step=00110 layers=4,28 seq_len=55021 skipped_length=0 loss=0.304785 teacher_kl=0.737119 teacher_l1=0.000704 topk_boundary_loss=0.011529 teacher_recall=0.892938 causal_density=0.652239 target_group_coverage=0.936493 same_head_all_targets_hit=1.000000 rank_loss=0.155187 aggregation_loss=0.035362 negative_penalty=0.000000 soft_effective_blocks=196.776328 current_block_budget=256.000000 energy_mean=0.018269 energy_std=0.123841 lr=1.055000e-05 grad_norm=0.172443
step=00120 layers=8,12 seq_len=61937 skipped_length=0 loss=0.326057 teacher_kl=0.828952 teacher_l1=0.000683 topk_boundary_loss=0.009994 teacher_recall=0.903439 causal_density=0.652109 target_group_coverage=0.852300 same_head_all_targets_hit=1.000000 rank_loss=0.195251 aggregation_loss=0.018316 negative_penalty=0.000000 soft_effective_blocks=212.556285 current_block_budget=256.000000 energy_mean=0.017040 energy_std=0.117920 lr=1.155000e-05 grad_norm=0.180465
step=00130 layers=18,33 seq_len=65121 skipped_length=0 loss=0.318350 teacher_kl=0.692642 teacher_l1=0.000613 topk_boundary_loss=0.010910 teacher_recall=0.899543 causal_density=0.652108 target_group_coverage=0.768099 same_head_all_targets_hit=0.900000 rank_loss=0.195868 aggregation_loss=0.038474 negative_penalty=0.000000 soft_effective_blocks=199.853787 current_block_budget=256.000000 energy_mean=0.017497 energy_std=0.127378 lr=1.255000e-05 grad_norm=0.235749
step=00140 layers=23,31 seq_len=62123 skipped_length=0 loss=0.315751 teacher_kl=0.887601 teacher_l1=0.000777 topk_boundary_loss=0.010434 teacher_recall=0.892011 causal_density=0.652242 target_group_coverage=0.861953 same_head_all_targets_hit=1.000000 rank_loss=0.142092 aggregation_loss=0.055380 negative_penalty=0.000000 soft_effective_blocks=200.282814 current_block_budget=256.000000 energy_mean=0.018025 energy_std=0.123701 lr=1.355000e-05 grad_norm=0.106732
step=00150 layers=25,31 seq_len=58376 skipped_length=0 loss=0.316955 teacher_kl=0.751024 teacher_l1=0.000687 topk_boundary_loss=0.009557 teacher_recall=0.913551 causal_density=0.652154 target_group_coverage=0.858672 same_head_all_targets_hit=0.950000 rank_loss=0.204750 aggregation_loss=0.019839 negative_penalty=0.000001 soft_effective_blocks=194.418733 current_block_budget=256.000000 energy_mean=0.017925 energy_std=0.135518 lr=1.455000e-05 grad_norm=0.202902
step=00160 layers=10,18 seq_len=59733 skipped_length=0 loss=0.304100 teacher_kl=0.758010 teacher_l1=0.000695 topk_boundary_loss=0.010684 teacher_recall=0.897835 causal_density=0.652206 target_group_coverage=0.841094 same_head_all_targets_hit=1.000000 rank_loss=0.166457 aggregation_loss=0.020061 negative_penalty=0.000000 soft_effective_blocks=202.826057 current_block_budget=256.000000 energy_mean=0.018050 energy_std=0.117738 lr=1.555000e-05 grad_norm=0.141669
step=00170 layers=21,24 seq_len=56082 skipped_length=0 loss=0.334458 teacher_kl=0.853919 teacher_l1=0.000749 topk_boundary_loss=0.010725 teacher_recall=0.894348 causal_density=0.652211 target_group_coverage=0.921094 same_head_all_targets_hit=1.000000 rank_loss=0.200880 aggregation_loss=0.000000 negative_penalty=0.000001 soft_effective_blocks=201.127605 current_block_budget=256.000000 energy_mean=0.018034 energy_std=0.121900 lr=1.655000e-05 grad_norm=0.195032
step=00180 layers=23,28 seq_len=62626 skipped_length=0 loss=0.322581 teacher_kl=0.713823 teacher_l1=0.000641 topk_boundary_loss=0.009861 teacher_recall=0.910374 causal_density=0.652187 target_group_coverage=0.875573 same_head_all_targets_hit=1.000000 rank_loss=0.220220 aggregation_loss=0.017835 negative_penalty=0.000001 soft_effective_blocks=201.954713 current_block_budget=256.000000 energy_mean=0.017931 energy_std=0.122900 lr=1.755000e-05 grad_norm=0.202921
step=00190 layers=10,15 seq_len=62024 skipped_length=0 loss=0.324295 teacher_kl=0.783209 teacher_l1=0.000684 topk_boundary_loss=0.010069 teacher_recall=0.909051 causal_density=0.652164 target_group_coverage=0.818411 same_head_all_targets_hit=1.000000 rank_loss=0.202917 aggregation_loss=0.017901 negative_penalty=0.000001 soft_effective_blocks=202.647029 current_block_budget=256.000000 energy_mean=0.017793 energy_std=0.124551 lr=1.855000e-05 grad_norm=0.177740
step=00200 layers=21,23 seq_len=56324 skipped_length=0 loss=0.337654 teacher_kl=0.822996 teacher_l1=0.000729 topk_boundary_loss=0.011446 teacher_recall=0.897379 causal_density=0.652100 target_group_coverage=0.868281 same_head_all_targets_hit=1.000000 rank_loss=0.196951 aggregation_loss=0.017731 negative_penalty=0.000001 soft_effective_blocks=200.809833 current_block_budget=256.000000 energy_mean=0.017529 energy_std=0.130836 lr=1.955000e-05 grad_norm=0.278241
step=00210 layers=18,25 seq_len=57761 skipped_length=0 loss=0.267866 teacher_kl=0.758485 teacher_l1=0.000710 topk_boundary_loss=0.009528 teacher_recall=0.904106 causal_density=0.652255 target_group_coverage=0.881580 same_head_all_targets_hit=1.000000 rank_loss=0.099257 aggregation_loss=0.073109 negative_penalty=0.000001 soft_effective_blocks=198.232562 current_block_budget=256.000000 energy_mean=0.018747 energy_std=0.121848 lr=2.055000e-05 grad_norm=0.102085
step=00220 layers=11,14 seq_len=64165 skipped_length=0 loss=0.299384 teacher_kl=0.780149 teacher_l1=0.000665 topk_boundary_loss=0.010597 teacher_recall=0.894606 causal_density=0.652150 target_group_coverage=0.867986 same_head_all_targets_hit=0.950000 rank_loss=0.138816 aggregation_loss=0.057053 negative_penalty=0.000001 soft_effective_blocks=207.631116 current_block_budget=256.000000 energy_mean=0.017681 energy_std=0.117629 lr=2.155000e-05 grad_norm=0.152561
step=00230 layers=5,10 seq_len=50184 skipped_length=0 loss=0.322814 teacher_kl=0.774374 teacher_l1=0.000682 topk_boundary_loss=0.009893 teacher_recall=0.906846 causal_density=0.652222 target_group_coverage=0.909505 same_head_all_targets_hit=1.000000 rank_loss=0.212464 aggregation_loss=0.000000 negative_penalty=0.000001 soft_effective_blocks=199.262474 current_block_budget=256.000000 energy_mean=0.018299 energy_std=0.126098 lr=2.255000e-05 grad_norm=0.231943
step=00240 layers=7,32 seq_len=52737 skipped_length=0 loss=0.326057 teacher_kl=0.790102 teacher_l1=0.000703 topk_boundary_loss=0.010668 teacher_recall=0.886527 causal_density=0.652189 target_group_coverage=0.933594 same_head_all_targets_hit=1.000000 rank_loss=0.203600 aggregation_loss=0.000000 negative_penalty=0.000001 soft_effective_blocks=201.329939 current_block_budget=256.000000 energy_mean=0.018281 energy_std=0.120844 lr=2.355000e-05 grad_norm=0.150308
step=00250 layers=28,29 seq_len=62996 skipped_length=0 loss=0.310286 teacher_kl=0.729369 teacher_l1=0.000655 topk_boundary_loss=0.009513 teacher_recall=0.905817 causal_density=0.652127 target_group_coverage=0.761493 same_head_all_targets_hit=0.900000 rank_loss=0.191808 aggregation_loss=0.038625 negative_penalty=0.000001 soft_effective_blocks=202.819247 current_block_budget=256.000000 energy_mean=0.017730 energy_std=0.127649 lr=2.455000e-05 grad_norm=0.209975
[save] raw=/inspire/hdd/global_user/gexinmu-253108100065/Repos/fuyicheng_workshop/Innovator-lm-evaluation-hardness/x-attention-main/xattn/qwen_weights/conv_qwen3_boundary_v2/conv_kernel_7x7_qwen3_8b_boundary_v2_t065_s16_48k64k_bf16_step250.pt
[save] ema=/inspire/hdd/global_user/gexinmu-253108100065/Repos/fuyicheng_workshop/Innovator-lm-evaluation-hardness/x-attention-main/xattn/qwen_weights/conv_qwen3_boundary_v2/conv_kernel_7x7_qwen3_8b_boundary_v2_t065_s16_48k64k_bf16_ema_step250.pt
[save] state=/inspire/hdd/global_user/gexinmu-253108100065/Repos/fuyicheng_workshop/Innovator-lm-evaluation-hardness/x-attention-main/xattn/qwen_weights/conv_qwen3_boundary_v2/conv_kernel_7x7_qwen3_8b_boundary_v2_t065_s16_48k64k_bf16_train_state.pt
step=00260 layers=4,19 seq_len=61808 skipped_length=0 loss=0.297308 teacher_kl=0.836962 teacher_l1=0.000662 topk_boundary_loss=0.010272 teacher_recall=0.905333 causal_density=0.652023 target_group_coverage=0.824306 same_head_all_targets_hit=0.850000 rank_loss=0.133541 aggregation_loss=0.037721 negative_penalty=0.000002 soft_effective_blocks=215.309932 current_block_budget=256.000000 energy_mean=0.017123 energy_std=0.120301 lr=2.555000e-05 grad_norm=0.111676
step=00270 layers=10,24 seq_len=62974 skipped_length=0 loss=0.321668 teacher_kl=0.783664 teacher_l1=0.000710 topk_boundary_loss=0.009592 teacher_recall=0.904612 causal_density=0.652187 target_group_coverage=0.883229 same_head_all_targets_hit=1.000000 rank_loss=0.197034 aggregation_loss=0.036498 negative_penalty=0.000001 soft_effective_blocks=199.273219 current_block_budget=256.000000 energy_mean=0.018226 energy_std=0.127030 lr=2.655000e-05 grad_norm=0.201952
step=00280 layers=11,15 seq_len=63817 skipped_length=0 loss=0.333509 teacher_kl=0.739339 teacher_l1=0.000609 topk_boundary_loss=0.010977 teacher_recall=0.887078 causal_density=0.652041 target_group_coverage=0.935156 same_head_all_targets_hit=1.000000 rank_loss=0.224598 aggregation_loss=0.000000 negative_penalty=0.000002 soft_effective_blocks=217.093407 current_block_budget=256.000000 energy_mean=0.017342 energy_std=0.112878 lr=2.755000e-05 grad_norm=0.209486
step=00290 layers=22,23 seq_len=51232 skipped_length=0 loss=0.322507 teacher_kl=0.810808 teacher_l1=0.000732 topk_boundary_loss=0.009349 teacher_recall=0.915695 causal_density=0.652214 target_group_coverage=0.884809 same_head_all_targets_hit=1.000000 rank_loss=0.202455 aggregation_loss=0.018339 negative_penalty=0.000002 soft_effective_blocks=191.608553 current_block_budget=256.000000 energy_mean=0.018527 energy_std=0.139513 lr=2.855000e-05 grad_norm=0.190290
step=00300 layers=8,33 seq_len=49668 skipped_length=0 loss=0.302764 teacher_kl=0.759606 teacher_l1=0.000657 topk_boundary_loss=0.009930 teacher_recall=0.902200 causal_density=0.652157 target_group_coverage=0.851172 same_head_all_targets_hit=1.000000 rank_loss=0.182251 aggregation_loss=0.000000 negative_penalty=0.000002 soft_effective_blocks=208.881526 current_block_budget=256.000000 energy_mean=0.018077 energy_std=0.116643 lr=2.955000e-05 grad_norm=0.156237
step=00310 layers=21,22 seq_len=56340 skipped_length=0 loss=0.346332 teacher_kl=0.807429 teacher_l1=0.000717 topk_boundary_loss=0.012038 teacher_recall=0.900921 causal_density=0.652152 target_group_coverage=0.899913 same_head_all_targets_hit=0.950000 rank_loss=0.206616 aggregation_loss=0.019645 negative_penalty=0.000003 soft_effective_blocks=197.782173 current_block_budget=256.000000 energy_mean=0.018477 energy_std=0.132498 lr=3.055000e-05 grad_norm=0.242170
step=00320 layers=15,19 seq_len=57654 skipped_length=0 loss=0.323075 teacher_kl=0.752382 teacher_l1=0.000671 topk_boundary_loss=0.010398 teacher_recall=0.914587 causal_density=0.652225 target_group_coverage=0.822396 same_head_all_targets_hit=1.000000 rank_loss=0.204282 aggregation_loss=0.017740 negative_penalty=0.000003 soft_effective_blocks=200.256958 current_block_budget=256.000000 energy_mean=0.018531 energy_std=0.124428 lr=3.155000e-05 grad_norm=0.234670
step=00330 layers=1,21 seq_len=63293 skipped_length=0 loss=0.328901 teacher_kl=0.799052 teacher_l1=0.000729 topk_boundary_loss=0.012274 teacher_recall=0.887234 causal_density=0.652180 target_group_coverage=0.869323 same_head_all_targets_hit=1.000000 rank_loss=0.177001 aggregation_loss=0.018452 negative_penalty=0.000001 soft_effective_blocks=204.555331 current_block_budget=256.000000 energy_mean=0.018723 energy_std=0.121137 lr=3.255000e-05 grad_norm=0.171039
step=00340 layers=11,33 seq_len=62127 skipped_length=0 loss=0.291493 teacher_kl=0.776113 teacher_l1=0.000669 topk_boundary_loss=0.009565 teacher_recall=0.913619 causal_density=0.652124 target_group_coverage=0.846311 same_head_all_targets_hit=0.950000 rank_loss=0.147841 aggregation_loss=0.039261 negative_penalty=0.000003 soft_effective_blocks=202.277380 current_block_budget=256.000000 energy_mean=0.018197 energy_std=0.128268 lr=3.355000e-05 grad_norm=0.165268
step=00350 layers=2,34 seq_len=57406 skipped_length=0 loss=0.278679 teacher_kl=0.725486 teacher_l1=0.000648 topk_boundary_loss=0.010176 teacher_recall=0.891657 causal_density=0.652256 target_group_coverage=0.884375 same_head_all_targets_hit=1.000000 rank_loss=0.139790 aggregation_loss=0.018153 negative_penalty=0.000002 soft_effective_blocks=207.133580 current_block_budget=256.000000 energy_mean=0.019127 energy_std=0.108835 lr=3.455000e-05 grad_norm=0.129599
step=00360 layers=24,27 seq_len=61408 skipped_length=0 loss=0.338633 teacher_kl=0.856629 teacher_l1=0.000772 topk_boundary_loss=0.010248 teacher_recall=0.908341 causal_density=0.652165 target_group_coverage=0.889844 same_head_all_targets_hit=0.950000 rank_loss=0.190750 aggregation_loss=0.054649 negative_penalty=0.000004 soft_effective_blocks=190.271487 current_block_budget=256.000000 energy_mean=0.018643 energy_std=0.141787 lr=3.555000e-05 grad_norm=0.213002
step=00370 layers=10,19 seq_len=52268 skipped_length=0 loss=0.307841 teacher_kl=0.750295 teacher_l1=0.000715 topk_boundary_loss=0.009910 teacher_recall=0.899754 causal_density=0.652193 target_group_coverage=0.788125 same_head_all_targets_hit=0.900000 rank_loss=0.185656 aggregation_loss=0.018350 negative_penalty=0.000003 soft_effective_blocks=191.151936 current_block_budget=256.000000 energy_mean=0.019108 energy_std=0.134731 lr=3.655000e-05 grad_norm=0.190519
step=00380 layers=11,17 seq_len=58088 skipped_length=0 loss=0.296721 teacher_kl=0.800618 teacher_l1=0.000721 topk_boundary_loss=0.010435 teacher_recall=0.898552 causal_density=0.652248 target_group_coverage=0.908411 same_head_all_targets_hit=1.000000 rank_loss=0.139814 aggregation_loss=0.036896 negative_penalty=0.000004 soft_effective_blocks=203.092671 current_block_budget=256.000000 energy_mean=0.019209 energy_std=0.119922 lr=3.755000e-05 grad_norm=0.149184
step=00390 layers=0,24 seq_len=49984 skipped_length=0 loss=0.280706 teacher_kl=0.764891 teacher_l1=0.000643 topk_boundary_loss=0.010448 teacher_recall=0.894509 causal_density=0.652111 target_group_coverage=0.845807 same_head_all_targets_hit=0.950000 rank_loss=0.105731 aggregation_loss=0.075670 negative_penalty=0.000003 soft_effective_blocks=206.472977 current_block_budget=256.000000 energy_mean=0.018206 energy_std=0.126945 lr=3.855000e-05 grad_norm=0.085535
step=00400 layers=16,23 seq_len=58498 skipped_length=0 loss=0.333125 teacher_kl=0.817380 teacher_l1=0.000695 topk_boundary_loss=0.009930 teacher_recall=0.899023 causal_density=0.652172 target_group_coverage=0.887500 same_head_all_targets_hit=1.000000 rank_loss=0.218401 aggregation_loss=0.000000 negative_penalty=0.000002 soft_effective_blocks=203.033252 current_block_budget=256.000000 energy_mean=0.018993 energy_std=0.119627 lr=3.955000e-05 grad_norm=0.176508
step=00410 layers=20,30 seq_len=63977 skipped_length=0 loss=0.312914 teacher_kl=0.782336 teacher_l1=0.000656 topk_boundary_loss=0.010178 teacher_recall=0.900163 causal_density=0.652122 target_group_coverage=0.868932 same_head_all_targets_hit=1.000000 rank_loss=0.181556 aggregation_loss=0.020699 negative_penalty=0.000003 soft_effective_blocks=212.693365 current_block_budget=256.000000 energy_mean=0.018470 energy_std=0.118709 lr=4.055000e-05 grad_norm=0.177811
step=00420 layers=14,32 seq_len=64152 skipped_length=0 loss=0.321349 teacher_kl=0.719788 teacher_l1=0.000625 topk_boundary_loss=0.010609 teacher_recall=0.905423 causal_density=0.652111 target_group_coverage=0.845964 same_head_all_targets_hit=0.950000 rank_loss=0.199059 aggregation_loss=0.036159 negative_penalty=0.000008 soft_effective_blocks=202.224921 current_block_budget=256.000000 energy_mean=0.018604 energy_std=0.131505 lr=4.155000e-05 grad_norm=0.246185
step=00430 layers=6,23 seq_len=55276 skipped_length=0 loss=0.333758 teacher_kl=0.826593 teacher_l1=0.000739 topk_boundary_loss=0.010403 teacher_recall=0.898532 causal_density=0.652175 target_group_coverage=0.761953 same_head_all_targets_hit=1.000000 rank_loss=0.195574 aggregation_loss=0.036662 negative_penalty=0.000003 soft_effective_blocks=199.255067 current_block_budget=256.000000 energy_mean=0.019103 energy_std=0.128912 lr=4.255000e-05 grad_norm=0.204587
step=00440 layers=9,14 seq_len=53689 skipped_length=0 loss=0.339213 teacher_kl=0.878529 teacher_l1=0.000756 topk_boundary_loss=0.010329 teacher_recall=0.903884 causal_density=0.652171 target_group_coverage=0.884245 same_head_all_targets_hit=1.000000 rank_loss=0.207944 aggregation_loss=0.000000 negative_penalty=0.000005 soft_effective_blocks=201.029274 current_block_budget=256.000000 energy_mean=0.019000 energy_std=0.130299 lr=4.355000e-05 grad_norm=0.175748
step=00450 layers=0,35 seq_len=55146 skipped_length=0 loss=0.310627 teacher_kl=0.666524 teacher_l1=0.000625 topk_boundary_loss=0.009292 teacher_recall=0.900994 causal_density=0.652219 target_group_coverage=0.780078 same_head_all_targets_hit=0.950000 rank_loss=0.227128 aggregation_loss=0.000000 negative_penalty=0.000003 soft_effective_blocks=195.043306 current_block_budget=256.000000 energy_mean=0.019821 energy_std=0.128562 lr=4.455000e-05 grad_norm=0.197128
step=00460 layers=4,32 seq_len=52186 skipped_length=0 loss=0.330264 teacher_kl=0.825371 teacher_l1=0.000717 topk_boundary_loss=0.011554 teacher_recall=0.905455 causal_density=0.652109 target_group_coverage=0.769063 same_head_all_targets_hit=1.000000 rank_loss=0.167444 aggregation_loss=0.054097 negative_penalty=0.000007 soft_effective_blocks=196.138203 current_block_budget=256.000000 energy_mean=0.018947 energy_std=0.137187 lr=4.555000e-05 grad_norm=0.259393
step=00470 layers=12,23 seq_len=61687 skipped_length=0 loss=0.308947 teacher_kl=0.725198 teacher_l1=0.000649 topk_boundary_loss=0.009956 teacher_recall=0.898240 causal_density=0.652218 target_group_coverage=0.873047 same_head_all_targets_hit=1.000000 rank_loss=0.200811 aggregation_loss=0.000000 negative_penalty=0.000004 soft_effective_blocks=205.792319 current_block_budget=256.000000 energy_mean=0.019597 energy_std=0.116265 lr=4.655000e-05 grad_norm=0.132953
step=00480 layers=10,15 seq_len=55849 skipped_length=0 loss=0.312288 teacher_kl=0.786542 teacher_l1=0.000702 topk_boundary_loss=0.010536 teacher_recall=0.899303 causal_density=0.652178 target_group_coverage=0.884896 same_head_all_targets_hit=1.000000 rank_loss=0.183303 aggregation_loss=0.000000 negative_penalty=0.000004 soft_effective_blocks=207.059293 current_block_budget=256.000000 energy_mean=0.019367 energy_std=0.121578 lr=4.755000e-05 grad_norm=0.164829
step=00490 layers=5,28 seq_len=62966 skipped_length=0 loss=0.315211 teacher_kl=0.718578 teacher_l1=0.000646 topk_boundary_loss=0.010449 teacher_recall=0.912797 causal_density=0.652205 target_group_coverage=0.855078 same_head_all_targets_hit=1.000000 rank_loss=0.206333 aggregation_loss=0.000000 negative_penalty=0.000005 soft_effective_blocks=195.166751 current_block_budget=256.000000 energy_mean=0.019598 energy_std=0.137800 lr=4.855000e-05 grad_norm=0.228403
step=00500 layers=0,11 seq_len=50511 skipped_length=0 loss=0.323603 teacher_kl=0.801948 teacher_l1=0.000713 topk_boundary_loss=0.011675 teacher_recall=0.894266 causal_density=0.652162 target_group_coverage=0.915278 same_head_all_targets_hit=0.900000 rank_loss=0.167247 aggregation_loss=0.038091 negative_penalty=0.000005 soft_effective_blocks=201.749945 current_block_budget=256.000000 energy_mean=0.019518 energy_std=0.123757 lr=4.955000e-05 grad_norm=0.213212
[save] raw=/inspire/hdd/global_user/gexinmu-253108100065/Repos/fuyicheng_workshop/Innovator-lm-evaluation-hardness/x-attention-main/xattn/qwen_weights/conv_qwen3_boundary_v2/conv_kernel_7x7_qwen3_8b_boundary_v2_t065_s16_48k64k_bf16_step500.pt
[save] ema=/inspire/hdd/global_user/gexinmu-253108100065/Repos/fuyicheng_workshop/Innovator-lm-evaluation-hardness/x-attention-main/xattn/qwen_weights/conv_qwen3_boundary_v2/conv_kernel_7x7_qwen3_8b_boundary_v2_t065_s16_48k64k_bf16_ema_step500.pt
[save] state=/inspire/hdd/global_user/gexinmu-253108100065/Repos/fuyicheng_workshop/Innovator-lm-evaluation-hardness/x-attention-main/xattn/qwen_weights/conv_qwen3_boundary_v2/conv_kernel_7x7_qwen3_8b_boundary_v2_t065_s16_48k64k_bf16_train_state.pt
step=00510 layers=4,32 seq_len=52827 skipped_length=0 loss=0.313032 teacher_kl=0.776888 teacher_l1=0.000650 topk_boundary_loss=0.009808 teacher_recall=0.907609 causal_density=0.652050 target_group_coverage=0.844141 same_head_all_targets_hit=0.950000 rank_loss=0.196674 aggregation_loss=0.000000 negative_penalty=0.000008 soft_effective_blocks=211.453882 current_block_budget=256.000000 energy_mean=0.018774 energy_std=0.128166 lr=5.000000e-05 grad_norm=0.200310
step=00520 layers=7,15 seq_len=53214 skipped_length=0 loss=0.321617 teacher_kl=0.807395 teacher_l1=0.000729 topk_boundary_loss=0.009345 teacher_recall=0.905157 causal_density=0.652264 target_group_coverage=0.880234 same_head_all_targets_hit=0.950000 rank_loss=0.201819 aggregation_loss=0.018489 negative_penalty=0.000006 soft_effective_blocks=188.249928 current_block_budget=256.000000 energy_mean=0.020315 energy_std=0.137349 lr=4.999997e-05 grad_norm=0.198663
step=00530 layers=18,33 seq_len=64663 skipped_length=0 loss=0.296868 teacher_kl=0.660733 teacher_l1=0.000590 topk_boundary_loss=0.009688 teacher_recall=0.899548 causal_density=0.652150 target_group_coverage=0.842274 same_head_all_targets_hit=0.950000 rank_loss=0.192848 aggregation_loss=0.018058 negative_penalty=0.000004 soft_effective_blocks=208.588878 current_block_budget=256.000000 energy_mean=0.019651 energy_std=0.115402 lr=4.999993e-05 grad_norm=0.156681
step=00540 layers=26,30 seq_len=58951 skipped_length=0 loss=0.331756 teacher_kl=0.851603 teacher_l1=0.000729 topk_boundary_loss=0.010279 teacher_recall=0.903507 causal_density=0.652139 target_group_coverage=0.915547 same_head_all_targets_hit=1.000000 rank_loss=0.195330 aggregation_loss=0.018180 negative_penalty=0.000008 soft_effective_blocks=200.867870 current_block_budget=256.000000 energy_mean=0.019538 energy_std=0.131612 lr=4.999987e-05 grad_norm=0.181086
step=00550 layers=20,29 seq_len=59699 skipped_length=0 loss=0.285941 teacher_kl=0.756967 teacher_l1=0.000668 topk_boundary_loss=0.009915 teacher_recall=0.897382 causal_density=0.652161 target_group_coverage=0.912760 same_head_all_targets_hit=1.000000 rank_loss=0.147298 aggregation_loss=0.018655 negative_penalty=0.000005 soft_effective_blocks=204.635124 current_block_budget=256.000000 energy_mean=0.019894 energy_std=0.121589 lr=4.999979e-05 grad_norm=0.118675
step=00560 layers=2,21 seq_len=60733 skipped_length=0 loss=0.314465 teacher_kl=0.769193 teacher_l1=0.000641 topk_boundary_loss=0.009426 teacher_recall=0.917248 causal_density=0.652117 target_group_coverage=0.855937 same_head_all_targets_hit=0.900000 rank_loss=0.198560 aggregation_loss=0.018036 negative_penalty=0.000009 soft_effective_blocks=202.326369 current_block_budget=256.000000 energy_mean=0.019213 energy_std=0.135301 lr=4.999969e-05 grad_norm=0.189726
step=00570 layers=7,33 seq_len=53069 skipped_length=0 loss=0.335067 teacher_kl=0.784586 teacher_l1=0.000690 topk_boundary_loss=0.009691 teacher_recall=0.897628 causal_density=0.652147 target_group_coverage=0.904687 same_head_all_targets_hit=1.000000 rank_loss=0.233028 aggregation_loss=0.000000 negative_penalty=0.000006 soft_effective_blocks=199.791771 current_block_budget=256.000000 energy_mean=0.019879 energy_std=0.130009 lr=4.999957e-05 grad_norm=0.208547
step=00580 layers=3,31 seq_len=52848 skipped_length=0 loss=0.311099 teacher_kl=0.781212 teacher_l1=0.000731 topk_boundary_loss=0.010841 teacher_recall=0.898612 causal_density=0.652276 target_group_coverage=0.737344 same_head_all_targets_hit=0.950000 rank_loss=0.163422 aggregation_loss=0.036403 negative_penalty=0.000007 soft_effective_blocks=190.992128 current_block_budget=256.000000 energy_mean=0.021081 energy_std=0.133276 lr=4.999943e-05 grad_norm=0.157990
step=00590 layers=2,20 seq_len=52136 skipped_length=0 loss=0.309041 teacher_kl=0.769778 teacher_l1=0.000660 topk_boundary_loss=0.009655 teacher_recall=0.901793 causal_density=0.652187 target_group_coverage=0.843099 same_head_all_targets_hit=1.000000 rank_loss=0.193833 aggregation_loss=0.000000 negative_penalty=0.000006 soft_effective_blocks=210.358363 current_block_budget=256.000000 energy_mean=0.020167 energy_std=0.116527 lr=4.999927e-05 grad_norm=0.168021
step=00600 layers=4,31 seq_len=63882 skipped_length=0 loss=0.328653 teacher_kl=0.764173 teacher_l1=0.000672 topk_boundary_loss=0.009678 teacher_recall=0.903178 causal_density=0.652072 target_group_coverage=0.866406 same_head_all_targets_hit=1.000000 rank_loss=0.227610 aggregation_loss=0.000000 negative_penalty=0.000010 soft_effective_blocks=199.490970 current_block_budget=256.000000 energy_mean=0.019609 energy_std=0.136789 lr=4.999909e-05 grad_norm=0.223730
step=00610 layers=27,30 seq_len=65316 skipped_length=0 loss=0.303762 teacher_kl=0.812244 teacher_l1=0.000678 topk_boundary_loss=0.010363 teacher_recall=0.895975 causal_density=0.652172 target_group_coverage=0.833134 same_head_all_targets_hit=1.000000 rank_loss=0.149503 aggregation_loss=0.037144 negative_penalty=0.000008 soft_effective_blocks=204.465971 current_block_budget=256.000000 energy_mean=0.020231 energy_std=0.123872 lr=4.999889e-05 grad_norm=0.130868
step=00620 layers=6,24 seq_len=51490 skipped_length=0 loss=0.302188 teacher_kl=0.733955 teacher_l1=0.000728 topk_boundary_loss=0.009512 teacher_recall=0.898584 causal_density=0.652324 target_group_coverage=0.871398 same_head_all_targets_hit=1.000000 rank_loss=0.185446 aggregation_loss=0.018762 negative_penalty=0.000010 soft_effective_blocks=186.269968 current_block_budget=256.000000 energy_mean=0.021687 energy_std=0.136994 lr=4.999867e-05 grad_norm=0.173542
step=00630 layers=14,34 seq_len=64117 skipped_length=0 loss=0.328841 teacher_kl=0.757112 teacher_l1=0.000658 topk_boundary_loss=0.009291 teacher_recall=0.903100 causal_density=0.652120 target_group_coverage=0.889323 same_head_all_targets_hit=1.000000 rank_loss=0.234860 aggregation_loss=0.000000 negative_penalty=0.000007 soft_effective_blocks=201.053697 current_block_budget=256.000000 energy_mean=0.019997 energy_std=0.131511 lr=4.999843e-05 grad_norm=0.225800
step=00640 layers=13,22 seq_len=56755 skipped_length=0 loss=0.305928 teacher_kl=0.802372 teacher_l1=0.000710 topk_boundary_loss=0.009634 teacher_recall=0.901980 causal_density=0.652237 target_group_coverage=0.787023 same_head_all_targets_hit=0.900000 rank_loss=0.164863 aggregation_loss=0.038199 negative_penalty=0.000011 soft_effective_blocks=193.157468 current_block_budget=256.000000 energy_mean=0.020773 energy_std=0.135799 lr=4.999817e-05 grad_norm=0.143228
step=00650 layers=30,34 seq_len=58919 skipped_length=0 loss=0.336571 teacher_kl=0.737686 teacher_l1=0.000693 topk_boundary_loss=0.012434 teacher_recall=0.893753 causal_density=0.652173 target_group_coverage=0.838151 same_head_all_targets_hit=1.000000 rank_loss=0.203180 aggregation_loss=0.018017 negative_penalty=0.000007 soft_effective_blocks=195.556209 current_block_budget=256.000000 energy_mean=0.020971 energy_std=0.132441 lr=4.999789e-05 grad_norm=0.259125
step=00660 layers=4,5 seq_len=55741 skipped_length=0 loss=0.328012 teacher_kl=0.691162 teacher_l1=0.000616 topk_boundary_loss=0.013205 teacher_recall=0.892745 causal_density=0.652140 target_group_coverage=0.791172 same_head_all_targets_hit=0.950000 rank_loss=0.181920 aggregation_loss=0.038070 negative_penalty=0.000011 soft_effective_blocks=204.029150 current_block_budget=256.000000 energy_mean=0.020282 energy_std=0.128255 lr=4.999759e-05 grad_norm=0.249490
step=00670 layers=16,20 seq_len=58435 skipped_length=0 loss=0.300030 teacher_kl=0.873592 teacher_l1=0.000773 topk_boundary_loss=0.009903 teacher_recall=0.903914 causal_density=0.652318 target_group_coverage=0.813125 same_head_all_targets_hit=0.950000 rank_loss=0.126752 aggregation_loss=0.054694 negative_penalty=0.000010 soft_effective_blocks=195.832520 current_block_budget=256.000000 energy_mean=0.021824 energy_std=0.126950 lr=4.999727e-05 grad_norm=0.120135
step=00680 layers=6,17 seq_len=51600 skipped_length=0 loss=0.319373 teacher_kl=0.715481 teacher_l1=0.000676 topk_boundary_loss=0.009604 teacher_recall=0.903497 causal_density=0.652165 target_group_coverage=0.833203 same_head_all_targets_hit=0.950000 rank_loss=0.217650 aggregation_loss=0.018387 negative_penalty=0.000011 soft_effective_blocks=195.705434 current_block_budget=256.000000 energy_mean=0.020917 energy_std=0.136439 lr=4.999694e-05 grad_norm=0.219002
step=00690 layers=4,30 seq_len=65328 skipped_length=0 loss=0.295137 teacher_kl=0.788797 teacher_l1=0.000687 topk_boundary_loss=0.010072 teacher_recall=0.888628 causal_density=0.652101 target_group_coverage=0.900521 same_head_all_targets_hit=0.900000 rank_loss=0.135822 aggregation_loss=0.058861 negative_penalty=0.000011 soft_effective_blocks=202.051576 current_block_budget=256.000000 energy_mean=0.020195 energy_std=0.132303 lr=4.999658e-05 grad_norm=0.106387
step=00700 layers=21,34 seq_len=56335 skipped_length=0 loss=0.297225 teacher_kl=0.755461 teacher_l1=0.000677 topk_boundary_loss=0.008826 teacher_recall=0.909826 causal_density=0.652226 target_group_coverage=0.810035 same_head_all_targets_hit=0.950000 rank_loss=0.166417 aggregation_loss=0.053644 negative_penalty=0.000010 soft_effective_blocks=196.870477 current_block_budget=256.000000 energy_mean=0.021322 energy_std=0.131169 lr=4.999620e-05 grad_norm=0.169395
step=00710 layers=15,24 seq_len=57848 skipped_length=0 loss=0.287628 teacher_kl=0.727644 teacher_l1=0.000638 topk_boundary_loss=0.009404 teacher_recall=0.908107 causal_density=0.652213 target_group_coverage=0.856328 same_head_all_targets_hit=1.000000 rank_loss=0.164288 aggregation_loss=0.018586 negative_penalty=0.000010 soft_effective_blocks=200.233109 current_block_budget=256.000000 energy_mean=0.020923 energy_std=0.133291 lr=4.999580e-05 grad_norm=0.157979
step=00720 layers=6,7 seq_len=53329 skipped_length=0 loss=0.309685 teacher_kl=0.765960 teacher_l1=0.000686 topk_boundary_loss=0.009837 teacher_recall=0.893511 causal_density=0.652136 target_group_coverage=0.854557 same_head_all_targets_hit=1.000000 rank_loss=0.185729 aggregation_loss=0.018487 negative_penalty=0.000010 soft_effective_blocks=201.305173 current_block_budget=256.000000 energy_mean=0.021101 energy_std=0.126925 lr=4.999538e-05 grad_norm=0.170058
step=00730 layers=25,27 seq_len=56822 skipped_length=0 loss=0.317967 teacher_kl=0.789978 teacher_l1=0.000714 topk_boundary_loss=0.009865 teacher_recall=0.894675 causal_density=0.652179 target_group_coverage=0.914271 same_head_all_targets_hit=1.000000 rank_loss=0.193377 aggregation_loss=0.017961 negative_penalty=0.000011 soft_effective_blocks=197.037820 current_block_budget=256.000000 energy_mean=0.021178 energy_std=0.132794 lr=4.999494e-05 grad_norm=0.145845
step=00740 layers=0,9 seq_len=64936 skipped_length=0 loss=0.305662 teacher_kl=0.704311 teacher_l1=0.000607 topk_boundary_loss=0.009309 teacher_recall=0.900276 causal_density=0.652099 target_group_coverage=0.867969 same_head_all_targets_hit=0.950000 rank_loss=0.201608 aggregation_loss=0.018206 negative_penalty=0.000011 soft_effective_blocks=205.263649 current_block_budget=256.000000 energy_mean=0.020450 energy_std=0.129512 lr=4.999448e-05 grad_norm=0.193707
step=00750 layers=11,16 seq_len=53364 skipped_length=0 loss=0.316441 teacher_kl=0.868293 teacher_l1=0.000762 topk_boundary_loss=0.009702 teacher_recall=0.900373 causal_density=0.652273 target_group_coverage=0.864922 same_head_all_targets_hit=1.000000 rank_loss=0.165696 aggregation_loss=0.036492 negative_penalty=0.000012 soft_effective_blocks=191.357227 current_block_budget=256.000000 energy_mean=0.022060 energy_std=0.133786 lr=4.999400e-05 grad_norm=0.140014
[save] raw=/inspire/hdd/global_user/gexinmu-253108100065/Repos/fuyicheng_workshop/Innovator-lm-evaluation-hardness/x-attention-main/xattn/qwen_weights/conv_qwen3_boundary_v2/conv_kernel_7x7_qwen3_8b_boundary_v2_t065_s16_48k64k_bf16_step750.pt
[save] ema=/inspire/hdd/global_user/gexinmu-253108100065/Repos/fuyicheng_workshop/Innovator-lm-evaluation-hardness/x-attention-main/xattn/qwen_weights/conv_qwen3_boundary_v2/conv_kernel_7x7_qwen3_8b_boundary_v2_t065_s16_48k64k_bf16_ema_step750.pt
[save] state=/inspire/hdd/global_user/gexinmu-253108100065/Repos/fuyicheng_workshop/Innovator-lm-evaluation-hardness/x-attention-main/xattn/qwen_weights/conv_qwen3_boundary_v2/conv_kernel_7x7_qwen3_8b_boundary_v2_t065_s16_48k64k_bf16_train_state.pt
step=00760 layers=2,8 seq_len=54696 skipped_length=0 loss=0.295156 teacher_kl=0.733673 teacher_l1=0.000669 topk_boundary_loss=0.009397 teacher_recall=0.895990 causal_density=0.652191 target_group_coverage=0.852344 same_head_all_targets_hit=0.950000 rank_loss=0.175470 aggregation_loss=0.018462 negative_penalty=0.000013 soft_effective_blocks=202.481325 current_block_budget=256.000000 energy_mean=0.021552 energy_std=0.128731 lr=4.999351e-05 grad_norm=0.133702
step=00770 layers=5,6 seq_len=64401 skipped_length=0 loss=0.340621 teacher_kl=0.809197 teacher_l1=0.000729 topk_boundary_loss=0.010900 teacher_recall=0.908656 causal_density=0.652209 target_group_coverage=0.675000 same_head_all_targets_hit=0.950000 rank_loss=0.220013 aggregation_loss=0.000000 negative_penalty=0.000010 soft_effective_blocks=193.178520 current_block_budget=256.000000 energy_mean=0.021557 energy_std=0.139213 lr=4.999299e-05 grad_norm=0.243131
step=00780 layers=10,18 seq_len=63117 skipped_length=0 loss=0.303989 teacher_kl=0.731173 teacher_l1=0.000625 topk_boundary_loss=0.009910 teacher_recall=0.887053 causal_density=0.652118 target_group_coverage=0.734375 same_head_all_targets_hit=0.950000 rank_loss=0.182913 aggregation_loss=0.021019 negative_penalty=0.000009 soft_effective_blocks=207.805746 current_block_budget=256.000000 energy_mean=0.021043 energy_std=0.122958 lr=4.999245e-05 grad_norm=0.141953
step=00790 layers=17,35 seq_len=55974 skipped_length=0 loss=0.303177 teacher_kl=0.754103 teacher_l1=0.000675 topk_boundary_loss=0.009369 teacher_recall=0.907967 causal_density=0.652105 target_group_coverage=0.846484 same_head_all_targets_hit=1.000000 rank_loss=0.191787 aggregation_loss=0.000000 negative_penalty=0.000014 soft_effective_blocks=199.274332 current_block_budget=256.000000 energy_mean=0.020728 energy_std=0.138684 lr=4.999189e-05 grad_norm=0.167481
step=00800 layers=17,31 seq_len=49837 skipped_length=0 loss=0.298580 teacher_kl=0.726785 teacher_l1=0.000682 topk_boundary_loss=0.009238 teacher_recall=0.896901 causal_density=0.652336 target_group_coverage=0.904297 same_head_all_targets_hit=1.000000 rank_loss=0.192711 aggregation_loss=0.000000 negative_penalty=0.000010 soft_effective_blocks=199.345856 current_block_budget=256.000000 energy_mean=0.022732 energy_std=0.121643 lr=4.999131e-05 grad_norm=0.139866
step=00810 layers=20,28 seq_len=52514 skipped_length=0 loss=0.335335 teacher_kl=0.831960 teacher_l1=0.000747 topk_boundary_loss=0.009212 teacher_recall=0.907333 causal_density=0.652149 target_group_coverage=0.886458 same_head_all_targets_hit=0.950000 rank_loss=0.228018 aggregation_loss=0.000000 negative_penalty=0.000018 soft_effective_blocks=188.016440 current_block_budget=256.000000 energy_mean=0.021669 energy_std=0.147620 lr=4.999072e-05 grad_norm=0.198113
step=00820 layers=5,22 seq_len=57049 skipped_length=0 loss=0.309449 teacher_kl=0.723558 teacher_l1=0.000710 topk_boundary_loss=0.008723 teacher_recall=0.905070 causal_density=0.652237 target_group_coverage=0.943490 same_head_all_targets_hit=1.000000 rank_loss=0.218495 aggregation_loss=0.000000 negative_penalty=0.000013 soft_effective_blocks=191.712537 current_block_budget=256.000000 energy_mean=0.022413 energy_std=0.139628 lr=4.999010e-05 grad_norm=0.188527
step=00830 layers=21,34 seq_len=63936 skipped_length=0 loss=0.341658 teacher_kl=0.823553 teacher_l1=0.000681 topk_boundary_loss=0.013958 teacher_recall=0.893410 causal_density=0.652172 target_group_coverage=0.857943 same_head_all_targets_hit=0.950000 rank_loss=0.162563 aggregation_loss=0.035551 negative_penalty=0.000014 soft_effective_blocks=205.322760 current_block_budget=256.000000 energy_mean=0.021388 energy_std=0.125707 lr=4.998946e-05 grad_norm=0.173895
step=00840 layers=6,13 seq_len=53013 skipped_length=0 loss=0.301575 teacher_kl=0.778759 teacher_l1=0.000719 topk_boundary_loss=0.008873 teacher_recall=0.908721 causal_density=0.652243 target_group_coverage=0.843464 same_head_all_targets_hit=0.950000 rank_loss=0.181469 aggregation_loss=0.019434 negative_penalty=0.000014 soft_effective_blocks=190.794424 current_block_budget=256.000000 energy_mean=0.022448 energy_std=0.138911 lr=4.998880e-05 grad_norm=0.148789
step=00850 layers=20,25 seq_len=56652 skipped_length=0 loss=0.319172 teacher_kl=0.737794 teacher_l1=0.000664 topk_boundary_loss=0.009430 teacher_recall=0.898542 causal_density=0.652187 target_group_coverage=0.862891 same_head_all_targets_hit=1.000000 rank_loss=0.221719 aggregation_loss=0.000000 negative_penalty=0.000021 soft_effective_blocks=193.081219 current_block_budget=256.000000 energy_mean=0.022065 energy_std=0.139538 lr=4.998813e-05 grad_norm=0.182782
step=00860 layers=19,28 seq_len=65373 skipped_length=0 loss=0.316588 teacher_kl=0.784850 teacher_l1=0.000657 topk_boundary_loss=0.009634 teacher_recall=0.905884 causal_density=0.652042 target_group_coverage=0.823524 same_head_all_targets_hit=0.950000 rank_loss=0.194888 aggregation_loss=0.019292 negative_penalty=0.000014 soft_effective_blocks=209.610948 current_block_budget=256.000000 energy_mean=0.020645 energy_std=0.131240 lr=4.998743e-05 grad_norm=0.205371
step=00870 layers=13,21 seq_len=65016 skipped_length=0 loss=0.278394 teacher_kl=0.762159 teacher_l1=0.000698 topk_boundary_loss=0.009907 teacher_recall=0.894524 causal_density=0.652297 target_group_coverage=0.844453 same_head_all_targets_hit=1.000000 rank_loss=0.134071 aggregation_loss=0.017359 negative_penalty=0.000015 soft_effective_blocks=196.534865 current_block_budget=256.000000 energy_mean=0.022795 energy_std=0.128688 lr=4.998671e-05 grad_norm=0.108195
step=00880 layers=14,23 seq_len=52806 skipped_length=0 loss=0.314888 teacher_kl=0.722312 teacher_l1=0.000683 topk_boundary_loss=0.008827 teacher_recall=0.904825 causal_density=0.652145 target_group_coverage=0.870313 same_head_all_targets_hit=0.950000 rank_loss=0.218681 aggregation_loss=0.018738 negative_penalty=0.000014 soft_effective_blocks=192.836681 current_block_budget=256.000000 energy_mean=0.022229 energy_std=0.143512 lr=4.998598e-05 grad_norm=0.201874
step=00890 layers=16,21 seq_len=62584 skipped_length=0 loss=0.319258 teacher_kl=0.889332 teacher_l1=0.000724 topk_boundary_loss=0.010103 teacher_recall=0.894871 causal_density=0.652176 target_group_coverage=0.927344 same_head_all_targets_hit=1.000000 rank_loss=0.167422 aggregation_loss=0.018165 negative_penalty=0.000012 soft_effective_blocks=207.974512 current_block_budget=256.000000 energy_mean=0.021657 energy_std=0.124002 lr=4.998522e-05 grad_norm=0.140242
step=00900 layers=2,23 seq_len=60850 skipped_length=0 loss=0.278683 teacher_kl=0.667544 teacher_l1=0.000637 topk_boundary_loss=0.009542 teacher_recall=0.905366 causal_density=0.652142 target_group_coverage=0.864844 same_head_all_targets_hit=0.950000 rank_loss=0.162676 aggregation_loss=0.018305 negative_penalty=0.000016 soft_effective_blocks=196.869389 current_block_budget=256.000000 energy_mean=0.021965 energy_std=0.137565 lr=4.998444e-05 grad_norm=0.161197
step=00910 layers=1,26 seq_len=65075 skipped_length=0 loss=0.303576 teacher_kl=0.731577 teacher_l1=0.000701 topk_boundary_loss=0.009215 teacher_recall=0.902016 causal_density=0.652220 target_group_coverage=0.842708 same_head_all_targets_hit=0.950000 rank_loss=0.184987 aggregation_loss=0.036363 negative_penalty=0.000018 soft_effective_blocks=192.992618 current_block_budget=256.000000 energy_mean=0.022693 energy_std=0.139358 lr=4.998365e-05 grad_norm=0.185610
step=00920 layers=4,29 seq_len=52276 skipped_length=0 loss=0.308210 teacher_kl=0.810090 teacher_l1=0.000727 topk_boundary_loss=0.009818 teacher_recall=0.890627 causal_density=0.652258 target_group_coverage=0.839531 same_head_all_targets_hit=1.000000 rank_loss=0.165152 aggregation_loss=0.036100 negative_penalty=0.000020 soft_effective_blocks=190.596585 current_block_budget=256.000000 energy_mean=0.022962 energy_std=0.138124 lr=4.998283e-05 grad_norm=0.165596
step=00930 layers=10,24 seq_len=65369 skipped_length=0 loss=0.307562 teacher_kl=0.733647 teacher_l1=0.000730 topk_boundary_loss=0.009992 teacher_recall=0.894884 causal_density=0.652249 target_group_coverage=0.852552 same_head_all_targets_hit=1.000000 rank_loss=0.188592 aggregation_loss=0.017542 negative_penalty=0.000010 soft_effective_blocks=191.498816 current_block_budget=256.000000 energy_mean=0.023111 energy_std=0.136298 lr=4.998199e-05 grad_norm=0.192853
step=00940 layers=29,35 seq_len=62116 skipped_length=0 loss=0.309264 teacher_kl=0.836400 teacher_l1=0.000670 topk_boundary_loss=0.009311 teacher_recall=0.908275 causal_density=0.652127 target_group_coverage=0.812283 same_head_all_targets_hit=0.950000 rank_loss=0.174604 aggregation_loss=0.018081 negative_penalty=0.000017 soft_effective_blocks=209.859108 current_block_budget=256.000000 energy_mean=0.021655 energy_std=0.128341 lr=4.998114e-05 grad_norm=0.169811
step=00950 layers=17,25 seq_len=56939 skipped_length=0 loss=0.310257 teacher_kl=0.760737 teacher_l1=0.000671 topk_boundary_loss=0.010388 teacher_recall=0.898425 causal_density=0.652149 target_group_coverage=0.829297 same_head_all_targets_hit=1.000000 rank_loss=0.180744 aggregation_loss=0.018247 negative_penalty=0.000018 soft_effective_blocks=199.346104 current_block_budget=256.000000 energy_mean=0.022377 energy_std=0.134867 lr=4.998026e-05 grad_norm=0.156160
step=00960 layers=31,34 seq_len=58903 skipped_length=0 loss=0.280205 teacher_kl=0.614034 teacher_l1=0.000600 topk_boundary_loss=0.009309 teacher_recall=0.905530 causal_density=0.652245 target_group_coverage=0.859219 same_head_all_targets_hit=1.000000 rank_loss=0.174307 aggregation_loss=0.036051 negative_penalty=0.000012 soft_effective_blocks=193.020847 current_block_budget=256.000000 energy_mean=0.023180 energy_std=0.136670 lr=4.997937e-05 grad_norm=0.189964
step=00970 layers=0,10 seq_len=55788 skipped_length=0 loss=0.320400 teacher_kl=0.779244 teacher_l1=0.000725 topk_boundary_loss=0.009605 teacher_recall=0.899500 causal_density=0.652181 target_group_coverage=0.836406 same_head_all_targets_hit=0.900000 rank_loss=0.203629 aggregation_loss=0.017847 negative_penalty=0.000017 soft_effective_blocks=196.469022 current_block_budget=256.000000 energy_mean=0.022593 energy_std=0.136958 lr=4.997845e-05 grad_norm=0.189782
step=00980 layers=20,32 seq_len=62344 skipped_length=0 loss=0.305118 teacher_kl=0.870207 teacher_l1=0.000729 topk_boundary_loss=0.009559 teacher_recall=0.898323 causal_density=0.652190 target_group_coverage=0.825842 same_head_all_targets_hit=1.000000 rank_loss=0.140837 aggregation_loss=0.054288 negative_penalty=0.000018 soft_effective_blocks=198.714459 current_block_budget=256.000000 energy_mean=0.022631 energy_std=0.133885 lr=4.997751e-05 grad_norm=0.153814
step=00990 layers=22,27 seq_len=54175 skipped_length=0 loss=0.306577 teacher_kl=0.708271 teacher_l1=0.000688 topk_boundary_loss=0.011335 teacher_recall=0.901723 causal_density=0.652198 target_group_coverage=0.751215 same_head_all_targets_hit=0.950000 rank_loss=0.167234 aggregation_loss=0.037130 negative_penalty=0.000018 soft_effective_blocks=190.696056 current_block_budget=256.000000 energy_mean=0.022921 energy_std=0.142892 lr=4.997656e-05 grad_norm=0.223715
step=01000 layers=4,13 seq_len=51258 skipped_length=0 loss=0.289338 teacher_kl=0.712040 teacher_l1=0.000661 topk_boundary_loss=0.008998 teacher_recall=0.905835 causal_density=0.652158 target_group_coverage=0.763281 same_head_all_targets_hit=0.950000 rank_loss=0.184189 aggregation_loss=0.000000 negative_penalty=0.000016 soft_effective_blocks=199.137872 current_block_budget=256.000000 energy_mean=0.022497 energy_std=0.135266 lr=4.997558e-05 grad_norm=0.169908
[save] raw=/inspire/hdd/global_user/gexinmu-253108100065/Repos/fuyicheng_workshop/Innovator-lm-evaluation-hardness/x-attention-main/xattn/qwen_weights/conv_qwen3_boundary_v2/conv_kernel_7x7_qwen3_8b_boundary_v2_t065_s16_48k64k_bf16_step1000.pt
[save] ema=/inspire/hdd/global_user/gexinmu-253108100065/Repos/fuyicheng_workshop/Innovator-lm-evaluation-hardness/x-attention-main/xattn/qwen_weights/conv_qwen3_boundary_v2/conv_kernel_7x7_qwen3_8b_boundary_v2_t065_s16_48k64k_bf16_ema_step1000.pt
[save] state=/inspire/hdd/global_user/gexinmu-253108100065/Repos/fuyicheng_workshop/Innovator-lm-evaluation-hardness/x-attention-main/xattn/qwen_weights/conv_qwen3_boundary_v2/conv_kernel_7x7_qwen3_8b_boundary_v2_t065_s16_48k64k_bf16_train_state.pt
step=01010 layers=9,33 seq_len=56780 skipped_length=0 loss=0.307070 teacher_kl=0.791451 teacher_l1=0.000624 topk_boundary_loss=0.009959 teacher_recall=0.896368 causal_density=0.652078 target_group_coverage=0.839575 same_head_all_targets_hit=0.900000 rank_loss=0.165223 aggregation_loss=0.038053 negative_penalty=0.000017 soft_effective_blocks=213.271077 current_block_budget=256.000000 energy_mean=0.021611 energy_std=0.127645 lr=4.997459e-05 grad_norm=0.181337
step=01020 layers=0,3 seq_len=51678 skipped_length=0 loss=0.289316 teacher_kl=0.758575 teacher_l1=0.000671 topk_boundary_loss=0.008731 teacher_recall=0.910251 causal_density=0.652131 target_group_coverage=0.816797 same_head_all_targets_hit=0.900000 rank_loss=0.160517 aggregation_loss=0.037336 negative_penalty=0.000013 soft_effective_blocks=200.390810 current_block_budget=256.000000 energy_mean=0.022545 energy_std=0.140012 lr=4.997357e-05 grad_norm=0.151936
step=01030 layers=7,24 seq_len=56002 skipped_length=0 loss=0.343886 teacher_kl=0.840217 teacher_l1=0.000716 topk_boundary_loss=0.010737 teacher_recall=0.880110 causal_density=0.652120 target_group_coverage=0.773958 same_head_all_targets_hit=1.000000 rank_loss=0.219863 aggregation_loss=0.000000 negative_penalty=0.000023 soft_effective_blocks=195.993086 current_block_budget=256.000000 energy_mean=0.022294 energy_std=0.138793 lr=4.997254e-05 grad_norm=0.204940
step=01040 layers=18,23 seq_len=62821 skipped_length=0 loss=0.278352 teacher_kl=0.728500 teacher_l1=0.000649 topk_boundary_loss=0.008425 teacher_recall=0.910595 causal_density=0.652154 target_group_coverage=0.837326 same_head_all_targets_hit=1.000000 rank_loss=0.160948 aggregation_loss=0.020308 negative_penalty=0.000013 soft_effective_blocks=200.804472 current_block_budget=256.000000 energy_mean=0.022862 energy_std=0.135764 lr=4.997148e-05 grad_norm=0.148394
step=01050 layers=21,35 seq_len=55965 skipped_length=0 loss=0.289723 teacher_kl=0.697506 teacher_l1=0.000614 topk_boundary_loss=0.009498 teacher_recall=0.895340 causal_density=0.652184 target_group_coverage=0.962500 same_head_all_targets_hit=1.000000 rank_loss=0.166710 aggregation_loss=0.036230 negative_penalty=0.000020 soft_effective_blocks=196.479015 current_block_budget=256.000000 energy_mean=0.023130 energy_std=0.138612 lr=4.997041e-05 grad_norm=0.184676
step=01060 layers=13,18 seq_len=54661 skipped_length=0 loss=0.290546 teacher_kl=0.804708 teacher_l1=0.000701 topk_boundary_loss=0.009755 teacher_recall=0.896083 causal_density=0.652179 target_group_coverage=0.842031 same_head_all_targets_hit=1.000000 rank_loss=0.137944 aggregation_loss=0.035983 negative_penalty=0.000017 soft_effective_blocks=202.413615 current_block_budget=256.000000 energy_mean=0.022839 energy_std=0.131341 lr=4.996931e-05 grad_norm=0.141773
step=01070 layers=1,29 seq_len=60404 skipped_length=0 loss=0.282750 teacher_kl=0.662403 teacher_l1=0.000598 topk_boundary_loss=0.010259 teacher_recall=0.904153 causal_density=0.652185 target_group_coverage=0.781641 same_head_all_targets_hit=1.000000 rank_loss=0.168807 aggregation_loss=0.000000 negative_penalty=0.000018 soft_effective_blocks=207.307481 current_block_budget=256.000000 energy_mean=0.023154 energy_std=0.127412 lr=4.996820e-05 grad_norm=0.183149
step=01080 layers=6,10 seq_len=57210 skipped_length=0 loss=0.307276 teacher_kl=0.827077 teacher_l1=0.000751 topk_boundary_loss=0.009553 teacher_recall=0.891892 causal_density=0.652200 target_group_coverage=0.844193 same_head_all_targets_hit=0.850000 rank_loss=0.154629 aggregation_loss=0.055909 negative_penalty=0.000022 soft_effective_blocks=185.992679 current_block_budget=256.000000 energy_mean=0.023534 energy_std=0.147440 lr=4.996706e-05 grad_norm=0.172889
step=01090 layers=22,28 seq_len=62908 skipped_length=0 loss=0.337714 teacher_kl=0.798921 teacher_l1=0.000728 topk_boundary_loss=0.012720 teacher_recall=0.899694 causal_density=0.652183 target_group_coverage=0.937587 same_head_all_targets_hit=1.000000 rank_loss=0.185748 aggregation_loss=0.018520 negative_penalty=0.000019 soft_effective_blocks=199.905260 current_block_budget=256.000000 energy_mean=0.023029 energy_std=0.134573 lr=4.996591e-05 grad_norm=0.232579
step=01100 layers=3,29 seq_len=49811 skipped_length=0 loss=0.287216 teacher_kl=0.681088 teacher_l1=0.000588 topk_boundary_loss=0.008959 teacher_recall=0.905562 causal_density=0.652201 target_group_coverage=0.786484 same_head_all_targets_hit=0.950000 rank_loss=0.181525 aggregation_loss=0.017733 negative_penalty=0.000015 soft_effective_blocks=200.089250 current_block_budget=256.000000 energy_mean=0.023446 energy_std=0.135946 lr=4.996474e-05 grad_norm=0.189438
step=01110 layers=14,30 seq_len=53762 skipped_length=0 loss=0.271047 teacher_kl=0.773087 teacher_l1=0.000733 topk_boundary_loss=0.009754 teacher_recall=0.892333 causal_density=0.652254 target_group_coverage=0.845339 same_head_all_targets_hit=1.000000 rank_loss=0.096924 aggregation_loss=0.075439 negative_penalty=0.000022 soft_effective_blocks=185.266542 current_block_budget=256.000000 energy_mean=0.024326 energy_std=0.142882 lr=4.996354e-05 grad_norm=0.102633
step=01120 layers=3,8 seq_len=52089 skipped_length=0 loss=0.290421 teacher_kl=0.767764 teacher_l1=0.000696 topk_boundary_loss=0.008754 teacher_recall=0.901680 causal_density=0.652259 target_group_coverage=0.847422 same_head_all_targets_hit=1.000000 rank_loss=0.167742 aggregation_loss=0.018185 negative_penalty=0.000018 soft_effective_blocks=192.832114 current_block_budget=256.000000 energy_mean=0.024319 energy_std=0.137756 lr=4.996233e-05 grad_norm=0.134412
step=01130 layers=13,35 seq_len=55730 skipped_length=0 loss=0.291441 teacher_kl=0.780755 teacher_l1=0.000638 topk_boundary_loss=0.008959 teacher_recall=0.909195 causal_density=0.652067 target_group_coverage=0.893281 same_head_all_targets_hit=0.950000 rank_loss=0.163384 aggregation_loss=0.018385 negative_penalty=0.000021 soft_effective_blocks=206.733200 current_block_budget=256.000000 energy_mean=0.022091 energy_std=0.137546 lr=4.996110e-05 grad_norm=0.154094
step=01140 layers=16,32 seq_len=61504 skipped_length=0 loss=0.321084 teacher_kl=0.815989 teacher_l1=0.000723 topk_boundary_loss=0.010479 teacher_recall=0.881828 causal_density=0.652193 target_group_coverage=0.907031 same_head_all_targets_hit=0.950000 rank_loss=0.176364 aggregation_loss=0.035989 negative_penalty=0.000028 soft_effective_blocks=193.804646 current_block_budget=256.000000 energy_mean=0.023542 energy_std=0.134717 lr=4.995984e-05 grad_norm=0.156090
step=01150 layers=10,20 seq_len=63478 skipped_length=0 loss=0.280319 teacher_kl=0.747578 teacher_l1=0.000703 topk_boundary_loss=0.008355 teacher_recall=0.910934 causal_density=0.652208 target_group_coverage=0.871953 same_head_all_targets_hit=0.950000 rank_loss=0.145972 aggregation_loss=0.054894 negative_penalty=0.000013 soft_effective_blocks=196.861989 current_block_budget=256.000000 energy_mean=0.023911 energy_std=0.140042 lr=4.995857e-05 grad_norm=0.146053
step=01160 layers=7,23 seq_len=63679 skipped_length=0 loss=0.286062 teacher_kl=0.766403 teacher_l1=0.000699 topk_boundary_loss=0.009485 teacher_recall=0.899550 causal_density=0.652160 target_group_coverage=0.897943 same_head_all_targets_hit=0.950000 rank_loss=0.135532 aggregation_loss=0.055463 negative_penalty=0.000010 soft_effective_blocks=195.830923 current_block_budget=256.000000 energy_mean=0.023515 energy_std=0.143785 lr=4.995728e-05 grad_norm=0.105363
step=01170 layers=26,31 seq_len=57512 skipped_length=0 loss=0.301806 teacher_kl=0.755080 teacher_l1=0.000689 topk_boundary_loss=0.009538 teacher_recall=0.899778 causal_density=0.652225 target_group_coverage=0.867656 same_head_all_targets_hit=0.950000 rank_loss=0.179098 aggregation_loss=0.018973 negative_penalty=0.000029 soft_effective_blocks=190.666197 current_block_budget=256.000000 energy_mean=0.024223 energy_std=0.140432 lr=4.995596e-05 grad_norm=0.190580
step=01180 layers=3,33 seq_len=60457 skipped_length=0 loss=0.294619 teacher_kl=0.739096 teacher_l1=0.000673 topk_boundary_loss=0.009690 teacher_recall=0.901070 causal_density=0.652178 target_group_coverage=0.859688 same_head_all_targets_hit=0.950000 rank_loss=0.169153 aggregation_loss=0.018844 negative_penalty=0.000020 soft_effective_blocks=196.677803 current_block_budget=256.000000 energy_mean=0.023545 energy_std=0.142491 lr=4.995463e-05 grad_norm=0.138149
step=01190 layers=13,30 seq_len=65184 skipped_length=0 loss=0.318912 teacher_kl=0.842078 teacher_l1=0.000719 topk_boundary_loss=0.008969 teacher_recall=0.904308 causal_density=0.652161 target_group_coverage=0.807500 same_head_all_targets_hit=0.900000 rank_loss=0.185994 aggregation_loss=0.036850 negative_penalty=0.000023 soft_effective_blocks=201.957079 current_block_budget=256.000000 energy_mean=0.023614 energy_std=0.134066 lr=4.995328e-05 grad_norm=0.176261
step=01200 layers=3,18 seq_len=54052 skipped_length=0 loss=0.298750 teacher_kl=0.756034 teacher_l1=0.000685 topk_boundary_loss=0.009672 teacher_recall=0.905584 causal_density=0.652184 target_group_coverage=0.890156 same_head_all_targets_hit=1.000000 rank_loss=0.165066 aggregation_loss=0.035576 negative_penalty=0.000023 soft_effective_blocks=193.903854 current_block_budget=256.000000 energy_mean=0.023946 energy_std=0.144441 lr=4.995190e-05 grad_norm=0.162627
step=01210 layers=1,16 seq_len=62849 skipped_length=0 loss=0.292183 teacher_kl=0.736049 teacher_l1=0.000654 topk_boundary_loss=0.008830 teacher_recall=0.904921 causal_density=0.652127 target_group_coverage=0.810781 same_head_all_targets_hit=1.000000 rank_loss=0.169439 aggregation_loss=0.037753 negative_penalty=0.000021 soft_effective_blocks=194.145172 current_block_budget=256.000000 energy_mean=0.023791 energy_std=0.145490 lr=4.995051e-05 grad_norm=0.164278
step=01220 layers=18,31 seq_len=64395 skipped_length=0 loss=0.309208 teacher_kl=0.790138 teacher_l1=0.000700 topk_boundary_loss=0.009493 teacher_recall=0.896975 causal_density=0.652189 target_group_coverage=0.874323 same_head_all_targets_hit=0.950000 rank_loss=0.175826 aggregation_loss=0.036837 negative_penalty=0.000023 soft_effective_blocks=200.974655 current_block_budget=256.000000 energy_mean=0.023831 energy_std=0.136682 lr=4.994910e-05 grad_norm=0.184473
step=01230 layers=16,19 seq_len=60710 skipped_length=0 loss=0.316132 teacher_kl=0.753599 teacher_l1=0.000697 topk_boundary_loss=0.012263 teacher_recall=0.887968 causal_density=0.652237 target_group_coverage=0.919010 same_head_all_targets_hit=1.000000 rank_loss=0.167327 aggregation_loss=0.018234 negative_penalty=0.000018 soft_effective_blocks=194.067857 current_block_budget=256.000000 energy_mean=0.024981 energy_std=0.135311 lr=4.994767e-05 grad_norm=0.174260
step=01240 layers=11,34 seq_len=55885 skipped_length=0 loss=0.305517 teacher_kl=0.756001 teacher_l1=0.000715 topk_boundary_loss=0.008537 teacher_recall=0.910545 causal_density=0.652256 target_group_coverage=0.884297 same_head_all_targets_hit=0.950000 rank_loss=0.198663 aggregation_loss=0.018341 negative_penalty=0.000026 soft_effective_blocks=188.258444 current_block_budget=256.000000 energy_mean=0.024507 energy_std=0.147741 lr=4.994622e-05 grad_norm=0.226737
step=01250 layers=3,35 seq_len=59718 skipped_length=0 loss=0.292444 teacher_kl=0.651227 teacher_l1=0.000583 topk_boundary_loss=0.009547 teacher_recall=0.891868 causal_density=0.652105 target_group_coverage=0.861979 same_head_all_targets_hit=1.000000 rank_loss=0.197252 aggregation_loss=0.000000 negative_penalty=0.000011 soft_effective_blocks=201.305927 current_block_budget=256.000000 energy_mean=0.023874 energy_std=0.139121 lr=4.994474e-05 grad_norm=0.177783
[save] raw=/inspire/hdd/global_user/gexinmu-253108100065/Repos/fuyicheng_workshop/Innovator-lm-evaluation-hardness/x-attention-main/xattn/qwen_weights/conv_qwen3_boundary_v2/conv_kernel_7x7_qwen3_8b_boundary_v2_t065_s16_48k64k_bf16_step1250.pt
[save] ema=/inspire/hdd/global_user/gexinmu-253108100065/Repos/fuyicheng_workshop/Innovator-lm-evaluation-hardness/x-attention-main/xattn/qwen_weights/conv_qwen3_boundary_v2/conv_kernel_7x7_qwen3_8b_boundary_v2_t065_s16_48k64k_bf16_ema_step1250.pt
[save] state=/inspire/hdd/global_user/gexinmu-253108100065/Repos/fuyicheng_workshop/Innovator-lm-evaluation-hardness/x-attention-main/xattn/qwen_weights/conv_qwen3_boundary_v2/conv_kernel_7x7_qwen3_8b_boundary_v2_t065_s16_48k64k_bf16_train_state.pt
step=01260 layers=17,34 seq_len=56690 skipped_length=0 loss=0.316323 teacher_kl=0.848063 teacher_l1=0.000734 topk_boundary_loss=0.008994 teacher_recall=0.903564 causal_density=0.652208 target_group_coverage=0.816484 same_head_all_targets_hit=1.000000 rank_loss=0.187759 aggregation_loss=0.017860 negative_penalty=0.000030 soft_effective_blocks=200.207864 current_block_budget=256.000000 energy_mean=0.023953 energy_std=0.135627 lr=4.994325e-05 grad_norm=0.167219
step=01270 layers=3,24 seq_len=65535 skipped_length=0 loss=0.305280 teacher_kl=0.785293 teacher_l1=0.000687 topk_boundary_loss=0.008988 teacher_recall=0.902597 causal_density=0.652201 target_group_coverage=0.837760 same_head_all_targets_hit=1.000000 rank_loss=0.192581 aggregation_loss=0.000000 negative_penalty=0.000029 soft_effective_blocks=193.921661 current_block_budget=256.000000 energy_mean=0.024235 energy_std=0.143015 lr=4.994174e-05 grad_norm=0.201136
step=01280 layers=4,35 seq_len=55883 skipped_length=0 loss=0.286414 teacher_kl=0.717430 teacher_l1=0.000676 topk_boundary_loss=0.009379 teacher_recall=0.896245 causal_density=0.652209 target_group_coverage=0.900000 same_head_all_targets_hit=1.000000 rank_loss=0.157850 aggregation_loss=0.036077 negative_penalty=0.000022 soft_effective_blocks=192.942439 current_block_budget=256.000000 energy_mean=0.024673 energy_std=0.143887 lr=4.994021e-05 grad_norm=0.148326
step=01290 layers=9,28 seq_len=58666 skipped_length=0 loss=0.320230 teacher_kl=0.845158 teacher_l1=0.000712 topk_boundary_loss=0.009249 teacher_recall=0.902653 causal_density=0.652089 target_group_coverage=0.835938 same_head_all_targets_hit=1.000000 rank_loss=0.199048 aggregation_loss=0.000000 negative_penalty=0.000025 soft_effective_blocks=199.535344 current_block_budget=256.000000 energy_mean=0.023020 energy_std=0.144206 lr=4.993866e-05 grad_norm=0.160320
step=01300 layers=4,29 seq_len=60833 skipped_length=0 loss=0.282953 teacher_kl=0.668284 teacher_l1=0.000576 topk_boundary_loss=0.010025 teacher_recall=0.901850 causal_density=0.652077 target_group_coverage=0.836875 same_head_all_targets_hit=0.950000 rank_loss=0.163312 aggregation_loss=0.017966 negative_penalty=0.000015 soft_effective_blocks=214.094598 current_block_budget=256.000000 energy_mean=0.023696 energy_std=0.126626 lr=4.993709e-05 grad_norm=0.140355
step=01310 layers=7,34 seq_len=59582 skipped_length=0 loss=0.310785 teacher_kl=0.844609 teacher_l1=0.000746 topk_boundary_loss=0.008849 teacher_recall=0.901440 causal_density=0.652157 target_group_coverage=0.887109 same_head_all_targets_hit=1.000000 rank_loss=0.181302 aggregation_loss=0.017933 negative_penalty=0.000020 soft_effective_blocks=193.032892 current_block_budget=256.000000 energy_mean=0.024171 energy_std=0.145155 lr=4.993550e-05 grad_norm=0.170398
step=01320 layers=9,26 seq_len=56010 skipped_length=0 loss=0.271018 teacher_kl=0.670532 teacher_l1=0.000663 topk_boundary_loss=0.008803 teacher_recall=0.902751 causal_density=0.652322 target_group_coverage=0.850469 same_head_all_targets_hit=0.950000 rank_loss=0.151880 aggregation_loss=0.035393 negative_penalty=0.000024 soft_effective_blocks=189.313013 current_block_budget=256.000000 energy_mean=0.025917 energy_std=0.138701 lr=4.993389e-05 grad_norm=0.110052
step=01330 layers=16,34 seq_len=53542 skipped_length=0 loss=0.324534 teacher_kl=0.815136 teacher_l1=0.000724 topk_boundary_loss=0.009348 teacher_recall=0.899996 causal_density=0.652190 target_group_coverage=0.790312 same_head_all_targets_hit=0.950000 rank_loss=0.205112 aggregation_loss=0.017491 negative_penalty=0.000029 soft_effective_blocks=188.046074 current_block_budget=256.000000 energy_mean=0.024638 energy_std=0.149998 lr=4.993226e-05 grad_norm=0.205763
step=01340 layers=20,30 seq_len=55899 skipped_length=0 loss=0.276087 teacher_kl=0.721120 teacher_l1=0.000608 topk_boundary_loss=0.009284 teacher_recall=0.904370 causal_density=0.652090 target_group_coverage=0.865339 same_head_all_targets_hit=0.950000 rank_loss=0.133095 aggregation_loss=0.055043 negative_penalty=0.000018 soft_effective_blocks=205.433783 current_block_budget=256.000000 energy_mean=0.023762 energy_std=0.139631 lr=4.993061e-05 grad_norm=0.118476
step=01350 layers=5,15 seq_len=56738 skipped_length=0 loss=0.284103 teacher_kl=0.803654 teacher_l1=0.000685 topk_boundary_loss=0.009480 teacher_recall=0.898281 causal_density=0.652145 target_group_coverage=0.851250 same_head_all_targets_hit=0.900000 rank_loss=0.123460 aggregation_loss=0.054413 negative_penalty=0.000025 soft_effective_blocks=205.659135 current_block_budget=256.000000 energy_mean=0.023983 energy_std=0.133177 lr=4.992894e-05 grad_norm=0.156413
step=01360 layers=5,14 seq_len=51570 skipped_length=0 loss=0.304028 teacher_kl=0.777536 teacher_l1=0.000634 topk_boundary_loss=0.009986 teacher_recall=0.898161 causal_density=0.652100 target_group_coverage=0.782109 same_head_all_targets_hit=1.000000 rank_loss=0.170811 aggregation_loss=0.019967 negative_penalty=0.000028 soft_effective_blocks=202.765596 current_block_budget=256.000000 energy_mean=0.023738 energy_std=0.139715 lr=4.992725e-05 grad_norm=0.141994
step=01370 layers=1,3 seq_len=51743 skipped_length=0 loss=0.279093 teacher_kl=0.718502 teacher_l1=0.000706 topk_boundary_loss=0.008110 teacher_recall=0.912379 causal_density=0.652271 target_group_coverage=0.816641 same_head_all_targets_hit=0.950000 rank_loss=0.169759 aggregation_loss=0.018179 negative_penalty=0.000021 soft_effective_blocks=190.855583 current_block_budget=256.000000 energy_mean=0.025691 energy_std=0.145142 lr=4.992554e-05 grad_norm=0.171369
step=01380 layers=19,33 seq_len=56151 skipped_length=0 loss=0.309648 teacher_kl=0.825944 teacher_l1=0.000727 topk_boundary_loss=0.009396 teacher_recall=0.893068 causal_density=0.652303 target_group_coverage=0.889323 same_head_all_targets_hit=0.950000 rank_loss=0.184253 aggregation_loss=0.000000 negative_penalty=0.000018 soft_effective_blocks=187.793098 current_block_budget=256.000000 energy_mean=0.025836 energy_std=0.143921 lr=4.992381e-05 grad_norm=0.146562
step=01390 layers=8,11 seq_len=52620 skipped_length=0 loss=0.317955 teacher_kl=0.800217 teacher_l1=0.000712 topk_boundary_loss=0.009386 teacher_recall=0.897279 causal_density=0.652142 target_group_coverage=0.827561 same_head_all_targets_hit=1.000000 rank_loss=0.197090 aggregation_loss=0.018190 negative_penalty=0.000028 soft_effective_blocks=204.627713 current_block_budget=256.000000 energy_mean=0.024472 energy_std=0.135786 lr=4.992206e-05 grad_norm=0.188127
step=01400 layers=3,12 seq_len=59487 skipped_length=0 loss=0.299567 teacher_kl=0.771651 teacher_l1=0.000684 topk_boundary_loss=0.009442 teacher_recall=0.899113 causal_density=0.652166 target_group_coverage=0.829219 same_head_all_targets_hit=1.000000 rank_loss=0.172893 aggregation_loss=0.018048 negative_penalty=0.000030 soft_effective_blocks=194.950922 current_block_budget=256.000000 energy_mean=0.024714 energy_std=0.146374 lr=4.992029e-05 grad_norm=0.114959
step=01410 layers=31,32 seq_len=63310 skipped_length=0 loss=0.292205 teacher_kl=0.688266 teacher_l1=0.000637 topk_boundary_loss=0.008867 teacher_recall=0.909049 causal_density=0.652112 target_group_coverage=0.955469 same_head_all_targets_hit=1.000000 rank_loss=0.188291 aggregation_loss=0.020072 negative_penalty=0.000026 soft_effective_blocks=190.675284 current_block_budget=256.000000 energy_mean=0.024638 energy_std=0.151114 lr=4.991850e-05 grad_norm=0.222907
step=01420 layers=14,21 seq_len=51562 skipped_length=0 loss=0.318629 teacher_kl=0.816895 teacher_l1=0.000723 topk_boundary_loss=0.009755 teacher_recall=0.894329 causal_density=0.652196 target_group_coverage=0.848437 same_head_all_targets_hit=1.000000 rank_loss=0.196697 aggregation_loss=0.000000 negative_penalty=0.000025 soft_effective_blocks=200.760629 current_block_budget=256.000000 energy_mean=0.024752 energy_std=0.133813 lr=4.991669e-05 grad_norm=0.170514
step=01430 layers=6,21 seq_len=61229 skipped_length=0 loss=0.305303 teacher_kl=0.808454 teacher_l1=0.000730 topk_boundary_loss=0.009330 teacher_recall=0.904148 causal_density=0.652182 target_group_coverage=0.773351 same_head_all_targets_hit=1.000000 rank_loss=0.174640 aggregation_loss=0.018294 negative_penalty=0.000021 soft_effective_blocks=195.151416 current_block_budget=256.000000 energy_mean=0.025017 energy_std=0.145693 lr=4.991486e-05 grad_norm=0.149801
step=01440 layers=10,29 seq_len=52063 skipped_length=0 loss=0.293243 teacher_kl=0.703846 teacher_l1=0.000681 topk_boundary_loss=0.008662 teacher_recall=0.895480 causal_density=0.652288 target_group_coverage=0.813325 same_head_all_targets_hit=1.000000 rank_loss=0.189817 aggregation_loss=0.017789 negative_penalty=0.000028 soft_effective_blocks=186.495090 current_block_budget=256.000000 energy_mean=0.026337 energy_std=0.146635 lr=4.991301e-05 grad_norm=0.163341
step=01450 layers=11,14 seq_len=60652 skipped_length=0 loss=0.297641 teacher_kl=0.789107 teacher_l1=0.000722 topk_boundary_loss=0.008176 teacher_recall=0.908866 causal_density=0.652136 target_group_coverage=0.782266 same_head_all_targets_hit=0.950000 rank_loss=0.182010 aggregation_loss=0.018490 negative_penalty=0.000024 soft_effective_blocks=188.961418 current_block_budget=256.000000 energy_mean=0.024907 energy_std=0.154836 lr=4.991114e-05 grad_norm=0.202655
step=01460 layers=6,23 seq_len=60141 skipped_length=0 loss=0.278665 teacher_kl=0.772129 teacher_l1=0.000643 topk_boundary_loss=0.009919 teacher_recall=0.895102 causal_density=0.652147 target_group_coverage=0.904375 same_head_all_targets_hit=1.000000 rank_loss=0.123764 aggregation_loss=0.036806 negative_penalty=0.000033 soft_effective_blocks=207.561714 current_block_budget=256.000000 energy_mean=0.024285 energy_std=0.132051 lr=4.990926e-05 grad_norm=0.093297
step=01470 layers=5,32 seq_len=57257 skipped_length=0 loss=0.273015 teacher_kl=0.719431 teacher_l1=0.000693 topk_boundary_loss=0.009139 teacher_recall=0.894934 causal_density=0.652227 target_group_coverage=0.885347 same_head_all_targets_hit=0.900000 rank_loss=0.136912 aggregation_loss=0.039212 negative_penalty=0.000017 soft_effective_blocks=188.229303 current_block_budget=256.000000 energy_mean=0.026379 energy_std=0.147095 lr=4.990735e-05 grad_norm=0.096484
step=01480 layers=8,27 seq_len=56099 skipped_length=0 loss=0.317831 teacher_kl=0.833301 teacher_l1=0.000690 topk_boundary_loss=0.010977 teacher_recall=0.896232 causal_density=0.652226 target_group_coverage=0.879844 same_head_all_targets_hit=1.000000 rank_loss=0.167354 aggregation_loss=0.018285 negative_penalty=0.000026 soft_effective_blocks=199.835851 current_block_budget=256.000000 energy_mean=0.025480 energy_std=0.139920 lr=4.990542e-05 grad_norm=0.164021
step=01490 layers=3,35 seq_len=52762 skipped_length=0 loss=0.270222 teacher_kl=0.686456 teacher_l1=0.000629 topk_boundary_loss=0.009183 teacher_recall=0.896358 causal_density=0.652156 target_group_coverage=0.813455 same_head_all_targets_hit=0.900000 rank_loss=0.132848 aggregation_loss=0.056181 negative_penalty=0.000028 soft_effective_blocks=200.735129 current_block_budget=256.000000 energy_mean=0.024959 energy_std=0.138738 lr=4.990347e-05 grad_norm=0.200967
step=01500 layers=1,3 seq_len=63624 skipped_length=0 loss=0.272659 teacher_kl=0.751047 teacher_l1=0.000672 topk_boundary_loss=0.009193 teacher_recall=0.912430 causal_density=0.652145 target_group_coverage=0.737326 same_head_all_targets_hit=1.000000 rank_loss=0.136401 aggregation_loss=0.018341 negative_penalty=0.000035 soft_effective_blocks=202.019017 current_block_budget=256.000000 energy_mean=0.024575 energy_std=0.143344 lr=4.990151e-05 grad_norm=0.149903
[save] raw=/inspire/hdd/global_user/gexinmu-253108100065/Repos/fuyicheng_workshop/Innovator-lm-evaluation-hardness/x-attention-main/xattn/qwen_weights/conv_qwen3_boundary_v2/conv_kernel_7x7_qwen3_8b_boundary_v2_t065_s16_48k64k_bf16_step1500.pt
[save] ema=/inspire/hdd/global_user/gexinmu-253108100065/Repos/fuyicheng_workshop/Innovator-lm-evaluation-hardness/x-attention-main/xattn/qwen_weights/conv_qwen3_boundary_v2/conv_kernel_7x7_qwen3_8b_boundary_v2_t065_s16_48k64k_bf16_ema_step1500.pt
[save] state=/inspire/hdd/global_user/gexinmu-253108100065/Repos/fuyicheng_workshop/Innovator-lm-evaluation-hardness/x-attention-main/xattn/qwen_weights/conv_qwen3_boundary_v2/conv_kernel_7x7_qwen3_8b_boundary_v2_t065_s16_48k64k_bf16_train_state.pt
step=01510 layers=8,17 seq_len=65050 skipped_length=0 loss=0.333982 teacher_kl=0.822909 teacher_l1=0.000692 topk_boundary_loss=0.010952 teacher_recall=0.891945 causal_density=0.652133 target_group_coverage=0.942969 same_head_all_targets_hit=0.950000 rank_loss=0.204822 aggregation_loss=0.000000 negative_penalty=0.000025 soft_effective_blocks=202.208023 current_block_budget=256.000000 energy_mean=0.025049 energy_std=0.140504 lr=4.989952e-05 grad_norm=0.219645
step=01520 layers=2,13 seq_len=62975 skipped_length=0 loss=0.292188 teacher_kl=0.745601 teacher_l1=0.000650 topk_boundary_loss=0.008994 teacher_recall=0.898813 causal_density=0.652124 target_group_coverage=0.836042 same_head_all_targets_hit=1.000000 rank_loss=0.173435 aggregation_loss=0.017203 negative_penalty=0.000023 soft_effective_blocks=197.979031 current_block_budget=256.000000 energy_mean=0.024776 energy_std=0.146623 lr=4.989751e-05 grad_norm=0.174321
step=01530 layers=11,27 seq_len=63961 skipped_length=0 loss=0.296109 teacher_kl=0.789708 teacher_l1=0.000718 topk_boundary_loss=0.010140 teacher_recall=0.895080 causal_density=0.652192 target_group_coverage=0.868333 same_head_all_targets_hit=0.950000 rank_loss=0.145546 aggregation_loss=0.036689 negative_penalty=0.000033 soft_effective_blocks=191.572371 current_block_budget=256.000000 energy_mean=0.025721 energy_std=0.145201 lr=4.989549e-05 grad_norm=0.133276
step=01540 layers=13,24 seq_len=57802 skipped_length=0 loss=0.278426 teacher_kl=0.639188 teacher_l1=0.000599 topk_boundary_loss=0.008311 teacher_recall=0.901859 causal_density=0.652175 target_group_coverage=0.766719 same_head_all_targets_hit=1.000000 rank_loss=0.185754 aggregation_loss=0.018310 negative_penalty=0.000018 soft_effective_blocks=203.531825 current_block_budget=256.000000 energy_mean=0.025751 energy_std=0.136863 lr=4.989344e-05 grad_norm=0.168040
step=01550 layers=11,18 seq_len=53374 skipped_length=0 loss=0.334697 teacher_kl=0.916794 teacher_l1=0.000813 topk_boundary_loss=0.009619 teacher_recall=0.902168 causal_density=0.652255 target_group_coverage=0.833542 same_head_all_targets_hit=1.000000 rank_loss=0.192816 aggregation_loss=0.017989 negative_penalty=0.000052 soft_effective_blocks=182.155183 current_block_budget=256.000000 energy_mean=0.025803 energy_std=0.155839 lr=4.989137e-05 grad_norm=0.176752
step=01560 layers=19,26 seq_len=62521 skipped_length=0 loss=0.283717 teacher_kl=0.713919 teacher_l1=0.000666 topk_boundary_loss=0.009574 teacher_recall=0.893409 causal_density=0.652215 target_group_coverage=0.941328 same_head_all_targets_hit=0.950000 rank_loss=0.151903 aggregation_loss=0.035433 negative_penalty=0.000025 soft_effective_blocks=191.868695 current_block_budget=256.000000 energy_mean=0.026151 energy_std=0.144750 lr=4.988929e-05 grad_norm=0.135757
step=01570 layers=2,12 seq_len=61887 skipped_length=0 loss=0.280480 teacher_kl=0.765750 teacher_l1=0.000675 topk_boundary_loss=0.009182 teacher_recall=0.904201 causal_density=0.652170 target_group_coverage=0.870833 same_head_all_targets_hit=1.000000 rank_loss=0.153541 aggregation_loss=0.000000 negative_penalty=0.000036 soft_effective_blocks=196.072055 current_block_budget=256.000000 energy_mean=0.025545 energy_std=0.146342 lr=4.988718e-05 grad_norm=0.155886
step=01580 layers=9,16 seq_len=60107 skipped_length=0 loss=0.303177 teacher_kl=0.778874 teacher_l1=0.000670 topk_boundary_loss=0.009287 teacher_recall=0.898520 causal_density=0.652143 target_group_coverage=0.855078 same_head_all_targets_hit=1.000000 rank_loss=0.186692 aggregation_loss=0.000000 negative_penalty=0.000021 soft_effective_blocks=202.633424 current_block_budget=256.000000 energy_mean=0.025262 energy_std=0.138258 lr=4.988506e-05 grad_norm=0.132733
step=01590 layers=0,1 seq_len=55189 skipped_length=0 loss=0.303254 teacher_kl=0.750952 teacher_l1=0.000647 topk_boundary_loss=0.008384 teacher_recall=0.907200 causal_density=0.652107 target_group_coverage=0.887891 same_head_all_targets_hit=1.000000 rank_loss=0.205849 aggregation_loss=0.000000 negative_penalty=0.000026 soft_effective_blocks=198.315674 current_block_budget=256.000000 energy_mean=0.024998 energy_std=0.147011 lr=4.988291e-05 grad_norm=0.213344
step=01600 layers=10,26 seq_len=59394 skipped_length=0 loss=0.314560 teacher_kl=0.773168 teacher_l1=0.000712 topk_boundary_loss=0.010389 teacher_recall=0.891736 causal_density=0.652220 target_group_coverage=0.881250 same_head_all_targets_hit=1.000000 rank_loss=0.192391 aggregation_loss=0.000000 negative_penalty=0.000036 soft_effective_blocks=194.190851 current_block_budget=256.000000 energy_mean=0.026205 energy_std=0.144628 lr=4.988075e-05 grad_norm=0.191213
step=01610 layers=8,20 seq_len=65153 skipped_length=0 loss=0.289709 teacher_kl=0.785767 teacher_l1=0.000666 topk_boundary_loss=0.008982 teacher_recall=0.902241 causal_density=0.652113 target_group_coverage=0.890547 same_head_all_targets_hit=1.000000 rank_loss=0.150654 aggregation_loss=0.038252 negative_penalty=0.000038 soft_effective_blocks=204.400208 current_block_budget=256.000000 energy_mean=0.024847 energy_std=0.139644 lr=4.987856e-05 grad_norm=0.135350
step=01620 layers=27,31 seq_len=51966 skipped_length=0 loss=0.281584 teacher_kl=0.718780 teacher_l1=0.000627 topk_boundary_loss=0.008629 teacher_recall=0.902458 causal_density=0.652135 target_group_coverage=0.775469 same_head_all_targets_hit=0.900000 rank_loss=0.166840 aggregation_loss=0.018381 negative_penalty=0.000023 soft_effective_blocks=196.679697 current_block_budget=256.000000 energy_mean=0.025650 energy_std=0.148081 lr=4.987636e-05 grad_norm=0.162677
step=01630 layers=9,17 seq_len=62907 skipped_length=0 loss=0.268675 teacher_kl=0.729471 teacher_l1=0.000648 topk_boundary_loss=0.008980 teacher_recall=0.896917 causal_density=0.652201 target_group_coverage=0.808672 same_head_all_targets_hit=1.000000 rank_loss=0.123031 aggregation_loss=0.054252 negative_penalty=0.000019 soft_effective_blocks=201.836089 current_block_budget=256.000000 energy_mean=0.026368 energy_std=0.138458 lr=4.987413e-05 grad_norm=0.122716
step=01640 layers=7,27 seq_len=62956 skipped_length=0 loss=0.324640 teacher_kl=0.788142 teacher_l1=0.000708 topk_boundary_loss=0.011515 teacher_recall=0.901992 causal_density=0.652185 target_group_coverage=0.837196 same_head_all_targets_hit=0.950000 rank_loss=0.182765 aggregation_loss=0.018402 negative_penalty=0.000041 soft_effective_blocks=193.131650 current_block_budget=256.000000 energy_mean=0.025737 energy_std=0.150307 lr=4.987189e-05 grad_norm=0.189491
step=01650 layers=1,17 seq_len=52882 skipped_length=0 loss=0.292268 teacher_kl=0.744824 teacher_l1=0.000648 topk_boundary_loss=0.009095 teacher_recall=0.903251 causal_density=0.652122 target_group_coverage=0.945234 same_head_all_targets_hit=0.950000 rank_loss=0.171852 aggregation_loss=0.018563 negative_penalty=0.000039 soft_effective_blocks=200.506697 current_block_budget=256.000000 energy_mean=0.025177 energy_std=0.143717 lr=4.986962e-05 grad_norm=0.163869
step=01660 layers=3,30 seq_len=55855 skipped_length=0 loss=0.306678 teacher_kl=0.756051 teacher_l1=0.000661 topk_boundary_loss=0.009266 teacher_recall=0.905863 causal_density=0.652151 target_group_coverage=0.647266 same_head_all_targets_hit=0.950000 rank_loss=0.198513 aggregation_loss=0.000000 negative_penalty=0.000024 soft_effective_blocks=193.447046 current_block_budget=256.000000 energy_mean=0.026063 energy_std=0.151785 lr=4.986734e-05 grad_norm=0.216347
step=01670 layers=11,14 seq_len=52079 skipped_length=0 loss=0.292348 teacher_kl=0.801700 teacher_l1=0.000721 topk_boundary_loss=0.008998 teacher_recall=0.905012 causal_density=0.652148 target_group_coverage=0.802214 same_head_all_targets_hit=1.000000 rank_loss=0.144208 aggregation_loss=0.054202 negative_penalty=0.000039 soft_effective_blocks=193.426117 current_block_budget=256.000000 energy_mean=0.025673 energy_std=0.149324 lr=4.986504e-05 grad_norm=0.128101
step=01680 layers=18,25 seq_len=59653 skipped_length=0 loss=0.273881 teacher_kl=0.656958 teacher_l1=0.000591 topk_boundary_loss=0.008621 teacher_recall=0.902729 causal_density=0.652122 target_group_coverage=0.901172 same_head_all_targets_hit=1.000000 rank_loss=0.177231 aggregation_loss=0.000000 negative_penalty=0.000032 soft_effective_blocks=207.370337 current_block_budget=256.000000 energy_mean=0.025641 energy_std=0.137468 lr=4.986271e-05 grad_norm=0.172305
step=01690 layers=19,26 seq_len=59029 skipped_length=0 loss=0.287552 teacher_kl=0.779187 teacher_l1=0.000657 topk_boundary_loss=0.009141 teacher_recall=0.893569 causal_density=0.652109 target_group_coverage=0.893594 same_head_all_targets_hit=1.000000 rank_loss=0.154889 aggregation_loss=0.018319 negative_penalty=0.000027 soft_effective_blocks=203.834117 current_block_budget=256.000000 energy_mean=0.025252 energy_std=0.138283 lr=4.986037e-05 grad_norm=0.148661
step=01700 layers=6,15 seq_len=58879 skipped_length=0 loss=0.307946 teacher_kl=0.775751 teacher_l1=0.000712 topk_boundary_loss=0.009740 teacher_recall=0.900801 causal_density=0.652215 target_group_coverage=0.858594 same_head_all_targets_hit=1.000000 rank_loss=0.189373 aggregation_loss=0.000000 negative_penalty=0.000040 soft_effective_blocks=187.759735 current_block_budget=256.000000 energy_mean=0.026384 energy_std=0.154384 lr=4.985801e-05 grad_norm=0.161796
step=01710 layers=8,26 seq_len=62261 skipped_length=0 loss=0.281167 teacher_kl=0.739809 teacher_l1=0.000629 topk_boundary_loss=0.008414 teacher_recall=0.906047 causal_density=0.652126 target_group_coverage=0.878689 same_head_all_targets_hit=1.000000 rank_loss=0.163315 aggregation_loss=0.019440 negative_penalty=0.000026 soft_effective_blocks=201.800627 current_block_budget=256.000000 energy_mean=0.025971 energy_std=0.143036 lr=4.985562e-05 grad_norm=0.125447
step=01720 layers=9,12 seq_len=52869 skipped_length=0 loss=0.281910 teacher_kl=0.765926 teacher_l1=0.000685 topk_boundary_loss=0.009470 teacher_recall=0.891596 causal_density=0.652164 target_group_coverage=0.813385 same_head_all_targets_hit=0.900000 rank_loss=0.136737 aggregation_loss=0.036742 negative_penalty=0.000034 soft_effective_blocks=200.499704 current_block_budget=256.000000 energy_mean=0.025988 energy_std=0.141557 lr=4.985322e-05 grad_norm=0.105111
step=01730 layers=5,6 seq_len=65225 skipped_length=0 loss=0.286491 teacher_kl=0.708373 teacher_l1=0.000625 topk_boundary_loss=0.008273 teacher_recall=0.913780 causal_density=0.652136 target_group_coverage=0.801068 same_head_all_targets_hit=1.000000 rank_loss=0.174983 aggregation_loss=0.036116 negative_penalty=0.000029 soft_effective_blocks=199.818484 current_block_budget=256.000000 energy_mean=0.026040 energy_std=0.148027 lr=4.985080e-05 grad_norm=0.191664
step=01740 layers=8,17 seq_len=58289 skipped_length=0 loss=0.302557 teacher_kl=0.850584 teacher_l1=0.000732 topk_boundary_loss=0.009742 teacher_recall=0.890697 causal_density=0.652170 target_group_coverage=0.857370 same_head_all_targets_hit=0.950000 rank_loss=0.146441 aggregation_loss=0.036527 negative_penalty=0.000039 soft_effective_blocks=199.448160 current_block_budget=256.000000 energy_mean=0.026146 energy_std=0.142625 lr=4.984836e-05 grad_norm=0.107942
step=01750 layers=1,17 seq_len=61704 skipped_length=0 loss=0.301037 teacher_kl=0.710383 teacher_l1=0.000675 topk_boundary_loss=0.009041 teacher_recall=0.892578 causal_density=0.652207 target_group_coverage=0.827648 same_head_all_targets_hit=1.000000 rank_loss=0.195972 aggregation_loss=0.018125 negative_penalty=0.000026 soft_effective_blocks=187.100413 current_block_budget=256.000000 energy_mean=0.027387 energy_std=0.155485 lr=4.984590e-05 grad_norm=0.193997
[save] raw=/inspire/hdd/global_user/gexinmu-253108100065/Repos/fuyicheng_workshop/Innovator-lm-evaluation-hardness/x-attention-main/xattn/qwen_weights/conv_qwen3_boundary_v2/conv_kernel_7x7_qwen3_8b_boundary_v2_t065_s16_48k64k_bf16_step1750.pt
[save] ema=/inspire/hdd/global_user/gexinmu-253108100065/Repos/fuyicheng_workshop/Innovator-lm-evaluation-hardness/x-attention-main/xattn/qwen_weights/conv_qwen3_boundary_v2/conv_kernel_7x7_qwen3_8b_boundary_v2_t065_s16_48k64k_bf16_ema_step1750.pt
[save] state=/inspire/hdd/global_user/gexinmu-253108100065/Repos/fuyicheng_workshop/Innovator-lm-evaluation-hardness/x-attention-main/xattn/qwen_weights/conv_qwen3_boundary_v2/conv_kernel_7x7_qwen3_8b_boundary_v2_t065_s16_48k64k_bf16_train_state.pt
step=01760 layers=10,12 seq_len=61368 skipped_length=0 loss=0.293101 teacher_kl=0.727225 teacher_l1=0.000645 topk_boundary_loss=0.008072 teacher_recall=0.905010 causal_density=0.652195 target_group_coverage=0.798698 same_head_all_targets_hit=0.950000 rank_loss=0.199019 aggregation_loss=0.000000 negative_penalty=0.000030 soft_effective_blocks=197.781386 current_block_budget=256.000000 energy_mean=0.026634 energy_std=0.144415 lr=4.984342e-05 grad_norm=0.187985
step=01770 layers=6,19 seq_len=65362 skipped_length=0 loss=0.294966 teacher_kl=0.743852 teacher_l1=0.000641 topk_boundary_loss=0.008612 teacher_recall=0.910171 causal_density=0.652105 target_group_coverage=0.887283 same_head_all_targets_hit=0.950000 rank_loss=0.182464 aggregation_loss=0.019919 negative_penalty=0.000036 soft_effective_blocks=198.849866 current_block_budget=256.000000 energy_mean=0.025402 energy_std=0.148923 lr=4.984092e-05 grad_norm=0.185075
step=01780 layers=4,34 seq_len=58152 skipped_length=0 loss=0.300963 teacher_kl=0.786477 teacher_l1=0.000692 topk_boundary_loss=0.010017 teacher_recall=0.888958 causal_density=0.652186 target_group_coverage=0.853906 same_head_all_targets_hit=1.000000 rank_loss=0.171360 aggregation_loss=0.000000 negative_penalty=0.000041 soft_effective_blocks=195.077477 current_block_budget=256.000000 energy_mean=0.026591 energy_std=0.146579 lr=4.983839e-05 grad_norm=0.141207
step=01790 layers=15,29 seq_len=53761 skipped_length=0 loss=0.311444 teacher_kl=0.849492 teacher_l1=0.000744 topk_boundary_loss=0.009352 teacher_recall=0.889997 causal_density=0.652159 target_group_coverage=0.933672 same_head_all_targets_hit=1.000000 rank_loss=0.174314 aggregation_loss=0.018323 negative_penalty=0.000036 soft_effective_blocks=196.599081 current_block_budget=256.000000 energy_mean=0.026026 energy_std=0.149872 lr=4.983585e-05 grad_norm=0.149577
step=01800 layers=12,27 seq_len=54489 skipped_length=0 loss=0.276344 teacher_kl=0.683437 teacher_l1=0.000635 topk_boundary_loss=0.008910 teacher_recall=0.901836 causal_density=0.652197 target_group_coverage=0.854297 same_head_all_targets_hit=0.950000 rank_loss=0.163147 aggregation_loss=0.018513 negative_penalty=0.000034 soft_effective_blocks=193.175635 current_block_budget=256.000000 energy_mean=0.027341 energy_std=0.147408 lr=4.983329e-05 grad_norm=0.176577
step=01810 layers=4,31 seq_len=65210 skipped_length=0 loss=0.312438 teacher_kl=0.811626 teacher_l1=0.000717 topk_boundary_loss=0.009856 teacher_recall=0.893629 causal_density=0.652168 target_group_coverage=0.956814 same_head_all_targets_hit=1.000000 rank_loss=0.178749 aggregation_loss=0.018243 negative_penalty=0.000033 soft_effective_blocks=193.003218 current_block_budget=256.000000 energy_mean=0.026445 energy_std=0.150948 lr=4.983071e-05 grad_norm=0.210255
step=01820 layers=2,32 seq_len=55379 skipped_length=0 loss=0.269975 teacher_kl=0.661704 teacher_l1=0.000628 topk_boundary_loss=0.007853 teacher_recall=0.909839 causal_density=0.652221 target_group_coverage=0.903984 same_head_all_targets_hit=1.000000 rank_loss=0.171700 aggregation_loss=0.019361 negative_penalty=0.000038 soft_effective_blocks=188.802504 current_block_budget=256.000000 energy_mean=0.027519 energy_std=0.152127 lr=4.982811e-05 grad_norm=0.141387
step=01830 layers=17,28 seq_len=59894 skipped_length=0 loss=0.297431 teacher_kl=0.813870 teacher_l1=0.000718 topk_boundary_loss=0.009628 teacher_recall=0.894303 causal_density=0.652217 target_group_coverage=0.770208 same_head_all_targets_hit=0.950000 rank_loss=0.141474 aggregation_loss=0.053611 negative_penalty=0.000031 soft_effective_blocks=197.081898 current_block_budget=256.000000 energy_mean=0.027241 energy_std=0.143945 lr=4.982550e-05 grad_norm=0.128356
step=01840 layers=11,27 seq_len=64318 skipped_length=0 loss=0.285843 teacher_kl=0.770037 teacher_l1=0.000668 topk_boundary_loss=0.008662 teacher_recall=0.902083 causal_density=0.652148 target_group_coverage=0.910547 same_head_all_targets_hit=1.000000 rank_loss=0.168347 aggregation_loss=0.000000 negative_penalty=0.000039 soft_effective_blocks=196.380679 current_block_budget=256.000000 energy_mean=0.026431 energy_std=0.150089 lr=4.982286e-05 grad_norm=0.130770
step=01850 layers=6,18 seq_len=63465 skipped_length=0 loss=0.294388 teacher_kl=0.764176 teacher_l1=0.000693 topk_boundary_loss=0.009190 teacher_recall=0.894487 causal_density=0.652166 target_group_coverage=0.917578 same_head_all_targets_hit=1.000000 rank_loss=0.169147 aggregation_loss=0.018858 negative_penalty=0.000046 soft_effective_blocks=190.716428 current_block_budget=256.000000 energy_mean=0.026658 energy_std=0.154850 lr=4.982020e-05 grad_norm=0.140178
step=01860 layers=7,25 seq_len=60705 skipped_length=0 loss=0.278105 teacher_kl=0.781545 teacher_l1=0.000675 topk_boundary_loss=0.008791 teacher_recall=0.898543 causal_density=0.652168 target_group_coverage=0.863958 same_head_all_targets_hit=0.950000 rank_loss=0.135849 aggregation_loss=0.036013 negative_penalty=0.000023 soft_effective_blocks=203.499966 current_block_budget=256.000000 energy_mean=0.026936 energy_std=0.138517 lr=4.981752e-05 grad_norm=0.109876
step=01870 layers=11,34 seq_len=60314 skipped_length=0 loss=0.299861 teacher_kl=0.755968 teacher_l1=0.000712 topk_boundary_loss=0.009347 teacher_recall=0.895158 causal_density=0.652239 target_group_coverage=0.808203 same_head_all_targets_hit=0.950000 rank_loss=0.170733 aggregation_loss=0.036866 negative_penalty=0.000049 soft_effective_blocks=191.399756 current_block_budget=256.000000 energy_mean=0.027526 energy_std=0.150697 lr=4.981482e-05 grad_norm=0.206247
step=01880 layers=4,10 seq_len=62847 skipped_length=0 loss=0.278547 teacher_kl=0.682093 teacher_l1=0.000632 topk_boundary_loss=0.008382 teacher_recall=0.904496 causal_density=0.652162 target_group_coverage=0.898281 same_head_all_targets_hit=1.000000 rank_loss=0.167001 aggregation_loss=0.035783 negative_penalty=0.000035 soft_effective_blocks=195.798007 current_block_budget=256.000000 energy_mean=0.026989 energy_std=0.153419 lr=4.981210e-05 grad_norm=0.191651
step=01890 layers=8,19 seq_len=52789 skipped_length=0 loss=0.308835 teacher_kl=0.785825 teacher_l1=0.000689 topk_boundary_loss=0.010154 teacher_recall=0.894986 causal_density=0.652186 target_group_coverage=0.922656 same_head_all_targets_hit=1.000000 rank_loss=0.182829 aggregation_loss=0.000000 negative_penalty=0.000036 soft_effective_blocks=194.555298 current_block_budget=256.000000 energy_mean=0.027380 energy_std=0.147864 lr=4.980937e-05 grad_norm=0.162202
step=01900 layers=10,24 seq_len=64115 skipped_length=0 loss=0.287775 teacher_kl=0.723087 teacher_l1=0.000651 topk_boundary_loss=0.010705 teacher_recall=0.889110 causal_density=0.652187 target_group_coverage=0.827604 same_head_all_targets_hit=1.000000 rank_loss=0.133809 aggregation_loss=0.053428 negative_penalty=0.000019 soft_effective_blocks=200.480673 current_block_budget=256.000000 energy_mean=0.027564 energy_std=0.142056 lr=4.980661e-05 grad_norm=0.138428
step=01910 layers=13,14 seq_len=64806 skipped_length=0 loss=0.305790 teacher_kl=0.874686 teacher_l1=0.000711 topk_boundary_loss=0.008477 teacher_recall=0.911699 causal_density=0.652120 target_group_coverage=0.867188 same_head_all_targets_hit=1.000000 rank_loss=0.177894 aggregation_loss=0.000000 negative_penalty=0.000063 soft_effective_blocks=197.386057 current_block_budget=256.000000 energy_mean=0.025694 energy_std=0.153156 lr=4.980383e-05 grad_norm=0.170340
step=01920 layers=2,34 seq_len=61302 skipped_length=0 loss=0.302351 teacher_kl=0.818340 teacher_l1=0.000715 topk_boundary_loss=0.009306 teacher_recall=0.893443 causal_density=0.652118 target_group_coverage=0.853464 same_head_all_targets_hit=1.000000 rank_loss=0.167630 aggregation_loss=0.018145 negative_penalty=0.000025 soft_effective_blocks=196.645293 current_block_budget=256.000000 energy_mean=0.026968 energy_std=0.151545 lr=4.980103e-05 grad_norm=0.112838
step=01930 layers=5,29 seq_len=64300 skipped_length=0 loss=0.274134 teacher_kl=0.624068 teacher_l1=0.000599 topk_boundary_loss=0.009201 teacher_recall=0.901902 causal_density=0.652162 target_group_coverage=0.817083 same_head_all_targets_hit=1.000000 rank_loss=0.170446 aggregation_loss=0.018467 negative_penalty=0.000040 soft_effective_blocks=199.353433 current_block_budget=256.000000 energy_mean=0.027390 energy_std=0.146362 lr=4.979822e-05 grad_norm=0.226529
step=01940 layers=7,10 seq_len=61936 skipped_length=0 loss=0.301894 teacher_kl=0.792091 teacher_l1=0.000644 topk_boundary_loss=0.009261 teacher_recall=0.899769 causal_density=0.652058 target_group_coverage=0.843793 same_head_all_targets_hit=1.000000 rank_loss=0.166258 aggregation_loss=0.036812 negative_penalty=0.000047 soft_effective_blocks=201.234384 current_block_budget=256.000000 energy_mean=0.025628 energy_std=0.147457 lr=4.979538e-05 grad_norm=0.134904
step=01950 layers=11,25 seq_len=61981 skipped_length=0 loss=0.287638 teacher_kl=0.821480 teacher_l1=0.000763 topk_boundary_loss=0.008260 teacher_recall=0.908018 causal_density=0.652287 target_group_coverage=0.786797 same_head_all_targets_hit=0.950000 rank_loss=0.156154 aggregation_loss=0.018433 negative_penalty=0.000038 soft_effective_blocks=181.566647 current_block_budget=256.000000 energy_mean=0.028284 energy_std=0.162906 lr=4.979253e-05 grad_norm=0.154513
step=01960 layers=3,26 seq_len=59919 skipped_length=0 loss=0.294213 teacher_kl=0.718602 teacher_l1=0.000672 topk_boundary_loss=0.011760 teacher_recall=0.886351 causal_density=0.652294 target_group_coverage=0.727240 same_head_all_targets_hit=0.900000 rank_loss=0.131201 aggregation_loss=0.054335 negative_penalty=0.000030 soft_effective_blocks=193.885823 current_block_budget=256.000000 energy_mean=0.028905 energy_std=0.144745 lr=4.978965e-05 grad_norm=0.166824
step=01970 layers=5,6 seq_len=59398 skipped_length=0 loss=0.269958 teacher_kl=0.661153 teacher_l1=0.000632 topk_boundary_loss=0.007886 teacher_recall=0.910152 causal_density=0.652140 target_group_coverage=0.854688 same_head_all_targets_hit=1.000000 rank_loss=0.179446 aggregation_loss=0.000000 negative_penalty=0.000050 soft_effective_blocks=192.514928 current_block_budget=256.000000 energy_mean=0.027529 energy_std=0.157364 lr=4.978675e-05 grad_norm=0.195062
step=01980 layers=7,27 seq_len=60662 skipped_length=0 loss=0.307864 teacher_kl=0.820560 teacher_l1=0.000704 topk_boundary_loss=0.010323 teacher_recall=0.887846 causal_density=0.652201 target_group_coverage=0.878828 same_head_all_targets_hit=1.000000 rank_loss=0.155539 aggregation_loss=0.035343 negative_penalty=0.000042 soft_effective_blocks=198.482405 current_block_budget=256.000000 energy_mean=0.027215 energy_std=0.144051 lr=4.978384e-05 grad_norm=0.146253
step=01990 layers=6,33 seq_len=56920 skipped_length=0 loss=0.268554 teacher_kl=0.757744 teacher_l1=0.000716 topk_boundary_loss=0.009071 teacher_recall=0.907430 causal_density=0.652242 target_group_coverage=0.802951 same_head_all_targets_hit=1.000000 rank_loss=0.121817 aggregation_loss=0.036772 negative_penalty=0.000040 soft_effective_blocks=188.090886 current_block_budget=256.000000 energy_mean=0.027857 energy_std=0.155370 lr=4.978091e-05 grad_norm=0.160108
step=02000 layers=11,19 seq_len=49249 skipped_length=0 loss=0.299012 teacher_kl=0.777460 teacher_l1=0.000675 topk_boundary_loss=0.009209 teacher_recall=0.890851 causal_density=0.652120 target_group_coverage=0.804974 same_head_all_targets_hit=1.000000 rank_loss=0.173455 aggregation_loss=0.018447 negative_penalty=0.000041 soft_effective_blocks=199.812944 current_block_budget=256.000000 energy_mean=0.027437 energy_std=0.147276 lr=4.977795e-05 grad_norm=0.148434
[save] raw=/inspire/hdd/global_user/gexinmu-253108100065/Repos/fuyicheng_workshop/Innovator-lm-evaluation-hardness/x-attention-main/xattn/qwen_weights/conv_qwen3_boundary_v2/conv_kernel_7x7_qwen3_8b_boundary_v2_t065_s16_48k64k_bf16_step2000.pt
[save] ema=/inspire/hdd/global_user/gexinmu-253108100065/Repos/fuyicheng_workshop/Innovator-lm-evaluation-hardness/x-attention-main/xattn/qwen_weights/conv_qwen3_boundary_v2/conv_kernel_7x7_qwen3_8b_boundary_v2_t065_s16_48k64k_bf16_ema_step2000.pt
[save] state=/inspire/hdd/global_user/gexinmu-253108100065/Repos/fuyicheng_workshop/Innovator-lm-evaluation-hardness/x-attention-main/xattn/qwen_weights/conv_qwen3_boundary_v2/conv_kernel_7x7_qwen3_8b_boundary_v2_t065_s16_48k64k_bf16_train_state.pt
step=02010 layers=18,33 seq_len=57695 skipped_length=0 loss=0.268953 teacher_kl=0.687244 teacher_l1=0.000622 topk_boundary_loss=0.008406 teacher_recall=0.902532 causal_density=0.652158 target_group_coverage=0.840703 same_head_all_targets_hit=1.000000 rank_loss=0.141596 aggregation_loss=0.054524 negative_penalty=0.000047 soft_effective_blocks=195.761682 current_block_budget=256.000000 energy_mean=0.027638 energy_std=0.151269 lr=4.977498e-05 grad_norm=0.155323
step=02020 layers=18,28 seq_len=57682 skipped_length=0 loss=0.307896 teacher_kl=0.793377 teacher_l1=0.000697 topk_boundary_loss=0.009096 teacher_recall=0.896108 causal_density=0.652209 target_group_coverage=0.918307 same_head_all_targets_hit=1.000000 rank_loss=0.185948 aggregation_loss=0.018064 negative_penalty=0.000040 soft_effective_blocks=191.796043 current_block_budget=256.000000 energy_mean=0.027882 energy_std=0.152103 lr=4.977198e-05 grad_norm=0.184147
step=02030 layers=15,24 seq_len=63117 skipped_length=0 loss=0.321943 teacher_kl=0.780623 teacher_l1=0.000662 topk_boundary_loss=0.011830 teacher_recall=0.896151 causal_density=0.652054 target_group_coverage=0.837031 same_head_all_targets_hit=1.000000 rank_loss=0.176248 aggregation_loss=0.017720 negative_penalty=0.000044 soft_effective_blocks=201.498051 current_block_budget=256.000000 energy_mean=0.026082 energy_std=0.150650 lr=4.976897e-05 grad_norm=0.238415
step=02040 layers=15,27 seq_len=65295 skipped_length=0 loss=0.294482 teacher_kl=0.758936 teacher_l1=0.000671 topk_boundary_loss=0.009073 teacher_recall=0.884210 causal_density=0.652259 target_group_coverage=0.843490 same_head_all_targets_hit=1.000000 rank_loss=0.180034 aggregation_loss=0.000000 negative_penalty=0.000026 soft_effective_blocks=199.122214 current_block_budget=256.000000 energy_mean=0.028526 energy_std=0.142020 lr=4.976594e-05 grad_norm=0.106777
step=02050 layers=11,21 seq_len=58741 skipped_length=0 loss=0.288457 teacher_kl=0.744505 teacher_l1=0.000668 topk_boundary_loss=0.008123 teacher_recall=0.919721 causal_density=0.652183 target_group_coverage=0.845582 same_head_all_targets_hit=1.000000 rank_loss=0.171421 aggregation_loss=0.035629 negative_penalty=0.000055 soft_effective_blocks=189.693806 current_block_budget=256.000000 energy_mean=0.027615 energy_std=0.159571 lr=4.976289e-05 grad_norm=0.176736
step=02060 layers=16,17 seq_len=52704 skipped_length=0 loss=0.303993 teacher_kl=0.770984 teacher_l1=0.000692 topk_boundary_loss=0.009954 teacher_recall=0.877233 causal_density=0.652253 target_group_coverage=0.905469 same_head_all_targets_hit=1.000000 rank_loss=0.181126 aggregation_loss=0.000000 negative_penalty=0.000051 soft_effective_blocks=191.290833 current_block_budget=256.000000 energy_mean=0.029009 energy_std=0.147980 lr=4.975981e-05 grad_norm=0.123499
step=02070 layers=23,30 seq_len=55133 skipped_length=0 loss=0.271160 teacher_kl=0.711385 teacher_l1=0.000727 topk_boundary_loss=0.008504 teacher_recall=0.904410 causal_density=0.652293 target_group_coverage=0.881684 same_head_all_targets_hit=0.950000 rank_loss=0.153385 aggregation_loss=0.017423 negative_penalty=0.000036 soft_effective_blocks=179.744325 current_block_budget=256.000000 energy_mean=0.029389 energy_std=0.161691 lr=4.975672e-05 grad_norm=0.175513
step=02080 layers=0,15 seq_len=62045 skipped_length=0 loss=0.299103 teacher_kl=0.780761 teacher_l1=0.000701 topk_boundary_loss=0.008869 teacher_recall=0.901649 causal_density=0.652188 target_group_coverage=0.849453 same_head_all_targets_hit=1.000000 rank_loss=0.177527 aggregation_loss=0.017938 negative_penalty=0.000053 soft_effective_blocks=189.853632 current_block_budget=256.000000 energy_mean=0.027842 energy_std=0.154642 lr=4.975361e-05 grad_norm=0.150389
step=02090 layers=26,28 seq_len=56507 skipped_length=0 loss=0.286972 teacher_kl=0.655868 teacher_l1=0.000649 topk_boundary_loss=0.008629 teacher_recall=0.893545 causal_density=0.652279 target_group_coverage=0.877734 same_head_all_targets_hit=1.000000 rank_loss=0.199204 aggregation_loss=0.000000 negative_penalty=0.000035 soft_effective_blocks=187.397948 current_block_budget=256.000000 energy_mean=0.029569 energy_std=0.155504 lr=4.975048e-05 grad_norm=0.153376
step=02100 layers=0,11 seq_len=64491 skipped_length=0 loss=0.300678 teacher_kl=0.795611 teacher_l1=0.000667 topk_boundary_loss=0.008876 teacher_recall=0.897766 causal_density=0.652094 target_group_coverage=0.796094 same_head_all_targets_hit=1.000000 rank_loss=0.183828 aggregation_loss=0.000000 negative_penalty=0.000036 soft_effective_blocks=201.312415 current_block_budget=256.000000 energy_mean=0.026899 energy_std=0.150073 lr=4.974733e-05 grad_norm=0.116507
step=02110 layers=7,28 seq_len=52229 skipped_length=0 loss=0.302190 teacher_kl=0.717044 teacher_l1=0.000691 topk_boundary_loss=0.008552 teacher_recall=0.901569 causal_density=0.652270 target_group_coverage=0.717187 same_head_all_targets_hit=1.000000 rank_loss=0.210296 aggregation_loss=0.000000 negative_penalty=0.000060 soft_effective_blocks=187.143886 current_block_budget=256.000000 energy_mean=0.028921 energy_std=0.151819 lr=4.974416e-05 grad_norm=0.218441
step=02120 layers=19,26 seq_len=56271 skipped_length=0 loss=0.283925 teacher_kl=0.808417 teacher_l1=0.000721 topk_boundary_loss=0.008910 teacher_recall=0.902392 causal_density=0.652197 target_group_coverage=0.792891 same_head_all_targets_hit=1.000000 rank_loss=0.144715 aggregation_loss=0.018065 negative_penalty=0.000051 soft_effective_blocks=189.668909 current_block_budget=256.000000 energy_mean=0.028155 energy_std=0.157032 lr=4.974097e-05 grad_norm=0.121762
step=02130 layers=5,17 seq_len=56322 skipped_length=0 loss=0.263111 teacher_kl=0.663465 teacher_l1=0.000633 topk_boundary_loss=0.008586 teacher_recall=0.893987 causal_density=0.652207 target_group_coverage=0.849523 same_head_all_targets_hit=1.000000 rank_loss=0.143236 aggregation_loss=0.035705 negative_penalty=0.000037 soft_effective_blocks=195.634599 current_block_budget=256.000000 energy_mean=0.028812 energy_std=0.150748 lr=4.973776e-05 grad_norm=0.104741
step=02140 layers=4,20 seq_len=55064 skipped_length=0 loss=0.296841 teacher_kl=0.840783 teacher_l1=0.000727 topk_boundary_loss=0.009104 teacher_recall=0.895857 causal_density=0.652249 target_group_coverage=0.888628 same_head_all_targets_hit=1.000000 rank_loss=0.147948 aggregation_loss=0.036325 negative_penalty=0.000055 soft_effective_blocks=188.847397 current_block_budget=256.000000 energy_mean=0.028644 energy_std=0.153785 lr=4.973453e-05 grad_norm=0.138817
step=02150 layers=7,28 seq_len=52620 skipped_length=0 loss=0.296824 teacher_kl=0.696932 teacher_l1=0.000641 topk_boundary_loss=0.009156 teacher_recall=0.883640 causal_density=0.652218 target_group_coverage=0.812760 same_head_all_targets_hit=1.000000 rank_loss=0.198336 aggregation_loss=0.000000 negative_penalty=0.000054 soft_effective_blocks=190.963811 current_block_budget=256.000000 energy_mean=0.028671 energy_std=0.153744 lr=4.973128e-05 grad_norm=0.194829
step=02160 layers=12,24 seq_len=63860 skipped_length=0 loss=0.298757 teacher_kl=0.816626 teacher_l1=0.000733 topk_boundary_loss=0.008438 teacher_recall=0.910289 causal_density=0.652201 target_group_coverage=0.909063 same_head_all_targets_hit=1.000000 rank_loss=0.173680 aggregation_loss=0.018037 negative_penalty=0.000039 soft_effective_blocks=188.521091 current_block_budget=256.000000 energy_mean=0.028719 energy_std=0.158906 lr=4.972801e-05 grad_norm=0.122368
step=02170 layers=2,25 seq_len=52254 skipped_length=0 loss=0.260689 teacher_kl=0.741487 teacher_l1=0.000663 topk_boundary_loss=0.008884 teacher_recall=0.899977 causal_density=0.652155 target_group_coverage=0.866719 same_head_all_targets_hit=1.000000 rank_loss=0.123133 aggregation_loss=0.017930 negative_penalty=0.000039 soft_effective_blocks=196.015562 current_block_budget=256.000000 energy_mean=0.028646 energy_std=0.152734 lr=4.972472e-05 grad_norm=0.084618
step=02180 layers=8,17 seq_len=63442 skipped_length=0 loss=0.282777 teacher_kl=0.747803 teacher_l1=0.000666 topk_boundary_loss=0.008677 teacher_recall=0.895690 causal_density=0.652171 target_group_coverage=0.861563 same_head_all_targets_hit=1.000000 rank_loss=0.152923 aggregation_loss=0.037610 negative_penalty=0.000057 soft_effective_blocks=196.201851 current_block_budget=256.000000 energy_mean=0.027748 energy_std=0.151624 lr=4.972141e-05 grad_norm=0.127270
step=02190 layers=2,13 seq_len=55356 skipped_length=0 loss=0.254582 teacher_kl=0.730140 teacher_l1=0.000609 topk_boundary_loss=0.008992 teacher_recall=0.898407 causal_density=0.652112 target_group_coverage=0.828715 same_head_all_targets_hit=0.850000 rank_loss=0.082479 aggregation_loss=0.094432 negative_penalty=0.000048 soft_effective_blocks=207.218382 current_block_budget=256.000000 energy_mean=0.026990 energy_std=0.145087 lr=4.971809e-05 grad_norm=0.061271
step=02200 layers=5,35 seq_len=59669 skipped_length=0 loss=0.306062 teacher_kl=0.769322 teacher_l1=0.000688 topk_boundary_loss=0.009036 teacher_recall=0.900099 causal_density=0.652115 target_group_coverage=0.810156 same_head_all_targets_hit=1.000000 rank_loss=0.197227 aggregation_loss=0.000000 negative_penalty=0.000047 soft_effective_blocks=190.908948 current_block_budget=256.000000 energy_mean=0.027927 energy_std=0.160389 lr=4.971474e-05 grad_norm=0.215381
step=02210 layers=13,31 seq_len=61590 skipped_length=0 loss=0.292743 teacher_kl=0.756315 teacher_l1=0.000685 topk_boundary_loss=0.008964 teacher_recall=0.892733 causal_density=0.652274 target_group_coverage=0.909245 same_head_all_targets_hit=1.000000 rank_loss=0.179249 aggregation_loss=0.000000 negative_penalty=0.000053 soft_effective_blocks=187.228191 current_block_budget=256.000000 energy_mean=0.029405 energy_std=0.156617 lr=4.971137e-05 grad_norm=0.149930
step=02220 layers=23,24 seq_len=63801 skipped_length=0 loss=0.272504 teacher_kl=0.760284 teacher_l1=0.000691 topk_boundary_loss=0.009756 teacher_recall=0.880851 causal_density=0.652244 target_group_coverage=0.898203 same_head_all_targets_hit=0.950000 rank_loss=0.119196 aggregation_loss=0.035446 negative_penalty=0.000048 soft_effective_blocks=193.125383 current_block_budget=256.000000 energy_mean=0.029517 energy_std=0.146965 lr=4.970799e-05 grad_norm=0.121203
step=02230 layers=4,6 seq_len=52465 skipped_length=0 loss=0.317573 teacher_kl=0.776378 teacher_l1=0.000698 topk_boundary_loss=0.011474 teacher_recall=0.909633 causal_density=0.652219 target_group_coverage=0.807969 same_head_all_targets_hit=1.000000 rank_loss=0.174677 aggregation_loss=0.017911 negative_penalty=0.000062 soft_effective_blocks=187.377922 current_block_budget=256.000000 energy_mean=0.028839 energy_std=0.161661 lr=4.970458e-05 grad_norm=0.240648
step=02240 layers=9,11 seq_len=58911 skipped_length=0 loss=0.283315 teacher_kl=0.720963 teacher_l1=0.000661 topk_boundary_loss=0.010027 teacher_recall=0.890280 causal_density=0.652168 target_group_coverage=0.801328 same_head_all_targets_hit=0.950000 rank_loss=0.142777 aggregation_loss=0.037025 negative_penalty=0.000049 soft_effective_blocks=198.419133 current_block_budget=256.000000 energy_mean=0.028618 energy_std=0.149469 lr=4.970116e-05 grad_norm=0.131879
step=02250 layers=1,26 seq_len=59236 skipped_length=0 loss=0.301865 teacher_kl=0.788141 teacher_l1=0.000673 topk_boundary_loss=0.009195 teacher_recall=0.903042 causal_density=0.652121 target_group_coverage=0.806563 same_head_all_targets_hit=0.950000 rank_loss=0.175442 aggregation_loss=0.019132 negative_penalty=0.000051 soft_effective_blocks=194.881638 current_block_budget=256.000000 energy_mean=0.027598 energy_std=0.157815 lr=4.969771e-05 grad_norm=0.194929
[save] raw=/inspire/hdd/global_user/gexinmu-253108100065/Repos/fuyicheng_workshop/Innovator-lm-evaluation-hardness/x-attention-main/xattn/qwen_weights/conv_qwen3_boundary_v2/conv_kernel_7x7_qwen3_8b_boundary_v2_t065_s16_48k64k_bf16_step2250.pt
[save] ema=/inspire/hdd/global_user/gexinmu-253108100065/Repos/fuyicheng_workshop/Innovator-lm-evaluation-hardness/x-attention-main/xattn/qwen_weights/conv_qwen3_boundary_v2/conv_kernel_7x7_qwen3_8b_boundary_v2_t065_s16_48k64k_bf16_ema_step2250.pt
[save] state=/inspire/hdd/global_user/gexinmu-253108100065/Repos/fuyicheng_workshop/Innovator-lm-evaluation-hardness/x-attention-main/xattn/qwen_weights/conv_qwen3_boundary_v2/conv_kernel_7x7_qwen3_8b_boundary_v2_t065_s16_48k64k_bf16_train_state.pt
step=02260 layers=15,22 seq_len=55020 skipped_length=0 loss=0.279116 teacher_kl=0.702360 teacher_l1=0.000667 topk_boundary_loss=0.008867 teacher_recall=0.894979 causal_density=0.652204 target_group_coverage=0.818967 same_head_all_targets_hit=1.000000 rank_loss=0.163582 aggregation_loss=0.018572 negative_penalty=0.000037 soft_effective_blocks=197.534499 current_block_budget=256.000000 energy_mean=0.029467 energy_std=0.149809 lr=4.969425e-05 grad_norm=0.147778
step=02270 layers=13,18 seq_len=61136 skipped_length=0 loss=0.309470 teacher_kl=0.830970 teacher_l1=0.000685 topk_boundary_loss=0.009970 teacher_recall=0.902221 causal_density=0.652202 target_group_coverage=0.905938 same_head_all_targets_hit=1.000000 rank_loss=0.167228 aggregation_loss=0.018765 negative_penalty=0.000064 soft_effective_blocks=191.047472 current_block_budget=256.000000 energy_mean=0.028242 energy_std=0.159712 lr=4.969076e-05 grad_norm=0.196570
step=02280 layers=19,32 seq_len=60511 skipped_length=0 loss=0.267736 teacher_kl=0.708412 teacher_l1=0.000647 topk_boundary_loss=0.009030 teacher_recall=0.897615 causal_density=0.652130 target_group_coverage=0.868906 same_head_all_targets_hit=1.000000 rank_loss=0.133584 aggregation_loss=0.036218 negative_penalty=0.000041 soft_effective_blocks=203.252731 current_block_budget=256.000000 energy_mean=0.028447 energy_std=0.147613 lr=4.968726e-05 grad_norm=0.125289
step=02290 layers=0,7 seq_len=58492 skipped_length=0 loss=0.302313 teacher_kl=0.760453 teacher_l1=0.000683 topk_boundary_loss=0.010627 teacher_recall=0.904763 causal_density=0.652136 target_group_coverage=0.819609 same_head_all_targets_hit=1.000000 rank_loss=0.164203 aggregation_loss=0.018670 negative_penalty=0.000075 soft_effective_blocks=183.957637 current_block_budget=256.000000 energy_mean=0.027890 energy_std=0.167060 lr=4.968374e-05 grad_norm=0.235193
step=02300 layers=9,26 seq_len=63904 skipped_length=0 loss=0.291310 teacher_kl=0.744190 teacher_l1=0.000692 topk_boundary_loss=0.009546 teacher_recall=0.890495 causal_density=0.652185 target_group_coverage=0.785774 same_head_all_targets_hit=1.000000 rank_loss=0.157390 aggregation_loss=0.035370 negative_penalty=0.000055 soft_effective_blocks=197.468600 current_block_budget=256.000000 energy_mean=0.029175 energy_std=0.149608 lr=4.968019e-05 grad_norm=0.131308
step=02310 layers=5,10 seq_len=56721 skipped_length=0 loss=0.280327 teacher_kl=0.748176 teacher_l1=0.000708 topk_boundary_loss=0.008848 teacher_recall=0.894205 causal_density=0.652297 target_group_coverage=0.867622 same_head_all_targets_hit=1.000000 rank_loss=0.146723 aggregation_loss=0.036986 negative_penalty=0.000044 soft_effective_blocks=186.889735 current_block_budget=256.000000 energy_mean=0.030142 energy_std=0.158039 lr=4.967663e-05 grad_norm=0.121213
step=02320 layers=29,34 seq_len=59096 skipped_length=0 loss=0.289066 teacher_kl=0.715182 teacher_l1=0.000703 topk_boundary_loss=0.008488 teacher_recall=0.886682 causal_density=0.652290 target_group_coverage=0.787500 same_head_all_targets_hit=1.000000 rank_loss=0.189754 aggregation_loss=0.000000 negative_penalty=0.000046 soft_effective_blocks=182.467950 current_block_budget=256.000000 energy_mean=0.030959 energy_std=0.159214 lr=4.967305e-05 grad_norm=0.150227
step=02330 layers=11,23 seq_len=58936 skipped_length=0 loss=0.301710 teacher_kl=0.775141 teacher_l1=0.000698 topk_boundary_loss=0.009078 teacher_recall=0.903594 causal_density=0.652187 target_group_coverage=0.812066 same_head_all_targets_hit=1.000000 rank_loss=0.180702 aggregation_loss=0.017413 negative_penalty=0.000070 soft_effective_blocks=188.506075 current_block_budget=256.000000 energy_mean=0.028652 energy_std=0.162917 lr=4.966945e-05 grad_norm=0.146402
step=02340 layers=3,31 seq_len=59358 skipped_length=0 loss=0.297183 teacher_kl=0.734809 teacher_l1=0.000665 topk_boundary_loss=0.008800 teacher_recall=0.892051 causal_density=0.652243 target_group_coverage=0.810937 same_head_all_targets_hit=0.950000 rank_loss=0.194205 aggregation_loss=0.000000 negative_penalty=0.000064 soft_effective_blocks=191.808743 current_block_budget=256.000000 energy_mean=0.029458 energy_std=0.153204 lr=4.966582e-05 grad_norm=0.207842
step=02350 layers=9,15 seq_len=54852 skipped_length=0 loss=0.266637 teacher_kl=0.739680 teacher_l1=0.000711 topk_boundary_loss=0.008445 teacher_recall=0.895241 causal_density=0.652300 target_group_coverage=0.872352 same_head_all_targets_hit=1.000000 rank_loss=0.131810 aggregation_loss=0.035996 negative_penalty=0.000045 soft_effective_blocks=192.824057 current_block_budget=256.000000 energy_mean=0.030446 energy_std=0.151489 lr=4.966218e-05 grad_norm=0.089188
step=02360 layers=10,30 seq_len=49964 skipped_length=0 loss=0.272808 teacher_kl=0.744733 teacher_l1=0.000764 topk_boundary_loss=0.008808 teacher_recall=0.890929 causal_density=0.652300 target_group_coverage=0.850451 same_head_all_targets_hit=0.900000 rank_loss=0.120509 aggregation_loss=0.073151 negative_penalty=0.000070 soft_effective_blocks=171.209612 current_block_budget=256.000000 energy_mean=0.031192 energy_std=0.174083 lr=4.965852e-05 grad_norm=0.131862
step=02370 layers=3,8 seq_len=60526 skipped_length=0 loss=0.274793 teacher_kl=0.723542 teacher_l1=0.000641 topk_boundary_loss=0.008494 teacher_recall=0.899051 causal_density=0.652226 target_group_coverage=0.936806 same_head_all_targets_hit=1.000000 rank_loss=0.156240 aggregation_loss=0.018114 negative_penalty=0.000052 soft_effective_blocks=202.512520 current_block_budget=256.000000 energy_mean=0.029139 energy_std=0.144781 lr=4.965484e-05 grad_norm=0.119327
step=02380 layers=4,23 seq_len=50909 skipped_length=0 loss=0.302188 teacher_kl=0.793432 teacher_l1=0.000714 topk_boundary_loss=0.009176 teacher_recall=0.889114 causal_density=0.652203 target_group_coverage=0.872873 same_head_all_targets_hit=1.000000 rank_loss=0.167580 aggregation_loss=0.036708 negative_penalty=0.000094 soft_effective_blocks=183.707654 current_block_budget=256.000000 energy_mean=0.028984 energy_std=0.163580 lr=4.965114e-05 grad_norm=0.184895
step=02390 layers=3,32 seq_len=57250 skipped_length=0 loss=0.284262 teacher_kl=0.734404 teacher_l1=0.000694 topk_boundary_loss=0.008903 teacher_recall=0.895381 causal_density=0.652191 target_group_coverage=0.721875 same_head_all_targets_hit=1.000000 rank_loss=0.163791 aggregation_loss=0.018255 negative_penalty=0.000047 soft_effective_blocks=187.016028 current_block_budget=256.000000 energy_mean=0.029936 energy_std=0.160630 lr=4.964742e-05 grad_norm=0.178667
step=02400 layers=18,22 seq_len=54226 skipped_length=0 loss=0.267985 teacher_kl=0.720713 teacher_l1=0.000700 topk_boundary_loss=0.008679 teacher_recall=0.904922 causal_density=0.652266 target_group_coverage=0.811250 same_head_all_targets_hit=1.000000 rank_loss=0.135911 aggregation_loss=0.035449 negative_penalty=0.000071 soft_effective_blocks=185.875220 current_block_budget=256.000000 energy_mean=0.030025 energy_std=0.164747 lr=4.964369e-05 grad_norm=0.115652
step=02410 layers=16,19 seq_len=55051 skipped_length=0 loss=0.294641 teacher_kl=0.761941 teacher_l1=0.000696 topk_boundary_loss=0.008924 teacher_recall=0.890173 causal_density=0.652290 target_group_coverage=0.812500 same_head_all_targets_hit=1.000000 rank_loss=0.181536 aggregation_loss=0.000000 negative_penalty=0.000051 soft_effective_blocks=187.479147 current_block_budget=256.000000 energy_mean=0.030719 energy_std=0.154734 lr=4.963993e-05 grad_norm=0.177062
step=02420 layers=30,34 seq_len=61396 skipped_length=0 loss=0.311551 teacher_kl=0.766887 teacher_l1=0.000708 topk_boundary_loss=0.009609 teacher_recall=0.891213 causal_density=0.652170 target_group_coverage=0.789453 same_head_all_targets_hit=1.000000 rank_loss=0.199350 aggregation_loss=0.000000 negative_penalty=0.000068 soft_effective_blocks=189.080014 current_block_budget=256.000000 energy_mean=0.029145 energy_std=0.159993 lr=4.963615e-05 grad_norm=0.161704
step=02430 layers=15,35 seq_len=59195 skipped_length=0 loss=0.283070 teacher_kl=0.724654 teacher_l1=0.000685 topk_boundary_loss=0.008170 teacher_recall=0.906084 causal_density=0.652320 target_group_coverage=0.875781 same_head_all_targets_hit=1.000000 rank_loss=0.181621 aggregation_loss=0.000000 negative_penalty=0.000060 soft_effective_blocks=184.229124 current_block_budget=256.000000 energy_mean=0.030861 energy_std=0.161359 lr=4.963235e-05 grad_norm=0.194626
step=02440 layers=25,31 seq_len=63986 skipped_length=0 loss=0.305930 teacher_kl=0.771944 teacher_l1=0.000650 topk_boundary_loss=0.009722 teacher_recall=0.889214 causal_density=0.652156 target_group_coverage=0.723828 same_head_all_targets_hit=1.000000 rank_loss=0.187214 aggregation_loss=0.000000 negative_penalty=0.000047 soft_effective_blocks=198.939162 current_block_budget=256.000000 energy_mean=0.029103 energy_std=0.153827 lr=4.962854e-05 grad_norm=0.157106
step=02450 layers=5,9 seq_len=54565 skipped_length=0 loss=0.273277 teacher_kl=0.673642 teacher_l1=0.000688 topk_boundary_loss=0.009149 teacher_recall=0.905846 causal_density=0.652208 target_group_coverage=0.821207 same_head_all_targets_hit=1.000000 rank_loss=0.150087 aggregation_loss=0.035813 negative_penalty=0.000077 soft_effective_blocks=183.083469 current_block_budget=256.000000 energy_mean=0.029551 energy_std=0.165643 lr=4.962470e-05 grad_norm=0.193482
step=02460 layers=28,30 seq_len=49526 skipped_length=0 loss=0.295787 teacher_kl=0.739095 teacher_l1=0.000696 topk_boundary_loss=0.009295 teacher_recall=0.884096 causal_density=0.652213 target_group_coverage=0.857812 same_head_all_targets_hit=1.000000 rank_loss=0.184214 aggregation_loss=0.000000 negative_penalty=0.000071 soft_effective_blocks=187.485059 current_block_budget=256.000000 energy_mean=0.029986 energy_std=0.160952 lr=4.962084e-05 grad_norm=0.174932
step=02470 layers=28,30 seq_len=53943 skipped_length=0 loss=0.293432 teacher_kl=0.793105 teacher_l1=0.000739 topk_boundary_loss=0.008768 teacher_recall=0.905364 causal_density=0.652271 target_group_coverage=0.826719 same_head_all_targets_hit=1.000000 rank_loss=0.166395 aggregation_loss=0.017778 negative_penalty=0.000062 soft_effective_blocks=180.802843 current_block_budget=256.000000 energy_mean=0.030767 energy_std=0.167212 lr=4.961697e-05 grad_norm=0.134656
step=02480 layers=1,7 seq_len=60045 skipped_length=0 loss=0.303128 teacher_kl=0.815369 teacher_l1=0.000711 topk_boundary_loss=0.009334 teacher_recall=0.898148 causal_density=0.652195 target_group_coverage=0.801181 same_head_all_targets_hit=1.000000 rank_loss=0.161741 aggregation_loss=0.036278 negative_penalty=0.000084 soft_effective_blocks=198.577765 current_block_budget=256.000000 energy_mean=0.028971 energy_std=0.150019 lr=4.961307e-05 grad_norm=0.203824
step=02490 layers=7,9 seq_len=52991 skipped_length=0 loss=0.271317 teacher_kl=0.713199 teacher_l1=0.000666 topk_boundary_loss=0.009159 teacher_recall=0.889110 causal_density=0.652268 target_group_coverage=0.668620 same_head_all_targets_hit=1.000000 rank_loss=0.136519 aggregation_loss=0.036464 negative_penalty=0.000039 soft_effective_blocks=193.949792 current_block_budget=256.000000 energy_mean=0.030726 energy_std=0.151645 lr=4.960916e-05 grad_norm=0.113350
step=02500 layers=0,35 seq_len=51625 skipped_length=0 loss=0.269884 teacher_kl=0.762562 teacher_l1=0.000698 topk_boundary_loss=0.008066 teacher_recall=0.908202 causal_density=0.652229 target_group_coverage=0.729809 same_head_all_targets_hit=1.000000 rank_loss=0.128275 aggregation_loss=0.055880 negative_penalty=0.000090 soft_effective_blocks=184.893922 current_block_budget=256.000000 energy_mean=0.030198 energy_std=0.166304 lr=4.960523e-05 grad_norm=0.183927
[save] raw=/inspire/hdd/global_user/gexinmu-253108100065/Repos/fuyicheng_workshop/Innovator-lm-evaluation-hardness/x-attention-main/xattn/qwen_weights/conv_qwen3_boundary_v2/conv_kernel_7x7_qwen3_8b_boundary_v2_t065_s16_48k64k_bf16_step2500.pt
[save] ema=/inspire/hdd/global_user/gexinmu-253108100065/Repos/fuyicheng_workshop/Innovator-lm-evaluation-hardness/x-attention-main/xattn/qwen_weights/conv_qwen3_boundary_v2/conv_kernel_7x7_qwen3_8b_boundary_v2_t065_s16_48k64k_bf16_ema_step2500.pt
[save] state=/inspire/hdd/global_user/gexinmu-253108100065/Repos/fuyicheng_workshop/Innovator-lm-evaluation-hardness/x-attention-main/xattn/qwen_weights/conv_qwen3_boundary_v2/conv_kernel_7x7_qwen3_8b_boundary_v2_t065_s16_48k64k_bf16_train_state.pt
step=02510 layers=25,26 seq_len=62886 skipped_length=0 loss=0.339194 teacher_kl=0.890071 teacher_l1=0.000750 topk_boundary_loss=0.010782 teacher_recall=0.889600 causal_density=0.652088 target_group_coverage=0.810547 same_head_all_targets_hit=1.000000 rank_loss=0.198982 aggregation_loss=0.000000 negative_penalty=0.000076 soft_effective_blocks=187.756958 current_block_budget=256.000000 energy_mean=0.028279 energy_std=0.167009 lr=4.960127e-05 grad_norm=0.215451
step=02520 layers=31,33 seq_len=65133 skipped_length=0 loss=0.265018 teacher_kl=0.662867 teacher_l1=0.000628 topk_boundary_loss=0.007996 teacher_recall=0.903935 causal_density=0.652252 target_group_coverage=0.827734 same_head_all_targets_hit=1.000000 rank_loss=0.169315 aggregation_loss=0.000000 negative_penalty=0.000051 soft_effective_blocks=200.047697 current_block_budget=256.000000 energy_mean=0.030789 energy_std=0.147693 lr=4.959730e-05 grad_norm=0.108230
step=02530 layers=27,28 seq_len=56228 skipped_length=0 loss=0.274877 teacher_kl=0.700181 teacher_l1=0.000600 topk_boundary_loss=0.008269 teacher_recall=0.897859 causal_density=0.652123 target_group_coverage=0.830078 same_head_all_targets_hit=1.000000 rank_loss=0.172773 aggregation_loss=0.000000 negative_penalty=0.000045 soft_effective_blocks=198.793855 current_block_budget=256.000000 energy_mean=0.029422 energy_std=0.156035 lr=4.959331e-05 grad_norm=0.127288
step=02540 layers=11,12 seq_len=54605 skipped_length=0 loss=0.311117 teacher_kl=0.848466 teacher_l1=0.000787 topk_boundary_loss=0.009061 teacher_recall=0.907274 causal_density=0.652229 target_group_coverage=0.893750 same_head_all_targets_hit=1.000000 rank_loss=0.185532 aggregation_loss=0.000000 negative_penalty=0.000101 soft_effective_blocks=185.390338 current_block_budget=256.000000 energy_mean=0.029627 energy_std=0.163513 lr=4.958930e-05 grad_norm=0.203045
step=02550 layers=5,29 seq_len=53206 skipped_length=0 loss=0.283609 teacher_kl=0.696992 teacher_l1=0.000656 topk_boundary_loss=0.009601 teacher_recall=0.886781 causal_density=0.652255 target_group_coverage=0.782500 same_head_all_targets_hit=0.950000 rank_loss=0.162811 aggregation_loss=0.018134 negative_penalty=0.000078 soft_effective_blocks=192.993100 current_block_budget=256.000000 energy_mean=0.030705 energy_std=0.152048 lr=4.958526e-05 grad_norm=0.153538
step=02560 layers=8,22 seq_len=51564 skipped_length=0 loss=0.247926 teacher_kl=0.754327 teacher_l1=0.000656 topk_boundary_loss=0.008909 teacher_recall=0.899141 causal_density=0.652114 target_group_coverage=0.748906 same_head_all_targets_hit=0.900000 rank_loss=0.067103 aggregation_loss=0.092821 negative_penalty=0.000037 soft_effective_blocks=195.260539 current_block_budget=256.000000 energy_mean=0.029233 energy_std=0.161922 lr=4.958121e-05 grad_norm=0.062704
step=02570 layers=10,26 seq_len=62965 skipped_length=0 loss=0.305538 teacher_kl=0.785402 teacher_l1=0.000710 topk_boundary_loss=0.008516 teacher_recall=0.893930 causal_density=0.652200 target_group_coverage=0.880391 same_head_all_targets_hit=1.000000 rank_loss=0.191775 aggregation_loss=0.018004 negative_penalty=0.000069 soft_effective_blocks=190.616377 current_block_budget=256.000000 energy_mean=0.029755 energy_std=0.160101 lr=4.957714e-05 grad_norm=0.198832
step=02580 layers=3,4 seq_len=56615 skipped_length=0 loss=0.287332 teacher_kl=0.722416 teacher_l1=0.000601 topk_boundary_loss=0.009075 teacher_recall=0.900089 causal_density=0.652110 target_group_coverage=0.842578 same_head_all_targets_hit=1.000000 rank_loss=0.177232 aggregation_loss=0.000000 negative_penalty=0.000089 soft_effective_blocks=201.192975 current_block_budget=256.000000 energy_mean=0.028888 energy_std=0.156372 lr=4.957305e-05 grad_norm=0.136477
step=02590 layers=8,29 seq_len=65112 skipped_length=0 loss=0.286433 teacher_kl=0.830113 teacher_l1=0.000737 topk_boundary_loss=0.009132 teacher_recall=0.892785 causal_density=0.652206 target_group_coverage=0.913602 same_head_all_targets_hit=1.000000 rank_loss=0.133110 aggregation_loss=0.035819 negative_penalty=0.000067 soft_effective_blocks=193.595264 current_block_budget=256.000000 energy_mean=0.029805 energy_std=0.155750 lr=4.956894e-05 grad_norm=0.101926
step=02600 layers=20,34 seq_len=60062 skipped_length=0 loss=0.267199 teacher_kl=0.648434 teacher_l1=0.000603 topk_boundary_loss=0.008695 teacher_recall=0.892619 causal_density=0.652162 target_group_coverage=0.945391 same_head_all_targets_hit=0.950000 rank_loss=0.159799 aggregation_loss=0.017862 negative_penalty=0.000071 soft_effective_blocks=190.663100 current_block_budget=256.000000 energy_mean=0.030386 energy_std=0.160176 lr=4.956482e-05 grad_norm=0.145929
step=02610 layers=14,19 seq_len=52562 skipped_length=0 loss=0.300895 teacher_kl=0.809350 teacher_l1=0.000776 topk_boundary_loss=0.009524 teacher_recall=0.899156 causal_density=0.652323 target_group_coverage=0.905990 same_head_all_targets_hit=1.000000 rank_loss=0.172099 aggregation_loss=0.000000 negative_penalty=0.000077 soft_effective_blocks=181.147609 current_block_budget=256.000000 energy_mean=0.031477 energy_std=0.167089 lr=4.956067e-05 grad_norm=0.174696
step=02620 layers=13,29 seq_len=51961 skipped_length=0 loss=0.296166 teacher_kl=0.891118 teacher_l1=0.000786 topk_boundary_loss=0.009487 teacher_recall=0.887450 causal_density=0.652285 target_group_coverage=0.883932 same_head_all_targets_hit=0.950000 rank_loss=0.129197 aggregation_loss=0.036183 negative_penalty=0.000083 soft_effective_blocks=184.332880 current_block_budget=256.000000 energy_mean=0.030227 energy_std=0.162292 lr=4.955650e-05 grad_norm=0.126499
step=02630 layers=27,32 seq_len=64714 skipped_length=0 loss=0.248584 teacher_kl=0.600698 teacher_l1=0.000545 topk_boundary_loss=0.008435 teacher_recall=0.898534 causal_density=0.652075 target_group_coverage=0.758420 same_head_all_targets_hit=0.950000 rank_loss=0.136115 aggregation_loss=0.037215 negative_penalty=0.000055 soft_effective_blocks=202.484529 current_block_budget=256.000000 energy_mean=0.029599 energy_std=0.155203 lr=4.955231e-05 grad_norm=0.093857
step=02640 layers=18,22 seq_len=59478 skipped_length=0 loss=0.252722 teacher_kl=0.687337 teacher_l1=0.000633 topk_boundary_loss=0.008914 teacher_recall=0.901757 causal_density=0.652151 target_group_coverage=0.701094 same_head_all_targets_hit=0.900000 rank_loss=0.099363 aggregation_loss=0.074615 negative_penalty=0.000100 soft_effective_blocks=191.583641 current_block_budget=256.000000 energy_mean=0.029674 energy_std=0.163718 lr=4.954811e-05 grad_norm=0.196757
step=02650 layers=21,25 seq_len=52830 skipped_length=0 loss=0.313865 teacher_kl=0.931764 teacher_l1=0.000813 topk_boundary_loss=0.009586 teacher_recall=0.887599 causal_density=0.652265 target_group_coverage=0.923351 same_head_all_targets_hit=1.000000 rank_loss=0.147389 aggregation_loss=0.035743 negative_penalty=0.000062 soft_effective_blocks=180.395422 current_block_budget=256.000000 energy_mean=0.030925 energy_std=0.167885 lr=4.954388e-05 grad_norm=0.122079
step=02660 layers=7,22 seq_len=63654 skipped_length=0 loss=0.238487 teacher_kl=0.667501 teacher_l1=0.000609 topk_boundary_loss=0.008188 teacher_recall=0.906734 causal_density=0.652196 target_group_coverage=0.851484 same_head_all_targets_hit=0.950000 rank_loss=0.091440 aggregation_loss=0.071836 negative_penalty=0.000080 soft_effective_blocks=198.814534 current_block_budget=256.000000 energy_mean=0.030859 energy_std=0.153445 lr=4.953964e-05 grad_norm=0.109931
step=02670 layers=8,25 seq_len=58822 skipped_length=0 loss=0.298603 teacher_kl=0.775893 teacher_l1=0.000633 topk_boundary_loss=0.009700 teacher_recall=0.900160 causal_density=0.652047 target_group_coverage=0.743359 same_head_all_targets_hit=0.900000 rank_loss=0.174310 aggregation_loss=0.000000 negative_penalty=0.000047 soft_effective_blocks=207.863768 current_block_budget=256.000000 energy_mean=0.028154 energy_std=0.152030 lr=4.953537e-05 grad_norm=0.158356
step=02680 layers=1,26 seq_len=51925 skipped_length=0 loss=0.270672 teacher_kl=0.681274 teacher_l1=0.000656 topk_boundary_loss=0.008757 teacher_recall=0.899648 causal_density=0.652297 target_group_coverage=0.785243 same_head_all_targets_hit=1.000000 rank_loss=0.156307 aggregation_loss=0.018426 negative_penalty=0.000094 soft_effective_blocks=187.633669 current_block_budget=256.000000 energy_mean=0.031631 energy_std=0.159904 lr=4.953109e-05 grad_norm=0.129701
step=02690 layers=1,25 seq_len=59104 skipped_length=0 loss=0.291057 teacher_kl=0.762785 teacher_l1=0.000696 topk_boundary_loss=0.008687 teacher_recall=0.896031 causal_density=0.652148 target_group_coverage=0.842665 same_head_all_targets_hit=1.000000 rank_loss=0.170935 aggregation_loss=0.018187 negative_penalty=0.000098 soft_effective_blocks=183.520781 current_block_budget=256.000000 energy_mean=0.030119 energy_std=0.173167 lr=4.952678e-05 grad_norm=0.193704
step=02700 layers=21,22 seq_len=53569 skipped_length=0 loss=0.258636 teacher_kl=0.776473 teacher_l1=0.000706 topk_boundary_loss=0.009627 teacher_recall=0.890602 causal_density=0.652235 target_group_coverage=0.892161 same_head_all_targets_hit=0.950000 rank_loss=0.086375 aggregation_loss=0.053151 negative_penalty=0.000053 soft_effective_blocks=194.630998 current_block_budget=256.000000 energy_mean=0.030753 energy_std=0.154234 lr=4.952246e-05 grad_norm=0.100865
step=02710 layers=4,33 seq_len=54665 skipped_length=0 loss=0.260274 teacher_kl=0.645080 teacher_l1=0.000630 topk_boundary_loss=0.008960 teacher_recall=0.904475 causal_density=0.652227 target_group_coverage=0.764297 same_head_all_targets_hit=1.000000 rank_loss=0.138147 aggregation_loss=0.035628 negative_penalty=0.000079 soft_effective_blocks=193.163147 current_block_budget=256.000000 energy_mean=0.031184 energy_std=0.159887 lr=4.951812e-05 grad_norm=0.184669
step=02720 layers=27,30 seq_len=60974 skipped_length=0 loss=0.297210 teacher_kl=0.835204 teacher_l1=0.000710 topk_boundary_loss=0.008935 teacher_recall=0.892643 causal_density=0.652170 target_group_coverage=0.907841 same_head_all_targets_hit=1.000000 rank_loss=0.152865 aggregation_loss=0.034756 negative_penalty=0.000074 soft_effective_blocks=186.973201 current_block_budget=256.000000 energy_mean=0.030219 energy_std=0.164879 lr=4.951376e-05 grad_norm=0.158793
step=02730 layers=3,25 seq_len=53368 skipped_length=0 loss=0.291779 teacher_kl=0.755000 teacher_l1=0.000675 topk_boundary_loss=0.012590 teacher_recall=0.882784 causal_density=0.652261 target_group_coverage=0.722743 same_head_all_targets_hit=1.000000 rank_loss=0.107500 aggregation_loss=0.053097 negative_penalty=0.000085 soft_effective_blocks=193.027751 current_block_budget=256.000000 energy_mean=0.030857 energy_std=0.155155 lr=4.950937e-05 grad_norm=0.166993
step=02740 layers=1,19 seq_len=63463 skipped_length=0 loss=0.281669 teacher_kl=0.770133 teacher_l1=0.000685 topk_boundary_loss=0.009823 teacher_recall=0.908625 causal_density=0.652120 target_group_coverage=0.818828 same_head_all_targets_hit=0.950000 rank_loss=0.115688 aggregation_loss=0.072468 negative_penalty=0.000071 soft_effective_blocks=197.561731 current_block_budget=256.000000 energy_mean=0.029967 energy_std=0.161551 lr=4.950497e-05 grad_norm=0.184263
step=02750 layers=7,24 seq_len=58718 skipped_length=0 loss=0.278069 teacher_kl=0.726298 teacher_l1=0.000648 topk_boundary_loss=0.008893 teacher_recall=0.896110 causal_density=0.652171 target_group_coverage=0.899531 same_head_all_targets_hit=1.000000 rank_loss=0.155834 aggregation_loss=0.017781 negative_penalty=0.000047 soft_effective_blocks=197.384723 current_block_budget=256.000000 energy_mean=0.030302 energy_std=0.157295 lr=4.950055e-05 grad_norm=0.112183
[save] raw=/inspire/hdd/global_user/gexinmu-253108100065/Repos/fuyicheng_workshop/Innovator-lm-evaluation-hardness/x-attention-main/xattn/qwen_weights/conv_qwen3_boundary_v2/conv_kernel_7x7_qwen3_8b_boundary_v2_t065_s16_48k64k_bf16_step2750.pt
[save] ema=/inspire/hdd/global_user/gexinmu-253108100065/Repos/fuyicheng_workshop/Innovator-lm-evaluation-hardness/x-attention-main/xattn/qwen_weights/conv_qwen3_boundary_v2/conv_kernel_7x7_qwen3_8b_boundary_v2_t065_s16_48k64k_bf16_ema_step2750.pt
[save] state=/inspire/hdd/global_user/gexinmu-253108100065/Repos/fuyicheng_workshop/Innovator-lm-evaluation-hardness/x-attention-main/xattn/qwen_weights/conv_qwen3_boundary_v2/conv_kernel_7x7_qwen3_8b_boundary_v2_t065_s16_48k64k_bf16_train_state.pt
step=02760 layers=16,25 seq_len=53434 skipped_length=0 loss=0.317843 teacher_kl=0.845924 teacher_l1=0.000765 topk_boundary_loss=0.010732 teacher_recall=0.897180 causal_density=0.652246 target_group_coverage=0.845964 same_head_all_targets_hit=0.950000 rank_loss=0.167143 aggregation_loss=0.019096 negative_penalty=0.000106 soft_effective_blocks=178.558271 current_block_budget=256.000000 energy_mean=0.030876 energy_std=0.174298 lr=4.949611e-05 grad_norm=0.210919
step=02770 layers=1,33 seq_len=52230 skipped_length=0 loss=0.264021 teacher_kl=0.632984 teacher_l1=0.000617 topk_boundary_loss=0.008719 teacher_recall=0.895001 causal_density=0.652161 target_group_coverage=0.858047 same_head_all_targets_hit=1.000000 rank_loss=0.157658 aggregation_loss=0.018789 negative_penalty=0.000082 soft_effective_blocks=189.381522 current_block_budget=256.000000 energy_mean=0.031339 energy_std=0.165604 lr=4.949165e-05 grad_norm=0.162037
step=02780 layers=23,24 seq_len=53343 skipped_length=0 loss=0.258282 teacher_kl=0.691791 teacher_l1=0.000630 topk_boundary_loss=0.008234 teacher_recall=0.898992 causal_density=0.652237 target_group_coverage=0.846354 same_head_all_targets_hit=0.950000 rank_loss=0.139911 aggregation_loss=0.018656 negative_penalty=0.000055 soft_effective_blocks=201.483578 current_block_budget=256.000000 energy_mean=0.031142 energy_std=0.148548 lr=4.948718e-05 grad_norm=0.078309
step=02790 layers=11,32 seq_len=55631 skipped_length=0 loss=0.304604 teacher_kl=0.829884 teacher_l1=0.000719 topk_boundary_loss=0.008953 teacher_recall=0.905942 causal_density=0.652126 target_group_coverage=0.748307 same_head_all_targets_hit=1.000000 rank_loss=0.180765 aggregation_loss=0.000000 negative_penalty=0.000091 soft_effective_blocks=191.948805 current_block_budget=256.000000 energy_mean=0.029353 energy_std=0.167853 lr=4.948268e-05 grad_norm=0.145785
step=02800 layers=10,14 seq_len=62313 skipped_length=0 loss=0.310053 teacher_kl=0.837539 teacher_l1=0.000742 topk_boundary_loss=0.008383 teacher_recall=0.897924 causal_density=0.652209 target_group_coverage=0.843490 same_head_all_targets_hit=1.000000 rank_loss=0.195532 aggregation_loss=0.000000 negative_penalty=0.000088 soft_effective_blocks=184.386200 current_block_budget=256.000000 energy_mean=0.030777 energy_std=0.167757 lr=4.947816e-05 grad_norm=0.140935
step=02810 layers=9,30 seq_len=55969 skipped_length=0 loss=0.258594 teacher_kl=0.637030 teacher_l1=0.000614 topk_boundary_loss=0.008653 teacher_recall=0.893050 causal_density=0.652250 target_group_coverage=0.736398 same_head_all_targets_hit=0.950000 rank_loss=0.141653 aggregation_loss=0.035151 negative_penalty=0.000070 soft_effective_blocks=193.640990 current_block_budget=256.000000 energy_mean=0.031911 energy_std=0.157803 lr=4.947362e-05 grad_norm=0.106258
step=02820 layers=3,4 seq_len=60760 skipped_length=0 loss=0.293924 teacher_kl=0.746693 teacher_l1=0.000646 topk_boundary_loss=0.011204 teacher_recall=0.896236 causal_density=0.652142 target_group_coverage=0.861719 same_head_all_targets_hit=1.000000 rank_loss=0.153761 aggregation_loss=0.000000 negative_penalty=0.000074 soft_effective_blocks=201.350395 current_block_budget=256.000000 energy_mean=0.030497 energy_std=0.157627 lr=4.946907e-05 grad_norm=0.154297
step=02830 layers=24,34 seq_len=52779 skipped_length=0 loss=0.291645 teacher_kl=0.846965 teacher_l1=0.000741 topk_boundary_loss=0.008940 teacher_recall=0.892866 causal_density=0.652254 target_group_coverage=0.893733 same_head_all_targets_hit=1.000000 rank_loss=0.133010 aggregation_loss=0.052925 negative_penalty=0.000084 soft_effective_blocks=185.937814 current_block_budget=256.000000 energy_mean=0.031038 energy_std=0.163127 lr=4.946449e-05 grad_norm=0.177374
step=02840 layers=1,35 seq_len=51702 skipped_length=0 loss=0.295016 teacher_kl=0.710109 teacher_l1=0.000704 topk_boundary_loss=0.010150 teacher_recall=0.896248 causal_density=0.652284 target_group_coverage=0.910078 same_head_all_targets_hit=1.000000 rank_loss=0.171100 aggregation_loss=0.018403 negative_penalty=0.000096 soft_effective_blocks=183.386064 current_block_budget=256.000000 energy_mean=0.032426 energy_std=0.168565 lr=4.945990e-05 grad_norm=0.190600
step=02850 layers=32,35 seq_len=64820 skipped_length=0 loss=0.264535 teacher_kl=0.747792 teacher_l1=0.000686 topk_boundary_loss=0.008473 teacher_recall=0.895881 causal_density=0.652203 target_group_coverage=0.843906 same_head_all_targets_hit=0.950000 rank_loss=0.117979 aggregation_loss=0.055031 negative_penalty=0.000079 soft_effective_blocks=183.664630 current_block_budget=256.000000 energy_mean=0.031034 energy_std=0.170947 lr=4.945529e-05 grad_norm=0.112200
step=02860 layers=4,6 seq_len=52285 skipped_length=0 loss=0.272659 teacher_kl=0.720741 teacher_l1=0.000655 topk_boundary_loss=0.008751 teacher_recall=0.896697 causal_density=0.652197 target_group_coverage=0.810078 same_head_all_targets_hit=1.000000 rank_loss=0.150224 aggregation_loss=0.017490 negative_penalty=0.000085 soft_effective_blocks=191.876950 current_block_budget=256.000000 energy_mean=0.031451 energy_std=0.163266 lr=4.945065e-05 grad_norm=0.102009
step=02870 layers=21,33 seq_len=52802 skipped_length=0 loss=0.264397 teacher_kl=0.724928 teacher_l1=0.000684 topk_boundary_loss=0.008145 teacher_recall=0.892304 causal_density=0.652227 target_group_coverage=0.838229 same_head_all_targets_hit=1.000000 rank_loss=0.127738 aggregation_loss=0.055276 negative_penalty=0.000075 soft_effective_blocks=187.050352 current_block_budget=256.000000 energy_mean=0.031903 energy_std=0.166564 lr=4.944600e-05 grad_norm=0.121595
step=02880 layers=12,19 seq_len=61552 skipped_length=0 loss=0.274397 teacher_kl=0.789390 teacher_l1=0.000722 topk_boundary_loss=0.009736 teacher_recall=0.890054 causal_density=0.652270 target_group_coverage=0.858663 same_head_all_targets_hit=1.000000 rank_loss=0.107524 aggregation_loss=0.054187 negative_penalty=0.000095 soft_effective_blocks=186.604755 current_block_budget=256.000000 energy_mean=0.031843 energy_std=0.164370 lr=4.944133e-05 grad_norm=0.114678
step=02890 layers=2,17 seq_len=53615 skipped_length=0 loss=0.279647 teacher_kl=0.736880 teacher_l1=0.000669 topk_boundary_loss=0.010642 teacher_recall=0.887018 causal_density=0.652208 target_group_coverage=0.944531 same_head_all_targets_hit=1.000000 rank_loss=0.132391 aggregation_loss=0.018022 negative_penalty=0.000070 soft_effective_blocks=196.323746 current_block_budget=256.000000 energy_mean=0.031443 energy_std=0.158253 lr=4.943664e-05 grad_norm=0.114300
step=02900 layers=12,26 seq_len=51935 skipped_length=0 loss=0.288832 teacher_kl=0.762883 teacher_l1=0.000664 topk_boundary_loss=0.008468 teacher_recall=0.899873 causal_density=0.652167 target_group_coverage=0.725998 same_head_all_targets_hit=0.900000 rank_loss=0.169734 aggregation_loss=0.019103 negative_penalty=0.000099 soft_effective_blocks=185.536914 current_block_budget=256.000000 energy_mean=0.030767 energy_std=0.169881 lr=4.943193e-05 grad_norm=0.192917
step=02910 layers=5,6 seq_len=51087 skipped_length=0 loss=0.263958 teacher_kl=0.693762 teacher_l1=0.000669 topk_boundary_loss=0.008462 teacher_recall=0.906357 causal_density=0.652244 target_group_coverage=0.826267 same_head_all_targets_hit=1.000000 rank_loss=0.138804 aggregation_loss=0.035528 negative_penalty=0.000083 soft_effective_blocks=186.987637 current_block_budget=256.000000 energy_mean=0.031969 energy_std=0.167714 lr=4.942720e-05 grad_norm=0.128832
step=02920 layers=4,20 seq_len=65427 skipped_length=0 loss=0.321997 teacher_kl=0.805517 teacher_l1=0.000744 topk_boundary_loss=0.010908 teacher_recall=0.898555 causal_density=0.652259 target_group_coverage=0.904297 same_head_all_targets_hit=1.000000 rank_loss=0.189772 aggregation_loss=0.000000 negative_penalty=0.000104 soft_effective_blocks=185.327678 current_block_budget=256.000000 energy_mean=0.031870 energy_std=0.167483 lr=4.942245e-05 grad_norm=0.200431
step=02930 layers=1,22 seq_len=63281 skipped_length=0 loss=0.261818 teacher_kl=0.697587 teacher_l1=0.000642 topk_boundary_loss=0.008384 teacher_recall=0.899054 causal_density=0.652161 target_group_coverage=0.810234 same_head_all_targets_hit=1.000000 rank_loss=0.135091 aggregation_loss=0.036079 negative_penalty=0.000066 soft_effective_blocks=192.401009 current_block_budget=256.000000 energy_mean=0.031558 energy_std=0.164969 lr=4.941768e-05 grad_norm=0.121388
step=02940 layers=12,28 seq_len=63542 skipped_length=0 loss=0.296694 teacher_kl=0.793800 teacher_l1=0.000709 topk_boundary_loss=0.009236 teacher_recall=0.893023 causal_density=0.652228 target_group_coverage=0.866953 same_head_all_targets_hit=1.000000 rank_loss=0.165668 aggregation_loss=0.017183 negative_penalty=0.000107 soft_effective_blocks=190.614423 current_block_budget=256.000000 energy_mean=0.031214 energy_std=0.162603 lr=4.941289e-05 grad_norm=0.161932
step=02950 layers=22,35 seq_len=53231 skipped_length=0 loss=0.295833 teacher_kl=0.723562 teacher_l1=0.000675 topk_boundary_loss=0.009797 teacher_recall=0.897970 causal_density=0.652253 target_group_coverage=0.812109 same_head_all_targets_hit=1.000000 rank_loss=0.181478 aggregation_loss=0.000000 negative_penalty=0.000066 soft_effective_blocks=189.007138 current_block_budget=256.000000 energy_mean=0.032214 energy_std=0.165203 lr=4.940808e-05 grad_norm=0.179442
step=02960 layers=8,34 seq_len=62166 skipped_length=0 loss=0.288134 teacher_kl=0.748562 teacher_l1=0.000636 topk_boundary_loss=0.008761 teacher_recall=0.893948 causal_density=0.652143 target_group_coverage=0.826172 same_head_all_targets_hit=1.000000 rank_loss=0.176206 aggregation_loss=0.000000 negative_penalty=0.000099 soft_effective_blocks=200.406650 current_block_budget=256.000000 energy_mean=0.030155 energy_std=0.157933 lr=4.940326e-05 grad_norm=0.168476
step=02970 layers=16,18 seq_len=60118 skipped_length=0 loss=0.289471 teacher_kl=0.755528 teacher_l1=0.000707 topk_boundary_loss=0.008202 teacher_recall=0.903486 causal_density=0.652203 target_group_coverage=0.848958 same_head_all_targets_hit=1.000000 rank_loss=0.184149 aggregation_loss=0.000000 negative_penalty=0.000074 soft_effective_blocks=186.261981 current_block_budget=256.000000 energy_mean=0.032318 energy_std=0.169402 lr=4.939841e-05 grad_norm=0.158187
step=02980 layers=17,25 seq_len=60887 skipped_length=0 loss=0.305397 teacher_kl=0.817138 teacher_l1=0.000734 topk_boundary_loss=0.009297 teacher_recall=0.886738 causal_density=0.652196 target_group_coverage=0.826328 same_head_all_targets_hit=0.950000 rank_loss=0.165630 aggregation_loss=0.036143 negative_penalty=0.000093 soft_effective_blocks=193.623822 current_block_budget=256.000000 energy_mean=0.031042 energy_std=0.161364 lr=4.939355e-05 grad_norm=0.126822
step=02990 layers=15,30 seq_len=52969 skipped_length=0 loss=0.262497 teacher_kl=0.666358 teacher_l1=0.000643 topk_boundary_loss=0.007860 teacher_recall=0.907846 causal_density=0.652239 target_group_coverage=0.702370 same_head_all_targets_hit=0.950000 rank_loss=0.158697 aggregation_loss=0.017658 negative_penalty=0.000079 soft_effective_blocks=181.885956 current_block_budget=256.000000 energy_mean=0.032768 energy_std=0.174674 lr=4.938866e-05 grad_norm=0.144425
step=03000 layers=10,31 seq_len=57497 skipped_length=0 loss=0.278648 teacher_kl=0.789565 teacher_l1=0.000687 topk_boundary_loss=0.009235 teacher_recall=0.889184 causal_density=0.652267 target_group_coverage=0.846641 same_head_all_targets_hit=1.000000 rank_loss=0.136366 aggregation_loss=0.017894 negative_penalty=0.000103 soft_effective_blocks=195.383939 current_block_budget=256.000000 energy_mean=0.031785 energy_std=0.157425 lr=4.938376e-05 grad_norm=0.106173
[save] raw=/inspire/hdd/global_user/gexinmu-253108100065/Repos/fuyicheng_workshop/Innovator-lm-evaluation-hardness/x-attention-main/xattn/qwen_weights/conv_qwen3_boundary_v2/conv_kernel_7x7_qwen3_8b_boundary_v2_t065_s16_48k64k_bf16_step3000.pt
[save] ema=/inspire/hdd/global_user/gexinmu-253108100065/Repos/fuyicheng_workshop/Innovator-lm-evaluation-hardness/x-attention-main/xattn/qwen_weights/conv_qwen3_boundary_v2/conv_kernel_7x7_qwen3_8b_boundary_v2_t065_s16_48k64k_bf16_ema_step3000.pt
[save] state=/inspire/hdd/global_user/gexinmu-253108100065/Repos/fuyicheng_workshop/Innovator-lm-evaluation-hardness/x-attention-main/xattn/qwen_weights/conv_qwen3_boundary_v2/conv_kernel_7x7_qwen3_8b_boundary_v2_t065_s16_48k64k_bf16_train_state.pt
step=03010 layers=11,31 seq_len=63121 skipped_length=0 loss=0.295854 teacher_kl=0.719016 teacher_l1=0.000634 topk_boundary_loss=0.008352 teacher_recall=0.896265 causal_density=0.652048 target_group_coverage=0.811719 same_head_all_targets_hit=1.000000 rank_loss=0.201924 aggregation_loss=0.000000 negative_penalty=0.000087 soft_effective_blocks=193.875871 current_block_budget=256.000000 energy_mean=0.030242 energy_std=0.168890 lr=4.937883e-05 grad_norm=0.234359
step=03020 layers=1,17 seq_len=63417 skipped_length=0 loss=0.283504 teacher_kl=0.760515 teacher_l1=0.000693 topk_boundary_loss=0.008714 teacher_recall=0.892999 causal_density=0.652220 target_group_coverage=0.767708 same_head_all_targets_hit=1.000000 rank_loss=0.158506 aggregation_loss=0.018299 negative_penalty=0.000095 soft_effective_blocks=190.340005 current_block_budget=256.000000 energy_mean=0.031701 energy_std=0.164491 lr=4.937389e-05 grad_norm=0.116872
step=03030 layers=5,20 seq_len=55949 skipped_length=0 loss=0.281710 teacher_kl=0.734136 teacher_l1=0.000673 topk_boundary_loss=0.009320 teacher_recall=0.883486 causal_density=0.652176 target_group_coverage=0.862656 same_head_all_targets_hit=0.900000 rank_loss=0.154181 aggregation_loss=0.017938 negative_penalty=0.000068 soft_effective_blocks=193.904128 current_block_budget=256.000000 energy_mean=0.031509 energy_std=0.164659 lr=4.936893e-05 grad_norm=0.103541
step=03040 layers=6,35 seq_len=56338 skipped_length=0 loss=0.273616 teacher_kl=0.712523 teacher_l1=0.000653 topk_boundary_loss=0.008157 teacher_recall=0.900745 causal_density=0.652171 target_group_coverage=0.762943 same_head_all_targets_hit=1.000000 rank_loss=0.153816 aggregation_loss=0.036630 negative_penalty=0.000115 soft_effective_blocks=190.890860 current_block_budget=256.000000 energy_mean=0.031572 energy_std=0.166273 lr=4.936395e-05 grad_norm=0.197740
step=03050 layers=25,32 seq_len=52608 skipped_length=0 loss=0.285835 teacher_kl=0.779619 teacher_l1=0.000720 topk_boundary_loss=0.008573 teacher_recall=0.892145 causal_density=0.652308 target_group_coverage=0.895399 same_head_all_targets_hit=1.000000 rank_loss=0.159411 aggregation_loss=0.018490 negative_penalty=0.000087 soft_effective_blocks=186.105301 current_block_budget=256.000000 energy_mean=0.033312 energy_std=0.162875 lr=4.935895e-05 grad_norm=0.100349
step=03060 layers=10,15 seq_len=52904 skipped_length=0 loss=0.269288 teacher_kl=0.724770 teacher_l1=0.000641 topk_boundary_loss=0.007987 teacher_recall=0.911863 causal_density=0.652154 target_group_coverage=0.889115 same_head_all_targets_hit=1.000000 rank_loss=0.153324 aggregation_loss=0.018592 negative_penalty=0.000102 soft_effective_blocks=191.160395 current_block_budget=256.000000 energy_mean=0.031135 energy_std=0.170784 lr=4.935393e-05 grad_norm=0.160919
step=03070 layers=21,26 seq_len=55060 skipped_length=0 loss=0.279510 teacher_kl=0.702747 teacher_l1=0.000676 topk_boundary_loss=0.008458 teacher_recall=0.896654 causal_density=0.652246 target_group_coverage=0.848915 same_head_all_targets_hit=1.000000 rank_loss=0.169686 aggregation_loss=0.018353 negative_penalty=0.000104 soft_effective_blocks=181.253358 current_block_budget=256.000000 energy_mean=0.032820 energy_std=0.173331 lr=4.934889e-05 grad_norm=0.155210
step=03080 layers=9,22 seq_len=55675 skipped_length=0 loss=0.267412 teacher_kl=0.769111 teacher_l1=0.000698 topk_boundary_loss=0.008615 teacher_recall=0.890578 causal_density=0.652269 target_group_coverage=0.795790 same_head_all_targets_hit=0.950000 rank_loss=0.115882 aggregation_loss=0.054225 negative_penalty=0.000082 soft_effective_blocks=192.374249 current_block_budget=256.000000 energy_mean=0.032684 energy_std=0.159468 lr=4.934383e-05 grad_norm=0.070284
step=03090 layers=2,34 seq_len=55761 skipped_length=0 loss=0.282865 teacher_kl=0.803456 teacher_l1=0.000692 topk_boundary_loss=0.008674 teacher_recall=0.893003 causal_density=0.652207 target_group_coverage=0.888672 same_head_all_targets_hit=1.000000 rank_loss=0.147416 aggregation_loss=0.017852 negative_penalty=0.000125 soft_effective_blocks=182.658031 current_block_budget=256.000000 energy_mean=0.031679 energy_std=0.176290 lr=4.933876e-05 grad_norm=0.140816
step=03100 layers=12,25 seq_len=53661 skipped_length=0 loss=0.290505 teacher_kl=0.749542 teacher_l1=0.000699 topk_boundary_loss=0.009305 teacher_recall=0.897626 causal_density=0.652168 target_group_coverage=0.769141 same_head_all_targets_hit=1.000000 rank_loss=0.172655 aggregation_loss=0.000000 negative_penalty=0.000091 soft_effective_blocks=188.452466 current_block_budget=256.000000 energy_mean=0.031768 energy_std=0.167368 lr=4.933366e-05 grad_norm=0.171543
step=03110 layers=8,15 seq_len=56383 skipped_length=0 loss=0.288023 teacher_kl=0.783473 teacher_l1=0.000653 topk_boundary_loss=0.009003 teacher_recall=0.889656 causal_density=0.652144 target_group_coverage=0.821797 same_head_all_targets_hit=1.000000 rank_loss=0.156597 aggregation_loss=0.017935 negative_penalty=0.000088 soft_effective_blocks=196.809953 current_block_budget=256.000000 energy_mean=0.031337 energy_std=0.161240 lr=4.932855e-05 grad_norm=0.137978
step=03120 layers=6,26 seq_len=50509 skipped_length=0 loss=0.229683 teacher_kl=0.597738 teacher_l1=0.000626 topk_boundary_loss=0.008237 teacher_recall=0.898738 causal_density=0.652296 target_group_coverage=0.891788 same_head_all_targets_hit=1.000000 rank_loss=0.101065 aggregation_loss=0.053824 negative_penalty=0.000100 soft_effective_blocks=188.652138 current_block_budget=256.000000 energy_mean=0.033952 energy_std=0.163323 lr=4.932341e-05 grad_norm=0.104093
step=03130 layers=16,29 seq_len=59495 skipped_length=0 loss=0.310211 teacher_kl=0.870717 teacher_l1=0.000703 topk_boundary_loss=0.008922 teacher_recall=0.900965 causal_density=0.652130 target_group_coverage=0.918099 same_head_all_targets_hit=1.000000 rank_loss=0.180314 aggregation_loss=0.000000 negative_penalty=0.000106 soft_effective_blocks=194.123402 current_block_budget=256.000000 energy_mean=0.030523 energy_std=0.167830 lr=4.931826e-05 grad_norm=0.160706
step=03140 layers=8,31 seq_len=55853 skipped_length=0 loss=0.302040 teacher_kl=0.762735 teacher_l1=0.000723 topk_boundary_loss=0.009732 teacher_recall=0.891360 causal_density=0.652253 target_group_coverage=0.832422 same_head_all_targets_hit=1.000000 rank_loss=0.182887 aggregation_loss=0.000000 negative_penalty=0.000090 soft_effective_blocks=179.138652 current_block_budget=256.000000 energy_mean=0.032881 energy_std=0.174817 lr=4.931308e-05 grad_norm=0.199081
step=03150 layers=2,13 seq_len=64698 skipped_length=0 loss=0.265342 teacher_kl=0.685073 teacher_l1=0.000655 topk_boundary_loss=0.008512 teacher_recall=0.904192 causal_density=0.652234 target_group_coverage=0.809688 same_head_all_targets_hit=1.000000 rank_loss=0.149797 aggregation_loss=0.018300 negative_penalty=0.000116 soft_effective_blocks=195.844228 current_block_budget=256.000000 energy_mean=0.032594 energy_std=0.162797 lr=4.930789e-05 grad_norm=0.132681
step=03160 layers=19,29 seq_len=64333 skipped_length=0 loss=0.285555 teacher_kl=0.770850 teacher_l1=0.000701 topk_boundary_loss=0.008647 teacher_recall=0.897642 causal_density=0.652225 target_group_coverage=0.853125 same_head_all_targets_hit=1.000000 rank_loss=0.167862 aggregation_loss=0.000000 negative_penalty=0.000111 soft_effective_blocks=194.330830 current_block_budget=256.000000 energy_mean=0.031985 energy_std=0.161366 lr=4.930268e-05 grad_norm=0.096688
step=03170 layers=33,34 seq_len=61633 skipped_length=0 loss=0.259400 teacher_kl=0.680620 teacher_l1=0.000607 topk_boundary_loss=0.008499 teacher_recall=0.896864 causal_density=0.652124 target_group_coverage=0.745677 same_head_all_targets_hit=0.950000 rank_loss=0.133717 aggregation_loss=0.036193 negative_penalty=0.000096 soft_effective_blocks=192.570341 current_block_budget=256.000000 energy_mean=0.031804 energy_std=0.168548 lr=4.929745e-05 grad_norm=0.171675
step=03180 layers=10,13 seq_len=64843 skipped_length=0 loss=0.294156 teacher_kl=0.825844 teacher_l1=0.000769 topk_boundary_loss=0.009113 teacher_recall=0.896532 causal_density=0.652251 target_group_coverage=0.856510 same_head_all_targets_hit=1.000000 rank_loss=0.154708 aggregation_loss=0.018047 negative_penalty=0.000114 soft_effective_blocks=182.316055 current_block_budget=256.000000 energy_mean=0.032758 energy_std=0.175391 lr=4.929220e-05 grad_norm=0.136459
step=03190 layers=12,24 seq_len=62438 skipped_length=0 loss=0.288182 teacher_kl=0.724941 teacher_l1=0.000673 topk_boundary_loss=0.009701 teacher_recall=0.899527 causal_density=0.652239 target_group_coverage=0.863759 same_head_all_targets_hit=1.000000 rank_loss=0.161844 aggregation_loss=0.018766 negative_penalty=0.000120 soft_effective_blocks=186.805025 current_block_budget=256.000000 energy_mean=0.032206 energy_std=0.170552 lr=4.928693e-05 grad_norm=0.180712
step=03200 layers=11,30 seq_len=52026 skipped_length=0 loss=0.285510 teacher_kl=0.725711 teacher_l1=0.000670 topk_boundary_loss=0.008220 teacher_recall=0.898784 causal_density=0.652202 target_group_coverage=0.715781 same_head_all_targets_hit=0.950000 rank_loss=0.177189 aggregation_loss=0.018162 negative_penalty=0.000096 soft_effective_blocks=191.319673 current_block_budget=256.000000 energy_mean=0.032640 energy_std=0.165514 lr=4.928164e-05 grad_norm=0.155344
step=03210 layers=26,28 seq_len=56995 skipped_length=0 loss=0.278258 teacher_kl=0.677002 teacher_l1=0.000642 topk_boundary_loss=0.008903 teacher_recall=0.897893 causal_density=0.652209 target_group_coverage=0.902708 same_head_all_targets_hit=1.000000 rank_loss=0.168177 aggregation_loss=0.018156 negative_penalty=0.000116 soft_effective_blocks=183.961476 current_block_budget=256.000000 energy_mean=0.032564 energy_std=0.177148 lr=4.927633e-05 grad_norm=0.207881
step=03220 layers=13,18 seq_len=54645 skipped_length=0 loss=0.312176 teacher_kl=0.799525 teacher_l1=0.000712 topk_boundary_loss=0.010164 teacher_recall=0.888614 causal_density=0.652154 target_group_coverage=0.810677 same_head_all_targets_hit=1.000000 rank_loss=0.184824 aggregation_loss=0.000000 negative_penalty=0.000086 soft_effective_blocks=194.958057 current_block_budget=256.000000 energy_mean=0.032034 energy_std=0.163497 lr=4.927101e-05 grad_norm=0.146483
step=03230 layers=5,18 seq_len=59006 skipped_length=0 loss=0.258279 teacher_kl=0.664899 teacher_l1=0.000639 topk_boundary_loss=0.009348 teacher_recall=0.884288 causal_density=0.652284 target_group_coverage=0.868594 same_head_all_targets_hit=1.000000 rank_loss=0.124943 aggregation_loss=0.035044 negative_penalty=0.000101 soft_effective_blocks=187.250090 current_block_budget=256.000000 energy_mean=0.034308 energy_std=0.163095 lr=4.926566e-05 grad_norm=0.127767
step=03240 layers=4,28 seq_len=60747 skipped_length=0 loss=0.299335 teacher_kl=0.866775 teacher_l1=0.000713 topk_boundary_loss=0.008835 teacher_recall=0.897181 causal_density=0.652147 target_group_coverage=0.950651 same_head_all_targets_hit=0.950000 rank_loss=0.156550 aggregation_loss=0.018666 negative_penalty=0.000112 soft_effective_blocks=194.868512 current_block_budget=256.000000 energy_mean=0.030874 energy_std=0.167825 lr=4.926030e-05 grad_norm=0.144976
step=03250 layers=10,28 seq_len=61289 skipped_length=0 loss=0.281222 teacher_kl=0.722557 teacher_l1=0.000618 topk_boundary_loss=0.008644 teacher_recall=0.897213 causal_density=0.652138 target_group_coverage=0.874740 same_head_all_targets_hit=1.000000 rank_loss=0.164984 aggregation_loss=0.018636 negative_penalty=0.000124 soft_effective_blocks=198.595509 current_block_budget=256.000000 energy_mean=0.031505 energy_std=0.161296 lr=4.925491e-05 grad_norm=0.163026
[save] raw=/inspire/hdd/global_user/gexinmu-253108100065/Repos/fuyicheng_workshop/Innovator-lm-evaluation-hardness/x-attention-main/xattn/qwen_weights/conv_qwen3_boundary_v2/conv_kernel_7x7_qwen3_8b_boundary_v2_t065_s16_48k64k_bf16_step3250.pt
[save] ema=/inspire/hdd/global_user/gexinmu-253108100065/Repos/fuyicheng_workshop/Innovator-lm-evaluation-hardness/x-attention-main/xattn/qwen_weights/conv_qwen3_boundary_v2/conv_kernel_7x7_qwen3_8b_boundary_v2_t065_s16_48k64k_bf16_ema_step3250.pt
[save] state=/inspire/hdd/global_user/gexinmu-253108100065/Repos/fuyicheng_workshop/Innovator-lm-evaluation-hardness/x-attention-main/xattn/qwen_weights/conv_qwen3_boundary_v2/conv_kernel_7x7_qwen3_8b_boundary_v2_t065_s16_48k64k_bf16_train_state.pt
step=03260 layers=16,29 seq_len=52509 skipped_length=0 loss=0.293900 teacher_kl=0.813448 teacher_l1=0.000707 topk_boundary_loss=0.009220 teacher_recall=0.896222 causal_density=0.652177 target_group_coverage=0.863073 same_head_all_targets_hit=1.000000 rank_loss=0.155914 aggregation_loss=0.018150 negative_penalty=0.000083 soft_effective_blocks=189.224307 current_block_budget=256.000000 energy_mean=0.032036 energy_std=0.172663 lr=4.924951e-05 grad_norm=0.122489
step=03270 layers=0,27 seq_len=63025 skipped_length=0 loss=0.275154 teacher_kl=0.703294 teacher_l1=0.000652 topk_boundary_loss=0.007697 teacher_recall=0.905307 causal_density=0.652217 target_group_coverage=0.825781 same_head_all_targets_hit=1.000000 rank_loss=0.180083 aggregation_loss=0.000000 negative_penalty=0.000108 soft_effective_blocks=188.686647 current_block_budget=256.000000 energy_mean=0.033070 energy_std=0.168288 lr=4.924409e-05 grad_norm=0.146981
step=03280 layers=11,29 seq_len=50942 skipped_length=0 loss=0.281492 teacher_kl=0.728644 teacher_l1=0.000695 topk_boundary_loss=0.009045 teacher_recall=0.885668 causal_density=0.652299 target_group_coverage=0.891146 same_head_all_targets_hit=1.000000 rank_loss=0.159032 aggregation_loss=0.017521 negative_penalty=0.000121 soft_effective_blocks=186.850528 current_block_budget=256.000000 energy_mean=0.033649 energy_std=0.168243 lr=4.923865e-05 grad_norm=0.134341
step=03290 layers=17,24 seq_len=56166 skipped_length=0 loss=0.277658 teacher_kl=0.783238 teacher_l1=0.000721 topk_boundary_loss=0.008715 teacher_recall=0.897652 causal_density=0.652198 target_group_coverage=0.901328 same_head_all_targets_hit=0.950000 rank_loss=0.127754 aggregation_loss=0.055041 negative_penalty=0.000093 soft_effective_blocks=180.190192 current_block_budget=256.000000 energy_mean=0.032872 energy_std=0.181363 lr=4.923319e-05 grad_norm=0.123678
step=03300 layers=17,22 seq_len=58983 skipped_length=0 loss=0.249498 teacher_kl=0.665599 teacher_l1=0.000624 topk_boundary_loss=0.008632 teacher_recall=0.896524 causal_density=0.652223 target_group_coverage=0.767405 same_head_all_targets_hit=1.000000 rank_loss=0.111401 aggregation_loss=0.054896 negative_penalty=0.000122 soft_effective_blocks=189.839474 current_block_budget=256.000000 energy_mean=0.033172 energy_std=0.168032 lr=4.922770e-05 grad_norm=0.072433
step=03310 layers=12,19 seq_len=65344 skipped_length=0 loss=0.306472 teacher_kl=0.834000 teacher_l1=0.000681 topk_boundary_loss=0.009350 teacher_recall=0.885861 causal_density=0.652102 target_group_coverage=0.825234 same_head_all_targets_hit=1.000000 rank_loss=0.169962 aggregation_loss=0.018235 negative_penalty=0.000131 soft_effective_blocks=196.407863 current_block_budget=256.000000 energy_mean=0.031069 energy_std=0.166341 lr=4.922221e-05 grad_norm=0.169034
step=03320 layers=5,17 seq_len=49920 skipped_length=0 loss=0.266526 teacher_kl=0.725956 teacher_l1=0.000638 topk_boundary_loss=0.009067 teacher_recall=0.895113 causal_density=0.652261 target_group_coverage=0.767422 same_head_all_targets_hit=1.000000 rank_loss=0.134282 aggregation_loss=0.017975 negative_penalty=0.000080 soft_effective_blocks=199.636629 current_block_budget=256.000000 energy_mean=0.033269 energy_std=0.156163 lr=4.921669e-05 grad_norm=0.123114
step=03330 layers=19,21 seq_len=64689 skipped_length=0 loss=0.270163 teacher_kl=0.750167 teacher_l1=0.000682 topk_boundary_loss=0.010224 teacher_recall=0.900647 causal_density=0.652133 target_group_coverage=0.869219 same_head_all_targets_hit=0.950000 rank_loss=0.103213 aggregation_loss=0.055519 negative_penalty=0.000134 soft_effective_blocks=187.177582 current_block_budget=256.000000 energy_mean=0.031782 energy_std=0.175320 lr=4.921115e-05 grad_norm=0.162350
step=03340 layers=7,19 seq_len=57079 skipped_length=0 loss=0.272924 teacher_kl=0.708506 teacher_l1=0.000627 topk_boundary_loss=0.008278 teacher_recall=0.895158 causal_density=0.652100 target_group_coverage=0.766068 same_head_all_targets_hit=1.000000 rank_loss=0.159794 aggregation_loss=0.018066 negative_penalty=0.000084 soft_effective_blocks=199.902821 current_block_budget=256.000000 energy_mean=0.031944 energy_std=0.166188 lr=4.920559e-05 grad_norm=0.154226
step=03350 layers=28,33 seq_len=64951 skipped_length=0 loss=0.285298 teacher_kl=0.758559 teacher_l1=0.000677 topk_boundary_loss=0.009052 teacher_recall=0.896602 causal_density=0.652215 target_group_coverage=0.883099 same_head_all_targets_hit=1.000000 rank_loss=0.157407 aggregation_loss=0.018462 negative_penalty=0.000137 soft_effective_blocks=191.973059 current_block_budget=256.000000 energy_mean=0.032448 energy_std=0.166943 lr=4.920002e-05 grad_norm=0.121826
step=03360 layers=21,34 seq_len=61563 skipped_length=0 loss=0.288410 teacher_kl=0.778301 teacher_l1=0.000737 topk_boundary_loss=0.008533 teacher_recall=0.896929 causal_density=0.652238 target_group_coverage=0.742569 same_head_all_targets_hit=1.000000 rank_loss=0.157245 aggregation_loss=0.036052 negative_penalty=0.000109 soft_effective_blocks=181.619278 current_block_budget=256.000000 energy_mean=0.034137 energy_std=0.178112 lr=4.919443e-05 grad_norm=0.173404
step=03370 layers=9,23 seq_len=52649 skipped_length=0 loss=0.278894 teacher_kl=0.771114 teacher_l1=0.000679 topk_boundary_loss=0.008484 teacher_recall=0.904401 causal_density=0.652218 target_group_coverage=0.799115 same_head_all_targets_hit=1.000000 rank_loss=0.151505 aggregation_loss=0.017670 negative_penalty=0.000131 soft_effective_blocks=192.141945 current_block_budget=256.000000 energy_mean=0.032136 energy_std=0.168479 lr=4.918881e-05 grad_norm=0.159974
step=03380 layers=17,27 seq_len=63922 skipped_length=0 loss=0.275777 teacher_kl=0.804956 teacher_l1=0.000662 topk_boundary_loss=0.008581 teacher_recall=0.899254 causal_density=0.652095 target_group_coverage=0.812674 same_head_all_targets_hit=1.000000 rank_loss=0.129034 aggregation_loss=0.035725 negative_penalty=0.000085 soft_effective_blocks=196.067274 current_block_budget=256.000000 energy_mean=0.031149 energy_std=0.167411 lr=4.918318e-05 grad_norm=0.086608
step=03390 layers=0,28 seq_len=65206 skipped_length=0 loss=0.273456 teacher_kl=0.678510 teacher_l1=0.000639 topk_boundary_loss=0.008071 teacher_recall=0.908012 causal_density=0.652205 target_group_coverage=0.715625 same_head_all_targets_hit=1.000000 rank_loss=0.178459 aggregation_loss=0.000000 negative_penalty=0.000137 soft_effective_blocks=188.261736 current_block_budget=256.000000 energy_mean=0.033550 energy_std=0.174380 lr=4.917753e-05 grad_norm=0.139244
step=03400 layers=29,30 seq_len=61826 skipped_length=0 loss=0.292657 teacher_kl=0.803600 teacher_l1=0.000685 topk_boundary_loss=0.009156 teacher_recall=0.886615 causal_density=0.652201 target_group_coverage=0.819844 same_head_all_targets_hit=0.950000 rank_loss=0.157459 aggregation_loss=0.017412 negative_penalty=0.000122 soft_effective_blocks=194.898596 current_block_budget=256.000000 energy_mean=0.031960 energy_std=0.161022 lr=4.917186e-05 grad_norm=0.121556
step=03410 layers=16,21 seq_len=54637 skipped_length=0 loss=0.280184 teacher_kl=0.710479 teacher_l1=0.000615 topk_boundary_loss=0.008841 teacher_recall=0.895202 causal_density=0.652154 target_group_coverage=0.892969 same_head_all_targets_hit=1.000000 rank_loss=0.171418 aggregation_loss=0.000000 negative_penalty=0.000138 soft_effective_blocks=197.216417 current_block_budget=256.000000 energy_mean=0.032712 energy_std=0.164358 lr=4.916617e-05 grad_norm=0.128885
step=03420 layers=3,5 seq_len=56550 skipped_length=0 loss=0.271672 teacher_kl=0.722268 teacher_l1=0.000678 topk_boundary_loss=0.008088 teacher_recall=0.899130 causal_density=0.652210 target_group_coverage=0.830938 same_head_all_targets_hit=1.000000 rank_loss=0.156852 aggregation_loss=0.017935 negative_penalty=0.000094 soft_effective_blocks=183.009909 current_block_budget=256.000000 energy_mean=0.033455 energy_std=0.177989 lr=4.916046e-05 grad_norm=0.116195
step=03430 layers=1,35 seq_len=51889 skipped_length=0 loss=0.283979 teacher_kl=0.772140 teacher_l1=0.000706 topk_boundary_loss=0.008505 teacher_recall=0.904080 causal_density=0.652218 target_group_coverage=0.844922 same_head_all_targets_hit=0.950000 rank_loss=0.151624 aggregation_loss=0.036407 negative_penalty=0.000163 soft_effective_blocks=182.019368 current_block_budget=256.000000 energy_mean=0.032651 energy_std=0.179013 lr=4.915473e-05 grad_norm=0.159008
step=03440 layers=27,30 seq_len=60502 skipped_length=0 loss=0.267545 teacher_kl=0.723596 teacher_l1=0.000650 topk_boundary_loss=0.008969 teacher_recall=0.889401 causal_density=0.652165 target_group_coverage=0.855990 same_head_all_targets_hit=1.000000 rank_loss=0.130344 aggregation_loss=0.036034 negative_penalty=0.000074 soft_effective_blocks=198.639838 current_block_budget=256.000000 energy_mean=0.033533 energy_std=0.163878 lr=4.914898e-05 grad_norm=0.083838
step=03450 layers=11,29 seq_len=64345 skipped_length=0 loss=0.283765 teacher_kl=0.782627 teacher_l1=0.000687 topk_boundary_loss=0.008506 teacher_recall=0.895463 causal_density=0.652174 target_group_coverage=0.872031 same_head_all_targets_hit=0.950000 rank_loss=0.156243 aggregation_loss=0.018150 negative_penalty=0.000155 soft_effective_blocks=185.947319 current_block_budget=256.000000 energy_mean=0.032110 energy_std=0.175908 lr=4.914321e-05 grad_norm=0.128920
step=03460 layers=33,34 seq_len=54845 skipped_length=0 loss=0.249977 teacher_kl=0.674414 teacher_l1=0.000601 topk_boundary_loss=0.008862 teacher_recall=0.888740 causal_density=0.652199 target_group_coverage=0.919531 same_head_all_targets_hit=1.000000 rank_loss=0.107501 aggregation_loss=0.053560 negative_penalty=0.000077 soft_effective_blocks=202.179411 current_block_budget=256.000000 energy_mean=0.033701 energy_std=0.156632 lr=4.913743e-05 grad_norm=0.056251
step=03470 layers=10,23 seq_len=51890 skipped_length=0 loss=0.276894 teacher_kl=0.794798 teacher_l1=0.000724 topk_boundary_loss=0.008807 teacher_recall=0.889351 causal_density=0.652254 target_group_coverage=0.888238 same_head_all_targets_hit=1.000000 rank_loss=0.137580 aggregation_loss=0.018505 negative_penalty=0.000141 soft_effective_blocks=182.537283 current_block_budget=256.000000 energy_mean=0.033507 energy_std=0.176361 lr=4.913163e-05 grad_norm=0.126782
step=03480 layers=25,29 seq_len=64759 skipped_length=0 loss=0.280416 teacher_kl=0.729516 teacher_l1=0.000662 topk_boundary_loss=0.008238 teacher_recall=0.899173 causal_density=0.652154 target_group_coverage=0.875078 same_head_all_targets_hit=1.000000 rank_loss=0.159613 aggregation_loss=0.037119 negative_penalty=0.000113 soft_effective_blocks=184.891748 current_block_budget=256.000000 energy_mean=0.033331 energy_std=0.181955 lr=4.912580e-05 grad_norm=0.135162
step=03490 layers=20,28 seq_len=60714 skipped_length=0 loss=0.279888 teacher_kl=0.749268 teacher_l1=0.000647 topk_boundary_loss=0.008461 teacher_recall=0.901994 causal_density=0.652168 target_group_coverage=0.886198 same_head_all_targets_hit=1.000000 rank_loss=0.166288 aggregation_loss=0.000000 negative_penalty=0.000115 soft_effective_blocks=200.786728 current_block_budget=256.000000 energy_mean=0.032535 energy_std=0.161287 lr=4.911996e-05 grad_norm=0.089385
step=03500 layers=10,16 seq_len=53680 skipped_length=0 loss=0.282221 teacher_kl=0.779049 teacher_l1=0.000719 topk_boundary_loss=0.008209 teacher_recall=0.903079 causal_density=0.652221 target_group_coverage=0.758333 same_head_all_targets_hit=1.000000 rank_loss=0.158715 aggregation_loss=0.017683 negative_penalty=0.000126 soft_effective_blocks=178.935330 current_block_budget=256.000000 energy_mean=0.034020 energy_std=0.184362 lr=4.911410e-05 grad_norm=0.157121
[save] raw=/inspire/hdd/global_user/gexinmu-253108100065/Repos/fuyicheng_workshop/Innovator-lm-evaluation-hardness/x-attention-main/xattn/qwen_weights/conv_qwen3_boundary_v2/conv_kernel_7x7_qwen3_8b_boundary_v2_t065_s16_48k64k_bf16_step3500.pt
[save] ema=/inspire/hdd/global_user/gexinmu-253108100065/Repos/fuyicheng_workshop/Innovator-lm-evaluation-hardness/x-attention-main/xattn/qwen_weights/conv_qwen3_boundary_v2/conv_kernel_7x7_qwen3_8b_boundary_v2_t065_s16_48k64k_bf16_ema_step3500.pt
[save] state=/inspire/hdd/global_user/gexinmu-253108100065/Repos/fuyicheng_workshop/Innovator-lm-evaluation-hardness/x-attention-main/xattn/qwen_weights/conv_qwen3_boundary_v2/conv_kernel_7x7_qwen3_8b_boundary_v2_t065_s16_48k64k_bf16_train_state.pt
step=03510 layers=12,13 seq_len=55689 skipped_length=0 loss=0.282414 teacher_kl=0.771578 teacher_l1=0.000665 topk_boundary_loss=0.009257 teacher_recall=0.881729 causal_density=0.652217 target_group_coverage=0.844557 same_head_all_targets_hit=0.950000 rank_loss=0.139309 aggregation_loss=0.035991 negative_penalty=0.000141 soft_effective_blocks=193.939854 current_block_budget=256.000000 energy_mean=0.032963 energy_std=0.163637 lr=4.910822e-05 grad_norm=0.101119
step=03520 layers=7,21 seq_len=55612 skipped_length=0 loss=0.278029 teacher_kl=0.762032 teacher_l1=0.000641 topk_boundary_loss=0.009308 teacher_recall=0.889878 causal_density=0.652099 target_group_coverage=0.778281 same_head_all_targets_hit=1.000000 rank_loss=0.126434 aggregation_loss=0.053446 negative_penalty=0.000112 soft_effective_blocks=205.262622 current_block_budget=256.000000 energy_mean=0.031523 energy_std=0.159458 lr=4.910232e-05 grad_norm=0.110631
step=03530 layers=11,21 seq_len=55147 skipped_length=0 loss=0.257411 teacher_kl=0.720062 teacher_l1=0.000653 topk_boundary_loss=0.008334 teacher_recall=0.898900 causal_density=0.652202 target_group_coverage=0.888125 same_head_all_targets_hit=0.950000 rank_loss=0.129730 aggregation_loss=0.019419 negative_penalty=0.000137 soft_effective_blocks=186.427412 current_block_budget=256.000000 energy_mean=0.033509 energy_std=0.177544 lr=4.909640e-05 grad_norm=0.117876
step=03540 layers=8,24 seq_len=57975 skipped_length=0 loss=0.265220 teacher_kl=0.691589 teacher_l1=0.000653 topk_boundary_loss=0.008027 teacher_recall=0.895471 causal_density=0.652202 target_group_coverage=0.873828 same_head_all_targets_hit=1.000000 rank_loss=0.162049 aggregation_loss=0.000000 negative_penalty=0.000131 soft_effective_blocks=185.838243 current_block_budget=256.000000 energy_mean=0.034186 energy_std=0.174811 lr=4.909046e-05 grad_norm=0.131663
step=03550 layers=0,33 seq_len=64490 skipped_length=0 loss=0.278529 teacher_kl=0.799733 teacher_l1=0.000684 topk_boundary_loss=0.009272 teacher_recall=0.881440 causal_density=0.652197 target_group_coverage=0.846745 same_head_all_targets_hit=1.000000 rank_loss=0.140593 aggregation_loss=0.000000 negative_penalty=0.000128 soft_effective_blocks=190.261266 current_block_budget=256.000000 energy_mean=0.033204 energy_std=0.170407 lr=4.908451e-05 grad_norm=0.145350
step=03560 layers=4,8 seq_len=51728 skipped_length=0 loss=0.254281 teacher_kl=0.733347 teacher_l1=0.000707 topk_boundary_loss=0.008503 teacher_recall=0.896925 causal_density=0.652288 target_group_coverage=0.864314 same_head_all_targets_hit=1.000000 rank_loss=0.104074 aggregation_loss=0.055077 negative_penalty=0.000138 soft_effective_blocks=180.250746 current_block_budget=256.000000 energy_mean=0.034650 energy_std=0.180871 lr=4.907853e-05 grad_norm=0.089269
step=03570 layers=4,27 seq_len=55010 skipped_length=0 loss=0.259343 teacher_kl=0.741894 teacher_l1=0.000684 topk_boundary_loss=0.008035 teacher_recall=0.899593 causal_density=0.652224 target_group_coverage=0.887891 same_head_all_targets_hit=1.000000 rank_loss=0.124661 aggregation_loss=0.035779 negative_penalty=0.000147 soft_effective_blocks=196.132396 current_block_budget=256.000000 energy_mean=0.033643 energy_std=0.162827 lr=4.907254e-05 grad_norm=0.126619
step=03580 layers=19,35 seq_len=53277 skipped_length=0 loss=0.283897 teacher_kl=0.808822 teacher_l1=0.000747 topk_boundary_loss=0.008883 teacher_recall=0.895285 causal_density=0.652290 target_group_coverage=0.794635 same_head_all_targets_hit=1.000000 rank_loss=0.137890 aggregation_loss=0.034930 negative_penalty=0.000122 soft_effective_blocks=173.788773 current_block_budget=256.000000 energy_mean=0.034713 energy_std=0.184917 lr=4.906652e-05 grad_norm=0.143304
step=03590 layers=11,25 seq_len=60980 skipped_length=0 loss=0.255988 teacher_kl=0.687272 teacher_l1=0.000621 topk_boundary_loss=0.008242 teacher_recall=0.895871 causal_density=0.652151 target_group_coverage=0.901059 same_head_all_targets_hit=1.000000 rank_loss=0.129890 aggregation_loss=0.035972 negative_penalty=0.000140 soft_effective_blocks=200.304356 current_block_budget=256.000000 energy_mean=0.033636 energy_std=0.167844 lr=4.906049e-05 grad_norm=0.095204
step=03600 layers=12,32 seq_len=59200 skipped_length=0 loss=0.277149 teacher_kl=0.777000 teacher_l1=0.000683 topk_boundary_loss=0.009028 teacher_recall=0.901065 causal_density=0.652209 target_group_coverage=0.908125 same_head_all_targets_hit=1.000000 rank_loss=0.132154 aggregation_loss=0.036167 negative_penalty=0.000117 soft_effective_blocks=183.441855 current_block_budget=256.000000 energy_mean=0.033303 energy_std=0.178143 lr=4.905444e-05 grad_norm=0.151763
step=03610 layers=5,27 seq_len=61859 skipped_length=0 loss=0.281026 teacher_kl=0.794368 teacher_l1=0.000719 topk_boundary_loss=0.008440 teacher_recall=0.897054 causal_density=0.652242 target_group_coverage=0.753073 same_head_all_targets_hit=1.000000 rank_loss=0.142543 aggregation_loss=0.035130 negative_penalty=0.000163 soft_effective_blocks=179.656342 current_block_budget=256.000000 energy_mean=0.033930 energy_std=0.184960 lr=4.904837e-05 grad_norm=0.146477
step=03620 layers=10,22 seq_len=56231 skipped_length=0 loss=0.274473 teacher_kl=0.734080 teacher_l1=0.000655 topk_boundary_loss=0.009146 teacher_recall=0.890396 causal_density=0.652159 target_group_coverage=0.831536 same_head_all_targets_hit=1.000000 rank_loss=0.144374 aggregation_loss=0.018120 negative_penalty=0.000087 soft_effective_blocks=196.193311 current_block_budget=256.000000 energy_mean=0.034152 energy_std=0.167013 lr=4.904228e-05 grad_norm=0.112992
step=03630 layers=6,25 seq_len=64339 skipped_length=0 loss=0.259714 teacher_kl=0.648812 teacher_l1=0.000614 topk_boundary_loss=0.007990 teacher_recall=0.899933 causal_density=0.652166 target_group_coverage=0.772266 same_head_all_targets_hit=1.000000 rank_loss=0.164059 aggregation_loss=0.000000 negative_penalty=0.000136 soft_effective_blocks=186.218266 current_block_budget=256.000000 energy_mean=0.033807 energy_std=0.181299 lr=4.903617e-05 grad_norm=0.145142
step=03640 layers=17,34 seq_len=59138 skipped_length=0 loss=0.294124 teacher_kl=0.869951 teacher_l1=0.000744 topk_boundary_loss=0.009427 teacher_recall=0.885293 causal_density=0.652315 target_group_coverage=0.750868 same_head_all_targets_hit=0.950000 rank_loss=0.139428 aggregation_loss=0.018067 negative_penalty=0.000143 soft_effective_blocks=190.343469 current_block_budget=256.000000 energy_mean=0.034360 energy_std=0.163588 lr=4.903005e-05 grad_norm=0.111013
step=03650 layers=7,29 seq_len=59476 skipped_length=0 loss=0.265386 teacher_kl=0.721197 teacher_l1=0.000657 topk_boundary_loss=0.008293 teacher_recall=0.894501 causal_density=0.652222 target_group_coverage=0.864609 same_head_all_targets_hit=1.000000 rank_loss=0.143515 aggregation_loss=0.018863 negative_penalty=0.000140 soft_effective_blocks=187.591252 current_block_budget=256.000000 energy_mean=0.033969 energy_std=0.175993 lr=4.902390e-05 grad_norm=0.149441
step=03660 layers=3,9 seq_len=65285 skipped_length=0 loss=0.261962 teacher_kl=0.680581 teacher_l1=0.000612 topk_boundary_loss=0.008688 teacher_recall=0.894795 causal_density=0.652142 target_group_coverage=0.839019 same_head_all_targets_hit=0.950000 rank_loss=0.135697 aggregation_loss=0.035665 negative_penalty=0.000101 soft_effective_blocks=204.512685 current_block_budget=256.000000 energy_mean=0.033431 energy_std=0.158798 lr=4.901774e-05 grad_norm=0.082803
step=03670 layers=4,19 seq_len=61335 skipped_length=0 loss=0.293325 teacher_kl=0.832164 teacher_l1=0.000737 topk_boundary_loss=0.009408 teacher_recall=0.898662 causal_density=0.652211 target_group_coverage=0.710694 same_head_all_targets_hit=1.000000 rank_loss=0.140075 aggregation_loss=0.036599 negative_penalty=0.000140 soft_effective_blocks=179.531639 current_block_budget=256.000000 energy_mean=0.033827 energy_std=0.185629 lr=4.901155e-05 grad_norm=0.137269
step=03680 layers=5,30 seq_len=64412 skipped_length=0 loss=0.279191 teacher_kl=0.729661 teacher_l1=0.000662 topk_boundary_loss=0.008839 teacher_recall=0.880096 causal_density=0.652182 target_group_coverage=0.882161 same_head_all_targets_hit=1.000000 rank_loss=0.157316 aggregation_loss=0.018398 negative_penalty=0.000144 soft_effective_blocks=188.173100 current_block_budget=256.000000 energy_mean=0.033988 energy_std=0.175646 lr=4.900535e-05 grad_norm=0.126163
step=03690 layers=3,33 seq_len=65328 skipped_length=0 loss=0.258992 teacher_kl=0.753882 teacher_l1=0.000697 topk_boundary_loss=0.008275 teacher_recall=0.898766 causal_density=0.652250 target_group_coverage=0.882453 same_head_all_targets_hit=0.950000 rank_loss=0.117658 aggregation_loss=0.036316 negative_penalty=0.000143 soft_effective_blocks=185.322937 current_block_budget=256.000000 energy_mean=0.034112 energy_std=0.176566 lr=4.899913e-05 grad_norm=0.131547
step=03700 layers=1,13 seq_len=50709 skipped_length=0 loss=0.289050 teacher_kl=0.774111 teacher_l1=0.000698 topk_boundary_loss=0.009358 teacher_recall=0.895411 causal_density=0.652212 target_group_coverage=0.904687 same_head_all_targets_hit=1.000000 rank_loss=0.163385 aggregation_loss=0.000000 negative_penalty=0.000135 soft_effective_blocks=191.794669 current_block_budget=256.000000 energy_mean=0.033974 energy_std=0.170749 lr=4.899289e-05 grad_norm=0.171380
step=03710 layers=19,35 seq_len=60264 skipped_length=0 loss=0.261234 teacher_kl=0.718359 teacher_l1=0.000625 topk_boundary_loss=0.008416 teacher_recall=0.891436 causal_density=0.652182 target_group_coverage=0.814167 same_head_all_targets_hit=1.000000 rank_loss=0.136280 aggregation_loss=0.017407 negative_penalty=0.000119 soft_effective_blocks=188.687961 current_block_budget=256.000000 energy_mean=0.034313 energy_std=0.175358 lr=4.898663e-05 grad_norm=0.114211
step=03720 layers=0,4 seq_len=52871 skipped_length=0 loss=0.273243 teacher_kl=0.698008 teacher_l1=0.000666 topk_boundary_loss=0.008808 teacher_recall=0.896939 causal_density=0.652252 target_group_coverage=0.859288 same_head_all_targets_hit=1.000000 rank_loss=0.155484 aggregation_loss=0.019001 negative_penalty=0.000147 soft_effective_blocks=184.328120 current_block_budget=256.000000 energy_mean=0.034849 energy_std=0.178679 lr=4.898035e-05 grad_norm=0.114599
step=03730 layers=11,17 seq_len=52301 skipped_length=0 loss=0.274236 teacher_kl=0.818290 teacher_l1=0.000717 topk_boundary_loss=0.008643 teacher_recall=0.897885 causal_density=0.652234 target_group_coverage=0.878906 same_head_all_targets_hit=1.000000 rank_loss=0.122607 aggregation_loss=0.034975 negative_penalty=0.000155 soft_effective_blocks=190.857787 current_block_budget=256.000000 energy_mean=0.033492 energy_std=0.170706 lr=4.897405e-05 grad_norm=0.126726
step=03740 layers=0,5 seq_len=52090 skipped_length=0 loss=0.289608 teacher_kl=0.784442 teacher_l1=0.000709 topk_boundary_loss=0.009234 teacher_recall=0.885761 causal_density=0.652260 target_group_coverage=0.722396 same_head_all_targets_hit=1.000000 rank_loss=0.163388 aggregation_loss=0.000000 negative_penalty=0.000123 soft_effective_blocks=182.761271 current_block_budget=256.000000 energy_mean=0.035032 energy_std=0.180208 lr=4.896774e-05 grad_norm=0.130962
step=03750 layers=8,19 seq_len=59978 skipped_length=0 loss=0.280078 teacher_kl=0.756963 teacher_l1=0.000689 topk_boundary_loss=0.008747 teacher_recall=0.902107 causal_density=0.652189 target_group_coverage=0.848151 same_head_all_targets_hit=0.950000 rank_loss=0.145247 aggregation_loss=0.037484 negative_penalty=0.000168 soft_effective_blocks=188.126501 current_block_budget=256.000000 energy_mean=0.034247 energy_std=0.177997 lr=4.896140e-05 grad_norm=0.108357
[save] raw=/inspire/hdd/global_user/gexinmu-253108100065/Repos/fuyicheng_workshop/Innovator-lm-evaluation-hardness/x-attention-main/xattn/qwen_weights/conv_qwen3_boundary_v2/conv_kernel_7x7_qwen3_8b_boundary_v2_t065_s16_48k64k_bf16_step3750.pt
[save] ema=/inspire/hdd/global_user/gexinmu-253108100065/Repos/fuyicheng_workshop/Innovator-lm-evaluation-hardness/x-attention-main/xattn/qwen_weights/conv_qwen3_boundary_v2/conv_kernel_7x7_qwen3_8b_boundary_v2_t065_s16_48k64k_bf16_ema_step3750.pt
[save] state=/inspire/hdd/global_user/gexinmu-253108100065/Repos/fuyicheng_workshop/Innovator-lm-evaluation-hardness/x-attention-main/xattn/qwen_weights/conv_qwen3_boundary_v2/conv_kernel_7x7_qwen3_8b_boundary_v2_t065_s16_48k64k_bf16_train_state.pt
step=03760 layers=11,33 seq_len=55557 skipped_length=0 loss=0.259639 teacher_kl=0.741500 teacher_l1=0.000719 topk_boundary_loss=0.009004 teacher_recall=0.885958 causal_density=0.652328 target_group_coverage=0.900477 same_head_all_targets_hit=0.950000 rank_loss=0.112419 aggregation_loss=0.035570 negative_penalty=0.000123 soft_effective_blocks=179.225395 current_block_budget=256.000000 energy_mean=0.036569 energy_std=0.179323 lr=4.895505e-05 grad_norm=0.092703
step=03770 layers=12,32 seq_len=49749 skipped_length=0 loss=0.292446 teacher_kl=0.761931 teacher_l1=0.000681 topk_boundary_loss=0.011104 teacher_recall=0.891076 causal_density=0.652223 target_group_coverage=0.752630 same_head_all_targets_hit=1.000000 rank_loss=0.133676 aggregation_loss=0.036310 negative_penalty=0.000133 soft_effective_blocks=181.658313 current_block_budget=256.000000 energy_mean=0.033997 energy_std=0.183114 lr=4.894868e-05 grad_norm=0.221955
step=03780 layers=4,7 seq_len=61722 skipped_length=0 loss=0.274932 teacher_kl=0.677229 teacher_l1=0.000640 topk_boundary_loss=0.009376 teacher_recall=0.900475 causal_density=0.652237 target_group_coverage=0.860938 same_head_all_targets_hit=1.000000 rank_loss=0.156518 aggregation_loss=0.017577 negative_penalty=0.000147 soft_effective_blocks=186.250499 current_block_budget=256.000000 energy_mean=0.035510 energy_std=0.175650 lr=4.894229e-05 grad_norm=0.175801
step=03790 layers=24,35 seq_len=65148 skipped_length=0 loss=0.252663 teacher_kl=0.716249 teacher_l1=0.000644 topk_boundary_loss=0.008171 teacher_recall=0.896611 causal_density=0.652152 target_group_coverage=0.919453 same_head_all_targets_hit=1.000000 rank_loss=0.117640 aggregation_loss=0.036945 negative_penalty=0.000162 soft_effective_blocks=185.269637 current_block_budget=256.000000 energy_mean=0.033831 energy_std=0.183725 lr=4.893588e-05 grad_norm=0.112511
step=03800 layers=23,30 seq_len=60038 skipped_length=0 loss=0.280423 teacher_kl=0.759786 teacher_l1=0.000704 topk_boundary_loss=0.008871 teacher_recall=0.886821 causal_density=0.652307 target_group_coverage=0.860425 same_head_all_targets_hit=1.000000 rank_loss=0.144047 aggregation_loss=0.036096 negative_penalty=0.000126 soft_effective_blocks=184.957187 current_block_budget=256.000000 energy_mean=0.035734 energy_std=0.172584 lr=4.892945e-05 grad_norm=0.124568
step=03810 layers=8,9 seq_len=51584 skipped_length=0 loss=0.267842 teacher_kl=0.706381 teacher_l1=0.000706 topk_boundary_loss=0.007739 teacher_recall=0.897852 causal_density=0.652376 target_group_coverage=0.887891 same_head_all_targets_hit=1.000000 rank_loss=0.166558 aggregation_loss=0.000000 negative_penalty=0.000112 soft_effective_blocks=178.746564 current_block_budget=256.000000 energy_mean=0.037406 energy_std=0.180605 lr=4.892300e-05 grad_norm=0.088602
step=03820 layers=12,20 seq_len=58258 skipped_length=0 loss=0.305576 teacher_kl=0.854725 teacher_l1=0.000772 topk_boundary_loss=0.009111 teacher_recall=0.896041 causal_density=0.652246 target_group_coverage=0.854167 same_head_all_targets_hit=1.000000 rank_loss=0.174060 aggregation_loss=0.000000 negative_penalty=0.000189 soft_effective_blocks=181.814699 current_block_budget=256.000000 energy_mean=0.034136 energy_std=0.179690 lr=4.891653e-05 grad_norm=0.132736
step=03830 layers=8,25 seq_len=60432 skipped_length=0 loss=0.272630 teacher_kl=0.706758 teacher_l1=0.000618 topk_boundary_loss=0.009208 teacher_recall=0.897598 causal_density=0.652126 target_group_coverage=0.721007 same_head_all_targets_hit=1.000000 rank_loss=0.147169 aggregation_loss=0.018465 negative_penalty=0.000121 soft_effective_blocks=195.728975 current_block_budget=256.000000 energy_mean=0.033439 energy_std=0.175946 lr=4.891005e-05 grad_norm=0.120067
step=03840 layers=10,17 seq_len=62191 skipped_length=0 loss=0.267356 teacher_kl=0.760869 teacher_l1=0.000662 topk_boundary_loss=0.009117 teacher_recall=0.885803 causal_density=0.652194 target_group_coverage=0.851319 same_head_all_targets_hit=1.000000 rank_loss=0.118617 aggregation_loss=0.036323 negative_penalty=0.000130 soft_effective_blocks=196.292136 current_block_budget=256.000000 energy_mean=0.034778 energy_std=0.166956 lr=4.890354e-05 grad_norm=0.108941
step=03850 layers=4,27 seq_len=50975 skipped_length=0 loss=0.252170 teacher_kl=0.700088 teacher_l1=0.000635 topk_boundary_loss=0.008385 teacher_recall=0.903401 causal_density=0.652173 target_group_coverage=0.847031 same_head_all_targets_hit=1.000000 rank_loss=0.110731 aggregation_loss=0.054406 negative_penalty=0.000168 soft_effective_blocks=187.877699 current_block_budget=256.000000 energy_mean=0.033657 energy_std=0.178604 lr=4.889702e-05 grad_norm=0.112752
step=03860 layers=26,32 seq_len=57104 skipped_length=0 loss=0.265227 teacher_kl=0.700183 teacher_l1=0.000664 topk_boundary_loss=0.007993 teacher_recall=0.904365 causal_density=0.652231 target_group_coverage=0.808880 same_head_all_targets_hit=1.000000 rank_loss=0.152995 aggregation_loss=0.017688 negative_penalty=0.000113 soft_effective_blocks=190.806192 current_block_budget=256.000000 energy_mean=0.035405 energy_std=0.173973 lr=4.889048e-05 grad_norm=0.125146
step=03870 layers=30,31 seq_len=60825 skipped_length=0 loss=0.281679 teacher_kl=0.770270 teacher_l1=0.000696 topk_boundary_loss=0.008767 teacher_recall=0.895969 causal_density=0.652239 target_group_coverage=0.878429 same_head_all_targets_hit=1.000000 rank_loss=0.151961 aggregation_loss=0.019160 negative_penalty=0.000165 soft_effective_blocks=177.751360 current_block_budget=256.000000 energy_mean=0.034915 energy_std=0.186608 lr=4.888392e-05 grad_norm=0.094764
step=03880 layers=0,30 seq_len=56641 skipped_length=0 loss=0.280325 teacher_kl=0.737663 teacher_l1=0.000694 topk_boundary_loss=0.008205 teacher_recall=0.904903 causal_density=0.652207 target_group_coverage=0.762891 same_head_all_targets_hit=1.000000 rank_loss=0.173322 aggregation_loss=0.000000 negative_penalty=0.000172 soft_effective_blocks=179.313803 current_block_budget=256.000000 energy_mean=0.034953 energy_std=0.188780 lr=4.887734e-05 grad_norm=0.170884
step=03890 layers=29,34 seq_len=59047 skipped_length=0 loss=0.279368 teacher_kl=0.769974 teacher_l1=0.000653 topk_boundary_loss=0.008827 teacher_recall=0.887391 causal_density=0.652229 target_group_coverage=0.867734 same_head_all_targets_hit=1.000000 rank_loss=0.147763 aggregation_loss=0.018245 negative_penalty=0.000111 soft_effective_blocks=196.738487 current_block_budget=256.000000 energy_mean=0.034749 energy_std=0.165496 lr=4.887074e-05 grad_norm=0.100694
step=03900 layers=18,30 seq_len=60193 skipped_length=0 loss=0.273348 teacher_kl=0.797367 teacher_l1=0.000723 topk_boundary_loss=0.009877 teacher_recall=0.896095 causal_density=0.652237 target_group_coverage=0.753116 same_head_all_targets_hit=0.900000 rank_loss=0.101881 aggregation_loss=0.054246 negative_penalty=0.000140 soft_effective_blocks=188.787531 current_block_budget=256.000000 energy_mean=0.034802 energy_std=0.176289 lr=4.886412e-05 grad_norm=0.125096
step=03910 layers=9,12 seq_len=55311 skipped_length=0 loss=0.253521 teacher_kl=0.639760 teacher_l1=0.000642 topk_boundary_loss=0.008750 teacher_recall=0.895575 causal_density=0.652359 target_group_coverage=0.841970 same_head_all_targets_hit=1.000000 rank_loss=0.138285 aggregation_loss=0.018201 negative_penalty=0.000142 soft_effective_blocks=177.908409 current_block_budget=256.000000 energy_mean=0.037781 energy_std=0.183958 lr=4.885749e-05 grad_norm=0.139549
step=03920 layers=8,32 seq_len=62262 skipped_length=0 loss=0.271606 teacher_kl=0.775997 teacher_l1=0.000685 topk_boundary_loss=0.008009 teacher_recall=0.906552 causal_density=0.652189 target_group_coverage=0.776797 same_head_all_targets_hit=1.000000 rank_loss=0.129245 aggregation_loss=0.054204 negative_penalty=0.000187 soft_effective_blocks=185.330042 current_block_budget=256.000000 energy_mean=0.034466 energy_std=0.183970 lr=4.885083e-05 grad_norm=0.130144
step=03930 layers=6,10 seq_len=63681 skipped_length=0 loss=0.280552 teacher_kl=0.731598 teacher_l1=0.000633 topk_boundary_loss=0.008847 teacher_recall=0.896718 causal_density=0.652143 target_group_coverage=0.809974 same_head_all_targets_hit=1.000000 rank_loss=0.158989 aggregation_loss=0.018434 negative_penalty=0.000168 soft_effective_blocks=192.436006 current_block_budget=256.000000 energy_mean=0.033621 energy_std=0.175539 lr=4.884416e-05 grad_norm=0.158340
step=03940 layers=2,28 seq_len=56806 skipped_length=0 loss=0.270323 teacher_kl=0.751577 teacher_l1=0.000672 topk_boundary_loss=0.009113 teacher_recall=0.894667 causal_density=0.652191 target_group_coverage=0.801953 same_head_all_targets_hit=1.000000 rank_loss=0.133638 aggregation_loss=0.017855 negative_penalty=0.000088 soft_effective_blocks=190.168478 current_block_budget=256.000000 energy_mean=0.034974 energy_std=0.176819 lr=4.883747e-05 grad_norm=0.090909
step=03950 layers=10,22 seq_len=52639 skipped_length=0 loss=0.280110 teacher_kl=0.783015 teacher_l1=0.000711 topk_boundary_loss=0.008472 teacher_recall=0.902163 causal_density=0.652305 target_group_coverage=0.912587 same_head_all_targets_hit=1.000000 rank_loss=0.150742 aggregation_loss=0.017568 negative_penalty=0.000171 soft_effective_blocks=185.290825 current_block_budget=256.000000 energy_mean=0.035258 energy_std=0.175586 lr=4.883075e-05 grad_norm=0.105749
step=03960 layers=11,30 seq_len=56825 skipped_length=0 loss=0.282762 teacher_kl=0.732382 teacher_l1=0.000674 topk_boundary_loss=0.008579 teacher_recall=0.887593 causal_density=0.652212 target_group_coverage=0.819141 same_head_all_targets_hit=1.000000 rank_loss=0.173721 aggregation_loss=0.000000 negative_penalty=0.000153 soft_effective_blocks=182.102258 current_block_budget=256.000000 energy_mean=0.035667 energy_std=0.183511 lr=4.882402e-05 grad_norm=0.110965
step=03970 layers=28,34 seq_len=53678 skipped_length=0 loss=0.258410 teacher_kl=0.761223 teacher_l1=0.000682 topk_boundary_loss=0.008778 teacher_recall=0.883129 causal_density=0.652265 target_group_coverage=0.883247 same_head_all_targets_hit=1.000000 rank_loss=0.115888 aggregation_loss=0.017741 negative_penalty=0.000137 soft_effective_blocks=190.423950 current_block_budget=256.000000 energy_mean=0.035837 energy_std=0.171683 lr=4.881728e-05 grad_norm=0.091373
step=03980 layers=16,25 seq_len=54594 skipped_length=0 loss=0.276976 teacher_kl=0.777200 teacher_l1=0.000709 topk_boundary_loss=0.009226 teacher_recall=0.895366 causal_density=0.652201 target_group_coverage=0.768047 same_head_all_targets_hit=1.000000 rank_loss=0.121596 aggregation_loss=0.054351 negative_penalty=0.000172 soft_effective_blocks=178.816194 current_block_budget=256.000000 energy_mean=0.034445 energy_std=0.187498 lr=4.881051e-05 grad_norm=0.137395
step=03990 layers=5,12 seq_len=61093 skipped_length=0 loss=0.285687 teacher_kl=0.787590 teacher_l1=0.000681 topk_boundary_loss=0.009391 teacher_recall=0.889431 causal_density=0.652210 target_group_coverage=0.888359 same_head_all_targets_hit=1.000000 rank_loss=0.139162 aggregation_loss=0.035545 negative_penalty=0.000145 soft_effective_blocks=194.084044 current_block_budget=256.000000 energy_mean=0.034162 energy_std=0.172877 lr=4.880372e-05 grad_norm=0.164408
step=04000 layers=22,33 seq_len=53030 skipped_length=0 loss=0.261722 teacher_kl=0.667467 teacher_l1=0.000620 topk_boundary_loss=0.010036 teacher_recall=0.900141 causal_density=0.652229 target_group_coverage=0.828542 same_head_all_targets_hit=0.950000 rank_loss=0.127875 aggregation_loss=0.018221 negative_penalty=0.000125 soft_effective_blocks=182.658434 current_block_budget=256.000000 energy_mean=0.036869 energy_std=0.185845 lr=4.879692e-05 grad_norm=0.129893
[save] raw=/inspire/hdd/global_user/gexinmu-253108100065/Repos/fuyicheng_workshop/Innovator-lm-evaluation-hardness/x-attention-main/xattn/qwen_weights/conv_qwen3_boundary_v2/conv_kernel_7x7_qwen3_8b_boundary_v2_t065_s16_48k64k_bf16_step4000.pt
[save] ema=/inspire/hdd/global_user/gexinmu-253108100065/Repos/fuyicheng_workshop/Innovator-lm-evaluation-hardness/x-attention-main/xattn/qwen_weights/conv_qwen3_boundary_v2/conv_kernel_7x7_qwen3_8b_boundary_v2_t065_s16_48k64k_bf16_ema_step4000.pt
[save] state=/inspire/hdd/global_user/gexinmu-253108100065/Repos/fuyicheng_workshop/Innovator-lm-evaluation-hardness/x-attention-main/xattn/qwen_weights/conv_qwen3_boundary_v2/conv_kernel_7x7_qwen3_8b_boundary_v2_t065_s16_48k64k_bf16_train_state.pt
step=04010 layers=11,35 seq_len=61029 skipped_length=0 loss=0.273052 teacher_kl=0.783384 teacher_l1=0.000707 topk_boundary_loss=0.008800 teacher_recall=0.886637 causal_density=0.652178 target_group_coverage=0.791641 same_head_all_targets_hit=1.000000 rank_loss=0.134033 aggregation_loss=0.018727 negative_penalty=0.000187 soft_effective_blocks=182.416534 current_block_budget=256.000000 energy_mean=0.034350 energy_std=0.184689 lr=4.879010e-05 grad_norm=0.136696
step=04020 layers=0,20 seq_len=61854 skipped_length=0 loss=0.256689 teacher_kl=0.695075 teacher_l1=0.000604 topk_boundary_loss=0.008526 teacher_recall=0.901569 causal_density=0.652195 target_group_coverage=0.749436 same_head_all_targets_hit=1.000000 rank_loss=0.125093 aggregation_loss=0.036531 negative_penalty=0.000099 soft_effective_blocks=200.810783 current_block_budget=256.000000 energy_mean=0.035366 energy_std=0.167632 lr=4.878325e-05 grad_norm=0.105109
step=04030 layers=18,23 seq_len=65269 skipped_length=0 loss=0.276858 teacher_kl=0.712204 teacher_l1=0.000643 topk_boundary_loss=0.008516 teacher_recall=0.895312 causal_density=0.652177 target_group_coverage=0.832656 same_head_all_targets_hit=0.900000 rank_loss=0.162391 aggregation_loss=0.017710 negative_penalty=0.000180 soft_effective_blocks=189.136185 current_block_budget=256.000000 energy_mean=0.034223 energy_std=0.179869 lr=4.877639e-05 grad_norm=0.119073
step=04040 layers=26,28 seq_len=54988 skipped_length=0 loss=0.270524 teacher_kl=0.745082 teacher_l1=0.000665 topk_boundary_loss=0.008671 teacher_recall=0.901925 causal_density=0.652173 target_group_coverage=0.917934 same_head_all_targets_hit=0.950000 rank_loss=0.133451 aggregation_loss=0.037128 negative_penalty=0.000145 soft_effective_blocks=179.989896 current_block_budget=256.000000 energy_mean=0.036002 energy_std=0.193428 lr=4.876951e-05 grad_norm=0.163613
step=04050 layers=20,31 seq_len=56339 skipped_length=0 loss=0.297456 teacher_kl=0.807420 teacher_l1=0.000718 topk_boundary_loss=0.010087 teacher_recall=0.878211 causal_density=0.652237 target_group_coverage=0.792344 same_head_all_targets_hit=0.950000 rank_loss=0.151987 aggregation_loss=0.017664 negative_penalty=0.000158 soft_effective_blocks=192.066646 current_block_budget=256.000000 energy_mean=0.034714 energy_std=0.168433 lr=4.876262e-05 grad_norm=0.120992
step=04060 layers=8,35 seq_len=51991 skipped_length=0 loss=0.276876 teacher_kl=0.781440 teacher_l1=0.000728 topk_boundary_loss=0.008529 teacher_recall=0.897016 causal_density=0.652277 target_group_coverage=0.911458 same_head_all_targets_hit=1.000000 rank_loss=0.137423 aggregation_loss=0.035721 negative_penalty=0.000168 soft_effective_blocks=176.818333 current_block_budget=256.000000 energy_mean=0.035588 energy_std=0.189214 lr=4.875570e-05 grad_norm=0.105603
step=04070 layers=18,33 seq_len=58761 skipped_length=0 loss=0.263172 teacher_kl=0.687133 teacher_l1=0.000618 topk_boundary_loss=0.009045 teacher_recall=0.878138 causal_density=0.652193 target_group_coverage=0.749696 same_head_all_targets_hit=0.950000 rank_loss=0.123693 aggregation_loss=0.053960 negative_penalty=0.000146 soft_effective_blocks=194.695981 current_block_budget=256.000000 energy_mean=0.036069 energy_std=0.171617 lr=4.874877e-05 grad_norm=0.106931
step=04080 layers=0,14 seq_len=65246 skipped_length=0 loss=0.305399 teacher_kl=0.824334 teacher_l1=0.000701 topk_boundary_loss=0.010901 teacher_recall=0.892119 causal_density=0.652200 target_group_coverage=0.836458 same_head_all_targets_hit=1.000000 rank_loss=0.157498 aggregation_loss=0.000000 negative_penalty=0.000144 soft_effective_blocks=188.976669 current_block_budget=256.000000 energy_mean=0.034121 energy_std=0.179028 lr=4.874181e-05 grad_norm=0.147014
step=04090 layers=12,21 seq_len=57433 skipped_length=0 loss=0.255714 teacher_kl=0.733626 teacher_l1=0.000673 topk_boundary_loss=0.008166 teacher_recall=0.901272 causal_density=0.652200 target_group_coverage=0.807205 same_head_all_targets_hit=0.900000 rank_loss=0.118677 aggregation_loss=0.036379 negative_penalty=0.000155 soft_effective_blocks=188.054480 current_block_budget=256.000000 energy_mean=0.035462 energy_std=0.180347 lr=4.873484e-05 grad_norm=0.098297
step=04100 layers=8,34 seq_len=62768 skipped_length=0 loss=0.271826 teacher_kl=0.749960 teacher_l1=0.000678 topk_boundary_loss=0.008773 teacher_recall=0.887996 causal_density=0.652233 target_group_coverage=0.812795 same_head_all_targets_hit=1.000000 rank_loss=0.133415 aggregation_loss=0.036236 negative_penalty=0.000157 soft_effective_blocks=192.621944 current_block_budget=256.000000 energy_mean=0.035625 energy_std=0.173458 lr=4.872785e-05 grad_norm=0.093625
step=04110 layers=9,16 seq_len=65084 skipped_length=0 loss=0.281856 teacher_kl=0.791279 teacher_l1=0.000689 topk_boundary_loss=0.008740 teacher_recall=0.898646 causal_density=0.652093 target_group_coverage=0.751215 same_head_all_targets_hit=1.000000 rank_loss=0.139569 aggregation_loss=0.037847 negative_penalty=0.000127 soft_effective_blocks=187.867607 current_block_budget=256.000000 energy_mean=0.033748 energy_std=0.184419 lr=4.872084e-05 grad_norm=0.123775
step=04120 layers=13,14 seq_len=54151 skipped_length=0 loss=0.268237 teacher_kl=0.701721 teacher_l1=0.000612 topk_boundary_loss=0.008247 teacher_recall=0.904406 causal_density=0.652139 target_group_coverage=0.848047 same_head_all_targets_hit=1.000000 rank_loss=0.161609 aggregation_loss=0.000000 negative_penalty=0.000176 soft_effective_blocks=192.456065 current_block_budget=256.000000 energy_mean=0.034396 energy_std=0.178905 lr=4.871381e-05 grad_norm=0.123051
step=04130 layers=5,30 seq_len=59043 skipped_length=0 loss=0.256990 teacher_kl=0.673419 teacher_l1=0.000603 topk_boundary_loss=0.009433 teacher_recall=0.896240 causal_density=0.652171 target_group_coverage=0.784540 same_head_all_targets_hit=0.950000 rank_loss=0.111405 aggregation_loss=0.054527 negative_penalty=0.000139 soft_effective_blocks=202.032872 current_block_budget=256.000000 energy_mean=0.035052 energy_std=0.169330 lr=4.870676e-05 grad_norm=0.130626
step=04140 layers=6,20 seq_len=59005 skipped_length=0 loss=0.273445 teacher_kl=0.797611 teacher_l1=0.000726 topk_boundary_loss=0.008758 teacher_recall=0.891781 causal_density=0.652291 target_group_coverage=0.810122 same_head_all_targets_hit=0.950000 rank_loss=0.117026 aggregation_loss=0.053936 negative_penalty=0.000165 soft_effective_blocks=173.580798 current_block_budget=256.000000 energy_mean=0.036895 energy_std=0.191107 lr=4.869970e-05 grad_norm=0.108276
step=04150 layers=12,23 seq_len=54377 skipped_length=0 loss=0.277695 teacher_kl=0.758713 teacher_l1=0.000681 topk_boundary_loss=0.008654 teacher_recall=0.895566 causal_density=0.652177 target_group_coverage=0.856667 same_head_all_targets_hit=0.950000 rank_loss=0.149952 aggregation_loss=0.018588 negative_penalty=0.000164 soft_effective_blocks=186.696664 current_block_budget=256.000000 energy_mean=0.034458 energy_std=0.181563 lr=4.869261e-05 grad_norm=0.096587
step=04160 layers=15,25 seq_len=60127 skipped_length=0 loss=0.283286 teacher_kl=0.788417 teacher_l1=0.000665 topk_boundary_loss=0.008513 teacher_recall=0.892919 causal_density=0.652182 target_group_coverage=0.869010 same_head_all_targets_hit=1.000000 rank_loss=0.161470 aggregation_loss=0.000000 negative_penalty=0.000128 soft_effective_blocks=195.205800 current_block_budget=256.000000 energy_mean=0.035432 energy_std=0.175854 lr=4.868551e-05 grad_norm=0.100073
step=04170 layers=26,29 seq_len=60411 skipped_length=0 loss=0.268955 teacher_kl=0.656176 teacher_l1=0.000639 topk_boundary_loss=0.008727 teacher_recall=0.904000 causal_density=0.652231 target_group_coverage=0.835156 same_head_all_targets_hit=1.000000 rank_loss=0.167791 aggregation_loss=0.000000 negative_penalty=0.000176 soft_effective_blocks=184.700073 current_block_budget=256.000000 energy_mean=0.036378 energy_std=0.185286 lr=4.867839e-05 grad_norm=0.138784
step=04180 layers=21,35 seq_len=62809 skipped_length=0 loss=0.281278 teacher_kl=0.759831 teacher_l1=0.000669 topk_boundary_loss=0.008510 teacher_recall=0.894888 causal_density=0.652217 target_group_coverage=0.772812 same_head_all_targets_hit=0.950000 rank_loss=0.157751 aggregation_loss=0.018125 negative_penalty=0.000165 soft_effective_blocks=183.861974 current_block_budget=256.000000 energy_mean=0.035855 energy_std=0.182954 lr=4.867125e-05 grad_norm=0.144288
step=04190 layers=7,28 seq_len=62054 skipped_length=0 loss=0.264236 teacher_kl=0.721897 teacher_l1=0.000645 topk_boundary_loss=0.009515 teacher_recall=0.900515 causal_density=0.652184 target_group_coverage=0.798012 same_head_all_targets_hit=0.950000 rank_loss=0.117494 aggregation_loss=0.037189 negative_penalty=0.000150 soft_effective_blocks=186.681470 current_block_budget=256.000000 energy_mean=0.035975 energy_std=0.184268 lr=4.866409e-05 grad_norm=0.143985
step=04200 layers=1,16 seq_len=63795 skipped_length=0 loss=0.287543 teacher_kl=0.801730 teacher_l1=0.000705 topk_boundary_loss=0.009105 teacher_recall=0.889833 causal_density=0.652169 target_group_coverage=0.903594 same_head_all_targets_hit=1.000000 rank_loss=0.149623 aggregation_loss=0.018528 negative_penalty=0.000145 soft_effective_blocks=186.879382 current_block_budget=256.000000 energy_mean=0.034602 energy_std=0.181716 lr=4.865691e-05 grad_norm=0.094931
step=04210 layers=6,20 seq_len=59013 skipped_length=0 loss=0.270879 teacher_kl=0.704341 teacher_l1=0.000651 topk_boundary_loss=0.008359 teacher_recall=0.889181 causal_density=0.652266 target_group_coverage=0.905859 same_head_all_targets_hit=1.000000 rank_loss=0.163863 aggregation_loss=0.000000 negative_penalty=0.000161 soft_effective_blocks=187.406068 current_block_budget=256.000000 energy_mean=0.036631 energy_std=0.181161 lr=4.864972e-05 grad_norm=0.130506
step=04220 layers=31,35 seq_len=60778 skipped_length=0 loss=0.272482 teacher_kl=0.701016 teacher_l1=0.000637 topk_boundary_loss=0.008786 teacher_recall=0.889043 causal_density=0.652194 target_group_coverage=0.829297 same_head_all_targets_hit=1.000000 rank_loss=0.154156 aggregation_loss=0.018049 negative_penalty=0.000144 soft_effective_blocks=193.185008 current_block_budget=256.000000 energy_mean=0.036110 energy_std=0.174517 lr=4.864250e-05 grad_norm=0.116396
step=04230 layers=3,23 seq_len=58411 skipped_length=0 loss=0.292803 teacher_kl=0.805198 teacher_l1=0.000730 topk_boundary_loss=0.009005 teacher_recall=0.900479 causal_density=0.652296 target_group_coverage=0.847656 same_head_all_targets_hit=1.000000 rank_loss=0.166567 aggregation_loss=0.000000 negative_penalty=0.000183 soft_effective_blocks=178.449818 current_block_budget=256.000000 energy_mean=0.036161 energy_std=0.188778 lr=4.863527e-05 grad_norm=0.133588
step=04240 layers=13,18 seq_len=49462 skipped_length=0 loss=0.266469 teacher_kl=0.687744 teacher_l1=0.000658 topk_boundary_loss=0.008294 teacher_recall=0.886339 causal_density=0.652274 target_group_coverage=0.867188 same_head_all_targets_hit=1.000000 rank_loss=0.161530 aggregation_loss=0.000000 negative_penalty=0.000146 soft_effective_blocks=182.683611 current_block_budget=256.000000 energy_mean=0.038180 energy_std=0.183175 lr=4.862802e-05 grad_norm=0.119018
step=04250 layers=0,25 seq_len=63360 skipped_length=0 loss=0.289552 teacher_kl=0.843894 teacher_l1=0.000724 topk_boundary_loss=0.008540 teacher_recall=0.907306 causal_density=0.652191 target_group_coverage=0.922786 same_head_all_targets_hit=1.000000 rank_loss=0.157671 aggregation_loss=0.000000 negative_penalty=0.000190 soft_effective_blocks=179.079190 current_block_budget=256.000000 energy_mean=0.034188 energy_std=0.192026 lr=4.862075e-05 grad_norm=0.123800
[save] raw=/inspire/hdd/global_user/gexinmu-253108100065/Repos/fuyicheng_workshop/Innovator-lm-evaluation-hardness/x-attention-main/xattn/qwen_weights/conv_qwen3_boundary_v2/conv_kernel_7x7_qwen3_8b_boundary_v2_t065_s16_48k64k_bf16_step4250.pt
[save] ema=/inspire/hdd/global_user/gexinmu-253108100065/Repos/fuyicheng_workshop/Innovator-lm-evaluation-hardness/x-attention-main/xattn/qwen_weights/conv_qwen3_boundary_v2/conv_kernel_7x7_qwen3_8b_boundary_v2_t065_s16_48k64k_bf16_ema_step4250.pt
[save] state=/inspire/hdd/global_user/gexinmu-253108100065/Repos/fuyicheng_workshop/Innovator-lm-evaluation-hardness/x-attention-main/xattn/qwen_weights/conv_qwen3_boundary_v2/conv_kernel_7x7_qwen3_8b_boundary_v2_t065_s16_48k64k_bf16_train_state.pt
step=04260 layers=27,30 seq_len=58569 skipped_length=0 loss=0.275641 teacher_kl=0.702892 teacher_l1=0.000657 topk_boundary_loss=0.008712 teacher_recall=0.890771 causal_density=0.652266 target_group_coverage=0.775174 same_head_all_targets_hit=1.000000 rank_loss=0.159778 aggregation_loss=0.018421 negative_penalty=0.000190 soft_effective_blocks=184.789883 current_block_budget=256.000000 energy_mean=0.036904 energy_std=0.184037 lr=4.861346e-05 grad_norm=0.120869
step=04270 layers=18,35 seq_len=60302 skipped_length=0 loss=0.302169 teacher_kl=0.799786 teacher_l1=0.000690 topk_boundary_loss=0.011241 teacher_recall=0.894950 causal_density=0.652223 target_group_coverage=0.847500 same_head_all_targets_hit=1.000000 rank_loss=0.138670 aggregation_loss=0.036121 negative_penalty=0.000141 soft_effective_blocks=192.688234 current_block_budget=256.000000 energy_mean=0.035724 energy_std=0.175171 lr=4.860616e-05 grad_norm=0.210351
step=04280 layers=11,24 seq_len=63678 skipped_length=0 loss=0.262173 teacher_kl=0.703324 teacher_l1=0.000621 topk_boundary_loss=0.008164 teacher_recall=0.906459 causal_density=0.652101 target_group_coverage=0.692031 same_head_all_targets_hit=0.950000 rank_loss=0.137278 aggregation_loss=0.035853 negative_penalty=0.000138 soft_effective_blocks=195.519090 current_block_budget=256.000000 energy_mean=0.034623 energy_std=0.178980 lr=4.859883e-05 grad_norm=0.108608
step=04290 layers=5,32 seq_len=63194 skipped_length=0 loss=0.275850 teacher_kl=0.740180 teacher_l1=0.000637 topk_boundary_loss=0.008493 teacher_recall=0.894500 causal_density=0.652132 target_group_coverage=0.856250 same_head_all_targets_hit=1.000000 rank_loss=0.161399 aggregation_loss=0.000000 negative_penalty=0.000146 soft_effective_blocks=187.298381 current_block_budget=256.000000 energy_mean=0.034839 energy_std=0.188634 lr=4.859149e-05 grad_norm=0.123627
step=04300 layers=24,30 seq_len=56416 skipped_length=0 loss=0.293127 teacher_kl=0.761276 teacher_l1=0.000659 topk_boundary_loss=0.010100 teacher_recall=0.883380 causal_density=0.652145 target_group_coverage=0.853255 same_head_all_targets_hit=1.000000 rank_loss=0.163494 aggregation_loss=0.000000 negative_penalty=0.000146 soft_effective_blocks=200.613953 current_block_budget=256.000000 energy_mean=0.034801 energy_std=0.168607 lr=4.858413e-05 grad_norm=0.132195
step=04310 layers=10,29 seq_len=63928 skipped_length=0 loss=0.252251 teacher_kl=0.740524 teacher_l1=0.000647 topk_boundary_loss=0.008244 teacher_recall=0.895257 causal_density=0.652204 target_group_coverage=0.932422 same_head_all_targets_hit=1.000000 rank_loss=0.125311 aggregation_loss=0.000000 negative_penalty=0.000150 soft_effective_blocks=196.916037 current_block_budget=256.000000 energy_mean=0.035809 energy_std=0.171671 lr=4.857675e-05 grad_norm=0.104828
step=04320 layers=20,23 seq_len=65052 skipped_length=0 loss=0.278093 teacher_kl=0.763152 teacher_l1=0.000668 topk_boundary_loss=0.008978 teacher_recall=0.897017 causal_density=0.652147 target_group_coverage=0.890625 same_head_all_targets_hit=1.000000 rank_loss=0.152927 aggregation_loss=0.000000 negative_penalty=0.000190 soft_effective_blocks=182.951910 current_block_budget=256.000000 energy_mean=0.035225 energy_std=0.191430 lr=4.856935e-05 grad_norm=0.106801
step=04330 layers=15,21 seq_len=52925 skipped_length=0 loss=0.259080 teacher_kl=0.742905 teacher_l1=0.000704 topk_boundary_loss=0.008036 teacher_recall=0.899817 causal_density=0.652262 target_group_coverage=0.865469 same_head_all_targets_hit=0.950000 rank_loss=0.116228 aggregation_loss=0.054315 negative_penalty=0.000169 soft_effective_blocks=179.581721 current_block_budget=256.000000 energy_mean=0.036704 energy_std=0.189142 lr=4.856193e-05 grad_norm=0.111189
step=04340 layers=27,32 seq_len=62239 skipped_length=0 loss=0.277199 teacher_kl=0.771633 teacher_l1=0.000683 topk_boundary_loss=0.008730 teacher_recall=0.881677 causal_density=0.652259 target_group_coverage=0.809323 same_head_all_targets_hit=1.000000 rank_loss=0.145488 aggregation_loss=0.017143 negative_penalty=0.000170 soft_effective_blocks=183.746147 current_block_budget=256.000000 energy_mean=0.037250 energy_std=0.186273 lr=4.855449e-05 grad_norm=0.087406
step=04350 layers=9,34 seq_len=54816 skipped_length=0 loss=0.267157 teacher_kl=0.788829 teacher_l1=0.000682 topk_boundary_loss=0.008630 teacher_recall=0.892820 causal_density=0.652177 target_group_coverage=0.813490 same_head_all_targets_hit=0.900000 rank_loss=0.110647 aggregation_loss=0.053457 negative_penalty=0.000199 soft_effective_blocks=190.078868 current_block_budget=256.000000 energy_mean=0.035307 energy_std=0.180341 lr=4.854704e-05 grad_norm=0.118594
step=04360 layers=3,18 seq_len=64231 skipped_length=0 loss=0.246554 teacher_kl=0.655916 teacher_l1=0.000606 topk_boundary_loss=0.008509 teacher_recall=0.893730 causal_density=0.652191 target_group_coverage=0.848281 same_head_all_targets_hit=0.950000 rank_loss=0.110729 aggregation_loss=0.054475 negative_penalty=0.000143 soft_effective_blocks=195.140503 current_block_budget=256.000000 energy_mean=0.036136 energy_std=0.177698 lr=4.853956e-05 grad_norm=0.091880
step=04370 layers=12,13 seq_len=51959 skipped_length=0 loss=0.270194 teacher_kl=0.803874 teacher_l1=0.000714 topk_boundary_loss=0.008876 teacher_recall=0.888796 causal_density=0.652245 target_group_coverage=0.888064 same_head_all_targets_hit=1.000000 rank_loss=0.123297 aggregation_loss=0.018337 negative_penalty=0.000124 soft_effective_blocks=189.630768 current_block_budget=256.000000 energy_mean=0.036187 energy_std=0.176693 lr=4.853207e-05 grad_norm=0.073842
step=04380 layers=11,16 seq_len=58441 skipped_length=0 loss=0.272135 teacher_kl=0.719023 teacher_l1=0.000658 topk_boundary_loss=0.007800 teacher_recall=0.912389 causal_density=0.652221 target_group_coverage=0.823828 same_head_all_targets_hit=1.000000 rank_loss=0.169746 aggregation_loss=0.000000 negative_penalty=0.000188 soft_effective_blocks=175.546428 current_block_budget=256.000000 energy_mean=0.036778 energy_std=0.197921 lr=4.852456e-05 grad_norm=0.129631
step=04390 layers=7,24 seq_len=60786 skipped_length=0 loss=0.266470 teacher_kl=0.679274 teacher_l1=0.000638 topk_boundary_loss=0.008348 teacher_recall=0.887656 causal_density=0.652284 target_group_coverage=0.875781 same_head_all_targets_hit=1.000000 rank_loss=0.162931 aggregation_loss=0.000000 negative_penalty=0.000172 soft_effective_blocks=186.132353 current_block_budget=256.000000 energy_mean=0.038118 energy_std=0.181294 lr=4.851703e-05 grad_norm=0.136305
step=04400 layers=5,27 seq_len=65245 skipped_length=0 loss=0.288613 teacher_kl=0.821336 teacher_l1=0.000723 topk_boundary_loss=0.008459 teacher_recall=0.902844 causal_density=0.652212 target_group_coverage=0.808724 same_head_all_targets_hit=1.000000 rank_loss=0.162831 aggregation_loss=0.000000 negative_penalty=0.000152 soft_effective_blocks=183.906183 current_block_budget=256.000000 energy_mean=0.036145 energy_std=0.190809 lr=4.850949e-05 grad_norm=0.103520
step=04410 layers=0,31 seq_len=54690 skipped_length=0 loss=0.272045 teacher_kl=0.709738 teacher_l1=0.000632 topk_boundary_loss=0.009032 teacher_recall=0.897967 causal_density=0.652184 target_group_coverage=0.784983 same_head_all_targets_hit=1.000000 rank_loss=0.148319 aggregation_loss=0.017196 negative_penalty=0.000189 soft_effective_blocks=187.776639 current_block_budget=256.000000 energy_mean=0.036229 energy_std=0.182737 lr=4.850192e-05 grad_norm=0.131572
step=04420 layers=6,22 seq_len=55343 skipped_length=0 loss=0.272895 teacher_kl=0.733601 teacher_l1=0.000664 topk_boundary_loss=0.008109 teacher_recall=0.896445 causal_density=0.652241 target_group_coverage=0.865842 same_head_all_targets_hit=1.000000 rank_loss=0.155474 aggregation_loss=0.018650 negative_penalty=0.000223 soft_effective_blocks=183.687459 current_block_budget=256.000000 energy_mean=0.036321 energy_std=0.186161 lr=4.849434e-05 grad_norm=0.117621
step=04430 layers=17,22 seq_len=57177 skipped_length=0 loss=0.254164 teacher_kl=0.726435 teacher_l1=0.000655 topk_boundary_loss=0.008708 teacher_recall=0.894493 causal_density=0.652164 target_group_coverage=0.887630 same_head_all_targets_hit=1.000000 rank_loss=0.110560 aggregation_loss=0.036663 negative_penalty=0.000099 soft_effective_blocks=190.174207 current_block_budget=256.000000 energy_mean=0.036765 energy_std=0.183176 lr=4.848674e-05 grad_norm=0.056995
step=04440 layers=6,19 seq_len=63924 skipped_length=0 loss=0.283395 teacher_kl=0.752442 teacher_l1=0.000706 topk_boundary_loss=0.011782 teacher_recall=0.896036 causal_density=0.652262 target_group_coverage=0.873776 same_head_all_targets_hit=0.950000 rank_loss=0.111628 aggregation_loss=0.037025 negative_penalty=0.000201 soft_effective_blocks=180.108125 current_block_budget=256.000000 energy_mean=0.037209 energy_std=0.190294 lr=4.847912e-05 grad_norm=0.174835
step=04450 layers=15,19 seq_len=56400 skipped_length=0 loss=0.286631 teacher_kl=0.789302 teacher_l1=0.000680 topk_boundary_loss=0.008620 teacher_recall=0.891375 causal_density=0.652217 target_group_coverage=0.807161 same_head_all_targets_hit=1.000000 rank_loss=0.165390 aggregation_loss=0.000000 negative_penalty=0.000158 soft_effective_blocks=192.215976 current_block_budget=256.000000 energy_mean=0.035766 energy_std=0.175176 lr=4.847148e-05 grad_norm=0.121421
step=04460 layers=21,22 seq_len=64607 skipped_length=0 loss=0.269029 teacher_kl=0.639195 teacher_l1=0.000599 topk_boundary_loss=0.008994 teacher_recall=0.885770 causal_density=0.652212 target_group_coverage=0.724609 same_head_all_targets_hit=1.000000 rank_loss=0.168611 aggregation_loss=0.000000 negative_penalty=0.000136 soft_effective_blocks=186.322835 current_block_budget=256.000000 energy_mean=0.038198 energy_std=0.186367 lr=4.846382e-05 grad_norm=0.125331
step=04470 layers=9,28 seq_len=53361 skipped_length=0 loss=0.281406 teacher_kl=0.822438 teacher_l1=0.000697 topk_boundary_loss=0.008634 teacher_recall=0.898270 causal_density=0.652232 target_group_coverage=0.810625 same_head_all_targets_hit=0.950000 rank_loss=0.132954 aggregation_loss=0.036626 negative_penalty=0.000183 soft_effective_blocks=182.721515 current_block_budget=256.000000 energy_mean=0.036008 energy_std=0.190089 lr=4.845614e-05 grad_norm=0.089228
step=04480 layers=24,31 seq_len=57337 skipped_length=0 loss=0.279927 teacher_kl=0.751620 teacher_l1=0.000680 topk_boundary_loss=0.008560 teacher_recall=0.892401 causal_density=0.652206 target_group_coverage=0.663333 same_head_all_targets_hit=1.000000 rank_loss=0.156882 aggregation_loss=0.018144 negative_penalty=0.000200 soft_effective_blocks=180.820624 current_block_budget=256.000000 energy_mean=0.036382 energy_std=0.190751 lr=4.844845e-05 grad_norm=0.127066
step=04490 layers=14,34 seq_len=55111 skipped_length=0 loss=0.256727 teacher_kl=0.674225 teacher_l1=0.000636 topk_boundary_loss=0.007837 teacher_recall=0.901056 causal_density=0.652279 target_group_coverage=0.816719 same_head_all_targets_hit=1.000000 rank_loss=0.147336 aggregation_loss=0.017835 negative_penalty=0.000222 soft_effective_blocks=181.267799 current_block_budget=256.000000 energy_mean=0.037783 energy_std=0.188189 lr=4.844074e-05 grad_norm=0.136054
step=04500 layers=5,32 seq_len=51783 skipped_length=0 loss=0.270364 teacher_kl=0.779867 teacher_l1=0.000721 topk_boundary_loss=0.008983 teacher_recall=0.889044 causal_density=0.652298 target_group_coverage=0.829063 same_head_all_targets_hit=1.000000 rank_loss=0.112832 aggregation_loss=0.055137 negative_penalty=0.000132 soft_effective_blocks=183.287907 current_block_budget=256.000000 energy_mean=0.038206 energy_std=0.187705 lr=4.843301e-05 grad_norm=0.073883
[save] raw=/inspire/hdd/global_user/gexinmu-253108100065/Repos/fuyicheng_workshop/Innovator-lm-evaluation-hardness/x-attention-main/xattn/qwen_weights/conv_qwen3_boundary_v2/conv_kernel_7x7_qwen3_8b_boundary_v2_t065_s16_48k64k_bf16_step4500.pt
[save] ema=/inspire/hdd/global_user/gexinmu-253108100065/Repos/fuyicheng_workshop/Innovator-lm-evaluation-hardness/x-attention-main/xattn/qwen_weights/conv_qwen3_boundary_v2/conv_kernel_7x7_qwen3_8b_boundary_v2_t065_s16_48k64k_bf16_ema_step4500.pt
[save] state=/inspire/hdd/global_user/gexinmu-253108100065/Repos/fuyicheng_workshop/Innovator-lm-evaluation-hardness/x-attention-main/xattn/qwen_weights/conv_qwen3_boundary_v2/conv_kernel_7x7_qwen3_8b_boundary_v2_t065_s16_48k64k_bf16_train_state.pt
step=04510 layers=5,24 seq_len=60595 skipped_length=0 loss=0.264184 teacher_kl=0.652771 teacher_l1=0.000648 topk_boundary_loss=0.008459 teacher_recall=0.892358 causal_density=0.652281 target_group_coverage=0.853255 same_head_all_targets_hit=1.000000 rank_loss=0.164259 aggregation_loss=0.000000 negative_penalty=0.000180 soft_effective_blocks=175.358685 current_block_budget=256.000000 energy_mean=0.038289 energy_std=0.198132 lr=4.842526e-05 grad_norm=0.111139
step=04520 layers=1,24 seq_len=51796 skipped_length=0 loss=0.276099 teacher_kl=0.830984 teacher_l1=0.000718 topk_boundary_loss=0.008135 teacher_recall=0.899338 causal_density=0.652190 target_group_coverage=0.842517 same_head_all_targets_hit=0.900000 rank_loss=0.128962 aggregation_loss=0.035815 negative_penalty=0.000187 soft_effective_blocks=194.316451 current_block_budget=256.000000 energy_mean=0.035932 energy_std=0.176100 lr=4.841749e-05 grad_norm=0.090428
step=04530 layers=4,33 seq_len=58786 skipped_length=0 loss=0.265375 teacher_kl=0.670115 teacher_l1=0.000650 topk_boundary_loss=0.009781 teacher_recall=0.891359 causal_density=0.652266 target_group_coverage=0.918359 same_head_all_targets_hit=1.000000 rank_loss=0.144292 aggregation_loss=0.000000 negative_penalty=0.000163 soft_effective_blocks=184.636575 current_block_budget=256.000000 energy_mean=0.037979 energy_std=0.188321 lr=4.840971e-05 grad_norm=0.145414
step=04540 layers=16,27 seq_len=53005 skipped_length=0 loss=0.288933 teacher_kl=0.856758 teacher_l1=0.000699 topk_boundary_loss=0.009033 teacher_recall=0.888674 causal_density=0.652158 target_group_coverage=0.877500 same_head_all_targets_hit=0.950000 rank_loss=0.131899 aggregation_loss=0.035904 negative_penalty=0.000147 soft_effective_blocks=192.915997 current_block_budget=256.000000 energy_mean=0.035905 energy_std=0.179440 lr=4.840190e-05 grad_norm=0.098983
step=04550 layers=9,25 seq_len=52320 skipped_length=0 loss=0.282806 teacher_kl=0.803528 teacher_l1=0.000770 topk_boundary_loss=0.008797 teacher_recall=0.887213 causal_density=0.652403 target_group_coverage=0.832786 same_head_all_targets_hit=1.000000 rank_loss=0.145643 aggregation_loss=0.017871 negative_penalty=0.000229 soft_effective_blocks=167.940813 current_block_budget=256.000000 energy_mean=0.039049 energy_std=0.200490 lr=4.839408e-05 grad_norm=0.103337
step=04560 layers=10,22 seq_len=53842 skipped_length=0 loss=0.246426 teacher_kl=0.609341 teacher_l1=0.000666 topk_boundary_loss=0.007327 teacher_recall=0.900334 causal_density=0.652408 target_group_coverage=0.784766 same_head_all_targets_hit=1.000000 rank_loss=0.160623 aggregation_loss=0.000000 negative_penalty=0.000203 soft_effective_blocks=172.470351 current_block_budget=256.000000 energy_mean=0.040462 energy_std=0.195043 lr=4.838624e-05 grad_norm=0.114081
step=04570 layers=14,16 seq_len=52752 skipped_length=0 loss=0.270370 teacher_kl=0.751908 teacher_l1=0.000679 topk_boundary_loss=0.009136 teacher_recall=0.880344 causal_density=0.652306 target_group_coverage=0.874132 same_head_all_targets_hit=0.950000 rank_loss=0.126082 aggregation_loss=0.035231 negative_penalty=0.000174 soft_effective_blocks=181.559862 current_block_budget=256.000000 energy_mean=0.038531 energy_std=0.186090 lr=4.837838e-05 grad_norm=0.103736
step=04580 layers=24,29 seq_len=49517 skipped_length=0 loss=0.285186 teacher_kl=0.769036 teacher_l1=0.000687 topk_boundary_loss=0.009909 teacher_recall=0.895121 causal_density=0.652194 target_group_coverage=0.812656 same_head_all_targets_hit=1.000000 rank_loss=0.136180 aggregation_loss=0.035252 negative_penalty=0.000149 soft_effective_blocks=185.099944 current_block_budget=256.000000 energy_mean=0.037140 energy_std=0.189121 lr=4.837050e-05 grad_norm=0.174349
step=04590 layers=25,30 seq_len=54071 skipped_length=0 loss=0.252079 teacher_kl=0.721166 teacher_l1=0.000683 topk_boundary_loss=0.007803 teacher_recall=0.900220 causal_density=0.652258 target_group_coverage=0.760313 same_head_all_targets_hit=0.950000 rank_loss=0.113554 aggregation_loss=0.053218 negative_penalty=0.000202 soft_effective_blocks=177.344040 current_block_budget=256.000000 energy_mean=0.037401 energy_std=0.195298 lr=4.836261e-05 grad_norm=0.086389
step=04600 layers=19,33 seq_len=57388 skipped_length=0 loss=0.285637 teacher_kl=0.757319 teacher_l1=0.000640 topk_boundary_loss=0.008912 teacher_recall=0.891835 causal_density=0.652140 target_group_coverage=0.802344 same_head_all_targets_hit=1.000000 rank_loss=0.167849 aggregation_loss=0.000000 negative_penalty=0.000179 soft_effective_blocks=194.503406 current_block_budget=256.000000 energy_mean=0.036255 energy_std=0.182886 lr=4.835470e-05 grad_norm=0.178741
step=04610 layers=10,31 seq_len=51964 skipped_length=0 loss=0.271259 teacher_kl=0.721248 teacher_l1=0.000700 topk_boundary_loss=0.008645 teacher_recall=0.894141 causal_density=0.652302 target_group_coverage=0.829688 same_head_all_targets_hit=1.000000 rank_loss=0.156449 aggregation_loss=0.000000 negative_penalty=0.000199 soft_effective_blocks=178.421812 current_block_budget=256.000000 energy_mean=0.038230 energy_std=0.191023 lr=4.834676e-05 grad_norm=0.099721
step=04620 layers=11,27 seq_len=59484 skipped_length=0 loss=0.253405 teacher_kl=0.759674 teacher_l1=0.000681 topk_boundary_loss=0.008263 teacher_recall=0.891387 causal_density=0.652284 target_group_coverage=0.847517 same_head_all_targets_hit=0.900000 rank_loss=0.092160 aggregation_loss=0.072049 negative_penalty=0.000142 soft_effective_blocks=190.165750 current_block_budget=256.000000 energy_mean=0.038023 energy_std=0.180179 lr=4.833881e-05 grad_norm=0.051370
step=04630 layers=4,7 seq_len=58547 skipped_length=0 loss=0.272259 teacher_kl=0.757945 teacher_l1=0.000655 topk_boundary_loss=0.009108 teacher_recall=0.884975 causal_density=0.652157 target_group_coverage=0.704271 same_head_all_targets_hit=1.000000 rank_loss=0.112862 aggregation_loss=0.071786 negative_penalty=0.000231 soft_effective_blocks=183.913089 current_block_budget=256.000000 energy_mean=0.035981 energy_std=0.189595 lr=4.833085e-05 grad_norm=0.135233
step=04640 layers=9,27 seq_len=50329 skipped_length=0 loss=0.266939 teacher_kl=0.773156 teacher_l1=0.000739 topk_boundary_loss=0.008610 teacher_recall=0.888582 causal_density=0.652338 target_group_coverage=0.844115 same_head_all_targets_hit=1.000000 rank_loss=0.129386 aggregation_loss=0.017661 negative_penalty=0.000137 soft_effective_blocks=174.959727 current_block_budget=256.000000 energy_mean=0.039667 energy_std=0.195623 lr=4.832286e-05 grad_norm=0.105515
step=04650 layers=5,33 seq_len=62585 skipped_length=0 loss=0.264706 teacher_kl=0.739703 teacher_l1=0.000683 topk_boundary_loss=0.008011 teacher_recall=0.900877 causal_density=0.652212 target_group_coverage=0.797049 same_head_all_targets_hit=0.950000 rank_loss=0.141931 aggregation_loss=0.017869 negative_penalty=0.000171 soft_effective_blocks=187.064200 current_block_budget=256.000000 energy_mean=0.037672 energy_std=0.187961 lr=4.831485e-05 grad_norm=0.094792
step=04660 layers=18,34 seq_len=61338 skipped_length=0 loss=0.282729 teacher_kl=0.754492 teacher_l1=0.000700 topk_boundary_loss=0.009529 teacher_recall=0.891999 causal_density=0.652264 target_group_coverage=0.780234 same_head_all_targets_hit=1.000000 rank_loss=0.140665 aggregation_loss=0.035546 negative_penalty=0.000216 soft_effective_blocks=176.428220 current_block_budget=256.000000 energy_mean=0.037968 energy_std=0.195970 lr=4.830683e-05 grad_norm=0.140418
step=04670 layers=5,9 seq_len=54981 skipped_length=0 loss=0.255075 teacher_kl=0.666444 teacher_l1=0.000654 topk_boundary_loss=0.007531 teacher_recall=0.905087 causal_density=0.652334 target_group_coverage=0.835469 same_head_all_targets_hit=1.000000 rank_loss=0.150708 aggregation_loss=0.017578 negative_penalty=0.000207 soft_effective_blocks=174.695830 current_block_budget=256.000000 energy_mean=0.038371 energy_std=0.200956 lr=4.829879e-05 grad_norm=0.089061
step=04680 layers=18,24 seq_len=63737 skipped_length=0 loss=0.272257 teacher_kl=0.774908 teacher_l1=0.000684 topk_boundary_loss=0.008944 teacher_recall=0.883938 causal_density=0.652191 target_group_coverage=0.861528 same_head_all_targets_hit=1.000000 rank_loss=0.117973 aggregation_loss=0.054595 negative_penalty=0.000181 soft_effective_blocks=189.530086 current_block_budget=256.000000 energy_mean=0.037397 energy_std=0.181629 lr=4.829073e-05 grad_norm=0.095417
step=04690 layers=22,30 seq_len=63854 skipped_length=0 loss=0.286010 teacher_kl=0.782740 teacher_l1=0.000680 topk_boundary_loss=0.008743 teacher_recall=0.893178 causal_density=0.652184 target_group_coverage=0.894531 same_head_all_targets_hit=1.000000 rank_loss=0.164364 aggregation_loss=0.000000 negative_penalty=0.000164 soft_effective_blocks=187.537364 current_block_budget=256.000000 energy_mean=0.036642 energy_std=0.185889 lr=4.828265e-05 grad_norm=0.123275
step=04700 layers=16,33 seq_len=63810 skipped_length=0 loss=0.259003 teacher_kl=0.682875 teacher_l1=0.000637 topk_boundary_loss=0.008791 teacher_recall=0.891511 causal_density=0.652231 target_group_coverage=0.897135 same_head_all_targets_hit=1.000000 rank_loss=0.143683 aggregation_loss=0.000000 negative_penalty=0.000187 soft_effective_blocks=184.185724 current_block_budget=256.000000 energy_mean=0.038313 energy_std=0.190518 lr=4.827456e-05 grad_norm=0.086901
step=04710 layers=3,32 seq_len=55928 skipped_length=0 loss=0.280958 teacher_kl=0.733746 teacher_l1=0.000665 topk_boundary_loss=0.010733 teacher_recall=0.884982 causal_density=0.652221 target_group_coverage=0.797396 same_head_all_targets_hit=1.000000 rank_loss=0.141653 aggregation_loss=0.000000 negative_penalty=0.000145 soft_effective_blocks=193.254642 current_block_budget=256.000000 energy_mean=0.037850 energy_std=0.179354 lr=4.826644e-05 grad_norm=0.121220
step=04720 layers=8,22 seq_len=59498 skipped_length=0 loss=0.288469 teacher_kl=0.835342 teacher_l1=0.000669 topk_boundary_loss=0.008482 teacher_recall=0.911288 causal_density=0.652105 target_group_coverage=0.755642 same_head_all_targets_hit=0.950000 rank_loss=0.151114 aggregation_loss=0.018420 negative_penalty=0.000203 soft_effective_blocks=187.501534 current_block_budget=256.000000 energy_mean=0.034693 energy_std=0.195145 lr=4.825831e-05 grad_norm=0.107705
step=04730 layers=21,32 seq_len=59003 skipped_length=0 loss=0.266985 teacher_kl=0.694772 teacher_l1=0.000642 topk_boundary_loss=0.011150 teacher_recall=0.884776 causal_density=0.652248 target_group_coverage=0.879167 same_head_all_targets_hit=1.000000 rank_loss=0.092771 aggregation_loss=0.071491 negative_penalty=0.000213 soft_effective_blocks=192.139629 current_block_budget=256.000000 energy_mean=0.037834 energy_std=0.178924 lr=4.825016e-05 grad_norm=0.154294
step=04740 layers=22,27 seq_len=64042 skipped_length=0 loss=0.257959 teacher_kl=0.752963 teacher_l1=0.000717 topk_boundary_loss=0.008219 teacher_recall=0.898912 causal_density=0.652258 target_group_coverage=0.729297 same_head_all_targets_hit=1.000000 rank_loss=0.124569 aggregation_loss=0.017927 negative_penalty=0.000162 soft_effective_blocks=168.049509 current_block_budget=256.000000 energy_mean=0.039052 energy_std=0.211533 lr=4.824199e-05 grad_norm=0.094730
step=04750 layers=4,28 seq_len=56658 skipped_length=0 loss=0.270510 teacher_kl=0.784380 teacher_l1=0.000669 topk_boundary_loss=0.008337 teacher_recall=0.898476 causal_density=0.652174 target_group_coverage=0.837561 same_head_all_targets_hit=1.000000 rank_loss=0.121769 aggregation_loss=0.052228 negative_penalty=0.000215 soft_effective_blocks=196.564726 current_block_budget=256.000000 energy_mean=0.035450 energy_std=0.178931 lr=4.823381e-05 grad_norm=0.097600
[save] raw=/inspire/hdd/global_user/gexinmu-253108100065/Repos/fuyicheng_workshop/Innovator-lm-evaluation-hardness/x-attention-main/xattn/qwen_weights/conv_qwen3_boundary_v2/conv_kernel_7x7_qwen3_8b_boundary_v2_t065_s16_48k64k_bf16_step4750.pt
[save] ema=/inspire/hdd/global_user/gexinmu-253108100065/Repos/fuyicheng_workshop/Innovator-lm-evaluation-hardness/x-attention-main/xattn/qwen_weights/conv_qwen3_boundary_v2/conv_kernel_7x7_qwen3_8b_boundary_v2_t065_s16_48k64k_bf16_ema_step4750.pt
[save] state=/inspire/hdd/global_user/gexinmu-253108100065/Repos/fuyicheng_workshop/Innovator-lm-evaluation-hardness/x-attention-main/xattn/qwen_weights/conv_qwen3_boundary_v2/conv_kernel_7x7_qwen3_8b_boundary_v2_t065_s16_48k64k_bf16_train_state.pt
step=04760 layers=8,21 seq_len=58077 skipped_length=0 loss=0.267563 teacher_kl=0.747416 teacher_l1=0.000697 topk_boundary_loss=0.008690 teacher_recall=0.894250 causal_density=0.652211 target_group_coverage=0.904687 same_head_all_targets_hit=1.000000 rank_loss=0.143151 aggregation_loss=0.000000 negative_penalty=0.000159 soft_effective_blocks=189.243883 current_block_budget=256.000000 energy_mean=0.037684 energy_std=0.184048 lr=4.822560e-05 grad_norm=0.105795
step=04770 layers=3,22 seq_len=52300 skipped_length=0 loss=0.242456 teacher_kl=0.701298 teacher_l1=0.000671 topk_boundary_loss=0.008459 teacher_recall=0.890660 causal_density=0.652389 target_group_coverage=0.768299 same_head_all_targets_hit=0.950000 rank_loss=0.085885 aggregation_loss=0.072077 negative_penalty=0.000221 soft_effective_blocks=171.466559 current_block_budget=256.000000 energy_mean=0.040377 energy_std=0.200857 lr=4.821738e-05 grad_norm=0.081382
step=04780 layers=18,33 seq_len=56730 skipped_length=0 loss=0.270659 teacher_kl=0.709057 teacher_l1=0.000606 topk_boundary_loss=0.008698 teacher_recall=0.884811 causal_density=0.652225 target_group_coverage=0.832726 same_head_all_targets_hit=1.000000 rank_loss=0.150244 aggregation_loss=0.018134 negative_penalty=0.000171 soft_effective_blocks=197.225662 current_block_budget=256.000000 energy_mean=0.037577 energy_std=0.176693 lr=4.820914e-05 grad_norm=0.110358
step=04790 layers=15,22 seq_len=50278 skipped_length=0 loss=0.276717 teacher_kl=0.769975 teacher_l1=0.000765 topk_boundary_loss=0.008840 teacher_recall=0.895656 causal_density=0.652317 target_group_coverage=0.879609 same_head_all_targets_hit=0.950000 rank_loss=0.143515 aggregation_loss=0.017393 negative_penalty=0.000194 soft_effective_blocks=165.754890 current_block_budget=256.000000 energy_mean=0.039844 energy_std=0.207036 lr=4.820088e-05 grad_norm=0.142605
step=04800 layers=23,32 seq_len=55227 skipped_length=0 loss=0.281490 teacher_kl=0.809824 teacher_l1=0.000730 topk_boundary_loss=0.008831 teacher_recall=0.888328 causal_density=0.652258 target_group_coverage=0.768255 same_head_all_targets_hit=1.000000 rank_loss=0.133944 aggregation_loss=0.035832 negative_penalty=0.000197 soft_effective_blocks=183.877698 current_block_budget=256.000000 energy_mean=0.037603 energy_std=0.187433 lr=4.819260e-05 grad_norm=0.107889
step=04810 layers=2,25 seq_len=52441 skipped_length=0 loss=0.260304 teacher_kl=0.692287 teacher_l1=0.000649 topk_boundary_loss=0.008464 teacher_recall=0.891231 causal_density=0.652311 target_group_coverage=0.824219 same_head_all_targets_hit=1.000000 rank_loss=0.140293 aggregation_loss=0.018125 negative_penalty=0.000204 soft_effective_blocks=176.290967 current_block_budget=256.000000 energy_mean=0.040108 energy_std=0.199158 lr=4.818431e-05 grad_norm=0.087470
step=04820 layers=9,10 seq_len=58229 skipped_length=0 loss=0.285433 teacher_kl=0.774226 teacher_l1=0.000689 topk_boundary_loss=0.008969 teacher_recall=0.897768 causal_density=0.652188 target_group_coverage=0.892188 same_head_all_targets_hit=1.000000 rank_loss=0.162518 aggregation_loss=0.000000 negative_penalty=0.000181 soft_effective_blocks=189.206500 current_block_budget=256.000000 energy_mean=0.036556 energy_std=0.189037 lr=4.817599e-05 grad_norm=0.109490
step=04830 layers=5,11 seq_len=52386 skipped_length=0 loss=0.272868 teacher_kl=0.771030 teacher_l1=0.000757 topk_boundary_loss=0.008629 teacher_recall=0.890702 causal_density=0.652325 target_group_coverage=0.864453 same_head_all_targets_hit=1.000000 rank_loss=0.139562 aggregation_loss=0.017620 negative_penalty=0.000159 soft_effective_blocks=179.384113 current_block_budget=256.000000 energy_mean=0.038910 energy_std=0.192401 lr=4.816766e-05 grad_norm=0.109126
step=04840 layers=7,18 seq_len=53911 skipped_length=0 loss=0.270993 teacher_kl=0.729103 teacher_l1=0.000637 topk_boundary_loss=0.008638 teacher_recall=0.891047 causal_density=0.652212 target_group_coverage=0.837665 same_head_all_targets_hit=0.950000 rank_loss=0.139301 aggregation_loss=0.035620 negative_penalty=0.000221 soft_effective_blocks=181.084067 current_block_budget=256.000000 energy_mean=0.037937 energy_std=0.193506 lr=4.815931e-05 grad_norm=0.141608
step=04850 layers=2,23 seq_len=54246 skipped_length=0 loss=0.279585 teacher_kl=0.768629 teacher_l1=0.000717 topk_boundary_loss=0.007988 teacher_recall=0.900364 causal_density=0.652267 target_group_coverage=0.916276 same_head_all_targets_hit=0.950000 rank_loss=0.167248 aggregation_loss=0.000000 negative_penalty=0.000190 soft_effective_blocks=181.118500 current_block_budget=256.000000 energy_mean=0.038985 energy_std=0.195523 lr=4.815094e-05 grad_norm=0.107640
step=04860 layers=6,15 seq_len=56061 skipped_length=0 loss=0.259921 teacher_kl=0.699916 teacher_l1=0.000640 topk_boundary_loss=0.010331 teacher_recall=0.886638 causal_density=0.652195 target_group_coverage=0.821875 same_head_all_targets_hit=1.000000 rank_loss=0.120418 aggregation_loss=0.000000 negative_penalty=0.000185 soft_effective_blocks=188.810602 current_block_budget=256.000000 energy_mean=0.037586 energy_std=0.187392 lr=4.814256e-05 grad_norm=0.150075
step=04870 layers=8,12 seq_len=53533 skipped_length=0 loss=0.273722 teacher_kl=0.729587 teacher_l1=0.000712 topk_boundary_loss=0.008414 teacher_recall=0.892716 causal_density=0.652267 target_group_coverage=0.816641 same_head_all_targets_hit=0.900000 rank_loss=0.153661 aggregation_loss=0.018942 negative_penalty=0.000203 soft_effective_blocks=168.271054 current_block_budget=256.000000 energy_mean=0.039150 energy_std=0.210752 lr=4.813416e-05 grad_norm=0.105516
step=04880 layers=14,23 seq_len=64952 skipped_length=0 loss=0.269937 teacher_kl=0.758625 teacher_l1=0.000653 topk_boundary_loss=0.008272 teacher_recall=0.891743 causal_density=0.652237 target_group_coverage=0.875043 same_head_all_targets_hit=1.000000 rank_loss=0.142291 aggregation_loss=0.018223 negative_penalty=0.000198 soft_effective_blocks=192.073965 current_block_budget=256.000000 energy_mean=0.037665 energy_std=0.177590 lr=4.812573e-05 grad_norm=0.097893
step=04890 layers=8,26 seq_len=53005 skipped_length=0 loss=0.261851 teacher_kl=0.666675 teacher_l1=0.000665 topk_boundary_loss=0.008477 teacher_recall=0.880609 causal_density=0.652376 target_group_coverage=0.800130 same_head_all_targets_hit=1.000000 rank_loss=0.149284 aggregation_loss=0.017688 negative_penalty=0.000196 soft_effective_blocks=180.366548 current_block_budget=256.000000 energy_mean=0.041132 energy_std=0.187140 lr=4.811729e-05 grad_norm=0.124521
step=04900 layers=0,19 seq_len=50399 skipped_length=0 loss=0.285682 teacher_kl=0.737053 teacher_l1=0.000677 topk_boundary_loss=0.010421 teacher_recall=0.911106 causal_density=0.652213 target_group_coverage=0.750000 same_head_all_targets_hit=0.950000 rank_loss=0.152865 aggregation_loss=0.000000 negative_penalty=0.000193 soft_effective_blocks=172.625069 current_block_budget=256.000000 energy_mean=0.038673 energy_std=0.213618 lr=4.810884e-05 grad_norm=0.172782
step=04910 layers=9,29 seq_len=63294 skipped_length=0 loss=0.265602 teacher_kl=0.693158 teacher_l1=0.000605 topk_boundary_loss=0.008415 teacher_recall=0.895661 causal_density=0.652166 target_group_coverage=0.856163 same_head_all_targets_hit=1.000000 rank_loss=0.149683 aggregation_loss=0.017856 negative_penalty=0.000169 soft_effective_blocks=195.309721 current_block_budget=256.000000 energy_mean=0.037463 energy_std=0.180600 lr=4.810036e-05 grad_norm=0.111610
step=04920 layers=10,18 seq_len=52858 skipped_length=0 loss=0.269549 teacher_kl=0.790763 teacher_l1=0.000729 topk_boundary_loss=0.007830 teacher_recall=0.899646 causal_density=0.652277 target_group_coverage=0.807205 same_head_all_targets_hit=1.000000 rank_loss=0.132119 aggregation_loss=0.035916 negative_penalty=0.000243 soft_effective_blocks=173.515062 current_block_budget=256.000000 energy_mean=0.038635 energy_std=0.201953 lr=4.809187e-05 grad_norm=0.094892
step=04930 layers=7,20 seq_len=53526 skipped_length=0 loss=0.302423 teacher_kl=0.859736 teacher_l1=0.000726 topk_boundary_loss=0.009406 teacher_recall=0.888384 causal_density=0.652187 target_group_coverage=0.833984 same_head_all_targets_hit=1.000000 rank_loss=0.156128 aggregation_loss=0.017983 negative_penalty=0.000170 soft_effective_blocks=190.968126 current_block_budget=256.000000 energy_mean=0.036102 energy_std=0.183255 lr=4.808336e-05 grad_norm=0.110289
step=04940 layers=6,30 seq_len=52481 skipped_length=0 loss=0.260969 teacher_kl=0.712662 teacher_l1=0.000675 topk_boundary_loss=0.008398 teacher_recall=0.893551 causal_density=0.652306 target_group_coverage=0.891146 same_head_all_targets_hit=1.000000 rank_loss=0.137451 aggregation_loss=0.017518 negative_penalty=0.000180 soft_effective_blocks=183.294920 current_block_budget=256.000000 energy_mean=0.039723 energy_std=0.189495 lr=4.807483e-05 grad_norm=0.074060
step=04950 layers=17,33 seq_len=57667 skipped_length=0 loss=0.269145 teacher_kl=0.739053 teacher_l1=0.000656 topk_boundary_loss=0.008397 teacher_recall=0.886120 causal_density=0.652196 target_group_coverage=0.857370 same_head_all_targets_hit=1.000000 rank_loss=0.136782 aggregation_loss=0.036021 negative_penalty=0.000192 soft_effective_blocks=183.228080 current_block_budget=256.000000 energy_mean=0.038210 energy_std=0.194516 lr=4.806628e-05 grad_norm=0.097974
step=04960 layers=16,30 seq_len=62146 skipped_length=0 loss=0.257735 teacher_kl=0.767301 teacher_l1=0.000686 topk_boundary_loss=0.008203 teacher_recall=0.901212 causal_density=0.652274 target_group_coverage=0.852413 same_head_all_targets_hit=0.950000 rank_loss=0.105837 aggregation_loss=0.053888 negative_penalty=0.000213 soft_effective_blocks=177.619019 current_block_budget=256.000000 energy_mean=0.038187 energy_std=0.199080 lr=4.805771e-05 grad_norm=0.070907
step=04970 layers=2,9 seq_len=60982 skipped_length=0 loss=0.263877 teacher_kl=0.735688 teacher_l1=0.000693 topk_boundary_loss=0.008645 teacher_recall=0.886424 causal_density=0.652236 target_group_coverage=0.786580 same_head_all_targets_hit=1.000000 rank_loss=0.125578 aggregation_loss=0.035899 negative_penalty=0.000153 soft_effective_blocks=185.367467 current_block_budget=256.000000 energy_mean=0.039332 energy_std=0.190194 lr=4.804913e-05 grad_norm=0.119928
step=04980 layers=31,34 seq_len=60118 skipped_length=0 loss=0.264219 teacher_kl=0.713692 teacher_l1=0.000659 topk_boundary_loss=0.008651 teacher_recall=0.886148 causal_density=0.652265 target_group_coverage=0.718594 same_head_all_targets_hit=0.900000 rank_loss=0.132091 aggregation_loss=0.034659 negative_penalty=0.000184 soft_effective_blocks=180.185128 current_block_budget=256.000000 energy_mean=0.039485 energy_std=0.194141 lr=4.804053e-05 grad_norm=0.085536
step=04990 layers=5,21 seq_len=63194 skipped_length=0 loss=0.266942 teacher_kl=0.701152 teacher_l1=0.000617 topk_boundary_loss=0.009492 teacher_recall=0.898526 causal_density=0.652113 target_group_coverage=0.872804 same_head_all_targets_hit=0.950000 rank_loss=0.127451 aggregation_loss=0.037290 negative_penalty=0.000201 soft_effective_blocks=196.938898 current_block_budget=256.000000 energy_mean=0.036055 energy_std=0.183476 lr=4.803191e-05 grad_norm=0.131389
step=05000 layers=10,13 seq_len=57019 skipped_length=0 loss=0.256971 teacher_kl=0.785386 teacher_l1=0.000665 topk_boundary_loss=0.009479 teacher_recall=0.891845 causal_density=0.652149 target_group_coverage=0.911328 same_head_all_targets_hit=1.000000 rank_loss=0.098180 aggregation_loss=0.017532 negative_penalty=0.000197 soft_effective_blocks=192.571973 current_block_budget=256.000000 energy_mean=0.036877 energy_std=0.187543 lr=4.802327e-05 grad_norm=0.128201
[save] raw=/inspire/hdd/global_user/gexinmu-253108100065/Repos/fuyicheng_workshop/Innovator-lm-evaluation-hardness/x-attention-main/xattn/qwen_weights/conv_qwen3_boundary_v2/conv_kernel_7x7_qwen3_8b_boundary_v2_t065_s16_48k64k_bf16_step5000.pt
[save] ema=/inspire/hdd/global_user/gexinmu-253108100065/Repos/fuyicheng_workshop/Innovator-lm-evaluation-hardness/x-attention-main/xattn/qwen_weights/conv_qwen3_boundary_v2/conv_kernel_7x7_qwen3_8b_boundary_v2_t065_s16_48k64k_bf16_ema_step5000.pt
[save] state=/inspire/hdd/global_user/gexinmu-253108100065/Repos/fuyicheng_workshop/Innovator-lm-evaluation-hardness/x-attention-main/xattn/qwen_weights/conv_qwen3_boundary_v2/conv_kernel_7x7_qwen3_8b_boundary_v2_t065_s16_48k64k_bf16_train_state.pt
step=05010 layers=2,8 seq_len=60368 skipped_length=0 loss=0.258232 teacher_kl=0.747824 teacher_l1=0.000667 topk_boundary_loss=0.007594 teacher_recall=0.906221 causal_density=0.652206 target_group_coverage=0.819366 same_head_all_targets_hit=0.900000 rank_loss=0.118987 aggregation_loss=0.055503 negative_penalty=0.000180 soft_effective_blocks=180.047588 current_block_budget=256.000000 energy_mean=0.038229 energy_std=0.199616 lr=4.801461e-05 grad_norm=0.116937
step=05020 layers=26,33 seq_len=55042 skipped_length=0 loss=0.266311 teacher_kl=0.755916 teacher_l1=0.000680 topk_boundary_loss=0.009141 teacher_recall=0.880861 causal_density=0.652262 target_group_coverage=0.794375 same_head_all_targets_hit=1.000000 rank_loss=0.118214 aggregation_loss=0.035309 negative_penalty=0.000185 soft_effective_blocks=187.959756 current_block_budget=256.000000 energy_mean=0.039112 energy_std=0.185681 lr=4.800594e-05 grad_norm=0.089984
step=05030 layers=12,32 seq_len=62473 skipped_length=0 loss=0.278807 teacher_kl=0.786384 teacher_l1=0.000705 topk_boundary_loss=0.008105 teacher_recall=0.896888 causal_density=0.652238 target_group_coverage=0.755156 same_head_all_targets_hit=1.000000 rank_loss=0.152445 aggregation_loss=0.018010 negative_penalty=0.000245 soft_effective_blocks=178.264041 current_block_budget=256.000000 energy_mean=0.038237 energy_std=0.199252 lr=4.799725e-05 grad_norm=0.132313
step=05040 layers=30,34 seq_len=52383 skipped_length=0 loss=0.259552 teacher_kl=0.717710 teacher_l1=0.000680 topk_boundary_loss=0.008416 teacher_recall=0.895564 causal_density=0.652235 target_group_coverage=0.983333 same_head_all_targets_hit=1.000000 rank_loss=0.140881 aggregation_loss=0.000000 negative_penalty=0.000170 soft_effective_blocks=181.239185 current_block_budget=256.000000 energy_mean=0.039183 energy_std=0.198136 lr=4.798854e-05 grad_norm=0.091035
step=05050 layers=3,9 seq_len=54306 skipped_length=0 loss=0.257625 teacher_kl=0.684627 teacher_l1=0.000647 topk_boundary_loss=0.008258 teacher_recall=0.898677 causal_density=0.652226 target_group_coverage=0.852700 same_head_all_targets_hit=1.000000 rank_loss=0.132814 aggregation_loss=0.036565 negative_penalty=0.000227 soft_effective_blocks=181.766730 current_block_budget=256.000000 energy_mean=0.038210 energy_std=0.197310 lr=4.797981e-05 grad_norm=0.108527
step=05060 layers=14,30 seq_len=55298 skipped_length=0 loss=0.258378 teacher_kl=0.797372 teacher_l1=0.000707 topk_boundary_loss=0.008226 teacher_recall=0.899507 causal_density=0.652223 target_group_coverage=0.871389 same_head_all_targets_hit=1.000000 rank_loss=0.099201 aggregation_loss=0.053606 negative_penalty=0.000167 soft_effective_blocks=183.025273 current_block_budget=256.000000 energy_mean=0.039129 energy_std=0.193441 lr=4.797107e-05 grad_norm=0.076948
step=05070 layers=21,25 seq_len=59793 skipped_length=0 loss=0.264810 teacher_kl=0.728610 teacher_l1=0.000654 topk_boundary_loss=0.008455 teacher_recall=0.883866 causal_density=0.652204 target_group_coverage=0.864818 same_head_all_targets_hit=1.000000 rank_loss=0.138736 aggregation_loss=0.018395 negative_penalty=0.000167 soft_effective_blocks=186.342667 current_block_budget=256.000000 energy_mean=0.038017 energy_std=0.187273 lr=4.796231e-05 grad_norm=0.085646
step=05080 layers=1,28 seq_len=54474 skipped_length=0 loss=0.258122 teacher_kl=0.707346 teacher_l1=0.000685 topk_boundary_loss=0.008097 teacher_recall=0.902224 causal_density=0.652347 target_group_coverage=0.851571 same_head_all_targets_hit=0.950000 rank_loss=0.129800 aggregation_loss=0.037302 negative_penalty=0.000219 soft_effective_blocks=177.735179 current_block_budget=256.000000 energy_mean=0.040922 energy_std=0.201534 lr=4.795353e-05 grad_norm=0.107221
step=05090 layers=7,35 seq_len=49710 skipped_length=0 loss=0.292253 teacher_kl=0.842545 teacher_l1=0.000680 topk_boundary_loss=0.008882 teacher_recall=0.889041 causal_density=0.652172 target_group_coverage=0.786719 same_head_all_targets_hit=1.000000 rank_loss=0.157965 aggregation_loss=0.000000 negative_penalty=0.000172 soft_effective_blocks=191.379608 current_block_budget=256.000000 energy_mean=0.037594 energy_std=0.183735 lr=4.794473e-05 grad_norm=0.092319
step=05100 layers=18,29 seq_len=58346 skipped_length=0 loss=0.286876 teacher_kl=0.736770 teacher_l1=0.000709 topk_boundary_loss=0.009833 teacher_recall=0.899384 causal_density=0.652247 target_group_coverage=0.903906 same_head_all_targets_hit=1.000000 rank_loss=0.155222 aggregation_loss=0.018082 negative_penalty=0.000215 soft_effective_blocks=176.496242 current_block_budget=256.000000 energy_mean=0.038907 energy_std=0.206063 lr=4.793591e-05 grad_norm=0.159100
step=05110 layers=11,23 seq_len=65299 skipped_length=0 loss=0.254281 teacher_kl=0.747605 teacher_l1=0.000663 topk_boundary_loss=0.008402 teacher_recall=0.898942 causal_density=0.652181 target_group_coverage=0.813203 same_head_all_targets_hit=0.900000 rank_loss=0.087233 aggregation_loss=0.090188 negative_penalty=0.000183 soft_effective_blocks=182.557520 current_block_budget=256.000000 energy_mean=0.038131 energy_std=0.196625 lr=4.792708e-05 grad_norm=0.101161
step=05120 layers=9,25 seq_len=57903 skipped_length=0 loss=0.265608 teacher_kl=0.670119 teacher_l1=0.000640 topk_boundary_loss=0.009615 teacher_recall=0.895097 causal_density=0.652292 target_group_coverage=0.935885 same_head_all_targets_hit=1.000000 rank_loss=0.131976 aggregation_loss=0.035776 negative_penalty=0.000231 soft_effective_blocks=181.361242 current_block_budget=256.000000 energy_mean=0.039909 energy_std=0.194356 lr=4.791822e-05 grad_norm=0.152134
step=05130 layers=15,33 seq_len=64089 skipped_length=0 loss=0.284073 teacher_kl=0.772921 teacher_l1=0.000667 topk_boundary_loss=0.008890 teacher_recall=0.896958 causal_density=0.652165 target_group_coverage=0.839323 same_head_all_targets_hit=1.000000 rank_loss=0.161624 aggregation_loss=0.000000 negative_penalty=0.000175 soft_effective_blocks=191.159175 current_block_budget=256.000000 energy_mean=0.037636 energy_std=0.190730 lr=4.790935e-05 grad_norm=0.115180
step=05140 layers=14,33 seq_len=61554 skipped_length=0 loss=0.265512 teacher_kl=0.729227 teacher_l1=0.000646 topk_boundary_loss=0.007705 teacher_recall=0.900112 causal_density=0.652257 target_group_coverage=0.842188 same_head_all_targets_hit=1.000000 rank_loss=0.142704 aggregation_loss=0.035296 negative_penalty=0.000209 soft_effective_blocks=185.688408 current_block_budget=256.000000 energy_mean=0.038949 energy_std=0.191997 lr=4.790047e-05 grad_norm=0.106948
step=05150 layers=12,31 seq_len=53512 skipped_length=0 loss=0.280637 teacher_kl=0.812711 teacher_l1=0.000787 topk_boundary_loss=0.009072 teacher_recall=0.885721 causal_density=0.652337 target_group_coverage=0.804297 same_head_all_targets_hit=1.000000 rank_loss=0.128426 aggregation_loss=0.036210 negative_penalty=0.000210 soft_effective_blocks=167.264766 current_block_budget=256.000000 energy_mean=0.040694 energy_std=0.207016 lr=4.789156e-05 grad_norm=0.087848
step=05160 layers=22,29 seq_len=63628 skipped_length=0 loss=0.275254 teacher_kl=0.729411 teacher_l1=0.000674 topk_boundary_loss=0.008828 teacher_recall=0.888334 causal_density=0.652171 target_group_coverage=0.823438 same_head_all_targets_hit=1.000000 rank_loss=0.158635 aggregation_loss=0.000000 negative_penalty=0.000180 soft_effective_blocks=176.617081 current_block_budget=256.000000 energy_mean=0.038955 energy_std=0.207798 lr=4.788264e-05 grad_norm=0.099360
step=05170 layers=16,23 seq_len=61776 skipped_length=0 loss=0.256582 teacher_kl=0.717854 teacher_l1=0.000607 topk_boundary_loss=0.007611 teacher_recall=0.906195 causal_density=0.652193 target_group_coverage=0.837500 same_head_all_targets_hit=1.000000 rank_loss=0.139274 aggregation_loss=0.017677 negative_penalty=0.000173 soft_effective_blocks=198.858253 current_block_budget=256.000000 energy_mean=0.037523 energy_std=0.180107 lr=4.787370e-05 grad_norm=0.072708
step=05180 layers=4,35 seq_len=53131 skipped_length=0 loss=0.267037 teacher_kl=0.689150 teacher_l1=0.000648 topk_boundary_loss=0.009975 teacher_recall=0.894613 causal_density=0.652214 target_group_coverage=0.838984 same_head_all_targets_hit=1.000000 rank_loss=0.131868 aggregation_loss=0.018805 negative_penalty=0.000200 soft_effective_blocks=186.702815 current_block_budget=256.000000 energy_mean=0.038591 energy_std=0.191068 lr=4.786474e-05 grad_norm=0.156781
step=05190 layers=13,22 seq_len=54878 skipped_length=0 loss=0.256095 teacher_kl=0.782143 teacher_l1=0.000755 topk_boundary_loss=0.008316 teacher_recall=0.886330 causal_density=0.652391 target_group_coverage=0.777422 same_head_all_targets_hit=0.900000 rank_loss=0.090555 aggregation_loss=0.071459 negative_penalty=0.000217 soft_effective_blocks=175.641934 current_block_budget=256.000000 energy_mean=0.042210 energy_std=0.196948 lr=4.785576e-05 grad_norm=0.082154
step=05200 layers=6,26 seq_len=51809 skipped_length=0 loss=0.284584 teacher_kl=0.717441 teacher_l1=0.000696 topk_boundary_loss=0.008594 teacher_recall=0.891130 causal_density=0.652267 target_group_coverage=0.770703 same_head_all_targets_hit=1.000000 rank_loss=0.180289 aggregation_loss=0.000000 negative_penalty=0.000239 soft_effective_blocks=172.025661 current_block_budget=256.000000 energy_mean=0.039444 energy_std=0.205948 lr=4.784677e-05 grad_norm=0.135854
step=05210 layers=5,33 seq_len=64466 skipped_length=0 loss=0.283236 teacher_kl=0.779197 teacher_l1=0.000670 topk_boundary_loss=0.008661 teacher_recall=0.893402 causal_density=0.652252 target_group_coverage=0.851476 same_head_all_targets_hit=1.000000 rank_loss=0.154351 aggregation_loss=0.017693 negative_penalty=0.000168 soft_effective_blocks=184.433591 current_block_budget=256.000000 energy_mean=0.039016 energy_std=0.194599 lr=4.783775e-05 grad_norm=0.112315
step=05220 layers=11,21 seq_len=55290 skipped_length=0 loss=0.256004 teacher_kl=0.730485 teacher_l1=0.000679 topk_boundary_loss=0.008203 teacher_recall=0.895973 causal_density=0.652219 target_group_coverage=0.769097 same_head_all_targets_hit=1.000000 rank_loss=0.127058 aggregation_loss=0.018119 negative_penalty=0.000197 soft_effective_blocks=181.000005 current_block_budget=256.000000 energy_mean=0.039651 energy_std=0.201560 lr=4.782872e-05 grad_norm=0.093094
step=05230 layers=12,23 seq_len=56790 skipped_length=0 loss=0.283791 teacher_kl=0.780634 teacher_l1=0.000744 topk_boundary_loss=0.008931 teacher_recall=0.886983 causal_density=0.652352 target_group_coverage=0.757986 same_head_all_targets_hit=0.950000 rank_loss=0.151305 aggregation_loss=0.017683 negative_penalty=0.000187 soft_effective_blocks=170.722366 current_block_budget=256.000000 energy_mean=0.041230 energy_std=0.206753 lr=4.781968e-05 grad_norm=0.127946
step=05240 layers=0,4 seq_len=60770 skipped_length=0 loss=0.245249 teacher_kl=0.683035 teacher_l1=0.000610 topk_boundary_loss=0.007610 teacher_recall=0.906401 causal_density=0.652208 target_group_coverage=0.807083 same_head_all_targets_hit=1.000000 rank_loss=0.129015 aggregation_loss=0.017855 negative_penalty=0.000270 soft_effective_blocks=183.416994 current_block_budget=256.000000 energy_mean=0.038623 energy_std=0.200200 lr=4.781061e-05 grad_norm=0.100741
step=05250 layers=5,17 seq_len=49435 skipped_length=0 loss=0.260487 teacher_kl=0.719772 teacher_l1=0.000684 topk_boundary_loss=0.008291 teacher_recall=0.890403 causal_density=0.652281 target_group_coverage=0.802300 same_head_all_targets_hit=1.000000 rank_loss=0.128868 aggregation_loss=0.035323 negative_penalty=0.000158 soft_effective_blocks=179.466460 current_block_budget=256.000000 energy_mean=0.040354 energy_std=0.198168 lr=4.780153e-05 grad_norm=0.094747
[save] raw=/inspire/hdd/global_user/gexinmu-253108100065/Repos/fuyicheng_workshop/Innovator-lm-evaluation-hardness/x-attention-main/xattn/qwen_weights/conv_qwen3_boundary_v2/conv_kernel_7x7_qwen3_8b_boundary_v2_t065_s16_48k64k_bf16_step5250.pt
[save] ema=/inspire/hdd/global_user/gexinmu-253108100065/Repos/fuyicheng_workshop/Innovator-lm-evaluation-hardness/x-attention-main/xattn/qwen_weights/conv_qwen3_boundary_v2/conv_kernel_7x7_qwen3_8b_boundary_v2_t065_s16_48k64k_bf16_ema_step5250.pt
[save] state=/inspire/hdd/global_user/gexinmu-253108100065/Repos/fuyicheng_workshop/Innovator-lm-evaluation-hardness/x-attention-main/xattn/qwen_weights/conv_qwen3_boundary_v2/conv_kernel_7x7_qwen3_8b_boundary_v2_t065_s16_48k64k_bf16_train_state.pt
step=05260 layers=16,31 seq_len=55725 skipped_length=0 loss=0.270361 teacher_kl=0.798924 teacher_l1=0.000696 topk_boundary_loss=0.009350 teacher_recall=0.868295 causal_density=0.652256 target_group_coverage=0.874219 same_head_all_targets_hit=1.000000 rank_loss=0.126132 aggregation_loss=0.000000 negative_penalty=0.000173 soft_effective_blocks=191.230742 current_block_budget=256.000000 energy_mean=0.039445 energy_std=0.180838 lr=4.779243e-05 grad_norm=0.062022
step=05270 layers=8,33 seq_len=51681 skipped_length=0 loss=0.235450 teacher_kl=0.614617 teacher_l1=0.000662 topk_boundary_loss=0.007502 teacher_recall=0.899684 causal_density=0.652389 target_group_coverage=0.814375 same_head_all_targets_hit=1.000000 rank_loss=0.131334 aggregation_loss=0.017594 negative_penalty=0.000245 soft_effective_blocks=166.277194 current_block_budget=256.000000 energy_mean=0.043204 energy_std=0.212078 lr=4.778331e-05 grad_norm=0.133878
step=05280 layers=2,20 seq_len=64644 skipped_length=0 loss=0.265401 teacher_kl=0.748288 teacher_l1=0.000661 topk_boundary_loss=0.008370 teacher_recall=0.896634 causal_density=0.652278 target_group_coverage=0.870495 same_head_all_targets_hit=1.000000 rank_loss=0.136293 aggregation_loss=0.017543 negative_penalty=0.000208 soft_effective_blocks=181.839554 current_block_budget=256.000000 energy_mean=0.040123 energy_std=0.196560 lr=4.777417e-05 grad_norm=0.095773
step=05290 layers=26,29 seq_len=63729 skipped_length=0 loss=0.260237 teacher_kl=0.773485 teacher_l1=0.000706 topk_boundary_loss=0.008340 teacher_recall=0.894669 causal_density=0.652195 target_group_coverage=0.826858 same_head_all_targets_hit=0.950000 rank_loss=0.098780 aggregation_loss=0.072749 negative_penalty=0.000186 soft_effective_blocks=181.010477 current_block_budget=256.000000 energy_mean=0.038897 energy_std=0.204094 lr=4.776502e-05 grad_norm=0.115947
step=05300 layers=21,29 seq_len=60435 skipped_length=0 loss=0.302526 teacher_kl=0.897214 teacher_l1=0.000791 topk_boundary_loss=0.009876 teacher_recall=0.885748 causal_density=0.652227 target_group_coverage=0.866146 same_head_all_targets_hit=1.000000 rank_loss=0.148159 aggregation_loss=0.000000 negative_penalty=0.000167 soft_effective_blocks=185.529439 current_block_budget=256.000000 energy_mean=0.037526 energy_std=0.194312 lr=4.775585e-05 grad_norm=0.125170
step=05310 layers=11,32 seq_len=64523 skipped_length=0 loss=0.244936 teacher_kl=0.624436 teacher_l1=0.000589 topk_boundary_loss=0.007831 teacher_recall=0.903707 causal_density=0.652263 target_group_coverage=0.754766 same_head_all_targets_hit=0.950000 rank_loss=0.140128 aggregation_loss=0.018031 negative_penalty=0.000255 soft_effective_blocks=180.676723 current_block_budget=256.000000 energy_mean=0.040738 energy_std=0.201280 lr=4.774666e-05 grad_norm=0.087612
step=05320 layers=7,26 seq_len=62784 skipped_length=0 loss=0.278132 teacher_kl=0.786160 teacher_l1=0.000680 topk_boundary_loss=0.009211 teacher_recall=0.887736 causal_density=0.652145 target_group_coverage=0.796875 same_head_all_targets_hit=1.000000 rank_loss=0.136674 aggregation_loss=0.017908 negative_penalty=0.000229 soft_effective_blocks=189.892635 current_block_budget=256.000000 energy_mean=0.037473 energy_std=0.191456 lr=4.773745e-05 grad_norm=0.103803
step=05330 layers=10,23 seq_len=56134 skipped_length=0 loss=0.265967 teacher_kl=0.720753 teacher_l1=0.000654 topk_boundary_loss=0.008453 teacher_recall=0.894093 causal_density=0.652251 target_group_coverage=0.870616 same_head_all_targets_hit=1.000000 rank_loss=0.142849 aggregation_loss=0.017916 negative_penalty=0.000181 soft_effective_blocks=180.790045 current_block_budget=256.000000 energy_mean=0.040749 energy_std=0.201768 lr=4.772823e-05 grad_norm=0.125781
step=05340 layers=8,18 seq_len=60795 skipped_length=0 loss=0.269609 teacher_kl=0.699134 teacher_l1=0.000624 topk_boundary_loss=0.008425 teacher_recall=0.896228 causal_density=0.652212 target_group_coverage=0.822266 same_head_all_targets_hit=1.000000 rank_loss=0.162173 aggregation_loss=0.000000 negative_penalty=0.000208 soft_effective_blocks=187.501131 current_block_budget=256.000000 energy_mean=0.039329 energy_std=0.190961 lr=4.771899e-05 grad_norm=0.098276
step=05350 layers=0,19 seq_len=53091 skipped_length=0 loss=0.283028 teacher_kl=0.803916 teacher_l1=0.000730 topk_boundary_loss=0.008566 teacher_recall=0.899383 causal_density=0.652227 target_group_coverage=0.803125 same_head_all_targets_hit=1.000000 rank_loss=0.156449 aggregation_loss=0.000000 negative_penalty=0.000259 soft_effective_blocks=172.763940 current_block_budget=256.000000 energy_mean=0.038825 energy_std=0.214388 lr=4.770973e-05 grad_norm=0.118899
step=05360 layers=13,27 seq_len=57725 skipped_length=0 loss=0.275041 teacher_kl=0.764132 teacher_l1=0.000670 topk_boundary_loss=0.008228 teacher_recall=0.900618 causal_density=0.652213 target_group_coverage=0.784505 same_head_all_targets_hit=1.000000 rank_loss=0.157594 aggregation_loss=0.000000 negative_penalty=0.000189 soft_effective_blocks=190.968747 current_block_budget=256.000000 energy_mean=0.038397 energy_std=0.187045 lr=4.770045e-05 grad_norm=0.120521
step=05370 layers=6,30 seq_len=57475 skipped_length=0 loss=0.262210 teacher_kl=0.679964 teacher_l1=0.000641 topk_boundary_loss=0.008637 teacher_recall=0.881510 causal_density=0.652261 target_group_coverage=0.926667 same_head_all_targets_hit=1.000000 rank_loss=0.144551 aggregation_loss=0.017413 negative_penalty=0.000169 soft_effective_blocks=186.157404 current_block_budget=256.000000 energy_mean=0.041456 energy_std=0.191558 lr=4.769115e-05 grad_norm=0.090039
step=05380 layers=20,22 seq_len=61822 skipped_length=0 loss=0.256718 teacher_kl=0.723635 teacher_l1=0.000701 topk_boundary_loss=0.008171 teacher_recall=0.898972 causal_density=0.652238 target_group_coverage=0.837813 same_head_all_targets_hit=1.000000 rank_loss=0.115390 aggregation_loss=0.054125 negative_penalty=0.000200 soft_effective_blocks=172.324062 current_block_budget=256.000000 energy_mean=0.040192 energy_std=0.211206 lr=4.768184e-05 grad_norm=0.095800
step=05390 layers=2,10 seq_len=50951 skipped_length=0 loss=0.272516 teacher_kl=0.802447 teacher_l1=0.000692 topk_boundary_loss=0.008654 teacher_recall=0.898060 causal_density=0.652225 target_group_coverage=0.797118 same_head_all_targets_hit=1.000000 rank_loss=0.115726 aggregation_loss=0.053772 negative_penalty=0.000218 soft_effective_blocks=182.809949 current_block_budget=256.000000 energy_mean=0.038499 energy_std=0.199461 lr=4.767251e-05 grad_norm=0.089831
step=05400 layers=11,34 seq_len=63328 skipped_length=0 loss=0.265244 teacher_kl=0.703792 teacher_l1=0.000630 topk_boundary_loss=0.008071 teacher_recall=0.896372 causal_density=0.652236 target_group_coverage=0.867318 same_head_all_targets_hit=1.000000 rank_loss=0.158448 aggregation_loss=0.000000 negative_penalty=0.000198 soft_effective_blocks=185.998431 current_block_budget=256.000000 energy_mean=0.040061 energy_std=0.196972 lr=4.766316e-05 grad_norm=0.124046
step=05410 layers=14,28 seq_len=52554 skipped_length=0 loss=0.267127 teacher_kl=0.728138 teacher_l1=0.000649 topk_boundary_loss=0.008183 teacher_recall=0.898026 causal_density=0.652226 target_group_coverage=0.798958 same_head_all_targets_hit=0.950000 rank_loss=0.146627 aggregation_loss=0.017705 negative_penalty=0.000180 soft_effective_blocks=182.227238 current_block_budget=256.000000 energy_mean=0.040176 energy_std=0.200154 lr=4.765380e-05 grad_norm=0.112733
step=05420 layers=16,27 seq_len=50695 skipped_length=0 loss=0.270782 teacher_kl=0.773950 teacher_l1=0.000727 topk_boundary_loss=0.008704 teacher_recall=0.881519 causal_density=0.652366 target_group_coverage=0.847135 same_head_all_targets_hit=1.000000 rank_loss=0.126721 aggregation_loss=0.035925 negative_penalty=0.000238 soft_effective_blocks=174.366096 current_block_budget=256.000000 energy_mean=0.041639 energy_std=0.201671 lr=4.764442e-05 grad_norm=0.065914
step=05430 layers=21,34 seq_len=56647 skipped_length=0 loss=0.270042 teacher_kl=0.671856 teacher_l1=0.000659 topk_boundary_loss=0.009415 teacher_recall=0.891922 causal_density=0.652283 target_group_coverage=0.905078 same_head_all_targets_hit=1.000000 rank_loss=0.149350 aggregation_loss=0.017189 negative_penalty=0.000181 soft_effective_blocks=174.757488 current_block_budget=256.000000 energy_mean=0.041295 energy_std=0.207586 lr=4.763501e-05 grad_norm=0.122820
step=05440 layers=8,24 seq_len=52197 skipped_length=0 loss=0.284837 teacher_kl=0.788801 teacher_l1=0.000673 topk_boundary_loss=0.008246 teacher_recall=0.887684 causal_density=0.652235 target_group_coverage=0.789844 same_head_all_targets_hit=1.000000 rank_loss=0.167517 aggregation_loss=0.000000 negative_penalty=0.000250 soft_effective_blocks=184.977555 current_block_budget=256.000000 energy_mean=0.038602 energy_std=0.194083 lr=4.762560e-05 grad_norm=0.108922
step=05450 layers=3,20 seq_len=63368 skipped_length=0 loss=0.245924 teacher_kl=0.683713 teacher_l1=0.000635 topk_boundary_loss=0.008555 teacher_recall=0.892562 causal_density=0.652230 target_group_coverage=0.814036 same_head_all_targets_hit=1.000000 rank_loss=0.109878 aggregation_loss=0.035836 negative_penalty=0.000214 soft_effective_blocks=182.010481 current_block_budget=256.000000 energy_mean=0.040172 energy_std=0.202510 lr=4.761616e-05 grad_norm=0.083413
step=05460 layers=1,13 seq_len=60732 skipped_length=0 loss=0.296843 teacher_kl=0.858032 teacher_l1=0.000748 topk_boundary_loss=0.009135 teacher_recall=0.899080 causal_density=0.652250 target_group_coverage=0.808203 same_head_all_targets_hit=0.950000 rank_loss=0.151093 aggregation_loss=0.017431 negative_penalty=0.000169 soft_effective_blocks=183.819077 current_block_budget=256.000000 energy_mean=0.039993 energy_std=0.198701 lr=4.760671e-05 grad_norm=0.129189
step=05470 layers=6,30 seq_len=59800 skipped_length=0 loss=0.248030 teacher_kl=0.666293 teacher_l1=0.000646 topk_boundary_loss=0.008139 teacher_recall=0.898176 causal_density=0.652302 target_group_coverage=0.902578 same_head_all_targets_hit=1.000000 rank_loss=0.123151 aggregation_loss=0.036172 negative_penalty=0.000268 soft_effective_blocks=177.958027 current_block_budget=256.000000 energy_mean=0.041710 energy_std=0.203488 lr=4.759724e-05 grad_norm=0.084708
step=05480 layers=19,22 seq_len=58321 skipped_length=0 loss=0.305562 teacher_kl=0.883463 teacher_l1=0.000768 topk_boundary_loss=0.009066 teacher_recall=0.890648 causal_density=0.652184 target_group_coverage=0.772812 same_head_all_targets_hit=1.000000 rank_loss=0.160006 aggregation_loss=0.017873 negative_penalty=0.000196 soft_effective_blocks=172.685202 current_block_budget=256.000000 energy_mean=0.038400 energy_std=0.214285 lr=4.758775e-05 grad_norm=0.104668
step=05490 layers=28,33 seq_len=61776 skipped_length=0 loss=0.253342 teacher_kl=0.649278 teacher_l1=0.000587 topk_boundary_loss=0.008408 teacher_recall=0.885772 causal_density=0.652211 target_group_coverage=0.747500 same_head_all_targets_hit=1.000000 rank_loss=0.140019 aggregation_loss=0.018544 negative_penalty=0.000204 soft_effective_blocks=197.014432 current_block_budget=256.000000 energy_mean=0.040053 energy_std=0.183748 lr=4.757824e-05 grad_norm=0.095938
step=05500 layers=14,25 seq_len=60575 skipped_length=0 loss=0.258687 teacher_kl=0.710584 teacher_l1=0.000636 topk_boundary_loss=0.008016 teacher_recall=0.899149 causal_density=0.652178 target_group_coverage=0.779818 same_head_all_targets_hit=1.000000 rank_loss=0.138719 aggregation_loss=0.018802 negative_penalty=0.000179 soft_effective_blocks=195.101259 current_block_budget=256.000000 energy_mean=0.038462 energy_std=0.189272 lr=4.756872e-05 grad_norm=0.072864
[save] raw=/inspire/hdd/global_user/gexinmu-253108100065/Repos/fuyicheng_workshop/Innovator-lm-evaluation-hardness/x-attention-main/xattn/qwen_weights/conv_qwen3_boundary_v2/conv_kernel_7x7_qwen3_8b_boundary_v2_t065_s16_48k64k_bf16_step5500.pt
[save] ema=/inspire/hdd/global_user/gexinmu-253108100065/Repos/fuyicheng_workshop/Innovator-lm-evaluation-hardness/x-attention-main/xattn/qwen_weights/conv_qwen3_boundary_v2/conv_kernel_7x7_qwen3_8b_boundary_v2_t065_s16_48k64k_bf16_ema_step5500.pt
[save] state=/inspire/hdd/global_user/gexinmu-253108100065/Repos/fuyicheng_workshop/Innovator-lm-evaluation-hardness/x-attention-main/xattn/qwen_weights/conv_qwen3_boundary_v2/conv_kernel_7x7_qwen3_8b_boundary_v2_t065_s16_48k64k_bf16_train_state.pt
step=05510 layers=8,35 seq_len=60425 skipped_length=0 loss=0.277942 teacher_kl=0.789739 teacher_l1=0.000660 topk_boundary_loss=0.008218 teacher_recall=0.892226 causal_density=0.652188 target_group_coverage=0.707344 same_head_all_targets_hit=1.000000 rank_loss=0.148690 aggregation_loss=0.017926 negative_penalty=0.000241 soft_effective_blocks=182.614251 current_block_budget=256.000000 energy_mean=0.039582 energy_std=0.205611 lr=4.755918e-05 grad_norm=0.128104
step=05520 layers=7,14 seq_len=57388 skipped_length=0 loss=0.297229 teacher_kl=0.810410 teacher_l1=0.000677 topk_boundary_loss=0.009656 teacher_recall=0.902455 causal_density=0.652154 target_group_coverage=0.846484 same_head_all_targets_hit=1.000000 rank_loss=0.163969 aggregation_loss=0.000000 negative_penalty=0.000248 soft_effective_blocks=178.621779 current_block_budget=256.000000 energy_mean=0.038453 energy_std=0.207134 lr=4.754962e-05 grad_norm=0.135970
step=05530 layers=5,17 seq_len=55536 skipped_length=0 loss=0.257949 teacher_kl=0.656934 teacher_l1=0.000605 topk_boundary_loss=0.009178 teacher_recall=0.880643 causal_density=0.652241 target_group_coverage=0.902917 same_head_all_targets_hit=1.000000 rank_loss=0.135937 aggregation_loss=0.017565 negative_penalty=0.000123 soft_effective_blocks=197.615858 current_block_budget=256.000000 energy_mean=0.040091 energy_std=0.180096 lr=4.754005e-05 grad_norm=0.063993
step=05540 layers=32,34 seq_len=58480 skipped_length=0 loss=0.281219 teacher_kl=0.768921 teacher_l1=0.000671 topk_boundary_loss=0.008301 teacher_recall=0.896851 causal_density=0.652169 target_group_coverage=0.864583 same_head_all_targets_hit=1.000000 rank_loss=0.165724 aggregation_loss=0.000000 negative_penalty=0.000215 soft_effective_blocks=186.339861 current_block_budget=256.000000 energy_mean=0.039345 energy_std=0.200380 lr=4.753045e-05 grad_norm=0.095283
step=05550 layers=17,22 seq_len=58473 skipped_length=0 loss=0.249837 teacher_kl=0.668205 teacher_l1=0.000624 topk_boundary_loss=0.007780 teacher_recall=0.905850 causal_density=0.652151 target_group_coverage=0.788281 same_head_all_targets_hit=1.000000 rank_loss=0.130311 aggregation_loss=0.036568 negative_penalty=0.000183 soft_effective_blocks=181.239906 current_block_budget=256.000000 energy_mean=0.039451 energy_std=0.212349 lr=4.752084e-05 grad_norm=0.091746
step=05560 layers=0,1 seq_len=54839 skipped_length=0 loss=0.275014 teacher_kl=0.744872 teacher_l1=0.000666 topk_boundary_loss=0.008432 teacher_recall=0.891858 causal_density=0.652240 target_group_coverage=0.798698 same_head_all_targets_hit=1.000000 rank_loss=0.159645 aggregation_loss=0.000000 negative_penalty=0.000266 soft_effective_blocks=186.104674 current_block_budget=256.000000 energy_mean=0.039543 energy_std=0.193748 lr=4.751122e-05 grad_norm=0.100569
step=05570 layers=21,23 seq_len=53259 skipped_length=0 loss=0.279432 teacher_kl=0.820878 teacher_l1=0.000761 topk_boundary_loss=0.009499 teacher_recall=0.883579 causal_density=0.652314 target_group_coverage=0.789297 same_head_all_targets_hit=1.000000 rank_loss=0.111234 aggregation_loss=0.054106 negative_penalty=0.000200 soft_effective_blocks=170.958286 current_block_budget=256.000000 energy_mean=0.041767 energy_std=0.206347 lr=4.750157e-05 grad_norm=0.090138
step=05580 layers=13,29 seq_len=50132 skipped_length=0 loss=0.260184 teacher_kl=0.703476 teacher_l1=0.000647 topk_boundary_loss=0.007765 teacher_recall=0.903918 causal_density=0.652245 target_group_coverage=0.752422 same_head_all_targets_hit=1.000000 rank_loss=0.146979 aggregation_loss=0.017270 negative_penalty=0.000237 soft_effective_blocks=186.437807 current_block_budget=256.000000 energy_mean=0.040112 energy_std=0.200041 lr=4.749191e-05 grad_norm=0.101038
step=05590 layers=8,10 seq_len=54104 skipped_length=0 loss=0.270464 teacher_kl=0.715352 teacher_l1=0.000686 topk_boundary_loss=0.007965 teacher_recall=0.897760 causal_density=0.652274 target_group_coverage=0.814974 same_head_all_targets_hit=0.950000 rank_loss=0.165671 aggregation_loss=0.000000 negative_penalty=0.000256 soft_effective_blocks=177.605721 current_block_budget=256.000000 energy_mean=0.039943 energy_std=0.202075 lr=4.748223e-05 grad_norm=0.093671
step=05600 layers=31,32 seq_len=52962 skipped_length=0 loss=0.254538 teacher_kl=0.760372 teacher_l1=0.000703 topk_boundary_loss=0.008880 teacher_recall=0.878910 causal_density=0.652314 target_group_coverage=0.767266 same_head_all_targets_hit=0.950000 rank_loss=0.092997 aggregation_loss=0.054399 negative_penalty=0.000195 soft_effective_blocks=175.667505 current_block_budget=256.000000 energy_mean=0.043058 energy_std=0.205177 lr=4.747253e-05 grad_norm=0.098983
step=05610 layers=10,25 seq_len=51952 skipped_length=0 loss=0.253990 teacher_kl=0.749296 teacher_l1=0.000687 topk_boundary_loss=0.008084 teacher_recall=0.905830 causal_density=0.652232 target_group_coverage=0.923177 same_head_all_targets_hit=1.000000 rank_loss=0.128143 aggregation_loss=0.000000 negative_penalty=0.000199 soft_effective_blocks=176.854210 current_block_budget=256.000000 energy_mean=0.040780 energy_std=0.211427 lr=4.746282e-05 grad_norm=0.103549
step=05620 layers=6,24 seq_len=54267 skipped_length=0 loss=0.252304 teacher_kl=0.712583 teacher_l1=0.000630 topk_boundary_loss=0.008805 teacher_recall=0.888302 causal_density=0.652214 target_group_coverage=0.939844 same_head_all_targets_hit=1.000000 rank_loss=0.124893 aggregation_loss=0.000000 negative_penalty=0.000166 soft_effective_blocks=194.224355 current_block_budget=256.000000 energy_mean=0.039253 energy_std=0.188431 lr=4.745309e-05 grad_norm=0.061902
step=05630 layers=7,29 seq_len=62908 skipped_length=0 loss=0.250864 teacher_kl=0.711602 teacher_l1=0.000621 topk_boundary_loss=0.008271 teacher_recall=0.895342 causal_density=0.652205 target_group_coverage=0.874740 same_head_all_targets_hit=1.000000 rank_loss=0.129859 aggregation_loss=0.000000 negative_penalty=0.000217 soft_effective_blocks=187.591467 current_block_budget=256.000000 energy_mean=0.039871 energy_std=0.197954 lr=4.744334e-05 grad_norm=0.077458
step=05640 layers=0,6 seq_len=52081 skipped_length=0 loss=0.241575 teacher_kl=0.702758 teacher_l1=0.000686 topk_boundary_loss=0.008019 teacher_recall=0.898286 causal_density=0.652319 target_group_coverage=0.868750 same_head_all_targets_hit=1.000000 rank_loss=0.112354 aggregation_loss=0.018204 negative_penalty=0.000275 soft_effective_blocks=165.016735 current_block_budget=256.000000 energy_mean=0.042610 energy_std=0.222198 lr=4.743357e-05 grad_norm=0.125889
step=05650 layers=4,34 seq_len=56667 skipped_length=0 loss=0.285812 teacher_kl=0.797062 teacher_l1=0.000703 topk_boundary_loss=0.009392 teacher_recall=0.886595 causal_density=0.652188 target_group_coverage=0.795833 same_head_all_targets_hit=1.000000 rank_loss=0.144397 aggregation_loss=0.017752 negative_penalty=0.000229 soft_effective_blocks=186.938882 current_block_budget=256.000000 energy_mean=0.038738 energy_std=0.195752 lr=4.742379e-05 grad_norm=0.120410
step=05660 layers=18,33 seq_len=63077 skipped_length=0 loss=0.290241 teacher_kl=0.854602 teacher_l1=0.000739 topk_boundary_loss=0.010227 teacher_recall=0.882818 causal_density=0.652276 target_group_coverage=0.783698 same_head_all_targets_hit=1.000000 rank_loss=0.111127 aggregation_loss=0.054084 negative_penalty=0.000174 soft_effective_blocks=179.910417 current_block_budget=256.000000 energy_mean=0.041387 energy_std=0.198655 lr=4.741398e-05 grad_norm=0.109653
step=05670 layers=1,10 seq_len=51552 skipped_length=0 loss=0.242896 teacher_kl=0.668966 teacher_l1=0.000630 topk_boundary_loss=0.008234 teacher_recall=0.896219 causal_density=0.652273 target_group_coverage=0.821137 same_head_all_targets_hit=0.950000 rank_loss=0.120103 aggregation_loss=0.018306 negative_penalty=0.000229 soft_effective_blocks=177.663878 current_block_budget=256.000000 energy_mean=0.041542 energy_std=0.207950 lr=4.740417e-05 grad_norm=0.112685
step=05680 layers=1,5 seq_len=65377 skipped_length=0 loss=0.274584 teacher_kl=0.722741 teacher_l1=0.000685 topk_boundary_loss=0.008443 teacher_recall=0.885958 causal_density=0.652241 target_group_coverage=0.913932 same_head_all_targets_hit=1.000000 rank_loss=0.164310 aggregation_loss=0.000000 negative_penalty=0.000210 soft_effective_blocks=185.203555 current_block_budget=256.000000 energy_mean=0.040317 energy_std=0.194010 lr=4.739433e-05 grad_norm=0.106777
step=05690 layers=2,29 seq_len=49704 skipped_length=0 loss=0.254457 teacher_kl=0.746188 teacher_l1=0.000718 topk_boundary_loss=0.007639 teacher_recall=0.898704 causal_density=0.652462 target_group_coverage=0.825729 same_head_all_targets_hit=1.000000 rank_loss=0.120725 aggregation_loss=0.035762 negative_penalty=0.000234 soft_effective_blocks=164.074888 current_block_budget=256.000000 energy_mean=0.045116 energy_std=0.219633 lr=4.738448e-05 grad_norm=0.076855
step=05700 layers=5,25 seq_len=53676 skipped_length=0 loss=0.272039 teacher_kl=0.747602 teacher_l1=0.000646 topk_boundary_loss=0.008293 teacher_recall=0.892293 causal_density=0.652152 target_group_coverage=0.811632 same_head_all_targets_hit=1.000000 rank_loss=0.148081 aggregation_loss=0.018683 negative_penalty=0.000211 soft_effective_blocks=188.268639 current_block_budget=256.000000 energy_mean=0.038693 energy_std=0.194565 lr=4.737461e-05 grad_norm=0.099844
step=05710 layers=14,18 seq_len=62219 skipped_length=0 loss=0.290206 teacher_kl=0.800187 teacher_l1=0.000691 topk_boundary_loss=0.008645 teacher_recall=0.898331 causal_density=0.652155 target_group_coverage=0.865017 same_head_all_targets_hit=1.000000 rank_loss=0.160959 aggregation_loss=0.017592 negative_penalty=0.000249 soft_effective_blocks=174.609536 current_block_budget=256.000000 energy_mean=0.039072 energy_std=0.218981 lr=4.736472e-05 grad_norm=0.106450
step=05720 layers=3,22 seq_len=59336 skipped_length=0 loss=0.257060 teacher_kl=0.697646 teacher_l1=0.000649 topk_boundary_loss=0.008466 teacher_recall=0.894367 causal_density=0.652260 target_group_coverage=0.928333 same_head_all_targets_hit=1.000000 rank_loss=0.133858 aggregation_loss=0.017316 negative_penalty=0.000196 soft_effective_blocks=187.895764 current_block_budget=256.000000 energy_mean=0.040784 energy_std=0.195628 lr=4.735481e-05 grad_norm=0.102646
step=05730 layers=3,35 seq_len=58183 skipped_length=0 loss=0.267472 teacher_kl=0.707565 teacher_l1=0.000629 topk_boundary_loss=0.009546 teacher_recall=0.890285 causal_density=0.652162 target_group_coverage=0.880773 same_head_all_targets_hit=0.950000 rank_loss=0.133927 aggregation_loss=0.018284 negative_penalty=0.000223 soft_effective_blocks=185.163579 current_block_budget=256.000000 energy_mean=0.040090 energy_std=0.202753 lr=4.734489e-05 grad_norm=0.143633
step=05740 layers=8,14 seq_len=57328 skipped_length=0 loss=0.260155 teacher_kl=0.750126 teacher_l1=0.000656 topk_boundary_loss=0.008287 teacher_recall=0.895932 causal_density=0.652214 target_group_coverage=0.838750 same_head_all_targets_hit=0.900000 rank_loss=0.127851 aggregation_loss=0.018354 negative_penalty=0.000185 soft_effective_blocks=189.662776 current_block_budget=256.000000 energy_mean=0.039493 energy_std=0.193796 lr=4.733495e-05 grad_norm=0.076349
step=05750 layers=11,20 seq_len=61079 skipped_length=0 loss=0.282287 teacher_kl=0.832641 teacher_l1=0.000757 topk_boundary_loss=0.008557 teacher_recall=0.899500 causal_density=0.652209 target_group_coverage=0.823958 same_head_all_targets_hit=1.000000 rank_loss=0.140366 aggregation_loss=0.018673 negative_penalty=0.000255 soft_effective_blocks=178.812482 current_block_budget=256.000000 energy_mean=0.039658 energy_std=0.209214 lr=4.732499e-05 grad_norm=0.098475
[save] raw=/inspire/hdd/global_user/gexinmu-253108100065/Repos/fuyicheng_workshop/Innovator-lm-evaluation-hardness/x-attention-main/xattn/qwen_weights/conv_qwen3_boundary_v2/conv_kernel_7x7_qwen3_8b_boundary_v2_t065_s16_48k64k_bf16_step5750.pt
[save] ema=/inspire/hdd/global_user/gexinmu-253108100065/Repos/fuyicheng_workshop/Innovator-lm-evaluation-hardness/x-attention-main/xattn/qwen_weights/conv_qwen3_boundary_v2/conv_kernel_7x7_qwen3_8b_boundary_v2_t065_s16_48k64k_bf16_ema_step5750.pt
[save] state=/inspire/hdd/global_user/gexinmu-253108100065/Repos/fuyicheng_workshop/Innovator-lm-evaluation-hardness/x-attention-main/xattn/qwen_weights/conv_qwen3_boundary_v2/conv_kernel_7x7_qwen3_8b_boundary_v2_t065_s16_48k64k_bf16_train_state.pt
step=05760 layers=1,30 seq_len=54751 skipped_length=0 loss=0.263571 teacher_kl=0.700880 teacher_l1=0.000630 topk_boundary_loss=0.009487 teacher_recall=0.884089 causal_density=0.652235 target_group_coverage=0.763021 same_head_all_targets_hit=1.000000 rank_loss=0.137513 aggregation_loss=0.000000 negative_penalty=0.000169 soft_effective_blocks=185.734799 current_block_budget=256.000000 energy_mean=0.041370 energy_std=0.198400 lr=4.731502e-05 grad_norm=0.138609
step=05770 layers=16,21 seq_len=62484 skipped_length=0 loss=0.260214 teacher_kl=0.727831 teacher_l1=0.000636 topk_boundary_loss=0.008046 teacher_recall=0.907424 causal_density=0.652127 target_group_coverage=0.873828 same_head_all_targets_hit=0.900000 rank_loss=0.129186 aggregation_loss=0.036486 negative_penalty=0.000234 soft_effective_blocks=179.859173 current_block_budget=256.000000 energy_mean=0.039163 energy_std=0.214443 lr=4.730503e-05 grad_norm=0.085857
step=05780 layers=27,30 seq_len=50489 skipped_length=0 loss=0.273487 teacher_kl=0.755353 teacher_l1=0.000689 topk_boundary_loss=0.008804 teacher_recall=0.882867 causal_density=0.652286 target_group_coverage=0.845313 same_head_all_targets_hit=1.000000 rank_loss=0.141897 aggregation_loss=0.018307 negative_penalty=0.000209 soft_effective_blocks=184.481120 current_block_budget=256.000000 energy_mean=0.041604 energy_std=0.197511 lr=4.729502e-05 grad_norm=0.091557
step=05790 layers=1,2 seq_len=53857 skipped_length=0 loss=0.253016 teacher_kl=0.679548 teacher_l1=0.000676 topk_boundary_loss=0.008309 teacher_recall=0.892173 causal_density=0.652269 target_group_coverage=0.874592 same_head_all_targets_hit=1.000000 rank_loss=0.126071 aggregation_loss=0.035719 negative_penalty=0.000195 soft_effective_blocks=181.078564 current_block_budget=256.000000 energy_mean=0.041835 energy_std=0.205484 lr=4.728499e-05 grad_norm=0.089670
step=05800 layers=14,27 seq_len=51525 skipped_length=0 loss=0.295982 teacher_kl=0.848805 teacher_l1=0.000733 topk_boundary_loss=0.008922 teacher_recall=0.887485 causal_density=0.652254 target_group_coverage=0.871094 same_head_all_targets_hit=1.000000 rank_loss=0.162067 aggregation_loss=0.000000 negative_penalty=0.000219 soft_effective_blocks=177.072911 current_block_budget=256.000000 energy_mean=0.040580 energy_std=0.202939 lr=4.727495e-05 grad_norm=0.091349
step=05810 layers=19,34 seq_len=58903 skipped_length=0 loss=0.273158 teacher_kl=0.760355 teacher_l1=0.000699 topk_boundary_loss=0.008585 teacher_recall=0.890457 causal_density=0.652317 target_group_coverage=0.851328 same_head_all_targets_hit=1.000000 rank_loss=0.143313 aggregation_loss=0.017580 negative_penalty=0.000249 soft_effective_blocks=176.744595 current_block_budget=256.000000 energy_mean=0.041810 energy_std=0.203284 lr=4.726489e-05 grad_norm=0.092524
step=05820 layers=9,22 seq_len=64608 skipped_length=0 loss=0.229515 teacher_kl=0.605197 teacher_l1=0.000556 topk_boundary_loss=0.007354 teacher_recall=0.908024 causal_density=0.652156 target_group_coverage=0.811189 same_head_all_targets_hit=1.000000 rank_loss=0.118112 aggregation_loss=0.036000 negative_penalty=0.000155 soft_effective_blocks=193.033037 current_block_budget=256.000000 energy_mean=0.040477 energy_std=0.197002 lr=4.725481e-05 grad_norm=0.074304
step=05830 layers=3,11 seq_len=59795 skipped_length=0 loss=0.280427 teacher_kl=0.789374 teacher_l1=0.000683 topk_boundary_loss=0.008277 teacher_recall=0.895639 causal_density=0.652175 target_group_coverage=0.755078 same_head_all_targets_hit=1.000000 rank_loss=0.159611 aggregation_loss=0.000000 negative_penalty=0.000236 soft_effective_blocks=182.568474 current_block_budget=256.000000 energy_mean=0.039877 energy_std=0.209231 lr=4.724472e-05 grad_norm=0.095948
step=05840 layers=0,25 seq_len=61820 skipped_length=0 loss=0.254775 teacher_kl=0.771634 teacher_l1=0.000657 topk_boundary_loss=0.008197 teacher_recall=0.888375 causal_density=0.652258 target_group_coverage=0.897769 same_head_all_targets_hit=0.950000 rank_loss=0.092043 aggregation_loss=0.072755 negative_penalty=0.000243 soft_effective_blocks=187.157815 current_block_budget=256.000000 energy_mean=0.039850 energy_std=0.188907 lr=4.723461e-05 grad_norm=0.059368
step=05850 layers=4,14 seq_len=57212 skipped_length=0 loss=0.275828 teacher_kl=0.765727 teacher_l1=0.000729 topk_boundary_loss=0.008889 teacher_recall=0.889701 causal_density=0.652296 target_group_coverage=0.747830 same_head_all_targets_hit=0.950000 rank_loss=0.134478 aggregation_loss=0.036503 negative_penalty=0.000205 soft_effective_blocks=167.251228 current_block_budget=256.000000 energy_mean=0.042878 energy_std=0.222291 lr=4.722448e-05 grad_norm=0.088712
step=05860 layers=2,4 seq_len=58397 skipped_length=0 loss=0.240440 teacher_kl=0.636244 teacher_l1=0.000602 topk_boundary_loss=0.008207 teacher_recall=0.901187 causal_density=0.652280 target_group_coverage=0.763212 same_head_all_targets_hit=1.000000 rank_loss=0.109727 aggregation_loss=0.053915 negative_penalty=0.000185 soft_effective_blocks=188.291800 current_block_budget=256.000000 energy_mean=0.042389 energy_std=0.197810 lr=4.721433e-05 grad_norm=0.081439
step=05870 layers=3,9 seq_len=59599 skipped_length=0 loss=0.303615 teacher_kl=0.847445 teacher_l1=0.000727 topk_boundary_loss=0.010269 teacher_recall=0.887575 causal_density=0.652210 target_group_coverage=0.910417 same_head_all_targets_hit=1.000000 rank_loss=0.149507 aggregation_loss=0.018383 negative_penalty=0.000227 soft_effective_blocks=177.954412 current_block_budget=256.000000 energy_mean=0.039409 energy_std=0.206996 lr=4.720417e-05 grad_norm=0.130390
step=05880 layers=14,35 seq_len=55848 skipped_length=0 loss=0.255792 teacher_kl=0.721639 teacher_l1=0.000649 topk_boundary_loss=0.008834 teacher_recall=0.891639 causal_density=0.652199 target_group_coverage=0.880113 same_head_all_targets_hit=1.000000 rank_loss=0.112886 aggregation_loss=0.036407 negative_penalty=0.000228 soft_effective_blocks=180.315714 current_block_budget=256.000000 energy_mean=0.041227 energy_std=0.209935 lr=4.719399e-05 grad_norm=0.113017
step=05890 layers=23,29 seq_len=58941 skipped_length=0 loss=0.279175 teacher_kl=0.795802 teacher_l1=0.000711 topk_boundary_loss=0.009415 teacher_recall=0.891492 causal_density=0.652232 target_group_coverage=0.774002 same_head_all_targets_hit=0.950000 rank_loss=0.118267 aggregation_loss=0.053933 negative_penalty=0.000221 soft_effective_blocks=182.989655 current_block_budget=256.000000 energy_mean=0.039956 energy_std=0.203027 lr=4.718379e-05 grad_norm=0.140375
step=05900 layers=6,10 seq_len=59899 skipped_length=0 loss=0.255242 teacher_kl=0.738587 teacher_l1=0.000725 topk_boundary_loss=0.008387 teacher_recall=0.895643 causal_density=0.652353 target_group_coverage=0.775651 same_head_all_targets_hit=0.900000 rank_loss=0.106304 aggregation_loss=0.054137 negative_penalty=0.000230 soft_effective_blocks=165.941899 current_block_budget=256.000000 energy_mean=0.043392 energy_std=0.220159 lr=4.717358e-05 grad_norm=0.088663
step=05910 layers=16,29 seq_len=49968 skipped_length=0 loss=0.280139 teacher_kl=0.760975 teacher_l1=0.000671 topk_boundary_loss=0.009343 teacher_recall=0.890974 causal_density=0.652214 target_group_coverage=0.803385 same_head_all_targets_hit=1.000000 rank_loss=0.144027 aggregation_loss=0.019172 negative_penalty=0.000219 soft_effective_blocks=186.915250 current_block_budget=256.000000 energy_mean=0.041085 energy_std=0.198834 lr=4.716335e-05 grad_norm=0.148461
step=05920 layers=8,22 seq_len=61979 skipped_length=0 loss=0.258492 teacher_kl=0.679444 teacher_l1=0.000636 topk_boundary_loss=0.008393 teacher_recall=0.888325 causal_density=0.652249 target_group_coverage=0.811198 same_head_all_targets_hit=1.000000 rank_loss=0.141252 aggregation_loss=0.018583 negative_penalty=0.000175 soft_effective_blocks=178.893958 current_block_budget=256.000000 energy_mean=0.042480 energy_std=0.209413 lr=4.715310e-05 grad_norm=0.098330
step=05930 layers=17,32 seq_len=59366 skipped_length=0 loss=0.283816 teacher_kl=0.797013 teacher_l1=0.000681 topk_boundary_loss=0.009738 teacher_recall=0.885871 causal_density=0.652216 target_group_coverage=0.795052 same_head_all_targets_hit=1.000000 rank_loss=0.136373 aggregation_loss=0.017973 negative_penalty=0.000236 soft_effective_blocks=189.318536 current_block_budget=256.000000 energy_mean=0.039916 energy_std=0.192324 lr=4.714283e-05 grad_norm=0.135408
step=05940 layers=9,15 seq_len=52829 skipped_length=0 loss=0.271060 teacher_kl=0.722184 teacher_l1=0.000716 topk_boundary_loss=0.007939 teacher_recall=0.894326 causal_density=0.652383 target_group_coverage=0.889583 same_head_all_targets_hit=1.000000 rank_loss=0.165290 aggregation_loss=0.000000 negative_penalty=0.000236 soft_effective_blocks=161.350290 current_block_budget=256.000000 energy_mean=0.044092 energy_std=0.227165 lr=4.713255e-05 grad_norm=0.106952
step=05950 layers=10,20 seq_len=58303 skipped_length=0 loss=0.269141 teacher_kl=0.783470 teacher_l1=0.000719 topk_boundary_loss=0.009198 teacher_recall=0.883166 causal_density=0.652282 target_group_coverage=0.855625 same_head_all_targets_hit=0.950000 rank_loss=0.106516 aggregation_loss=0.056347 negative_penalty=0.000214 soft_effective_blocks=174.998634 current_block_budget=256.000000 energy_mean=0.042713 energy_std=0.208388 lr=4.712225e-05 grad_norm=0.100808
step=05960 layers=25,30 seq_len=64553 skipped_length=0 loss=0.259427 teacher_kl=0.765289 teacher_l1=0.000662 topk_boundary_loss=0.007864 teacher_recall=0.904302 causal_density=0.652183 target_group_coverage=0.897500 same_head_all_targets_hit=0.950000 rank_loss=0.121279 aggregation_loss=0.035652 negative_penalty=0.000224 soft_effective_blocks=187.101016 current_block_budget=256.000000 energy_mean=0.039170 energy_std=0.202474 lr=4.711193e-05 grad_norm=0.071506
step=05970 layers=3,14 seq_len=51726 skipped_length=0 loss=0.264330 teacher_kl=0.739069 teacher_l1=0.000685 topk_boundary_loss=0.008310 teacher_recall=0.897338 causal_density=0.652282 target_group_coverage=0.848047 same_head_all_targets_hit=0.950000 rank_loss=0.137495 aggregation_loss=0.017818 negative_penalty=0.000192 soft_effective_blocks=179.120091 current_block_budget=256.000000 energy_mean=0.041916 energy_std=0.207530 lr=4.710160e-05 grad_norm=0.073277
step=05980 layers=3,16 seq_len=58214 skipped_length=0 loss=0.259419 teacher_kl=0.683710 teacher_l1=0.000620 topk_boundary_loss=0.007697 teacher_recall=0.902415 causal_density=0.652219 target_group_coverage=0.867135 same_head_all_targets_hit=1.000000 rank_loss=0.151225 aggregation_loss=0.018063 negative_penalty=0.000237 soft_effective_blocks=174.296941 current_block_budget=256.000000 energy_mean=0.042543 energy_std=0.220901 lr=4.709125e-05 grad_norm=0.111203
step=05990 layers=14,22 seq_len=60526 skipped_length=0 loss=0.287853 teacher_kl=0.829941 teacher_l1=0.000741 topk_boundary_loss=0.008618 teacher_recall=0.889790 causal_density=0.652220 target_group_coverage=0.840625 same_head_all_targets_hit=1.000000 rank_loss=0.149740 aggregation_loss=0.018132 negative_penalty=0.000249 soft_effective_blocks=180.304373 current_block_budget=256.000000 energy_mean=0.039771 energy_std=0.203315 lr=4.708088e-05 grad_norm=0.098647
step=06000 layers=7,17 seq_len=64846 skipped_length=0 loss=0.241434 teacher_kl=0.630621 teacher_l1=0.000552 topk_boundary_loss=0.008301 teacher_recall=0.891180 causal_density=0.652164 target_group_coverage=0.800625 same_head_all_targets_hit=0.950000 rank_loss=0.119220 aggregation_loss=0.035474 negative_penalty=0.000118 soft_effective_blocks=203.474361 current_block_budget=256.000000 energy_mean=0.040542 energy_std=0.181919 lr=4.707050e-05 grad_norm=0.076537
[save] raw=/inspire/hdd/global_user/gexinmu-253108100065/Repos/fuyicheng_workshop/Innovator-lm-evaluation-hardness/x-attention-main/xattn/qwen_weights/conv_qwen3_boundary_v2/conv_kernel_7x7_qwen3_8b_boundary_v2_t065_s16_48k64k_bf16_step6000.pt
[save] ema=/inspire/hdd/global_user/gexinmu-253108100065/Repos/fuyicheng_workshop/Innovator-lm-evaluation-hardness/x-attention-main/xattn/qwen_weights/conv_qwen3_boundary_v2/conv_kernel_7x7_qwen3_8b_boundary_v2_t065_s16_48k64k_bf16_ema_step6000.pt
[save] state=/inspire/hdd/global_user/gexinmu-253108100065/Repos/fuyicheng_workshop/Innovator-lm-evaluation-hardness/x-attention-main/xattn/qwen_weights/conv_qwen3_boundary_v2/conv_kernel_7x7_qwen3_8b_boundary_v2_t065_s16_48k64k_bf16_train_state.pt
step=06010 layers=19,35 seq_len=61291 skipped_length=0 loss=0.263343 teacher_kl=0.753959 teacher_l1=0.000703 topk_boundary_loss=0.008552 teacher_recall=0.895887 causal_density=0.652286 target_group_coverage=0.897995 same_head_all_targets_hit=1.000000 rank_loss=0.113394 aggregation_loss=0.055017 negative_penalty=0.000265 soft_effective_blocks=167.920976 current_block_budget=256.000000 energy_mean=0.042339 energy_std=0.222423 lr=4.706009e-05 grad_norm=0.132382
step=06020 layers=26,28 seq_len=59689 skipped_length=0 loss=0.262252 teacher_kl=0.729854 teacher_l1=0.000662 topk_boundary_loss=0.008152 teacher_recall=0.893491 causal_density=0.652255 target_group_coverage=0.798125 same_head_all_targets_hit=0.900000 rank_loss=0.123642 aggregation_loss=0.053345 negative_penalty=0.000234 soft_effective_blocks=182.867072 current_block_budget=256.000000 energy_mean=0.041940 energy_std=0.207135 lr=4.704968e-05 grad_norm=0.100045
step=06030 layers=16,29 seq_len=52491 skipped_length=0 loss=0.280999 teacher_kl=0.794832 teacher_l1=0.000720 topk_boundary_loss=0.008753 teacher_recall=0.890100 causal_density=0.652306 target_group_coverage=0.848828 same_head_all_targets_hit=1.000000 rank_loss=0.152842 aggregation_loss=0.000000 negative_penalty=0.000208 soft_effective_blocks=172.505977 current_block_budget=256.000000 energy_mean=0.042578 energy_std=0.212070 lr=4.703924e-05 grad_norm=0.101869
step=06040 layers=17,32 seq_len=57039 skipped_length=0 loss=0.270591 teacher_kl=0.719711 teacher_l1=0.000669 topk_boundary_loss=0.008036 teacher_recall=0.897802 causal_density=0.652242 target_group_coverage=0.842187 same_head_all_targets_hit=1.000000 rank_loss=0.163843 aggregation_loss=0.000000 negative_penalty=0.000252 soft_effective_blocks=170.015604 current_block_budget=256.000000 energy_mean=0.042536 energy_std=0.221793 lr=4.702879e-05 grad_norm=0.107339
step=06050 layers=10,18 seq_len=50378 skipped_length=0 loss=0.254434 teacher_kl=0.764113 teacher_l1=0.000696 topk_boundary_loss=0.008557 teacher_recall=0.893415 causal_density=0.652241 target_group_coverage=0.836276 same_head_all_targets_hit=0.900000 rank_loss=0.089023 aggregation_loss=0.071626 negative_penalty=0.000163 soft_effective_blocks=187.173679 current_block_budget=256.000000 energy_mean=0.041664 energy_std=0.198216 lr=4.701832e-05 grad_norm=0.097558
step=06060 layers=9,14 seq_len=60502 skipped_length=0 loss=0.264449 teacher_kl=0.768197 teacher_l1=0.000708 topk_boundary_loss=0.008115 teacher_recall=0.888710 causal_density=0.652315 target_group_coverage=0.809757 same_head_all_targets_hit=0.950000 rank_loss=0.125397 aggregation_loss=0.036081 negative_penalty=0.000234 soft_effective_blocks=174.375185 current_block_budget=256.000000 energy_mean=0.042407 energy_std=0.209594 lr=4.700783e-05 grad_norm=0.075431
step=06070 layers=21,33 seq_len=56488 skipped_length=0 loss=0.261914 teacher_kl=0.703601 teacher_l1=0.000657 topk_boundary_loss=0.008882 teacher_recall=0.899074 causal_density=0.652284 target_group_coverage=0.834696 same_head_all_targets_hit=1.000000 rank_loss=0.127346 aggregation_loss=0.035488 negative_penalty=0.000207 soft_effective_blocks=180.547354 current_block_budget=256.000000 energy_mean=0.042701 energy_std=0.207932 lr=4.699733e-05 grad_norm=0.093052
step=06080 layers=11,27 seq_len=64188 skipped_length=0 loss=0.257580 teacher_kl=0.743194 teacher_l1=0.000681 topk_boundary_loss=0.008331 teacher_recall=0.887465 causal_density=0.652214 target_group_coverage=0.875286 same_head_all_targets_hit=0.950000 rank_loss=0.124773 aggregation_loss=0.018188 negative_penalty=0.000221 soft_effective_blocks=178.803937 current_block_budget=256.000000 energy_mean=0.041355 energy_std=0.212849 lr=4.698681e-05 grad_norm=0.092551
step=06090 layers=12,30 seq_len=61447 skipped_length=0 loss=0.269492 teacher_kl=0.810590 teacher_l1=0.000660 topk_boundary_loss=0.008589 teacher_recall=0.891252 causal_density=0.652222 target_group_coverage=0.696797 same_head_all_targets_hit=0.950000 rank_loss=0.116834 aggregation_loss=0.036215 negative_penalty=0.000215 soft_effective_blocks=191.013097 current_block_budget=256.000000 energy_mean=0.040905 energy_std=0.193036 lr=4.697627e-05 grad_norm=0.086705
step=06100 layers=16,23 seq_len=62226 skipped_length=0 loss=0.275569 teacher_kl=0.759192 teacher_l1=0.000680 topk_boundary_loss=0.008566 teacher_recall=0.894395 causal_density=0.652230 target_group_coverage=0.857422 same_head_all_targets_hit=1.000000 rank_loss=0.147893 aggregation_loss=0.017525 negative_penalty=0.000235 soft_effective_blocks=175.963268 current_block_budget=256.000000 energy_mean=0.041240 energy_std=0.216212 lr=4.696572e-05 grad_norm=0.114028
step=06110 layers=13,24 seq_len=58274 skipped_length=0 loss=0.250613 teacher_kl=0.723912 teacher_l1=0.000688 topk_boundary_loss=0.009129 teacher_recall=0.895150 causal_density=0.652283 target_group_coverage=0.792188 same_head_all_targets_hit=1.000000 rank_loss=0.114917 aggregation_loss=0.000000 negative_penalty=0.000223 soft_effective_blocks=178.062596 current_block_budget=256.000000 energy_mean=0.043105 energy_std=0.211436 lr=4.695515e-05 grad_norm=0.120472
step=06120 layers=4,15 seq_len=57984 skipped_length=0 loss=0.272839 teacher_kl=0.746743 teacher_l1=0.000707 topk_boundary_loss=0.008793 teacher_recall=0.891206 causal_density=0.652321 target_group_coverage=0.798134 same_head_all_targets_hit=1.000000 rank_loss=0.143370 aggregation_loss=0.017685 negative_penalty=0.000211 soft_effective_blocks=170.448462 current_block_budget=256.000000 energy_mean=0.042856 energy_std=0.213570 lr=4.694456e-05 grad_norm=0.106372
step=06130 layers=23,24 seq_len=50624 skipped_length=0 loss=0.259326 teacher_kl=0.730988 teacher_l1=0.000649 topk_boundary_loss=0.008159 teacher_recall=0.895853 causal_density=0.652215 target_group_coverage=0.761519 same_head_all_targets_hit=0.950000 rank_loss=0.125800 aggregation_loss=0.035560 negative_penalty=0.000164 soft_effective_blocks=188.495691 current_block_budget=256.000000 energy_mean=0.041531 energy_std=0.199066 lr=4.693395e-05 grad_norm=0.062330
step=06140 layers=16,28 seq_len=57401 skipped_length=0 loss=0.272483 teacher_kl=0.799846 teacher_l1=0.000702 topk_boundary_loss=0.008447 teacher_recall=0.893296 causal_density=0.652242 target_group_coverage=0.886719 same_head_all_targets_hit=0.950000 rank_loss=0.126495 aggregation_loss=0.035958 negative_penalty=0.000281 soft_effective_blocks=175.522870 current_block_budget=256.000000 energy_mean=0.041128 energy_std=0.214205 lr=4.692333e-05 grad_norm=0.096448
step=06150 layers=3,17 seq_len=65374 skipped_length=0 loss=0.275040 teacher_kl=0.815125 teacher_l1=0.000743 topk_boundary_loss=0.008361 teacher_recall=0.895709 causal_density=0.652215 target_group_coverage=0.945625 same_head_all_targets_hit=1.000000 rank_loss=0.135616 aggregation_loss=0.017891 negative_penalty=0.000218 soft_effective_blocks=174.771233 current_block_budget=256.000000 energy_mean=0.041081 energy_std=0.221214 lr=4.691269e-05 grad_norm=0.082917
step=06160 layers=19,26 seq_len=61215 skipped_length=0 loss=0.257820 teacher_kl=0.677456 teacher_l1=0.000605 topk_boundary_loss=0.008486 teacher_recall=0.885848 causal_density=0.652241 target_group_coverage=0.818576 same_head_all_targets_hit=1.000000 rank_loss=0.139460 aggregation_loss=0.018394 negative_penalty=0.000217 soft_effective_blocks=192.217567 current_block_budget=256.000000 energy_mean=0.042581 energy_std=0.192101 lr=4.690204e-05 grad_norm=0.075653
step=06170 layers=9,25 seq_len=64673 skipped_length=0 loss=0.259623 teacher_kl=0.741528 teacher_l1=0.000652 topk_boundary_loss=0.007931 teacher_recall=0.898390 causal_density=0.652223 target_group_coverage=0.818056 same_head_all_targets_hit=1.000000 rank_loss=0.126269 aggregation_loss=0.036582 negative_penalty=0.000206 soft_effective_blocks=176.904016 current_block_budget=256.000000 energy_mean=0.041388 energy_std=0.217550 lr=4.689137e-05 grad_norm=0.087045
step=06180 layers=0,31 seq_len=52390 skipped_length=0 loss=0.275285 teacher_kl=0.776883 teacher_l1=0.000697 topk_boundary_loss=0.010880 teacher_recall=0.894188 causal_density=0.652201 target_group_coverage=0.887543 same_head_all_targets_hit=0.950000 rank_loss=0.111821 aggregation_loss=0.018307 negative_penalty=0.000221 soft_effective_blocks=178.568370 current_block_budget=256.000000 energy_mean=0.040711 energy_std=0.210683 lr=4.688068e-05 grad_norm=0.164507
step=06190 layers=30,35 seq_len=62268 skipped_length=0 loss=0.259643 teacher_kl=0.755641 teacher_l1=0.000644 topk_boundary_loss=0.008522 teacher_recall=0.891462 causal_density=0.652167 target_group_coverage=0.880859 same_head_all_targets_hit=1.000000 rank_loss=0.130142 aggregation_loss=0.000000 negative_penalty=0.000188 soft_effective_blocks=193.440546 current_block_budget=256.000000 energy_mean=0.041159 energy_std=0.199716 lr=4.686997e-05 grad_norm=0.089625
step=06200 layers=6,23 seq_len=65381 skipped_length=0 loss=0.263945 teacher_kl=0.726954 teacher_l1=0.000657 topk_boundary_loss=0.007754 teacher_recall=0.902125 causal_density=0.652214 target_group_coverage=0.822943 same_head_all_targets_hit=1.000000 rank_loss=0.147477 aggregation_loss=0.017359 negative_penalty=0.000250 soft_effective_blocks=173.134700 current_block_budget=256.000000 energy_mean=0.041996 energy_std=0.220416 lr=4.685925e-05 grad_norm=0.110277
step=06210 layers=9,20 seq_len=50548 skipped_length=0 loss=0.247347 teacher_kl=0.730231 teacher_l1=0.000666 topk_boundary_loss=0.009036 teacher_recall=0.888794 causal_density=0.652280 target_group_coverage=0.865156 same_head_all_targets_hit=1.000000 rank_loss=0.094183 aggregation_loss=0.035898 negative_penalty=0.000185 soft_effective_blocks=183.597762 current_block_budget=256.000000 energy_mean=0.042448 energy_std=0.198836 lr=4.684851e-05 grad_norm=0.087084
step=06220 layers=5,6 seq_len=63741 skipped_length=0 loss=0.259345 teacher_kl=0.735085 teacher_l1=0.000666 topk_boundary_loss=0.008593 teacher_recall=0.901641 causal_density=0.652235 target_group_coverage=0.843134 same_head_all_targets_hit=1.000000 rank_loss=0.118795 aggregation_loss=0.036088 negative_penalty=0.000200 soft_effective_blocks=172.925834 current_block_budget=256.000000 energy_mean=0.041842 energy_std=0.218201 lr=4.683775e-05 grad_norm=0.114840
step=06230 layers=3,28 seq_len=60547 skipped_length=0 loss=0.263409 teacher_kl=0.709554 teacher_l1=0.000653 topk_boundary_loss=0.008654 teacher_recall=0.894259 causal_density=0.652218 target_group_coverage=0.860000 same_head_all_targets_hit=1.000000 rank_loss=0.131321 aggregation_loss=0.035661 negative_penalty=0.000243 soft_effective_blocks=189.760123 current_block_budget=256.000000 energy_mean=0.041626 energy_std=0.202683 lr=4.682698e-05 grad_norm=0.097050
step=06240 layers=12,35 seq_len=56982 skipped_length=0 loss=0.279283 teacher_kl=0.789078 teacher_l1=0.000689 topk_boundary_loss=0.008808 teacher_recall=0.893215 causal_density=0.652329 target_group_coverage=0.867969 same_head_all_targets_hit=1.000000 rank_loss=0.150697 aggregation_loss=0.000000 negative_penalty=0.000191 soft_effective_blocks=179.826257 current_block_budget=256.000000 energy_mean=0.042806 energy_std=0.202749 lr=4.681619e-05 grad_norm=0.095606
step=06250 layers=26,34 seq_len=61264 skipped_length=0 loss=0.279850 teacher_kl=0.788208 teacher_l1=0.000694 topk_boundary_loss=0.008716 teacher_recall=0.888242 causal_density=0.652099 target_group_coverage=0.822396 same_head_all_targets_hit=1.000000 rank_loss=0.153083 aggregation_loss=0.000000 negative_penalty=0.000273 soft_effective_blocks=174.608604 current_block_budget=256.000000 energy_mean=0.040753 energy_std=0.223284 lr=4.680539e-05 grad_norm=0.120306
[save] raw=/inspire/hdd/global_user/gexinmu-253108100065/Repos/fuyicheng_workshop/Innovator-lm-evaluation-hardness/x-attention-main/xattn/qwen_weights/conv_qwen3_boundary_v2/conv_kernel_7x7_qwen3_8b_boundary_v2_t065_s16_48k64k_bf16_step6250.pt
[save] ema=/inspire/hdd/global_user/gexinmu-253108100065/Repos/fuyicheng_workshop/Innovator-lm-evaluation-hardness/x-attention-main/xattn/qwen_weights/conv_qwen3_boundary_v2/conv_kernel_7x7_qwen3_8b_boundary_v2_t065_s16_48k64k_bf16_ema_step6250.pt
[save] state=/inspire/hdd/global_user/gexinmu-253108100065/Repos/fuyicheng_workshop/Innovator-lm-evaluation-hardness/x-attention-main/xattn/qwen_weights/conv_qwen3_boundary_v2/conv_kernel_7x7_qwen3_8b_boundary_v2_t065_s16_48k64k_bf16_train_state.pt
step=06260 layers=5,32 seq_len=61470 skipped_length=0 loss=0.268280 teacher_kl=0.697672 teacher_l1=0.000637 topk_boundary_loss=0.008416 teacher_recall=0.885600 causal_density=0.652255 target_group_coverage=0.737630 same_head_all_targets_hit=1.000000 rank_loss=0.160441 aggregation_loss=0.000000 negative_penalty=0.000166 soft_effective_blocks=187.937924 current_block_budget=256.000000 energy_mean=0.042310 energy_std=0.196875 lr=4.679456e-05 grad_norm=0.068637
step=06270 layers=23,29 seq_len=54807 skipped_length=0 loss=0.253383 teacher_kl=0.776599 teacher_l1=0.000740 topk_boundary_loss=0.008186 teacher_recall=0.895539 causal_density=0.652329 target_group_coverage=0.819523 same_head_all_targets_hit=0.900000 rank_loss=0.080694 aggregation_loss=0.091792 negative_penalty=0.000211 soft_effective_blocks=167.473882 current_block_budget=256.000000 energy_mean=0.043907 energy_std=0.225784 lr=4.678372e-05 grad_norm=0.077638
step=06280 layers=1,28 seq_len=53344 skipped_length=0 loss=0.264727 teacher_kl=0.788851 teacher_l1=0.000679 topk_boundary_loss=0.008565 teacher_recall=0.895215 causal_density=0.652228 target_group_coverage=0.771181 same_head_all_targets_hit=1.000000 rank_loss=0.122071 aggregation_loss=0.018400 negative_penalty=0.000212 soft_effective_blocks=185.133733 current_block_budget=256.000000 energy_mean=0.041211 energy_std=0.205634 lr=4.677287e-05 grad_norm=0.071652
step=06290 layers=10,13 seq_len=56922 skipped_length=0 loss=0.267401 teacher_kl=0.728992 teacher_l1=0.000626 topk_boundary_loss=0.008568 teacher_recall=0.888699 causal_density=0.652218 target_group_coverage=0.808932 same_head_all_targets_hit=1.000000 rank_loss=0.141734 aggregation_loss=0.017735 negative_penalty=0.000196 soft_effective_blocks=195.668770 current_block_budget=256.000000 energy_mean=0.041730 energy_std=0.187937 lr=4.676199e-05 grad_norm=0.102393
step=06300 layers=0,35 seq_len=61882 skipped_length=0 loss=0.257065 teacher_kl=0.701109 teacher_l1=0.000677 topk_boundary_loss=0.008495 teacher_recall=0.904817 causal_density=0.652212 target_group_coverage=0.877917 same_head_all_targets_hit=0.950000 rank_loss=0.124873 aggregation_loss=0.035890 negative_penalty=0.000232 soft_effective_blocks=168.947839 current_block_budget=256.000000 energy_mean=0.042330 energy_std=0.226490 lr=4.675111e-05 grad_norm=0.141531
step=06310 layers=15,32 seq_len=61368 skipped_length=0 loss=0.282694 teacher_kl=0.825862 teacher_l1=0.000708 topk_boundary_loss=0.008315 teacher_recall=0.892549 causal_density=0.652188 target_group_coverage=0.841406 same_head_all_targets_hit=1.000000 rank_loss=0.153761 aggregation_loss=0.000000 negative_penalty=0.000208 soft_effective_blocks=186.775696 current_block_budget=256.000000 energy_mean=0.040424 energy_std=0.202482 lr=4.674020e-05 grad_norm=0.082177
step=06320 layers=3,26 seq_len=64949 skipped_length=0 loss=0.241653 teacher_kl=0.585738 teacher_l1=0.000577 topk_boundary_loss=0.008065 teacher_recall=0.902560 causal_density=0.652232 target_group_coverage=0.743776 same_head_all_targets_hit=1.000000 rank_loss=0.141213 aggregation_loss=0.018044 negative_penalty=0.000225 soft_effective_blocks=174.405820 current_block_budget=256.000000 energy_mean=0.043271 energy_std=0.225903 lr=4.672928e-05 grad_norm=0.155653
step=06330 layers=1,17 seq_len=52566 skipped_length=0 loss=0.267674 teacher_kl=0.818586 teacher_l1=0.000738 topk_boundary_loss=0.008356 teacher_recall=0.898359 causal_density=0.652276 target_group_coverage=0.780486 same_head_all_targets_hit=0.950000 rank_loss=0.115079 aggregation_loss=0.035777 negative_penalty=0.000263 soft_effective_blocks=169.406621 current_block_budget=256.000000 energy_mean=0.042282 energy_std=0.219103 lr=4.671834e-05 grad_norm=0.100297
step=06340 layers=2,21 seq_len=55865 skipped_length=0 loss=0.275718 teacher_kl=0.709905 teacher_l1=0.000641 topk_boundary_loss=0.009879 teacher_recall=0.882547 causal_density=0.652233 target_group_coverage=0.882986 same_head_all_targets_hit=0.950000 rank_loss=0.142683 aggregation_loss=0.018222 negative_penalty=0.000150 soft_effective_blocks=185.991364 current_block_budget=256.000000 energy_mean=0.043040 energy_std=0.205762 lr=4.670738e-05 grad_norm=0.113332
step=06350 layers=30,34 seq_len=53447 skipped_length=0 loss=0.259620 teacher_kl=0.772173 teacher_l1=0.000672 topk_boundary_loss=0.008730 teacher_recall=0.882072 causal_density=0.652246 target_group_coverage=0.853872 same_head_all_targets_hit=0.950000 rank_loss=0.100758 aggregation_loss=0.053831 negative_penalty=0.000231 soft_effective_blocks=183.553020 current_block_budget=256.000000 energy_mean=0.041864 energy_std=0.205767 lr=4.669641e-05 grad_norm=0.079901
step=06360 layers=21,26 seq_len=58473 skipped_length=0 loss=0.267723 teacher_kl=0.746114 teacher_l1=0.000667 topk_boundary_loss=0.008809 teacher_recall=0.908866 causal_density=0.652237 target_group_coverage=0.882604 same_head_all_targets_hit=0.950000 rank_loss=0.127185 aggregation_loss=0.035939 negative_penalty=0.000209 soft_effective_blocks=182.576712 current_block_budget=256.000000 energy_mean=0.041306 energy_std=0.205885 lr=4.668542e-05 grad_norm=0.114341
step=06370 layers=28,34 seq_len=57682 skipped_length=0 loss=0.251959 teacher_kl=0.703281 teacher_l1=0.000692 topk_boundary_loss=0.008312 teacher_recall=0.887739 causal_density=0.652297 target_group_coverage=0.859757 same_head_all_targets_hit=1.000000 rank_loss=0.118458 aggregation_loss=0.035406 negative_penalty=0.000262 soft_effective_blocks=169.941568 current_block_budget=256.000000 energy_mean=0.044990 energy_std=0.223240 lr=4.667441e-05 grad_norm=0.112670
step=06380 layers=8,35 seq_len=62662 skipped_length=0 loss=0.266591 teacher_kl=0.772940 teacher_l1=0.000670 topk_boundary_loss=0.009366 teacher_recall=0.891805 causal_density=0.652252 target_group_coverage=0.819141 same_head_all_targets_hit=0.950000 rank_loss=0.118342 aggregation_loss=0.018703 negative_penalty=0.000228 soft_effective_blocks=187.047300 current_block_budget=256.000000 energy_mean=0.041531 energy_std=0.205580 lr=4.666339e-05 grad_norm=0.127458
step=06390 layers=25,26 seq_len=49485 skipped_length=0 loss=0.264784 teacher_kl=0.684064 teacher_l1=0.000658 topk_boundary_loss=0.008280 teacher_recall=0.901263 causal_density=0.652208 target_group_coverage=0.871615 same_head_all_targets_hit=1.000000 rank_loss=0.159821 aggregation_loss=0.000000 negative_penalty=0.000191 soft_effective_blocks=180.225008 current_block_budget=256.000000 energy_mean=0.042374 energy_std=0.210906 lr=4.665235e-05 grad_norm=0.113485
step=06400 layers=19,30 seq_len=57841 skipped_length=0 loss=0.277614 teacher_kl=0.774463 teacher_l1=0.000671 topk_boundary_loss=0.010287 teacher_recall=0.889835 causal_density=0.652241 target_group_coverage=0.815391 same_head_all_targets_hit=0.900000 rank_loss=0.124312 aggregation_loss=0.018081 negative_penalty=0.000227 soft_effective_blocks=177.911311 current_block_budget=256.000000 energy_mean=0.042399 energy_std=0.213837 lr=4.664130e-05 grad_norm=0.156979
step=06410 layers=7,25 seq_len=57453 skipped_length=0 loss=0.258849 teacher_kl=0.723595 teacher_l1=0.000673 topk_boundary_loss=0.008837 teacher_recall=0.895191 causal_density=0.652219 target_group_coverage=0.727934 same_head_all_targets_hit=0.900000 rank_loss=0.109889 aggregation_loss=0.054577 negative_penalty=0.000182 soft_effective_blocks=183.876933 current_block_budget=256.000000 energy_mean=0.041895 energy_std=0.206829 lr=4.663022e-05 grad_norm=0.120063
step=06420 layers=11,12 seq_len=50915 skipped_length=0 loss=0.258828 teacher_kl=0.777796 teacher_l1=0.000763 topk_boundary_loss=0.008598 teacher_recall=0.887716 causal_density=0.652395 target_group_coverage=0.888889 same_head_all_targets_hit=1.000000 rank_loss=0.107021 aggregation_loss=0.036463 negative_penalty=0.000272 soft_effective_blocks=170.285141 current_block_budget=256.000000 energy_mean=0.044574 energy_std=0.213575 lr=4.661913e-05 grad_norm=0.066045
step=06430 layers=8,15 seq_len=52412 skipped_length=0 loss=0.271161 teacher_kl=0.741437 teacher_l1=0.000684 topk_boundary_loss=0.008492 teacher_recall=0.883144 causal_density=0.652238 target_group_coverage=0.861719 same_head_all_targets_hit=0.950000 rank_loss=0.145750 aggregation_loss=0.018067 negative_penalty=0.000173 soft_effective_blocks=177.304160 current_block_budget=256.000000 energy_mean=0.043016 energy_std=0.211001 lr=4.660803e-05 grad_norm=0.102285
step=06440 layers=21,31 seq_len=60201 skipped_length=0 loss=0.244452 teacher_kl=0.659323 teacher_l1=0.000630 topk_boundary_loss=0.007517 teacher_recall=0.908538 causal_density=0.652218 target_group_coverage=0.702734 same_head_all_targets_hit=1.000000 rank_loss=0.142292 aggregation_loss=0.000000 negative_penalty=0.000228 soft_effective_blocks=168.354150 current_block_budget=256.000000 energy_mean=0.043520 energy_std=0.234389 lr=4.659691e-05 grad_norm=0.095005
step=06450 layers=9,29 seq_len=53966 skipped_length=0 loss=0.287675 teacher_kl=0.842901 teacher_l1=0.000668 topk_boundary_loss=0.009031 teacher_recall=0.891392 causal_density=0.652201 target_group_coverage=0.798828 same_head_all_targets_hit=1.000000 rank_loss=0.140736 aggregation_loss=0.018037 negative_penalty=0.000248 soft_effective_blocks=194.590524 current_block_budget=256.000000 energy_mean=0.039544 energy_std=0.193658 lr=4.658577e-05 grad_norm=0.089751
step=06460 layers=8,31 seq_len=51809 skipped_length=0 loss=0.251956 teacher_kl=0.668687 teacher_l1=0.000640 topk_boundary_loss=0.008106 teacher_recall=0.892868 causal_density=0.652235 target_group_coverage=0.719141 same_head_all_targets_hit=1.000000 rank_loss=0.137275 aggregation_loss=0.017613 negative_penalty=0.000209 soft_effective_blocks=182.313341 current_block_budget=256.000000 energy_mean=0.043470 energy_std=0.206992 lr=4.657461e-05 grad_norm=0.093790
step=06470 layers=18,24 seq_len=55808 skipped_length=0 loss=0.264635 teacher_kl=0.747788 teacher_l1=0.000715 topk_boundary_loss=0.008321 teacher_recall=0.899852 causal_density=0.652296 target_group_coverage=0.850000 same_head_all_targets_hit=1.000000 rank_loss=0.143091 aggregation_loss=0.000000 negative_penalty=0.000236 soft_effective_blocks=168.068289 current_block_budget=256.000000 energy_mean=0.043005 energy_std=0.229212 lr=4.656344e-05 grad_norm=0.120694
step=06480 layers=3,32 seq_len=60362 skipped_length=0 loss=0.269437 teacher_kl=0.695491 teacher_l1=0.000623 topk_boundary_loss=0.009950 teacher_recall=0.886677 causal_density=0.652215 target_group_coverage=0.835938 same_head_all_targets_hit=1.000000 rank_loss=0.142460 aggregation_loss=0.000000 negative_penalty=0.000206 soft_effective_blocks=185.195848 current_block_budget=256.000000 energy_mean=0.043182 energy_std=0.206458 lr=4.655225e-05 grad_norm=0.168415
step=06490 layers=6,20 seq_len=60568 skipped_length=0 loss=0.257339 teacher_kl=0.713492 teacher_l1=0.000631 topk_boundary_loss=0.007541 teacher_recall=0.898926 causal_density=0.652205 target_group_coverage=0.813672 same_head_all_targets_hit=1.000000 rank_loss=0.149914 aggregation_loss=0.000000 negative_penalty=0.000221 soft_effective_blocks=179.561275 current_block_budget=256.000000 energy_mean=0.041762 energy_std=0.216270 lr=4.654105e-05 grad_norm=0.086784
step=06500 layers=21,24 seq_len=56243 skipped_length=0 loss=0.275274 teacher_kl=0.719485 teacher_l1=0.000662 topk_boundary_loss=0.008913 teacher_recall=0.883817 causal_density=0.652231 target_group_coverage=0.932813 same_head_all_targets_hit=1.000000 rank_loss=0.160013 aggregation_loss=0.000000 negative_penalty=0.000195 soft_effective_blocks=185.980354 current_block_budget=256.000000 energy_mean=0.042861 energy_std=0.204792 lr=4.652983e-05 grad_norm=0.101854
[save] raw=/inspire/hdd/global_user/gexinmu-253108100065/Repos/fuyicheng_workshop/Innovator-lm-evaluation-hardness/x-attention-main/xattn/qwen_weights/conv_qwen3_boundary_v2/conv_kernel_7x7_qwen3_8b_boundary_v2_t065_s16_48k64k_bf16_step6500.pt
[save] ema=/inspire/hdd/global_user/gexinmu-253108100065/Repos/fuyicheng_workshop/Innovator-lm-evaluation-hardness/x-attention-main/xattn/qwen_weights/conv_qwen3_boundary_v2/conv_kernel_7x7_qwen3_8b_boundary_v2_t065_s16_48k64k_bf16_ema_step6500.pt
[save] state=/inspire/hdd/global_user/gexinmu-253108100065/Repos/fuyicheng_workshop/Innovator-lm-evaluation-hardness/x-attention-main/xattn/qwen_weights/conv_qwen3_boundary_v2/conv_kernel_7x7_qwen3_8b_boundary_v2_t065_s16_48k64k_bf16_train_state.pt
step=06510 layers=6,28 seq_len=64035 skipped_length=0 loss=0.267587 teacher_kl=0.809965 teacher_l1=0.000707 topk_boundary_loss=0.008581 teacher_recall=0.897901 causal_density=0.652201 target_group_coverage=0.892266 same_head_all_targets_hit=0.950000 rank_loss=0.098927 aggregation_loss=0.072190 negative_penalty=0.000250 soft_effective_blocks=183.474185 current_block_budget=256.000000 energy_mean=0.040906 energy_std=0.206681 lr=4.651859e-05 grad_norm=0.097981
step=06520 layers=11,26 seq_len=62838 skipped_length=0 loss=0.246957 teacher_kl=0.678539 teacher_l1=0.000595 topk_boundary_loss=0.007567 teacher_recall=0.898780 causal_density=0.652154 target_group_coverage=0.797135 same_head_all_targets_hit=1.000000 rank_loss=0.133413 aggregation_loss=0.018218 negative_penalty=0.000222 soft_effective_blocks=182.704950 current_block_budget=256.000000 energy_mean=0.042293 energy_std=0.215335 lr=4.650734e-05 grad_norm=0.086364
step=06530 layers=9,24 seq_len=57226 skipped_length=0 loss=0.254923 teacher_kl=0.714286 teacher_l1=0.000651 topk_boundary_loss=0.008401 teacher_recall=0.892990 causal_density=0.652264 target_group_coverage=0.730200 same_head_all_targets_hit=0.900000 rank_loss=0.112151 aggregation_loss=0.052954 negative_penalty=0.000213 soft_effective_blocks=180.319794 current_block_budget=256.000000 energy_mean=0.043695 energy_std=0.212983 lr=4.649607e-05 grad_norm=0.142496
step=06540 layers=24,34 seq_len=49759 skipped_length=0 loss=0.279126 teacher_kl=0.803796 teacher_l1=0.000673 topk_boundary_loss=0.009390 teacher_recall=0.881094 causal_density=0.652169 target_group_coverage=0.886563 same_head_all_targets_hit=0.950000 rank_loss=0.124149 aggregation_loss=0.035634 negative_penalty=0.000195 soft_effective_blocks=181.041458 current_block_budget=256.000000 energy_mean=0.040573 energy_std=0.213842 lr=4.648478e-05 grad_norm=0.100497
step=06550 layers=17,18 seq_len=64126 skipped_length=0 loss=0.264507 teacher_kl=0.716789 teacher_l1=0.000707 topk_boundary_loss=0.009543 teacher_recall=0.898320 causal_density=0.652280 target_group_coverage=0.684106 same_head_all_targets_hit=0.950000 rank_loss=0.112092 aggregation_loss=0.053380 negative_penalty=0.000252 soft_effective_blocks=175.251685 current_block_budget=256.000000 energy_mean=0.043159 energy_std=0.216065 lr=4.647348e-05 grad_norm=0.152615
step=06560 layers=24,35 seq_len=57970 skipped_length=0 loss=0.245641 teacher_kl=0.689384 teacher_l1=0.000604 topk_boundary_loss=0.007555 teacher_recall=0.895761 causal_density=0.652220 target_group_coverage=0.833047 same_head_all_targets_hit=0.950000 rank_loss=0.121434 aggregation_loss=0.035594 negative_penalty=0.000179 soft_effective_blocks=179.187717 current_block_budget=256.000000 energy_mean=0.044267 energy_std=0.218895 lr=4.646216e-05 grad_norm=0.071091
step=06570 layers=20,28 seq_len=55868 skipped_length=0 loss=0.281108 teacher_kl=0.751118 teacher_l1=0.000699 topk_boundary_loss=0.010379 teacher_recall=0.886559 causal_density=0.652255 target_group_coverage=0.815000 same_head_all_targets_hit=1.000000 rank_loss=0.127326 aggregation_loss=0.035882 negative_penalty=0.000246 soft_effective_blocks=180.861447 current_block_budget=256.000000 energy_mean=0.042247 energy_std=0.208545 lr=4.645082e-05 grad_norm=0.162878
step=06580 layers=24,28 seq_len=64235 skipped_length=0 loss=0.256411 teacher_kl=0.729108 teacher_l1=0.000692 topk_boundary_loss=0.007813 teacher_recall=0.899025 causal_density=0.652306 target_group_coverage=0.844141 same_head_all_targets_hit=0.900000 rank_loss=0.126275 aggregation_loss=0.034938 negative_penalty=0.000240 soft_effective_blocks=175.016669 current_block_budget=256.000000 energy_mean=0.044274 energy_std=0.219662 lr=4.643947e-05 grad_norm=0.081794
step=06590 layers=9,20 seq_len=60945 skipped_length=0 loss=0.277725 teacher_kl=0.767068 teacher_l1=0.000681 topk_boundary_loss=0.009220 teacher_recall=0.880922 causal_density=0.652225 target_group_coverage=0.823359 same_head_all_targets_hit=0.950000 rank_loss=0.140635 aggregation_loss=0.017920 negative_penalty=0.000212 soft_effective_blocks=184.299748 current_block_budget=256.000000 energy_mean=0.041972 energy_std=0.203775 lr=4.642810e-05 grad_norm=0.086502
step=06600 layers=12,15 seq_len=53396 skipped_length=0 loss=0.269856 teacher_kl=0.739561 teacher_l1=0.000641 topk_boundary_loss=0.007980 teacher_recall=0.893917 causal_density=0.652226 target_group_coverage=0.733984 same_head_all_targets_hit=1.000000 rank_loss=0.158403 aggregation_loss=0.000000 negative_penalty=0.000178 soft_effective_blocks=176.086142 current_block_budget=256.000000 energy_mean=0.043226 energy_std=0.218220 lr=4.641672e-05 grad_norm=0.096577
step=06610 layers=4,29 seq_len=50155 skipped_length=0 loss=0.268443 teacher_kl=0.713401 teacher_l1=0.000671 topk_boundary_loss=0.007982 teacher_recall=0.900183 causal_density=0.652290 target_group_coverage=0.808464 same_head_all_targets_hit=1.000000 rank_loss=0.162555 aggregation_loss=0.000000 negative_penalty=0.000336 soft_effective_blocks=175.717394 current_block_budget=256.000000 energy_mean=0.044165 energy_std=0.223907 lr=4.640532e-05 grad_norm=0.107339
step=06620 layers=24,25 seq_len=56708 skipped_length=0 loss=0.253957 teacher_kl=0.763006 teacher_l1=0.000679 topk_boundary_loss=0.008525 teacher_recall=0.885795 causal_density=0.652224 target_group_coverage=0.883151 same_head_all_targets_hit=1.000000 rank_loss=0.096247 aggregation_loss=0.054078 negative_penalty=0.000160 soft_effective_blocks=180.805447 current_block_budget=256.000000 energy_mean=0.043537 energy_std=0.211652 lr=4.639390e-05 grad_norm=0.070471
step=06630 layers=6,8 seq_len=49648 skipped_length=0 loss=0.245861 teacher_kl=0.718988 teacher_l1=0.000671 topk_boundary_loss=0.008648 teacher_recall=0.885208 causal_density=0.652276 target_group_coverage=0.839071 same_head_all_targets_hit=1.000000 rank_loss=0.084878 aggregation_loss=0.071431 negative_penalty=0.000250 soft_effective_blocks=182.530766 current_block_budget=256.000000 energy_mean=0.042863 energy_std=0.205971 lr=4.638247e-05 grad_norm=0.076991
step=06640 layers=29,34 seq_len=58343 skipped_length=0 loss=0.271176 teacher_kl=0.769011 teacher_l1=0.000721 topk_boundary_loss=0.007835 teacher_recall=0.905644 causal_density=0.652320 target_group_coverage=0.889219 same_head_all_targets_hit=1.000000 rank_loss=0.147776 aggregation_loss=0.017736 negative_penalty=0.000211 soft_effective_blocks=163.268520 current_block_budget=256.000000 energy_mean=0.044731 energy_std=0.232204 lr=4.637102e-05 grad_norm=0.112514
step=06650 layers=27,28 seq_len=65180 skipped_length=0 loss=0.257828 teacher_kl=0.650976 teacher_l1=0.000606 topk_boundary_loss=0.008546 teacher_recall=0.896988 causal_density=0.652193 target_group_coverage=0.813021 same_head_all_targets_hit=1.000000 rank_loss=0.152959 aggregation_loss=0.000000 negative_penalty=0.000168 soft_effective_blocks=186.104451 current_block_budget=256.000000 energy_mean=0.043129 energy_std=0.213173 lr=4.635955e-05 grad_norm=0.098681
step=06660 layers=26,32 seq_len=53888 skipped_length=0 loss=0.282966 teacher_kl=0.823012 teacher_l1=0.000689 topk_boundary_loss=0.008624 teacher_recall=0.893498 causal_density=0.652210 target_group_coverage=0.824115 same_head_all_targets_hit=1.000000 rank_loss=0.143241 aggregation_loss=0.018151 negative_penalty=0.000255 soft_effective_blocks=182.187035 current_block_budget=256.000000 energy_mean=0.041418 energy_std=0.209359 lr=4.634807e-05 grad_norm=0.110229
step=06670 layers=2,32 seq_len=55390 skipped_length=0 loss=0.262541 teacher_kl=0.711863 teacher_l1=0.000603 topk_boundary_loss=0.007895 teacher_recall=0.901721 causal_density=0.652195 target_group_coverage=0.842448 same_head_all_targets_hit=1.000000 rank_loss=0.154280 aggregation_loss=0.000000 negative_penalty=0.000214 soft_effective_blocks=196.361063 current_block_budget=256.000000 energy_mean=0.041418 energy_std=0.194382 lr=4.633657e-05 grad_norm=0.091054
step=06680 layers=9,28 seq_len=58282 skipped_length=0 loss=0.267674 teacher_kl=0.737370 teacher_l1=0.000656 topk_boundary_loss=0.008264 teacher_recall=0.893494 causal_density=0.652149 target_group_coverage=0.824297 same_head_all_targets_hit=1.000000 rank_loss=0.143926 aggregation_loss=0.018236 negative_penalty=0.000227 soft_effective_blocks=172.662717 current_block_budget=256.000000 energy_mean=0.042308 energy_std=0.230892 lr=4.632506e-05 grad_norm=0.088339
step=06690 layers=16,20 seq_len=56662 skipped_length=0 loss=0.262661 teacher_kl=0.763033 teacher_l1=0.000725 topk_boundary_loss=0.008757 teacher_recall=0.885781 causal_density=0.652299 target_group_coverage=0.804870 same_head_all_targets_hit=1.000000 rank_loss=0.115274 aggregation_loss=0.035784 negative_penalty=0.000225 soft_effective_blocks=172.925340 current_block_budget=256.000000 energy_mean=0.043873 energy_std=0.217214 lr=4.631353e-05 grad_norm=0.085693
step=06700 layers=26,33 seq_len=61789 skipped_length=0 loss=0.259503 teacher_kl=0.760057 teacher_l1=0.000651 topk_boundary_loss=0.008627 teacher_recall=0.893114 causal_density=0.652194 target_group_coverage=0.853203 same_head_all_targets_hit=1.000000 rank_loss=0.120182 aggregation_loss=0.017332 negative_penalty=0.000233 soft_effective_blocks=192.068921 current_block_budget=256.000000 energy_mean=0.042156 energy_std=0.200820 lr=4.630198e-05 grad_norm=0.101482
step=06710 layers=2,5 seq_len=57993 skipped_length=0 loss=0.267973 teacher_kl=0.735308 teacher_l1=0.000625 topk_boundary_loss=0.008324 teacher_recall=0.888086 causal_density=0.652179 target_group_coverage=0.833359 same_head_all_targets_hit=1.000000 rank_loss=0.144240 aggregation_loss=0.018020 negative_penalty=0.000196 soft_effective_blocks=183.334796 current_block_budget=256.000000 energy_mean=0.042030 energy_std=0.212401 lr=4.629041e-05 grad_norm=0.093201
step=06720 layers=15,20 seq_len=63585 skipped_length=0 loss=0.256690 teacher_kl=0.698301 teacher_l1=0.000616 topk_boundary_loss=0.008638 teacher_recall=0.893624 causal_density=0.652189 target_group_coverage=0.716875 same_head_all_targets_hit=1.000000 rank_loss=0.123317 aggregation_loss=0.035243 negative_penalty=0.000178 soft_effective_blocks=184.059782 current_block_budget=256.000000 energy_mean=0.041983 energy_std=0.210836 lr=4.627883e-05 grad_norm=0.089536
step=06730 layers=0,35 seq_len=49962 skipped_length=0 loss=0.257933 teacher_kl=0.704834 teacher_l1=0.000656 topk_boundary_loss=0.008013 teacher_recall=0.899633 causal_density=0.652236 target_group_coverage=0.896953 same_head_all_targets_hit=1.000000 rank_loss=0.139068 aggregation_loss=0.018504 negative_penalty=0.000232 soft_effective_blocks=175.336691 current_block_budget=256.000000 energy_mean=0.044451 energy_std=0.225761 lr=4.626724e-05 grad_norm=0.090965
step=06740 layers=23,29 seq_len=50591 skipped_length=0 loss=0.287530 teacher_kl=0.912359 teacher_l1=0.000772 topk_boundary_loss=0.009134 teacher_recall=0.883138 causal_density=0.652181 target_group_coverage=0.779688 same_head_all_targets_hit=1.000000 rank_loss=0.114427 aggregation_loss=0.035617 negative_penalty=0.000255 soft_effective_blocks=184.606210 current_block_budget=256.000000 energy_mean=0.039791 energy_std=0.208013 lr=4.625563e-05 grad_norm=0.076786
step=06750 layers=0,4 seq_len=57352 skipped_length=0 loss=0.241684 teacher_kl=0.613093 teacher_l1=0.000584 topk_boundary_loss=0.007752 teacher_recall=0.898982 causal_density=0.652236 target_group_coverage=0.777266 same_head_all_targets_hit=0.900000 rank_loss=0.138677 aggregation_loss=0.017830 negative_penalty=0.000220 soft_effective_blocks=177.749677 current_block_budget=256.000000 energy_mean=0.045118 energy_std=0.222113 lr=4.624400e-05 grad_norm=0.069391
[save] raw=/inspire/hdd/global_user/gexinmu-253108100065/Repos/fuyicheng_workshop/Innovator-lm-evaluation-hardness/x-attention-main/xattn/qwen_weights/conv_qwen3_boundary_v2/conv_kernel_7x7_qwen3_8b_boundary_v2_t065_s16_48k64k_bf16_step6750.pt
[save] ema=/inspire/hdd/global_user/gexinmu-253108100065/Repos/fuyicheng_workshop/Innovator-lm-evaluation-hardness/x-attention-main/xattn/qwen_weights/conv_qwen3_boundary_v2/conv_kernel_7x7_qwen3_8b_boundary_v2_t065_s16_48k64k_bf16_ema_step6750.pt
[save] state=/inspire/hdd/global_user/gexinmu-253108100065/Repos/fuyicheng_workshop/Innovator-lm-evaluation-hardness/x-attention-main/xattn/qwen_weights/conv_qwen3_boundary_v2/conv_kernel_7x7_qwen3_8b_boundary_v2_t065_s16_48k64k_bf16_train_state.pt
step=06760 layers=2,30 seq_len=60954 skipped_length=0 loss=0.251841 teacher_kl=0.724667 teacher_l1=0.000665 topk_boundary_loss=0.008151 teacher_recall=0.887203 causal_density=0.652245 target_group_coverage=0.764280 same_head_all_targets_hit=1.000000 rank_loss=0.122227 aggregation_loss=0.018229 negative_penalty=0.000201 soft_effective_blocks=184.190564 current_block_budget=256.000000 energy_mean=0.043491 energy_std=0.208935 lr=4.623235e-05 grad_norm=0.088606
step=06770 layers=2,25 seq_len=65375 skipped_length=0 loss=0.255557 teacher_kl=0.717653 teacher_l1=0.000650 topk_boundary_loss=0.008498 teacher_recall=0.892634 causal_density=0.652207 target_group_coverage=0.803845 same_head_all_targets_hit=0.950000 rank_loss=0.110549 aggregation_loss=0.054218 negative_penalty=0.000233 soft_effective_blocks=174.734104 current_block_budget=256.000000 energy_mean=0.043129 energy_std=0.223623 lr=4.622069e-05 grad_norm=0.105138
step=06780 layers=3,19 seq_len=63120 skipped_length=0 loss=0.259003 teacher_kl=0.790586 teacher_l1=0.000698 topk_boundary_loss=0.008260 teacher_recall=0.899094 causal_density=0.652226 target_group_coverage=0.867656 same_head_all_targets_hit=0.950000 rank_loss=0.108659 aggregation_loss=0.036403 negative_penalty=0.000248 soft_effective_blocks=181.786764 current_block_budget=256.000000 energy_mean=0.042408 energy_std=0.216138 lr=4.620902e-05 grad_norm=0.101150
step=06790 layers=1,10 seq_len=53771 skipped_length=0 loss=0.236814 teacher_kl=0.642080 teacher_l1=0.000613 topk_boundary_loss=0.007428 teacher_recall=0.904231 causal_density=0.652305 target_group_coverage=0.858290 same_head_all_targets_hit=1.000000 rank_loss=0.127489 aggregation_loss=0.018197 negative_penalty=0.000236 soft_effective_blocks=176.231863 current_block_budget=256.000000 energy_mean=0.045695 energy_std=0.219752 lr=4.619732e-05 grad_norm=0.084417
step=06800 layers=6,16 seq_len=57751 skipped_length=0 loss=0.304403 teacher_kl=0.886507 teacher_l1=0.000710 topk_boundary_loss=0.009307 teacher_recall=0.883020 causal_density=0.652167 target_group_coverage=0.792925 same_head_all_targets_hit=1.000000 rank_loss=0.153981 aggregation_loss=0.018167 negative_penalty=0.000203 soft_effective_blocks=186.092384 current_block_budget=256.000000 energy_mean=0.041912 energy_std=0.205344 lr=4.618561e-05 grad_norm=0.098671
step=06810 layers=10,12 seq_len=54688 skipped_length=0 loss=0.240185 teacher_kl=0.659665 teacher_l1=0.000635 topk_boundary_loss=0.008437 teacher_recall=0.891943 causal_density=0.652266 target_group_coverage=0.802891 same_head_all_targets_hit=0.950000 rank_loss=0.100322 aggregation_loss=0.054030 negative_penalty=0.000226 soft_effective_blocks=178.565797 current_block_budget=256.000000 energy_mean=0.043558 energy_std=0.213938 lr=4.617389e-05 grad_norm=0.085559
step=06820 layers=2,29 seq_len=52408 skipped_length=0 loss=0.257914 teacher_kl=0.684521 teacher_l1=0.000635 topk_boundary_loss=0.007949 teacher_recall=0.895991 causal_density=0.652192 target_group_coverage=0.825781 same_head_all_targets_hit=0.950000 rank_loss=0.152670 aggregation_loss=0.000000 negative_penalty=0.000219 soft_effective_blocks=175.996768 current_block_budget=256.000000 energy_mean=0.042752 energy_std=0.227145 lr=4.616215e-05 grad_norm=0.087654
step=06830 layers=9,13 seq_len=56235 skipped_length=0 loss=0.270274 teacher_kl=0.812654 teacher_l1=0.000762 topk_boundary_loss=0.008225 teacher_recall=0.889128 causal_density=0.652358 target_group_coverage=0.771953 same_head_all_targets_hit=1.000000 rank_loss=0.130253 aggregation_loss=0.017536 negative_penalty=0.000201 soft_effective_blocks=179.773036 current_block_budget=256.000000 energy_mean=0.044489 energy_std=0.211076 lr=4.615039e-05 grad_norm=0.079690
step=06840 layers=0,23 seq_len=63422 skipped_length=0 loss=0.265297 teacher_kl=0.741191 teacher_l1=0.000672 topk_boundary_loss=0.008139 teacher_recall=0.895830 causal_density=0.652293 target_group_coverage=0.797396 same_head_all_targets_hit=1.000000 rank_loss=0.140640 aggregation_loss=0.018323 negative_penalty=0.000265 soft_effective_blocks=165.437754 current_block_budget=256.000000 energy_mean=0.045348 energy_std=0.230316 lr=4.613862e-05 grad_norm=0.103171
step=06850 layers=7,24 seq_len=60147 skipped_length=0 loss=0.280839 teacher_kl=0.796641 teacher_l1=0.000707 topk_boundary_loss=0.009343 teacher_recall=0.898935 causal_density=0.652145 target_group_coverage=0.840929 same_head_all_targets_hit=1.000000 rank_loss=0.128502 aggregation_loss=0.037832 negative_penalty=0.000210 soft_effective_blocks=177.550608 current_block_budget=256.000000 energy_mean=0.041800 energy_std=0.225057 lr=4.612683e-05 grad_norm=0.128935
step=06860 layers=0,30 seq_len=58201 skipped_length=0 loss=0.265713 teacher_kl=0.724625 teacher_l1=0.000629 topk_boundary_loss=0.008427 teacher_recall=0.886029 causal_density=0.652258 target_group_coverage=0.713828 same_head_all_targets_hit=1.000000 rank_loss=0.141652 aggregation_loss=0.018299 negative_penalty=0.000260 soft_effective_blocks=182.251511 current_block_budget=256.000000 energy_mean=0.043979 energy_std=0.211147 lr=4.611502e-05 grad_norm=0.092884
step=06870 layers=12,22 seq_len=54121 skipped_length=0 loss=0.274989 teacher_kl=0.748136 teacher_l1=0.000677 topk_boundary_loss=0.008878 teacher_recall=0.892486 causal_density=0.652191 target_group_coverage=0.890000 same_head_all_targets_hit=0.950000 rank_loss=0.145398 aggregation_loss=0.017863 negative_penalty=0.000206 soft_effective_blocks=186.256737 current_block_budget=256.000000 energy_mean=0.041543 energy_std=0.209815 lr=4.610320e-05 grad_norm=0.073955
step=06880 layers=1,4 seq_len=60490 skipped_length=0 loss=0.234180 teacher_kl=0.606172 teacher_l1=0.000577 topk_boundary_loss=0.008033 teacher_recall=0.907698 causal_density=0.652260 target_group_coverage=0.725668 same_head_all_targets_hit=1.000000 rank_loss=0.108243 aggregation_loss=0.056016 negative_penalty=0.000274 soft_effective_blocks=172.510101 current_block_budget=256.000000 energy_mean=0.046453 energy_std=0.234671 lr=4.609136e-05 grad_norm=0.139132
step=06890 layers=5,34 seq_len=62718 skipped_length=0 loss=0.272043 teacher_kl=0.800610 teacher_l1=0.000676 topk_boundary_loss=0.008570 teacher_recall=0.891419 causal_density=0.652220 target_group_coverage=0.898828 same_head_all_targets_hit=1.000000 rank_loss=0.138920 aggregation_loss=0.000000 negative_penalty=0.000188 soft_effective_blocks=186.567380 current_block_budget=256.000000 energy_mean=0.042261 energy_std=0.206769 lr=4.607951e-05 grad_norm=0.070987
step=06900 layers=12,16 seq_len=52478 skipped_length=0 loss=0.278454 teacher_kl=0.772516 teacher_l1=0.000723 topk_boundary_loss=0.008589 teacher_recall=0.892405 causal_density=0.652275 target_group_coverage=0.797005 same_head_all_targets_hit=1.000000 rank_loss=0.156373 aggregation_loss=0.000000 negative_penalty=0.000238 soft_effective_blocks=177.331622 current_block_budget=256.000000 energy_mean=0.043477 energy_std=0.213121 lr=4.606764e-05 grad_norm=0.118331
step=06910 layers=7,20 seq_len=56732 skipped_length=0 loss=0.283110 teacher_kl=0.783564 teacher_l1=0.000746 topk_boundary_loss=0.008600 teacher_recall=0.885763 causal_density=0.652358 target_group_coverage=0.767969 same_head_all_targets_hit=1.000000 rank_loss=0.161218 aggregation_loss=0.000000 negative_penalty=0.000203 soft_effective_blocks=171.851630 current_block_budget=256.000000 energy_mean=0.045603 energy_std=0.218943 lr=4.605575e-05 grad_norm=0.093974
step=06920 layers=12,14 seq_len=51376 skipped_length=0 loss=0.268902 teacher_kl=0.760191 teacher_l1=0.000730 topk_boundary_loss=0.007404 teacher_recall=0.902434 causal_density=0.652324 target_group_coverage=0.919792 same_head_all_targets_hit=1.000000 rank_loss=0.159322 aggregation_loss=0.000000 negative_penalty=0.000306 soft_effective_blocks=158.743700 current_block_budget=256.000000 energy_mean=0.045719 energy_std=0.237924 lr=4.604385e-05 grad_norm=0.102385
step=06930 layers=2,17 seq_len=61507 skipped_length=0 loss=0.244186 teacher_kl=0.689523 teacher_l1=0.000607 topk_boundary_loss=0.008666 teacher_recall=0.886461 causal_density=0.652162 target_group_coverage=0.847656 same_head_all_targets_hit=1.000000 rank_loss=0.118985 aggregation_loss=0.000000 negative_penalty=0.000172 soft_effective_blocks=192.725241 current_block_budget=256.000000 energy_mean=0.042480 energy_std=0.207277 lr=4.603194e-05 grad_norm=0.086842
step=06940 layers=24,31 seq_len=52701 skipped_length=0 loss=0.273201 teacher_kl=0.704007 teacher_l1=0.000642 topk_boundary_loss=0.009904 teacher_recall=0.894991 causal_density=0.652206 target_group_coverage=0.809332 same_head_all_targets_hit=0.950000 rank_loss=0.139446 aggregation_loss=0.018637 negative_penalty=0.000210 soft_effective_blocks=183.560837 current_block_budget=256.000000 energy_mean=0.043223 energy_std=0.214447 lr=4.602000e-05 grad_norm=0.170041
step=06950 layers=10,28 seq_len=59044 skipped_length=0 loss=0.279286 teacher_kl=0.816544 teacher_l1=0.000726 topk_boundary_loss=0.008386 teacher_recall=0.895104 causal_density=0.652235 target_group_coverage=0.871484 same_head_all_targets_hit=0.950000 rank_loss=0.149455 aggregation_loss=0.000000 negative_penalty=0.000270 soft_effective_blocks=176.835150 current_block_budget=256.000000 energy_mean=0.043156 energy_std=0.220927 lr=4.600805e-05 grad_norm=0.098404
step=06960 layers=19,23 seq_len=51475 skipped_length=0 loss=0.240971 teacher_kl=0.673227 teacher_l1=0.000678 topk_boundary_loss=0.008654 teacher_recall=0.882923 causal_density=0.652341 target_group_coverage=0.758333 same_head_all_targets_hit=0.950000 rank_loss=0.080586 aggregation_loss=0.089462 negative_penalty=0.000224 soft_effective_blocks=168.849769 current_block_budget=256.000000 energy_mean=0.047264 energy_std=0.232535 lr=4.599609e-05 grad_norm=0.087789
step=06970 layers=29,30 seq_len=56774 skipped_length=0 loss=0.258583 teacher_kl=0.777800 teacher_l1=0.000697 topk_boundary_loss=0.008065 teacher_recall=0.900554 causal_density=0.652271 target_group_coverage=0.795408 same_head_all_targets_hit=0.950000 rank_loss=0.106254 aggregation_loss=0.054399 negative_penalty=0.000258 soft_effective_blocks=178.041336 current_block_budget=256.000000 energy_mean=0.042679 energy_std=0.213164 lr=4.598411e-05 grad_norm=0.083986
step=06980 layers=18,34 seq_len=52841 skipped_length=0 loss=0.246962 teacher_kl=0.712304 teacher_l1=0.000660 topk_boundary_loss=0.007957 teacher_recall=0.899416 causal_density=0.652303 target_group_coverage=0.906076 same_head_all_targets_hit=1.000000 rank_loss=0.119848 aggregation_loss=0.018036 negative_penalty=0.000265 soft_effective_blocks=170.797429 current_block_budget=256.000000 energy_mean=0.045092 energy_std=0.225581 lr=4.597211e-05 grad_norm=0.084046
step=06990 layers=7,12 seq_len=63207 skipped_length=0 loss=0.276556 teacher_kl=0.784639 teacher_l1=0.000660 topk_boundary_loss=0.008706 teacher_recall=0.886846 causal_density=0.652155 target_group_coverage=0.907734 same_head_all_targets_hit=1.000000 rank_loss=0.141170 aggregation_loss=0.017881 negative_penalty=0.000193 soft_effective_blocks=192.987891 current_block_budget=256.000000 energy_mean=0.042055 energy_std=0.202026 lr=4.596010e-05 grad_norm=0.073363
step=07000 layers=2,13 seq_len=51885 skipped_length=0 loss=0.269441 teacher_kl=0.732637 teacher_l1=0.000669 topk_boundary_loss=0.008034 teacher_recall=0.895424 causal_density=0.652234 target_group_coverage=0.893359 same_head_all_targets_hit=1.000000 rank_loss=0.158722 aggregation_loss=0.000000 negative_penalty=0.000210 soft_effective_blocks=174.348566 current_block_budget=256.000000 energy_mean=0.043927 energy_std=0.229796 lr=4.594807e-05 grad_norm=0.108393
[save] raw=/inspire/hdd/global_user/gexinmu-253108100065/Repos/fuyicheng_workshop/Innovator-lm-evaluation-hardness/x-attention-main/xattn/qwen_weights/conv_qwen3_boundary_v2/conv_kernel_7x7_qwen3_8b_boundary_v2_t065_s16_48k64k_bf16_step7000.pt
[save] ema=/inspire/hdd/global_user/gexinmu-253108100065/Repos/fuyicheng_workshop/Innovator-lm-evaluation-hardness/x-attention-main/xattn/qwen_weights/conv_qwen3_boundary_v2/conv_kernel_7x7_qwen3_8b_boundary_v2_t065_s16_48k64k_bf16_ema_step7000.pt
[save] state=/inspire/hdd/global_user/gexinmu-253108100065/Repos/fuyicheng_workshop/Innovator-lm-evaluation-hardness/x-attention-main/xattn/qwen_weights/conv_qwen3_boundary_v2/conv_kernel_7x7_qwen3_8b_boundary_v2_t065_s16_48k64k_bf16_train_state.pt
step=07010 layers=10,11 seq_len=63715 skipped_length=0 loss=0.252972 teacher_kl=0.723462 teacher_l1=0.000623 topk_boundary_loss=0.007682 teacher_recall=0.907202 causal_density=0.652221 target_group_coverage=0.889062 same_head_all_targets_hit=1.000000 rank_loss=0.138263 aggregation_loss=0.000000 negative_penalty=0.000226 soft_effective_blocks=188.017667 current_block_budget=256.000000 energy_mean=0.042265 energy_std=0.209585 lr=4.593602e-05 grad_norm=0.096628
step=07020 layers=29,30 seq_len=60591 skipped_length=0 loss=0.272166 teacher_kl=0.748430 teacher_l1=0.000655 topk_boundary_loss=0.008596 teacher_recall=0.885778 causal_density=0.652168 target_group_coverage=0.762005 same_head_all_targets_hit=1.000000 rank_loss=0.144020 aggregation_loss=0.018736 negative_penalty=0.000221 soft_effective_blocks=175.407278 current_block_budget=256.000000 energy_mean=0.044201 energy_std=0.223017 lr=4.592396e-05 grad_norm=0.085508
step=07030 layers=0,21 seq_len=56610 skipped_length=0 loss=0.276581 teacher_kl=0.779628 teacher_l1=0.000704 topk_boundary_loss=0.008605 teacher_recall=0.901914 causal_density=0.652236 target_group_coverage=0.776406 same_head_all_targets_hit=0.950000 rank_loss=0.143353 aggregation_loss=0.018959 negative_penalty=0.000212 soft_effective_blocks=178.763014 current_block_budget=256.000000 energy_mean=0.042749 energy_std=0.216869 lr=4.591189e-05 grad_norm=0.100828
step=07040 layers=8,23 seq_len=56978 skipped_length=0 loss=0.292838 teacher_kl=0.715698 teacher_l1=0.000636 topk_boundary_loss=0.011641 teacher_recall=0.884028 causal_density=0.652213 target_group_coverage=0.856693 same_head_all_targets_hit=1.000000 rank_loss=0.146300 aggregation_loss=0.018130 negative_penalty=0.000235 soft_effective_blocks=184.153876 current_block_budget=256.000000 energy_mean=0.043870 energy_std=0.216942 lr=4.589979e-05 grad_norm=0.161700
step=07050 layers=32,34 seq_len=60330 skipped_length=0 loss=0.289482 teacher_kl=0.751993 teacher_l1=0.000679 topk_boundary_loss=0.011071 teacher_recall=0.882517 causal_density=0.652286 target_group_coverage=0.916276 same_head_all_targets_hit=1.000000 rank_loss=0.139292 aggregation_loss=0.017994 negative_penalty=0.000207 soft_effective_blocks=186.357208 current_block_budget=256.000000 energy_mean=0.044749 energy_std=0.204843 lr=4.588769e-05 grad_norm=0.128543
step=07060 layers=9,17 seq_len=52479 skipped_length=0 loss=0.250356 teacher_kl=0.757576 teacher_l1=0.000725 topk_boundary_loss=0.008844 teacher_recall=0.900157 causal_density=0.652325 target_group_coverage=0.819757 same_head_all_targets_hit=1.000000 rank_loss=0.064608 aggregation_loss=0.108640 negative_penalty=0.000264 soft_effective_blocks=166.835637 current_block_budget=256.000000 energy_mean=0.045375 energy_std=0.234230 lr=4.587556e-05 grad_norm=0.096770
step=07070 layers=11,27 seq_len=54940 skipped_length=0 loss=0.275466 teacher_kl=0.710720 teacher_l1=0.000629 topk_boundary_loss=0.010129 teacher_recall=0.896186 causal_density=0.652209 target_group_coverage=0.825000 same_head_all_targets_hit=0.950000 rank_loss=0.138709 aggregation_loss=0.018243 negative_penalty=0.000276 soft_effective_blocks=176.088028 current_block_budget=256.000000 energy_mean=0.043515 energy_std=0.226208 lr=4.586342e-05 grad_norm=0.180534
step=07080 layers=4,20 seq_len=56811 skipped_length=0 loss=0.253931 teacher_kl=0.677099 teacher_l1=0.000683 topk_boundary_loss=0.008122 teacher_recall=0.891890 causal_density=0.652324 target_group_coverage=0.857266 same_head_all_targets_hit=1.000000 rank_loss=0.138185 aggregation_loss=0.017743 negative_penalty=0.000211 soft_effective_blocks=164.084575 current_block_budget=256.000000 energy_mean=0.046662 energy_std=0.235497 lr=4.585127e-05 grad_norm=0.093048
step=07090 layers=1,11 seq_len=64145 skipped_length=0 loss=0.282320 teacher_kl=0.798286 teacher_l1=0.000718 topk_boundary_loss=0.007875 teacher_recall=0.903131 causal_density=0.652275 target_group_coverage=0.869141 same_head_all_targets_hit=1.000000 rank_loss=0.165892 aggregation_loss=0.000000 negative_penalty=0.000197 soft_effective_blocks=173.500717 current_block_budget=256.000000 energy_mean=0.044767 energy_std=0.225765 lr=4.583910e-05 grad_norm=0.093926
step=07100 layers=2,5 seq_len=61201 skipped_length=0 loss=0.254231 teacher_kl=0.696322 teacher_l1=0.000651 topk_boundary_loss=0.008157 teacher_recall=0.888726 causal_density=0.652317 target_group_coverage=0.892535 same_head_all_targets_hit=1.000000 rank_loss=0.133301 aggregation_loss=0.018025 negative_penalty=0.000181 soft_effective_blocks=183.036302 current_block_budget=256.000000 energy_mean=0.046171 energy_std=0.209187 lr=4.582691e-05 grad_norm=0.060379
step=07110 layers=13,17 seq_len=59954 skipped_length=0 loss=0.279947 teacher_kl=0.778388 teacher_l1=0.000677 topk_boundary_loss=0.008454 teacher_recall=0.892657 causal_density=0.652215 target_group_coverage=0.767188 same_head_all_targets_hit=1.000000 rank_loss=0.159188 aggregation_loss=0.000000 negative_penalty=0.000302 soft_effective_blocks=173.526270 current_block_budget=256.000000 energy_mean=0.043409 energy_std=0.227561 lr=4.581471e-05 grad_norm=0.120805
step=07120 layers=22,32 seq_len=64009 skipped_length=0 loss=0.261269 teacher_kl=0.691990 teacher_l1=0.000673 topk_boundary_loss=0.008182 teacher_recall=0.893095 causal_density=0.652235 target_group_coverage=0.888802 same_head_all_targets_hit=1.000000 rank_loss=0.153294 aggregation_loss=0.000000 negative_penalty=0.000218 soft_effective_blocks=168.902235 current_block_budget=256.000000 energy_mean=0.044872 energy_std=0.230990 lr=4.580249e-05 grad_norm=0.089202
step=07130 layers=18,29 seq_len=63074 skipped_length=0 loss=0.281559 teacher_kl=0.786273 teacher_l1=0.000699 topk_boundary_loss=0.008517 teacher_recall=0.892343 causal_density=0.652264 target_group_coverage=0.913281 same_head_all_targets_hit=1.000000 rank_loss=0.159068 aggregation_loss=0.000000 negative_penalty=0.000234 soft_effective_blocks=183.845178 current_block_budget=256.000000 energy_mean=0.043344 energy_std=0.211335 lr=4.579025e-05 grad_norm=0.108614
step=07140 layers=9,33 seq_len=62067 skipped_length=0 loss=0.262198 teacher_kl=0.775041 teacher_l1=0.000710 topk_boundary_loss=0.008068 teacher_recall=0.896389 causal_density=0.652322 target_group_coverage=0.716233 same_head_all_targets_hit=0.950000 rank_loss=0.120349 aggregation_loss=0.036580 negative_penalty=0.000234 soft_effective_blocks=180.308526 current_block_budget=256.000000 energy_mean=0.045000 energy_std=0.217434 lr=4.577801e-05 grad_norm=0.100576
step=07150 layers=17,20 seq_len=60287 skipped_length=0 loss=0.270501 teacher_kl=0.742378 teacher_l1=0.000664 topk_boundary_loss=0.008788 teacher_recall=0.888982 causal_density=0.652189 target_group_coverage=0.803385 same_head_all_targets_hit=1.000000 rank_loss=0.140248 aggregation_loss=0.018600 negative_penalty=0.000261 soft_effective_blocks=172.147783 current_block_budget=256.000000 energy_mean=0.043839 energy_std=0.229519 lr=4.576574e-05 grad_norm=0.126762
step=07160 layers=3,16 seq_len=58019 skipped_length=0 loss=0.265312 teacher_kl=0.687836 teacher_l1=0.000645 topk_boundary_loss=0.008583 teacher_recall=0.887355 causal_density=0.652250 target_group_coverage=0.841016 same_head_all_targets_hit=1.000000 rank_loss=0.155728 aggregation_loss=0.000000 negative_penalty=0.000213 soft_effective_blocks=182.990746 current_block_budget=256.000000 energy_mean=0.044703 energy_std=0.213799 lr=4.575346e-05 grad_norm=0.077737
step=07170 layers=28,32 seq_len=63406 skipped_length=0 loss=0.254300 teacher_kl=0.687563 teacher_l1=0.000659 topk_boundary_loss=0.008181 teacher_recall=0.898766 causal_density=0.652278 target_group_coverage=0.827109 same_head_all_targets_hit=1.000000 rank_loss=0.134927 aggregation_loss=0.018901 negative_penalty=0.000221 soft_effective_blocks=171.634450 current_block_budget=256.000000 energy_mean=0.045046 energy_std=0.228467 lr=4.574116e-05 grad_norm=0.093374
step=07180 layers=18,20 seq_len=59270 skipped_length=0 loss=0.271073 teacher_kl=0.736947 teacher_l1=0.000658 topk_boundary_loss=0.007834 teacher_recall=0.908727 causal_density=0.652212 target_group_coverage=0.799219 same_head_all_targets_hit=1.000000 rank_loss=0.163028 aggregation_loss=0.000000 negative_penalty=0.000258 soft_effective_blocks=180.587944 current_block_budget=256.000000 energy_mean=0.043598 energy_std=0.219231 lr=4.572885e-05 grad_norm=0.112364
step=07190 layers=16,28 seq_len=53108 skipped_length=0 loss=0.278626 teacher_kl=0.803890 teacher_l1=0.000739 topk_boundary_loss=0.008777 teacher_recall=0.875897 causal_density=0.652328 target_group_coverage=0.893776 same_head_all_targets_hit=1.000000 rank_loss=0.138783 aggregation_loss=0.018060 negative_penalty=0.000177 soft_effective_blocks=179.578317 current_block_budget=256.000000 energy_mean=0.045311 energy_std=0.211879 lr=4.571652e-05 grad_norm=0.059209
step=07200 layers=7,30 seq_len=55753 skipped_length=0 loss=0.241986 teacher_kl=0.709147 teacher_l1=0.000640 topk_boundary_loss=0.007586 teacher_recall=0.901306 causal_density=0.652194 target_group_coverage=0.834019 same_head_all_targets_hit=0.950000 rank_loss=0.109062 aggregation_loss=0.037791 negative_penalty=0.000283 soft_effective_blocks=171.197395 current_block_budget=256.000000 energy_mean=0.044016 energy_std=0.233810 lr=4.570418e-05 grad_norm=0.091595
step=07210 layers=4,13 seq_len=65266 skipped_length=0 loss=0.259410 teacher_kl=0.734930 teacher_l1=0.000709 topk_boundary_loss=0.008069 teacher_recall=0.894564 causal_density=0.652371 target_group_coverage=0.849063 same_head_all_targets_hit=1.000000 rank_loss=0.133724 aggregation_loss=0.017370 negative_penalty=0.000288 soft_effective_blocks=171.989787 current_block_budget=256.000000 energy_mean=0.046250 energy_std=0.230825 lr=4.569182e-05 grad_norm=0.126875
step=07220 layers=1,8 seq_len=58325 skipped_length=0 loss=0.261236 teacher_kl=0.684121 teacher_l1=0.000648 topk_boundary_loss=0.008204 teacher_recall=0.887772 causal_density=0.652249 target_group_coverage=0.721745 same_head_all_targets_hit=0.950000 rank_loss=0.154915 aggregation_loss=0.000000 negative_penalty=0.000189 soft_effective_blocks=174.889318 current_block_budget=256.000000 energy_mean=0.045733 energy_std=0.219223 lr=4.567944e-05 grad_norm=0.087071
step=07230 layers=14,31 seq_len=53899 skipped_length=0 loss=0.283502 teacher_kl=0.847164 teacher_l1=0.000748 topk_boundary_loss=0.008444 teacher_recall=0.896364 causal_density=0.652265 target_group_coverage=0.784158 same_head_all_targets_hit=1.000000 rank_loss=0.140206 aggregation_loss=0.018833 negative_penalty=0.000300 soft_effective_blocks=166.145837 current_block_budget=256.000000 energy_mean=0.044522 energy_std=0.234774 lr=4.566705e-05 grad_norm=0.089783
step=07240 layers=33,34 seq_len=60769 skipped_length=0 loss=0.250649 teacher_kl=0.620980 teacher_l1=0.000579 topk_boundary_loss=0.009233 teacher_recall=0.878602 causal_density=0.652245 target_group_coverage=0.889141 same_head_all_targets_hit=1.000000 rank_loss=0.131976 aggregation_loss=0.017683 negative_penalty=0.000170 soft_effective_blocks=194.328288 current_block_budget=256.000000 energy_mean=0.044461 energy_std=0.199110 lr=4.565465e-05 grad_norm=0.124361
step=07250 layers=25,27 seq_len=55787 skipped_length=0 loss=0.277343 teacher_kl=0.753860 teacher_l1=0.000712 topk_boundary_loss=0.008211 teacher_recall=0.900842 causal_density=0.652256 target_group_coverage=0.787240 same_head_all_targets_hit=1.000000 rank_loss=0.164218 aggregation_loss=0.000000 negative_penalty=0.000265 soft_effective_blocks=165.732422 current_block_budget=256.000000 energy_mean=0.045491 energy_std=0.240169 lr=4.564222e-05 grad_norm=0.109412
[save] raw=/inspire/hdd/global_user/gexinmu-253108100065/Repos/fuyicheng_workshop/Innovator-lm-evaluation-hardness/x-attention-main/xattn/qwen_weights/conv_qwen3_boundary_v2/conv_kernel_7x7_qwen3_8b_boundary_v2_t065_s16_48k64k_bf16_step7250.pt
[save] ema=/inspire/hdd/global_user/gexinmu-253108100065/Repos/fuyicheng_workshop/Innovator-lm-evaluation-hardness/x-attention-main/xattn/qwen_weights/conv_qwen3_boundary_v2/conv_kernel_7x7_qwen3_8b_boundary_v2_t065_s16_48k64k_bf16_ema_step7250.pt
[save] state=/inspire/hdd/global_user/gexinmu-253108100065/Repos/fuyicheng_workshop/Innovator-lm-evaluation-hardness/x-attention-main/xattn/qwen_weights/conv_qwen3_boundary_v2/conv_kernel_7x7_qwen3_8b_boundary_v2_t065_s16_48k64k_bf16_train_state.pt
step=07260 layers=15,25 seq_len=53644 skipped_length=0 loss=0.277906 teacher_kl=0.828565 teacher_l1=0.000772 topk_boundary_loss=0.008482 teacher_recall=0.889900 causal_density=0.652354 target_group_coverage=0.890538 same_head_all_targets_hit=1.000000 rank_loss=0.135327 aggregation_loss=0.018091 negative_penalty=0.000193 soft_effective_blocks=171.175702 current_block_budget=256.000000 energy_mean=0.045811 energy_std=0.223336 lr=4.562979e-05 grad_norm=0.061317
step=07270 layers=2,28 seq_len=50800 skipped_length=0 loss=0.260630 teacher_kl=0.659323 teacher_l1=0.000625 topk_boundary_loss=0.008330 teacher_recall=0.891532 causal_density=0.652334 target_group_coverage=0.871641 same_head_all_targets_hit=1.000000 rank_loss=0.151074 aggregation_loss=0.017632 negative_penalty=0.000263 soft_effective_blocks=176.893306 current_block_budget=256.000000 energy_mean=0.046495 energy_std=0.221772 lr=4.561733e-05 grad_norm=0.107437
step=07280 layers=1,32 seq_len=57815 skipped_length=0 loss=0.243615 teacher_kl=0.647888 teacher_l1=0.000605 topk_boundary_loss=0.007205 teacher_recall=0.906958 causal_density=0.652194 target_group_coverage=0.775564 same_head_all_targets_hit=1.000000 rank_loss=0.139972 aggregation_loss=0.019080 negative_penalty=0.000295 soft_effective_blocks=175.233475 current_block_budget=256.000000 energy_mean=0.044544 energy_std=0.233880 lr=4.560487e-05 grad_norm=0.119729
step=07290 layers=12,17 seq_len=56908 skipped_length=0 loss=0.278447 teacher_kl=0.803168 teacher_l1=0.000715 topk_boundary_loss=0.008580 teacher_recall=0.885156 causal_density=0.652236 target_group_coverage=0.866693 same_head_all_targets_hit=1.000000 rank_loss=0.141706 aggregation_loss=0.017063 negative_penalty=0.000198 soft_effective_blocks=178.415358 current_block_budget=256.000000 energy_mean=0.043813 energy_std=0.220167 lr=4.559238e-05 grad_norm=0.086295
step=07300 layers=23,33 seq_len=59138 skipped_length=0 loss=0.271723 teacher_kl=0.776376 teacher_l1=0.000724 topk_boundary_loss=0.009119 teacher_recall=0.883498 causal_density=0.652349 target_group_coverage=0.801562 same_head_all_targets_hit=1.000000 rank_loss=0.137113 aggregation_loss=0.000000 negative_penalty=0.000246 soft_effective_blocks=168.967369 current_block_budget=256.000000 energy_mean=0.046681 energy_std=0.230141 lr=4.557988e-05 grad_norm=0.088491
step=07310 layers=16,27 seq_len=62410 skipped_length=0 loss=0.266026 teacher_kl=0.757889 teacher_l1=0.000633 topk_boundary_loss=0.007979 teacher_recall=0.897535 causal_density=0.652121 target_group_coverage=0.801172 same_head_all_targets_hit=1.000000 rank_loss=0.139494 aggregation_loss=0.019115 negative_penalty=0.000214 soft_effective_blocks=185.229448 current_block_budget=256.000000 energy_mean=0.042099 energy_std=0.213660 lr=4.556737e-05 grad_norm=0.091359
step=07320 layers=0,33 seq_len=54086 skipped_length=0 loss=0.250279 teacher_kl=0.635167 teacher_l1=0.000598 topk_boundary_loss=0.009465 teacher_recall=0.903622 causal_density=0.652202 target_group_coverage=0.906094 same_head_all_targets_hit=0.950000 rank_loss=0.124310 aggregation_loss=0.018636 negative_penalty=0.000243 soft_effective_blocks=180.895204 current_block_budget=256.000000 energy_mean=0.044970 energy_std=0.226473 lr=4.555484e-05 grad_norm=0.135195
step=07330 layers=7,26 seq_len=56181 skipped_length=0 loss=0.271451 teacher_kl=0.777221 teacher_l1=0.000706 topk_boundary_loss=0.008735 teacher_recall=0.887923 causal_density=0.652280 target_group_coverage=0.804245 same_head_all_targets_hit=1.000000 rank_loss=0.126430 aggregation_loss=0.036356 negative_penalty=0.000259 soft_effective_blocks=171.498465 current_block_budget=256.000000 energy_mean=0.044238 energy_std=0.226966 lr=4.554229e-05 grad_norm=0.093283
step=07340 layers=13,28 seq_len=61623 skipped_length=0 loss=0.259975 teacher_kl=0.726418 teacher_l1=0.000648 topk_boundary_loss=0.007819 teacher_recall=0.902266 causal_density=0.652254 target_group_coverage=0.878125 same_head_all_targets_hit=1.000000 rank_loss=0.140079 aggregation_loss=0.017484 negative_penalty=0.000237 soft_effective_blocks=179.929498 current_block_budget=256.000000 energy_mean=0.044663 energy_std=0.218253 lr=4.552973e-05 grad_norm=0.083665
step=07350 layers=5,30 seq_len=54856 skipped_length=0 loss=0.265066 teacher_kl=0.721466 teacher_l1=0.000649 topk_boundary_loss=0.008647 teacher_recall=0.883449 causal_density=0.652224 target_group_coverage=0.825391 same_head_all_targets_hit=1.000000 rank_loss=0.146052 aggregation_loss=0.000000 negative_penalty=0.000203 soft_effective_blocks=182.692918 current_block_budget=256.000000 energy_mean=0.045087 energy_std=0.221515 lr=4.551715e-05 grad_norm=0.078383
step=07360 layers=12,35 seq_len=60301 skipped_length=0 loss=0.262246 teacher_kl=0.717056 teacher_l1=0.000619 topk_boundary_loss=0.007767 teacher_recall=0.902812 causal_density=0.652174 target_group_coverage=0.777344 same_head_all_targets_hit=1.000000 rank_loss=0.154196 aggregation_loss=0.000000 negative_penalty=0.000209 soft_effective_blocks=183.213118 current_block_budget=256.000000 energy_mean=0.043706 energy_std=0.218999 lr=4.550456e-05 grad_norm=0.088186
step=07370 layers=18,32 seq_len=52823 skipped_length=0 loss=0.296550 teacher_kl=0.833832 teacher_l1=0.000755 topk_boundary_loss=0.008782 teacher_recall=0.890047 causal_density=0.652309 target_group_coverage=0.858594 same_head_all_targets_hit=1.000000 rank_loss=0.168623 aggregation_loss=0.000000 negative_penalty=0.000284 soft_effective_blocks=164.113229 current_block_budget=256.000000 energy_mean=0.045029 energy_std=0.236677 lr=4.549195e-05 grad_norm=0.119868
step=07380 layers=10,16 seq_len=64973 skipped_length=0 loss=0.241727 teacher_kl=0.714410 teacher_l1=0.000633 topk_boundary_loss=0.007863 teacher_recall=0.895394 causal_density=0.652220 target_group_coverage=0.912396 same_head_all_targets_hit=1.000000 rank_loss=0.111906 aggregation_loss=0.017921 negative_penalty=0.000228 soft_effective_blocks=184.703992 current_block_budget=256.000000 energy_mean=0.044904 energy_std=0.216184 lr=4.547933e-05 grad_norm=0.070569
step=07390 layers=10,18 seq_len=58450 skipped_length=0 loss=0.259193 teacher_kl=0.677406 teacher_l1=0.000581 topk_boundary_loss=0.008195 teacher_recall=0.891894 causal_density=0.652152 target_group_coverage=0.688281 same_head_all_targets_hit=1.000000 rank_loss=0.153308 aggregation_loss=0.000000 negative_penalty=0.000230 soft_effective_blocks=190.565114 current_block_budget=256.000000 energy_mean=0.043912 energy_std=0.215011 lr=4.546669e-05 grad_norm=0.107253
step=07400 layers=16,17 seq_len=62557 skipped_length=0 loss=0.283309 teacher_kl=0.844086 teacher_l1=0.000758 topk_boundary_loss=0.008788 teacher_recall=0.890351 causal_density=0.652250 target_group_coverage=0.862760 same_head_all_targets_hit=1.000000 rank_loss=0.143906 aggregation_loss=0.000000 negative_penalty=0.000244 soft_effective_blocks=171.361754 current_block_budget=256.000000 energy_mean=0.043916 energy_std=0.228625 lr=4.545404e-05 grad_norm=0.096944
step=07410 layers=21,35 seq_len=56058 skipped_length=0 loss=0.251712 teacher_kl=0.694832 teacher_l1=0.000669 topk_boundary_loss=0.007918 teacher_recall=0.883203 causal_density=0.652368 target_group_coverage=0.899219 same_head_all_targets_hit=1.000000 rank_loss=0.140177 aggregation_loss=0.000000 negative_penalty=0.000225 soft_effective_blocks=171.999251 current_block_budget=256.000000 energy_mean=0.048364 energy_std=0.220839 lr=4.544137e-05 grad_norm=0.085399
step=07420 layers=25,35 seq_len=55170 skipped_length=0 loss=0.269040 teacher_kl=0.748076 teacher_l1=0.000708 topk_boundary_loss=0.009057 teacher_recall=0.894357 causal_density=0.652249 target_group_coverage=0.856684 same_head_all_targets_hit=1.000000 rank_loss=0.125405 aggregation_loss=0.036348 negative_penalty=0.000261 soft_effective_blocks=167.579576 current_block_budget=256.000000 energy_mean=0.044703 energy_std=0.241967 lr=4.542868e-05 grad_norm=0.107764
step=07430 layers=5,18 seq_len=59277 skipped_length=0 loss=0.264657 teacher_kl=0.771692 teacher_l1=0.000663 topk_boundary_loss=0.008146 teacher_recall=0.892784 causal_density=0.652172 target_group_coverage=0.814540 same_head_all_targets_hit=1.000000 rank_loss=0.131864 aggregation_loss=0.018294 negative_penalty=0.000215 soft_effective_blocks=187.168236 current_block_budget=256.000000 energy_mean=0.043012 energy_std=0.210604 lr=4.541598e-05 grad_norm=0.077486
step=07440 layers=5,35 seq_len=60770 skipped_length=0 loss=0.255962 teacher_kl=0.753464 teacher_l1=0.000697 topk_boundary_loss=0.008606 teacher_recall=0.900570 causal_density=0.652278 target_group_coverage=0.850634 same_head_all_targets_hit=1.000000 rank_loss=0.100516 aggregation_loss=0.054970 negative_penalty=0.000275 soft_effective_blocks=160.424776 current_block_budget=256.000000 energy_mean=0.046176 energy_std=0.251345 lr=4.540327e-05 grad_norm=0.140529
step=07450 layers=17,32 seq_len=53242 skipped_length=0 loss=0.284931 teacher_kl=0.670679 teacher_l1=0.000677 topk_boundary_loss=0.011439 teacher_recall=0.881347 causal_density=0.652396 target_group_coverage=0.880729 same_head_all_targets_hit=1.000000 rank_loss=0.154626 aggregation_loss=0.000000 negative_penalty=0.000245 soft_effective_blocks=174.852873 current_block_budget=256.000000 energy_mean=0.047650 energy_std=0.218383 lr=4.539054e-05 grad_norm=0.200591
step=07460 layers=15,22 seq_len=61127 skipped_length=0 loss=0.246321 teacher_kl=0.691269 teacher_l1=0.000588 topk_boundary_loss=0.007529 teacher_recall=0.895930 causal_density=0.652164 target_group_coverage=0.873290 same_head_all_targets_hit=1.000000 rank_loss=0.122239 aggregation_loss=0.036086 negative_penalty=0.000187 soft_effective_blocks=182.098592 current_block_budget=256.000000 energy_mean=0.045315 energy_std=0.222924 lr=4.537779e-05 grad_norm=0.061877
step=07470 layers=18,20 seq_len=61028 skipped_length=0 loss=0.286494 teacher_kl=0.802082 teacher_l1=0.000726 topk_boundary_loss=0.008944 teacher_recall=0.886539 causal_density=0.652287 target_group_coverage=0.817318 same_head_all_targets_hit=1.000000 rank_loss=0.157636 aggregation_loss=0.000000 negative_penalty=0.000274 soft_effective_blocks=176.529504 current_block_budget=256.000000 energy_mean=0.043747 energy_std=0.220516 lr=4.536503e-05 grad_norm=0.105969
step=07480 layers=10,27 seq_len=57796 skipped_length=0 loss=0.251359 teacher_kl=0.687330 teacher_l1=0.000671 topk_boundary_loss=0.007954 teacher_recall=0.895084 causal_density=0.652300 target_group_coverage=0.737656 same_head_all_targets_hit=0.950000 rank_loss=0.125660 aggregation_loss=0.036770 negative_penalty=0.000304 soft_effective_blocks=161.595280 current_block_budget=256.000000 energy_mean=0.046897 energy_std=0.243739 lr=4.535225e-05 grad_norm=0.124277
step=07490 layers=17,31 seq_len=57640 skipped_length=0 loss=0.275195 teacher_kl=0.815785 teacher_l1=0.000713 topk_boundary_loss=0.009657 teacher_recall=0.878100 causal_density=0.652279 target_group_coverage=0.846354 same_head_all_targets_hit=1.000000 rank_loss=0.118506 aggregation_loss=0.017694 negative_penalty=0.000222 soft_effective_blocks=183.508961 current_block_budget=256.000000 energy_mean=0.044583 energy_std=0.213129 lr=4.533946e-05 grad_norm=0.060904
step=07500 layers=8,9 seq_len=64866 skipped_length=0 loss=0.234944 teacher_kl=0.619171 teacher_l1=0.000606 topk_boundary_loss=0.007557 teacher_recall=0.891414 causal_density=0.652339 target_group_coverage=0.786328 same_head_all_targets_hit=0.850000 rank_loss=0.121201 aggregation_loss=0.035416 negative_penalty=0.000224 soft_effective_blocks=172.115302 current_block_budget=256.000000 energy_mean=0.048513 energy_std=0.229607 lr=4.532666e-05 grad_norm=0.113804
[save] raw=/inspire/hdd/global_user/gexinmu-253108100065/Repos/fuyicheng_workshop/Innovator-lm-evaluation-hardness/x-attention-main/xattn/qwen_weights/conv_qwen3_boundary_v2/conv_kernel_7x7_qwen3_8b_boundary_v2_t065_s16_48k64k_bf16_step7500.pt
[save] ema=/inspire/hdd/global_user/gexinmu-253108100065/Repos/fuyicheng_workshop/Innovator-lm-evaluation-hardness/x-attention-main/xattn/qwen_weights/conv_qwen3_boundary_v2/conv_kernel_7x7_qwen3_8b_boundary_v2_t065_s16_48k64k_bf16_ema_step7500.pt
[save] state=/inspire/hdd/global_user/gexinmu-253108100065/Repos/fuyicheng_workshop/Innovator-lm-evaluation-hardness/x-attention-main/xattn/qwen_weights/conv_qwen3_boundary_v2/conv_kernel_7x7_qwen3_8b_boundary_v2_t065_s16_48k64k_bf16_train_state.pt
step=07510 layers=3,11 seq_len=59785 skipped_length=0 loss=0.270039 teacher_kl=0.802995 teacher_l1=0.000698 topk_boundary_loss=0.007886 teacher_recall=0.896126 causal_density=0.652223 target_group_coverage=0.720391 same_head_all_targets_hit=1.000000 rank_loss=0.136526 aggregation_loss=0.018168 negative_penalty=0.000203 soft_effective_blocks=181.957735 current_block_budget=256.000000 energy_mean=0.043980 energy_std=0.218679 lr=4.531383e-05 grad_norm=0.069311
step=07520 layers=13,33 seq_len=51620 skipped_length=0 loss=0.275679 teacher_kl=0.798398 teacher_l1=0.000737 topk_boundary_loss=0.008818 teacher_recall=0.887492 causal_density=0.652341 target_group_coverage=0.743646 same_head_all_targets_hit=1.000000 rank_loss=0.134656 aggregation_loss=0.018140 negative_penalty=0.000279 soft_effective_blocks=158.155209 current_block_budget=256.000000 energy_mean=0.047064 energy_std=0.249131 lr=4.530100e-05 grad_norm=0.122641
step=07530 layers=23,33 seq_len=56912 skipped_length=0 loss=0.273774 teacher_kl=0.749836 teacher_l1=0.000635 topk_boundary_loss=0.008482 teacher_recall=0.893751 causal_density=0.652110 target_group_coverage=0.708594 same_head_all_targets_hit=1.000000 rank_loss=0.147974 aggregation_loss=0.018493 negative_penalty=0.000208 soft_effective_blocks=193.848877 current_block_budget=256.000000 energy_mean=0.042459 energy_std=0.206127 lr=4.528814e-05 grad_norm=0.089965
step=07540 layers=5,28 seq_len=57957 skipped_length=0 loss=0.258374 teacher_kl=0.707249 teacher_l1=0.000660 topk_boundary_loss=0.008479 teacher_recall=0.891163 causal_density=0.652279 target_group_coverage=0.864028 same_head_all_targets_hit=1.000000 rank_loss=0.125403 aggregation_loss=0.036681 negative_penalty=0.000235 soft_effective_blocks=177.791762 current_block_budget=256.000000 energy_mean=0.045182 energy_std=0.223482 lr=4.527528e-05 grad_norm=0.082382
step=07550 layers=8,34 seq_len=62510 skipped_length=0 loss=0.265116 teacher_kl=0.752802 teacher_l1=0.000687 topk_boundary_loss=0.008080 teacher_recall=0.894214 causal_density=0.652315 target_group_coverage=0.846528 same_head_all_targets_hit=0.950000 rank_loss=0.138254 aggregation_loss=0.018242 negative_penalty=0.000262 soft_effective_blocks=178.448817 current_block_budget=256.000000 energy_mean=0.044925 energy_std=0.221218 lr=4.526239e-05 grad_norm=0.084794
step=07560 layers=24,33 seq_len=61524 skipped_length=0 loss=0.259211 teacher_kl=0.704184 teacher_l1=0.000667 topk_boundary_loss=0.007964 teacher_recall=0.902739 causal_density=0.652226 target_group_coverage=0.927040 same_head_all_targets_hit=1.000000 rank_loss=0.142222 aggregation_loss=0.017987 negative_penalty=0.000261 soft_effective_blocks=167.933756 current_block_budget=256.000000 energy_mean=0.046281 energy_std=0.240791 lr=4.524950e-05 grad_norm=0.102239
step=07570 layers=28,30 seq_len=64030 skipped_length=0 loss=0.272890 teacher_kl=0.796118 teacher_l1=0.000675 topk_boundary_loss=0.008767 teacher_recall=0.891886 causal_density=0.652200 target_group_coverage=0.923125 same_head_all_targets_hit=1.000000 rank_loss=0.131251 aggregation_loss=0.018176 negative_penalty=0.000260 soft_effective_blocks=180.715909 current_block_budget=256.000000 energy_mean=0.044632 energy_std=0.224047 lr=4.523658e-05 grad_norm=0.099638
step=07580 layers=15,19 seq_len=58004 skipped_length=0 loss=0.271788 teacher_kl=0.749624 teacher_l1=0.000678 topk_boundary_loss=0.008534 teacher_recall=0.892814 causal_density=0.652241 target_group_coverage=0.768359 same_head_all_targets_hit=1.000000 rank_loss=0.151721 aggregation_loss=0.000000 negative_penalty=0.000190 soft_effective_blocks=179.081506 current_block_budget=256.000000 energy_mean=0.044614 energy_std=0.224195 lr=4.522365e-05 grad_norm=0.086020
step=07590 layers=5,27 seq_len=50207 skipped_length=0 loss=0.262503 teacher_kl=0.708792 teacher_l1=0.000640 topk_boundary_loss=0.008768 teacher_recall=0.892911 causal_density=0.652207 target_group_coverage=0.792830 same_head_all_targets_hit=0.950000 rank_loss=0.128591 aggregation_loss=0.035398 negative_penalty=0.000251 soft_effective_blocks=176.962801 current_block_budget=256.000000 energy_mean=0.045231 energy_std=0.233405 lr=4.521071e-05 grad_norm=0.122764
step=07600 layers=15,26 seq_len=60470 skipped_length=0 loss=0.263386 teacher_kl=0.768145 teacher_l1=0.000738 topk_boundary_loss=0.007519 teacher_recall=0.901900 causal_density=0.652325 target_group_coverage=0.838255 same_head_all_targets_hit=0.950000 rank_loss=0.131193 aggregation_loss=0.037011 negative_penalty=0.000282 soft_effective_blocks=165.549255 current_block_budget=256.000000 energy_mean=0.046099 energy_std=0.228468 lr=4.519775e-05 grad_norm=0.093461
step=07610 layers=16,18 seq_len=49447 skipped_length=0 loss=0.263816 teacher_kl=0.703327 teacher_l1=0.000669 topk_boundary_loss=0.009759 teacher_recall=0.882546 causal_density=0.652267 target_group_coverage=0.877786 same_head_all_targets_hit=0.950000 rank_loss=0.126249 aggregation_loss=0.017818 negative_penalty=0.000207 soft_effective_blocks=176.332576 current_block_budget=256.000000 energy_mean=0.046015 energy_std=0.229099 lr=4.518478e-05 grad_norm=0.106411
step=07620 layers=9,16 seq_len=50453 skipped_length=0 loss=0.259080 teacher_kl=0.744606 teacher_l1=0.000678 topk_boundary_loss=0.008199 teacher_recall=0.896825 causal_density=0.652328 target_group_coverage=0.695469 same_head_all_targets_hit=0.950000 rank_loss=0.121697 aggregation_loss=0.034939 negative_penalty=0.000233 soft_effective_blocks=167.928671 current_block_budget=256.000000 energy_mean=0.046328 energy_std=0.233792 lr=4.517179e-05 grad_norm=0.083277
step=07630 layers=2,15 seq_len=62415 skipped_length=0 loss=0.277076 teacher_kl=0.766897 teacher_l1=0.000698 topk_boundary_loss=0.008538 teacher_recall=0.881462 causal_density=0.652256 target_group_coverage=0.742969 same_head_all_targets_hit=1.000000 rank_loss=0.156165 aggregation_loss=0.000000 negative_penalty=0.000251 soft_effective_blocks=177.829564 current_block_budget=256.000000 energy_mean=0.045859 energy_std=0.226278 lr=4.515878e-05 grad_norm=0.136151
step=07640 layers=4,7 seq_len=52380 skipped_length=0 loss=0.263260 teacher_kl=0.771995 teacher_l1=0.000671 topk_boundary_loss=0.009608 teacher_recall=0.885826 causal_density=0.652195 target_group_coverage=0.681545 same_head_all_targets_hit=1.000000 rank_loss=0.095432 aggregation_loss=0.053177 negative_penalty=0.000206 soft_effective_blocks=185.469970 current_block_budget=256.000000 energy_mean=0.043195 energy_std=0.213478 lr=4.514576e-05 grad_norm=0.104171
step=07650 layers=2,35 seq_len=61443 skipped_length=0 loss=0.253933 teacher_kl=0.685864 teacher_l1=0.000642 topk_boundary_loss=0.008266 teacher_recall=0.891138 causal_density=0.652284 target_group_coverage=0.787266 same_head_all_targets_hit=0.900000 rank_loss=0.126880 aggregation_loss=0.035039 negative_penalty=0.000275 soft_effective_blocks=172.836641 current_block_budget=256.000000 energy_mean=0.047014 energy_std=0.230985 lr=4.513273e-05 grad_norm=0.134971
step=07660 layers=6,32 seq_len=62478 skipped_length=0 loss=0.260427 teacher_kl=0.726556 teacher_l1=0.000633 topk_boundary_loss=0.008695 teacher_recall=0.905783 causal_density=0.652218 target_group_coverage=0.837196 same_head_all_targets_hit=1.000000 rank_loss=0.121176 aggregation_loss=0.036569 negative_penalty=0.000218 soft_effective_blocks=174.840923 current_block_budget=256.000000 energy_mean=0.045540 energy_std=0.234110 lr=4.511968e-05 grad_norm=0.115777
step=07670 layers=29,32 seq_len=63732 skipped_length=0 loss=0.270093 teacher_kl=0.724741 teacher_l1=0.000635 topk_boundary_loss=0.008643 teacher_recall=0.889161 causal_density=0.652115 target_group_coverage=0.933984 same_head_all_targets_hit=1.000000 rank_loss=0.153661 aggregation_loss=0.000000 negative_penalty=0.000240 soft_effective_blocks=191.240242 current_block_budget=256.000000 energy_mean=0.042541 energy_std=0.209793 lr=4.510662e-05 grad_norm=0.094940
step=07680 layers=17,28 seq_len=56361 skipped_length=0 loss=0.255034 teacher_kl=0.710172 teacher_l1=0.000620 topk_boundary_loss=0.008199 teacher_recall=0.890334 causal_density=0.652162 target_group_coverage=0.800391 same_head_all_targets_hit=0.950000 rank_loss=0.123344 aggregation_loss=0.035484 negative_penalty=0.000224 soft_effective_blocks=184.710373 current_block_budget=256.000000 energy_mean=0.043936 energy_std=0.223452 lr=4.509354e-05 grad_norm=0.091720
step=07690 layers=1,32 seq_len=58407 skipped_length=0 loss=0.247408 teacher_kl=0.744283 teacher_l1=0.000668 topk_boundary_loss=0.008117 teacher_recall=0.899773 causal_density=0.652292 target_group_coverage=0.764766 same_head_all_targets_hit=0.950000 rank_loss=0.102379 aggregation_loss=0.037442 negative_penalty=0.000246 soft_effective_blocks=170.991194 current_block_budget=256.000000 energy_mean=0.046124 energy_std=0.234115 lr=4.508044e-05 grad_norm=0.093917
step=07700 layers=9,33 seq_len=63941 skipped_length=0 loss=0.276445 teacher_kl=0.760169 teacher_l1=0.000684 topk_boundary_loss=0.008845 teacher_recall=0.893767 causal_density=0.652239 target_group_coverage=0.730078 same_head_all_targets_hit=1.000000 rank_loss=0.152696 aggregation_loss=0.000000 negative_penalty=0.000262 soft_effective_blocks=178.870271 current_block_budget=256.000000 energy_mean=0.044441 energy_std=0.223218 lr=4.506733e-05 grad_norm=0.126540
step=07710 layers=6,31 seq_len=63460 skipped_length=0 loss=0.269725 teacher_kl=0.771622 teacher_l1=0.000691 topk_boundary_loss=0.009365 teacher_recall=0.886619 causal_density=0.652242 target_group_coverage=0.885104 same_head_all_targets_hit=0.950000 rank_loss=0.124097 aggregation_loss=0.018252 negative_penalty=0.000212 soft_effective_blocks=182.429390 current_block_budget=256.000000 energy_mean=0.045725 energy_std=0.215982 lr=4.505421e-05 grad_norm=0.099336
step=07720 layers=2,17 seq_len=53743 skipped_length=0 loss=0.263896 teacher_kl=0.731998 teacher_l1=0.000704 topk_boundary_loss=0.008293 teacher_recall=0.892206 causal_density=0.652309 target_group_coverage=0.803776 same_head_all_targets_hit=0.950000 rank_loss=0.131344 aggregation_loss=0.035617 negative_penalty=0.000258 soft_effective_blocks=163.574226 current_block_budget=256.000000 energy_mean=0.046408 energy_std=0.242048 lr=4.504107e-05 grad_norm=0.122599
step=07730 layers=6,23 seq_len=58943 skipped_length=0 loss=0.256421 teacher_kl=0.665473 teacher_l1=0.000638 topk_boundary_loss=0.007902 teacher_recall=0.894408 causal_density=0.652205 target_group_coverage=0.794974 same_head_all_targets_hit=0.950000 rank_loss=0.147441 aggregation_loss=0.019528 negative_penalty=0.000226 soft_effective_blocks=173.331113 current_block_budget=256.000000 energy_mean=0.045530 energy_std=0.234703 lr=4.502791e-05 grad_norm=0.100676
step=07740 layers=13,16 seq_len=60956 skipped_length=0 loss=0.276948 teacher_kl=0.813252 teacher_l1=0.000680 topk_boundary_loss=0.008110 teacher_recall=0.892577 causal_density=0.652226 target_group_coverage=0.878906 same_head_all_targets_hit=1.000000 rank_loss=0.150060 aggregation_loss=0.000000 negative_penalty=0.000236 soft_effective_blocks=186.076459 current_block_budget=256.000000 energy_mean=0.044238 energy_std=0.214496 lr=4.501475e-05 grad_norm=0.083536
step=07750 layers=3,7 seq_len=65326 skipped_length=0 loss=0.266642 teacher_kl=0.693184 teacher_l1=0.000661 topk_boundary_loss=0.010390 teacher_recall=0.887426 causal_density=0.652314 target_group_coverage=0.814193 same_head_all_targets_hit=1.000000 rank_loss=0.124990 aggregation_loss=0.018044 negative_penalty=0.000235 soft_effective_blocks=179.332828 current_block_budget=256.000000 energy_mean=0.046977 energy_std=0.221077 lr=4.500156e-05 grad_norm=0.182115
[save] raw=/inspire/hdd/global_user/gexinmu-253108100065/Repos/fuyicheng_workshop/Innovator-lm-evaluation-hardness/x-attention-main/xattn/qwen_weights/conv_qwen3_boundary_v2/conv_kernel_7x7_qwen3_8b_boundary_v2_t065_s16_48k64k_bf16_step7750.pt
[save] ema=/inspire/hdd/global_user/gexinmu-253108100065/Repos/fuyicheng_workshop/Innovator-lm-evaluation-hardness/x-attention-main/xattn/qwen_weights/conv_qwen3_boundary_v2/conv_kernel_7x7_qwen3_8b_boundary_v2_t065_s16_48k64k_bf16_ema_step7750.pt
[save] state=/inspire/hdd/global_user/gexinmu-253108100065/Repos/fuyicheng_workshop/Innovator-lm-evaluation-hardness/x-attention-main/xattn/qwen_weights/conv_qwen3_boundary_v2/conv_kernel_7x7_qwen3_8b_boundary_v2_t065_s16_48k64k_bf16_train_state.pt
step=07760 layers=2,7 seq_len=62748 skipped_length=0 loss=0.263992 teacher_kl=0.773886 teacher_l1=0.000707 topk_boundary_loss=0.008290 teacher_recall=0.896032 causal_density=0.652254 target_group_coverage=0.745052 same_head_all_targets_hit=1.000000 rank_loss=0.135909 aggregation_loss=0.000000 negative_penalty=0.000278 soft_effective_blocks=166.017302 current_block_budget=256.000000 energy_mean=0.045181 energy_std=0.242983 lr=4.498836e-05 grad_norm=0.094082
step=07770 layers=8,22 seq_len=60601 skipped_length=0 loss=0.262044 teacher_kl=0.705675 teacher_l1=0.000621 topk_boundary_loss=0.007624 teacher_recall=0.893126 causal_density=0.652168 target_group_coverage=0.903125 same_head_all_targets_hit=1.000000 rank_loss=0.158608 aggregation_loss=0.000000 negative_penalty=0.000247 soft_effective_blocks=177.869724 current_block_budget=256.000000 energy_mean=0.044861 energy_std=0.228485 lr=4.497515e-05 grad_norm=0.087318
step=07780 layers=1,30 seq_len=65100 skipped_length=0 loss=0.275932 teacher_kl=0.742066 teacher_l1=0.000655 topk_boundary_loss=0.008898 teacher_recall=0.895941 causal_density=0.652190 target_group_coverage=0.802344 same_head_all_targets_hit=1.000000 rank_loss=0.155667 aggregation_loss=0.000000 negative_penalty=0.000168 soft_effective_blocks=188.007686 current_block_budget=256.000000 energy_mean=0.044794 energy_std=0.220246 lr=4.496192e-05 grad_norm=0.095593
step=07790 layers=27,31 seq_len=61533 skipped_length=0 loss=0.280733 teacher_kl=0.837049 teacher_l1=0.000697 topk_boundary_loss=0.009902 teacher_recall=0.881035 causal_density=0.652211 target_group_coverage=0.820625 same_head_all_targets_hit=1.000000 rank_loss=0.096631 aggregation_loss=0.071754 negative_penalty=0.000243 soft_effective_blocks=181.870107 current_block_budget=256.000000 energy_mean=0.043429 energy_std=0.219856 lr=4.494868e-05 grad_norm=0.116848
step=07800 layers=7,30 seq_len=58093 skipped_length=0 loss=0.246568 teacher_kl=0.664451 teacher_l1=0.000648 topk_boundary_loss=0.008048 teacher_recall=0.900783 causal_density=0.652237 target_group_coverage=0.812188 same_head_all_targets_hit=1.000000 rank_loss=0.129727 aggregation_loss=0.018567 negative_penalty=0.000304 soft_effective_blocks=170.032390 current_block_budget=256.000000 energy_mean=0.046129 energy_std=0.237228 lr=4.493542e-05 grad_norm=0.137408
step=07810 layers=18,35 seq_len=53353 skipped_length=0 loss=0.275001 teacher_kl=0.820372 teacher_l1=0.000714 topk_boundary_loss=0.009175 teacher_recall=0.879660 causal_density=0.652272 target_group_coverage=0.792656 same_head_all_targets_hit=1.000000 rank_loss=0.123175 aggregation_loss=0.018384 negative_penalty=0.000204 soft_effective_blocks=179.784091 current_block_budget=256.000000 energy_mean=0.045056 energy_std=0.215483 lr=4.492214e-05 grad_norm=0.080442
step=07820 layers=21,24 seq_len=61396 skipped_length=0 loss=0.245692 teacher_kl=0.681865 teacher_l1=0.000673 topk_boundary_loss=0.007886 teacher_recall=0.906367 causal_density=0.652301 target_group_coverage=0.797266 same_head_all_targets_hit=0.850000 rank_loss=0.118863 aggregation_loss=0.035856 negative_penalty=0.000291 soft_effective_blocks=166.884521 current_block_budget=256.000000 energy_mean=0.047006 energy_std=0.242557 lr=4.490885e-05 grad_norm=0.095945
step=07830 layers=20,23 seq_len=51422 skipped_length=0 loss=0.256534 teacher_kl=0.720706 teacher_l1=0.000659 topk_boundary_loss=0.007865 teacher_recall=0.891353 causal_density=0.652279 target_group_coverage=0.852344 same_head_all_targets_hit=1.000000 rank_loss=0.142443 aggregation_loss=0.000000 negative_penalty=0.000215 soft_effective_blocks=176.250717 current_block_budget=256.000000 energy_mean=0.046950 energy_std=0.230098 lr=4.489555e-05 grad_norm=0.073090
step=07840 layers=3,24 seq_len=53505 skipped_length=0 loss=0.257593 teacher_kl=0.749569 teacher_l1=0.000708 topk_boundary_loss=0.008261 teacher_recall=0.900426 causal_density=0.652311 target_group_coverage=0.884505 same_head_all_targets_hit=1.000000 rank_loss=0.124120 aggregation_loss=0.018228 negative_penalty=0.000236 soft_effective_blocks=176.730782 current_block_budget=256.000000 energy_mean=0.044786 energy_std=0.221913 lr=4.488223e-05 grad_norm=0.094589
step=07850 layers=3,23 seq_len=51603 skipped_length=0 loss=0.276105 teacher_kl=0.735090 teacher_l1=0.000723 topk_boundary_loss=0.009005 teacher_recall=0.877720 causal_density=0.652392 target_group_coverage=0.833941 same_head_all_targets_hit=1.000000 rank_loss=0.148704 aggregation_loss=0.018133 negative_penalty=0.000280 soft_effective_blocks=159.511442 current_block_budget=256.000000 energy_mean=0.051137 energy_std=0.251143 lr=4.486890e-05 grad_norm=0.139247
step=07860 layers=4,19 seq_len=64705 skipped_length=0 loss=0.272855 teacher_kl=0.790962 teacher_l1=0.000641 topk_boundary_loss=0.008731 teacher_recall=0.888319 causal_density=0.652143 target_group_coverage=0.808333 same_head_all_targets_hit=1.000000 rank_loss=0.140538 aggregation_loss=0.000000 negative_penalty=0.000254 soft_effective_blocks=175.945737 current_block_budget=256.000000 energy_mean=0.044172 energy_std=0.234655 lr=4.485555e-05 grad_norm=0.099304
step=07870 layers=13,16 seq_len=54278 skipped_length=0 loss=0.260934 teacher_kl=0.721737 teacher_l1=0.000684 topk_boundary_loss=0.007535 teacher_recall=0.904406 causal_density=0.652283 target_group_coverage=0.864453 same_head_all_targets_hit=1.000000 rank_loss=0.153923 aggregation_loss=0.000000 negative_penalty=0.000202 soft_effective_blocks=175.206258 current_block_budget=256.000000 energy_mean=0.046397 energy_std=0.228021 lr=4.484219e-05 grad_norm=0.088716
step=07880 layers=23,31 seq_len=59881 skipped_length=0 loss=0.270880 teacher_kl=0.759374 teacher_l1=0.000694 topk_boundary_loss=0.008502 teacher_recall=0.887500 causal_density=0.652276 target_group_coverage=0.817500 same_head_all_targets_hit=1.000000 rank_loss=0.140764 aggregation_loss=0.017813 negative_penalty=0.000286 soft_effective_blocks=173.349019 current_block_budget=256.000000 energy_mean=0.045512 energy_std=0.228932 lr=4.482881e-05 grad_norm=0.102030
step=07890 layers=10,13 seq_len=59259 skipped_length=0 loss=0.233068 teacher_kl=0.682693 teacher_l1=0.000584 topk_boundary_loss=0.008568 teacher_recall=0.886397 causal_density=0.652185 target_group_coverage=0.856250 same_head_all_targets_hit=0.900000 rank_loss=0.088353 aggregation_loss=0.036313 negative_penalty=0.000168 soft_effective_blocks=196.985471 current_block_budget=256.000000 energy_mean=0.043684 energy_std=0.203886 lr=4.481542e-05 grad_norm=0.090153
step=07900 layers=6,30 seq_len=58934 skipped_length=0 loss=0.273764 teacher_kl=0.765871 teacher_l1=0.000691 topk_boundary_loss=0.008950 teacher_recall=0.887530 causal_density=0.652173 target_group_coverage=0.851042 same_head_all_targets_hit=1.000000 rank_loss=0.129989 aggregation_loss=0.037000 negative_penalty=0.000265 soft_effective_blocks=182.673706 current_block_budget=256.000000 energy_mean=0.044066 energy_std=0.222286 lr=4.480201e-05 grad_norm=0.080775
step=07910 layers=18,35 seq_len=55052 skipped_length=0 loss=0.260054 teacher_kl=0.716826 teacher_l1=0.000639 topk_boundary_loss=0.007840 teacher_recall=0.898962 causal_density=0.652196 target_group_coverage=0.787969 same_head_all_targets_hit=0.950000 rank_loss=0.142141 aggregation_loss=0.017954 negative_penalty=0.000216 soft_effective_blocks=173.941118 current_block_budget=256.000000 energy_mean=0.046529 energy_std=0.240413 lr=4.478859e-05 grad_norm=0.096360
step=07920 layers=4,7 seq_len=51214 skipped_length=0 loss=0.265063 teacher_kl=0.732649 teacher_l1=0.000683 topk_boundary_loss=0.008317 teacher_recall=0.890148 causal_density=0.652277 target_group_coverage=0.882378 same_head_all_targets_hit=1.000000 rank_loss=0.140012 aggregation_loss=0.018311 negative_penalty=0.000269 soft_effective_blocks=167.947710 current_block_budget=256.000000 energy_mean=0.045873 energy_std=0.234113 lr=4.477516e-05 grad_norm=0.084952
step=07930 layers=30,33 seq_len=60132 skipped_length=0 loss=0.269850 teacher_kl=0.756707 teacher_l1=0.000635 topk_boundary_loss=0.009451 teacher_recall=0.887278 causal_density=0.652142 target_group_coverage=0.845382 same_head_all_targets_hit=1.000000 rank_loss=0.112039 aggregation_loss=0.053898 negative_penalty=0.000216 soft_effective_blocks=190.379308 current_block_budget=256.000000 energy_mean=0.043298 energy_std=0.210733 lr=4.476171e-05 grad_norm=0.098673
step=07940 layers=11,28 seq_len=64621 skipped_length=0 loss=0.261967 teacher_kl=0.747894 teacher_l1=0.000651 topk_boundary_loss=0.007706 teacher_recall=0.906689 causal_density=0.652133 target_group_coverage=0.768229 same_head_all_targets_hit=1.000000 rank_loss=0.138905 aggregation_loss=0.019008 negative_penalty=0.000255 soft_effective_blocks=176.609523 current_block_budget=256.000000 energy_mean=0.044276 energy_std=0.240697 lr=4.474824e-05 grad_norm=0.087744
step=07950 layers=6,12 seq_len=62991 skipped_length=0 loss=0.275861 teacher_kl=0.742285 teacher_l1=0.000664 topk_boundary_loss=0.009019 teacher_recall=0.895520 causal_density=0.652227 target_group_coverage=0.819141 same_head_all_targets_hit=1.000000 rank_loss=0.153881 aggregation_loss=0.000000 negative_penalty=0.000224 soft_effective_blocks=170.223126 current_block_budget=256.000000 energy_mean=0.045245 energy_std=0.232410 lr=4.473476e-05 grad_norm=0.137900
step=07960 layers=7,35 seq_len=50887 skipped_length=0 loss=0.240777 teacher_kl=0.665782 teacher_l1=0.000653 topk_boundary_loss=0.008162 teacher_recall=0.889885 causal_density=0.652347 target_group_coverage=0.841927 same_head_all_targets_hit=0.950000 rank_loss=0.111163 aggregation_loss=0.035488 negative_penalty=0.000251 soft_effective_blocks=177.827205 current_block_budget=256.000000 energy_mean=0.049389 energy_std=0.232809 lr=4.472127e-05 grad_norm=0.098118
step=07970 layers=14,28 seq_len=52141 skipped_length=0 loss=0.270124 teacher_kl=0.754617 teacher_l1=0.000684 topk_boundary_loss=0.008993 teacher_recall=0.886191 causal_density=0.652256 target_group_coverage=0.720573 same_head_all_targets_hit=1.000000 rank_loss=0.126389 aggregation_loss=0.036448 negative_penalty=0.000225 soft_effective_blocks=177.305092 current_block_budget=256.000000 energy_mean=0.045406 energy_std=0.229411 lr=4.470776e-05 grad_norm=0.111806
step=07980 layers=22,23 seq_len=62011 skipped_length=0 loss=0.247144 teacher_kl=0.784314 teacher_l1=0.000689 topk_boundary_loss=0.007792 teacher_recall=0.903051 causal_density=0.652230 target_group_coverage=0.804815 same_head_all_targets_hit=0.950000 rank_loss=0.073997 aggregation_loss=0.090883 negative_penalty=0.000304 soft_effective_blocks=170.218755 current_block_budget=256.000000 energy_mean=0.045961 energy_std=0.233280 lr=4.469423e-05 grad_norm=0.083227
step=07990 layers=11,19 seq_len=55470 skipped_length=0 loss=0.250819 teacher_kl=0.714317 teacher_l1=0.000642 topk_boundary_loss=0.008012 teacher_recall=0.894551 causal_density=0.652202 target_group_coverage=0.837344 same_head_all_targets_hit=1.000000 rank_loss=0.110277 aggregation_loss=0.053476 negative_penalty=0.000226 soft_effective_blocks=183.691253 current_block_budget=256.000000 energy_mean=0.045157 energy_std=0.228969 lr=4.468069e-05 grad_norm=0.062559
step=08000 layers=15,27 seq_len=57898 skipped_length=0 loss=0.270361 teacher_kl=0.762634 teacher_l1=0.000736 topk_boundary_loss=0.007592 teacher_recall=0.907170 causal_density=0.652347 target_group_coverage=0.826172 same_head_all_targets_hit=1.000000 rank_loss=0.158648 aggregation_loss=0.000000 negative_penalty=0.000226 soft_effective_blocks=164.160493 current_block_budget=256.000000 energy_mean=0.048505 energy_std=0.243100 lr=4.466714e-05 grad_norm=0.113602
[save] raw=/inspire/hdd/global_user/gexinmu-253108100065/Repos/fuyicheng_workshop/Innovator-lm-evaluation-hardness/x-attention-main/xattn/qwen_weights/conv_qwen3_boundary_v2/conv_kernel_7x7_qwen3_8b_boundary_v2_t065_s16_48k64k_bf16_step8000.pt
[save] ema=/inspire/hdd/global_user/gexinmu-253108100065/Repos/fuyicheng_workshop/Innovator-lm-evaluation-hardness/x-attention-main/xattn/qwen_weights/conv_qwen3_boundary_v2/conv_kernel_7x7_qwen3_8b_boundary_v2_t065_s16_48k64k_bf16_ema_step8000.pt
[save] state=/inspire/hdd/global_user/gexinmu-253108100065/Repos/fuyicheng_workshop/Innovator-lm-evaluation-hardness/x-attention-main/xattn/qwen_weights/conv_qwen3_boundary_v2/conv_kernel_7x7_qwen3_8b_boundary_v2_t065_s16_48k64k_bf16_train_state.pt
step=08010 layers=20,22 seq_len=59497 skipped_length=0 loss=0.275347 teacher_kl=0.776426 teacher_l1=0.000632 topk_boundary_loss=0.008809 teacher_recall=0.882832 causal_density=0.652129 target_group_coverage=0.745990 same_head_all_targets_hit=1.000000 rank_loss=0.132281 aggregation_loss=0.036033 negative_penalty=0.000229 soft_effective_blocks=191.290343 current_block_budget=256.000000 energy_mean=0.042643 energy_std=0.213875 lr=4.465357e-05 grad_norm=0.100766
step=08020 layers=3,31 seq_len=54872 skipped_length=0 loss=0.254459 teacher_kl=0.700082 teacher_l1=0.000646 topk_boundary_loss=0.007938 teacher_recall=0.907399 causal_density=0.652157 target_group_coverage=0.835026 same_head_all_targets_hit=1.000000 rank_loss=0.143170 aggregation_loss=0.000000 negative_penalty=0.000264 soft_effective_blocks=176.347876 current_block_budget=256.000000 energy_mean=0.044626 energy_std=0.241190 lr=4.463999e-05 grad_norm=0.113317
step=08030 layers=12,17 seq_len=52738 skipped_length=0 loss=0.256413 teacher_kl=0.781465 teacher_l1=0.000671 topk_boundary_loss=0.009055 teacher_recall=0.881437 causal_density=0.652305 target_group_coverage=0.855451 same_head_all_targets_hit=0.950000 rank_loss=0.088590 aggregation_loss=0.054225 negative_penalty=0.000220 soft_effective_blocks=181.608070 current_block_budget=256.000000 energy_mean=0.045973 energy_std=0.210020 lr=4.462639e-05 grad_norm=0.087397
step=08040 layers=2,15 seq_len=57627 skipped_length=0 loss=0.259737 teacher_kl=0.733241 teacher_l1=0.000676 topk_boundary_loss=0.007474 teacher_recall=0.897400 causal_density=0.652252 target_group_coverage=0.835200 same_head_all_targets_hit=1.000000 rank_loss=0.142440 aggregation_loss=0.017812 negative_penalty=0.000235 soft_effective_blocks=168.663290 current_block_budget=256.000000 energy_mean=0.046826 energy_std=0.237309 lr=4.461278e-05 grad_norm=0.090435
step=08050 layers=7,32 seq_len=52834 skipped_length=0 loss=0.267760 teacher_kl=0.730739 teacher_l1=0.000689 topk_boundary_loss=0.008421 teacher_recall=0.886446 causal_density=0.652305 target_group_coverage=0.760955 same_head_all_targets_hit=1.000000 rank_loss=0.135887 aggregation_loss=0.036840 negative_penalty=0.000253 soft_effective_blocks=167.553111 current_block_budget=256.000000 energy_mean=0.047580 energy_std=0.245011 lr=4.459916e-05 grad_norm=0.129501
step=08060 layers=14,16 seq_len=54493 skipped_length=0 loss=0.261948 teacher_kl=0.786197 teacher_l1=0.000694 topk_boundary_loss=0.008402 teacher_recall=0.892726 causal_density=0.652239 target_group_coverage=0.847170 same_head_all_targets_hit=1.000000 rank_loss=0.105346 aggregation_loss=0.054201 negative_penalty=0.000254 soft_effective_blocks=176.654814 current_block_budget=256.000000 energy_mean=0.045572 energy_std=0.225468 lr=4.458552e-05 grad_norm=0.096975
step=08070 layers=2,17 seq_len=52627 skipped_length=0 loss=0.246056 teacher_kl=0.659350 teacher_l1=0.000594 topk_boundary_loss=0.007651 teacher_recall=0.892560 causal_density=0.652252 target_group_coverage=0.732682 same_head_all_targets_hit=0.950000 rank_loss=0.143179 aggregation_loss=0.000000 negative_penalty=0.000180 soft_effective_blocks=188.513675 current_block_budget=256.000000 energy_mean=0.047132 energy_std=0.219879 lr=4.457186e-05 grad_norm=0.062185
step=08080 layers=5,16 seq_len=55608 skipped_length=0 loss=0.278288 teacher_kl=0.742343 teacher_l1=0.000692 topk_boundary_loss=0.008400 teacher_recall=0.889300 causal_density=0.652254 target_group_coverage=0.778646 same_head_all_targets_hit=0.950000 rank_loss=0.166156 aggregation_loss=0.000000 negative_penalty=0.000242 soft_effective_blocks=166.586487 current_block_budget=256.000000 energy_mean=0.047006 energy_std=0.245449 lr=4.455819e-05 grad_norm=0.102567
step=08090 layers=14,28 seq_len=52690 skipped_length=0 loss=0.263595 teacher_kl=0.732829 teacher_l1=0.000695 topk_boundary_loss=0.008356 teacher_recall=0.898754 causal_density=0.652244 target_group_coverage=0.800885 same_head_all_targets_hit=1.000000 rank_loss=0.136949 aggregation_loss=0.018451 negative_penalty=0.000283 soft_effective_blocks=168.559320 current_block_budget=256.000000 energy_mean=0.045758 energy_std=0.240050 lr=4.454451e-05 grad_norm=0.103132
step=08100 layers=30,33 seq_len=65376 skipped_length=0 loss=0.268890 teacher_kl=0.761812 teacher_l1=0.000660 topk_boundary_loss=0.008280 teacher_recall=0.896428 causal_density=0.652230 target_group_coverage=0.922240 same_head_all_targets_hit=1.000000 rank_loss=0.139875 aggregation_loss=0.017652 negative_penalty=0.000234 soft_effective_blocks=187.980153 current_block_budget=256.000000 energy_mean=0.045175 energy_std=0.220652 lr=4.453081e-05 grad_norm=0.110883
step=08110 layers=10,24 seq_len=58815 skipped_length=0 loss=0.278690 teacher_kl=0.771183 teacher_l1=0.000669 topk_boundary_loss=0.008771 teacher_recall=0.888377 causal_density=0.652193 target_group_coverage=0.863802 same_head_all_targets_hit=1.000000 rank_loss=0.147008 aggregation_loss=0.018393 negative_penalty=0.000254 soft_effective_blocks=179.612993 current_block_budget=256.000000 energy_mean=0.044072 energy_std=0.225772 lr=4.451709e-05 grad_norm=0.111949
step=08120 layers=31,33 seq_len=64829 skipped_length=0 loss=0.254999 teacher_kl=0.688871 teacher_l1=0.000602 topk_boundary_loss=0.008031 teacher_recall=0.891521 causal_density=0.652179 target_group_coverage=0.897656 same_head_all_targets_hit=0.950000 rank_loss=0.138428 aggregation_loss=0.017316 negative_penalty=0.000201 soft_effective_blocks=187.715671 current_block_budget=256.000000 energy_mean=0.046788 energy_std=0.223334 lr=4.450337e-05 grad_norm=0.086444
step=08130 layers=6,24 seq_len=63325 skipped_length=0 loss=0.271514 teacher_kl=0.791008 teacher_l1=0.000669 topk_boundary_loss=0.008207 teacher_recall=0.901672 causal_density=0.652112 target_group_coverage=0.973958 same_head_all_targets_hit=1.000000 rank_loss=0.137606 aggregation_loss=0.018408 negative_penalty=0.000268 soft_effective_blocks=174.559037 current_block_budget=256.000000 energy_mean=0.043298 energy_std=0.238184 lr=4.448962e-05 grad_norm=0.067593
step=08140 layers=5,28 seq_len=62433 skipped_length=0 loss=0.253483 teacher_kl=0.740109 teacher_l1=0.000658 topk_boundary_loss=0.008179 teacher_recall=0.895039 causal_density=0.652281 target_group_coverage=0.783351 same_head_all_targets_hit=0.950000 rank_loss=0.105652 aggregation_loss=0.054411 negative_penalty=0.000181 soft_effective_blocks=180.694901 current_block_budget=256.000000 energy_mean=0.045568 energy_std=0.224761 lr=4.447587e-05 grad_norm=0.093351
step=08150 layers=6,30 seq_len=64856 skipped_length=0 loss=0.254356 teacher_kl=0.695807 teacher_l1=0.000647 topk_boundary_loss=0.007673 teacher_recall=0.898390 causal_density=0.652239 target_group_coverage=0.834766 same_head_all_targets_hit=0.950000 rank_loss=0.139852 aggregation_loss=0.018597 negative_penalty=0.000277 soft_effective_blocks=168.947009 current_block_budget=256.000000 energy_mean=0.048159 energy_std=0.248711 lr=4.446210e-05 grad_norm=0.099309
step=08160 layers=13,19 seq_len=55967 skipped_length=0 loss=0.291148 teacher_kl=0.830232 teacher_l1=0.000662 topk_boundary_loss=0.009438 teacher_recall=0.881752 causal_density=0.652154 target_group_coverage=0.864453 same_head_all_targets_hit=1.000000 rank_loss=0.151784 aggregation_loss=0.000000 negative_penalty=0.000207 soft_effective_blocks=194.997237 current_block_budget=256.000000 energy_mean=0.043243 energy_std=0.207161 lr=4.444831e-05 grad_norm=0.091414
step=08170 layers=4,9 seq_len=51848 skipped_length=0 loss=0.248443 teacher_kl=0.726123 teacher_l1=0.000661 topk_boundary_loss=0.008333 teacher_recall=0.895925 causal_density=0.652220 target_group_coverage=0.792656 same_head_all_targets_hit=0.950000 rank_loss=0.113817 aggregation_loss=0.018117 negative_penalty=0.000254 soft_effective_blocks=183.446471 current_block_budget=256.000000 energy_mean=0.043874 energy_std=0.220469 lr=4.443451e-05 grad_norm=0.114747
step=08180 layers=6,14 seq_len=65479 skipped_length=0 loss=0.252518 teacher_kl=0.675502 teacher_l1=0.000650 topk_boundary_loss=0.007202 teacher_recall=0.910355 causal_density=0.652177 target_group_coverage=0.745234 same_head_all_targets_hit=0.950000 rank_loss=0.148133 aggregation_loss=0.018630 negative_penalty=0.000316 soft_effective_blocks=158.568933 current_block_budget=256.000000 energy_mean=0.047301 energy_std=0.262469 lr=4.442070e-05 grad_norm=0.123242
step=08190 layers=19,35 seq_len=60424 skipped_length=0 loss=0.259307 teacher_kl=0.721801 teacher_l1=0.000643 topk_boundary_loss=0.008151 teacher_recall=0.883728 causal_density=0.652284 target_group_coverage=0.861094 same_head_all_targets_hit=1.000000 rank_loss=0.135528 aggregation_loss=0.017895 negative_penalty=0.000168 soft_effective_blocks=184.904932 current_block_budget=256.000000 energy_mean=0.046480 energy_std=0.219610 lr=4.440687e-05 grad_norm=0.057713
step=08200 layers=6,9 seq_len=56806 skipped_length=0 loss=0.242665 teacher_kl=0.685809 teacher_l1=0.000612 topk_boundary_loss=0.008776 teacher_recall=0.886739 causal_density=0.652232 target_group_coverage=0.872613 same_head_all_targets_hit=1.000000 rank_loss=0.100986 aggregation_loss=0.035823 negative_penalty=0.000208 soft_effective_blocks=181.829849 current_block_budget=256.000000 energy_mean=0.047043 energy_std=0.224387 lr=4.439303e-05 grad_norm=0.116213
step=08210 layers=17,23 seq_len=57488 skipped_length=0 loss=0.295114 teacher_kl=0.874958 teacher_l1=0.000728 topk_boundary_loss=0.008798 teacher_recall=0.894011 causal_density=0.652168 target_group_coverage=0.892526 same_head_all_targets_hit=0.950000 rank_loss=0.147957 aggregation_loss=0.018672 negative_penalty=0.000249 soft_effective_blocks=176.280066 current_block_budget=256.000000 energy_mean=0.043444 energy_std=0.234570 lr=4.437917e-05 grad_norm=0.131438
step=08220 layers=28,33 seq_len=59687 skipped_length=0 loss=0.239654 teacher_kl=0.643589 teacher_l1=0.000623 topk_boundary_loss=0.007473 teacher_recall=0.895194 causal_density=0.652292 target_group_coverage=0.876172 same_head_all_targets_hit=0.950000 rank_loss=0.138826 aggregation_loss=0.000000 negative_penalty=0.000250 soft_effective_blocks=176.087566 current_block_budget=256.000000 energy_mean=0.048587 energy_std=0.235030 lr=4.436530e-05 grad_norm=0.095391
step=08230 layers=32,33 seq_len=58961 skipped_length=0 loss=0.238466 teacher_kl=0.662294 teacher_l1=0.000613 topk_boundary_loss=0.007644 teacher_recall=0.901625 causal_density=0.652249 target_group_coverage=0.734375 same_head_all_targets_hit=0.900000 rank_loss=0.107298 aggregation_loss=0.054216 negative_penalty=0.000232 soft_effective_blocks=169.511838 current_block_budget=256.000000 energy_mean=0.047707 energy_std=0.244256 lr=4.435142e-05 grad_norm=0.089573
step=08240 layers=5,22 seq_len=60981 skipped_length=0 loss=0.280327 teacher_kl=0.827561 teacher_l1=0.000754 topk_boundary_loss=0.008487 teacher_recall=0.896039 causal_density=0.652327 target_group_coverage=0.902005 same_head_all_targets_hit=0.950000 rank_loss=0.139543 aggregation_loss=0.018104 negative_penalty=0.000274 soft_effective_blocks=167.752567 current_block_budget=256.000000 energy_mean=0.046271 energy_std=0.239983 lr=4.433752e-05 grad_norm=0.085675
step=08250 layers=2,13 seq_len=56067 skipped_length=0 loss=0.231124 teacher_kl=0.692503 teacher_l1=0.000639 topk_boundary_loss=0.007742 teacher_recall=0.895899 causal_density=0.652226 target_group_coverage=0.862170 same_head_all_targets_hit=0.900000 rank_loss=0.085466 aggregation_loss=0.055960 negative_penalty=0.000269 soft_effective_blocks=177.467073 current_block_budget=256.000000 energy_mean=0.047096 energy_std=0.237370 lr=4.432360e-05 grad_norm=0.073162
[save] raw=/inspire/hdd/global_user/gexinmu-253108100065/Repos/fuyicheng_workshop/Innovator-lm-evaluation-hardness/x-attention-main/xattn/qwen_weights/conv_qwen3_boundary_v2/conv_kernel_7x7_qwen3_8b_boundary_v2_t065_s16_48k64k_bf16_step8250.pt
[save] ema=/inspire/hdd/global_user/gexinmu-253108100065/Repos/fuyicheng_workshop/Innovator-lm-evaluation-hardness/x-attention-main/xattn/qwen_weights/conv_qwen3_boundary_v2/conv_kernel_7x7_qwen3_8b_boundary_v2_t065_s16_48k64k_bf16_ema_step8250.pt
[save] state=/inspire/hdd/global_user/gexinmu-253108100065/Repos/fuyicheng_workshop/Innovator-lm-evaluation-hardness/x-attention-main/xattn/qwen_weights/conv_qwen3_boundary_v2/conv_kernel_7x7_qwen3_8b_boundary_v2_t065_s16_48k64k_bf16_train_state.pt
step=08260 layers=1,34 seq_len=57983 skipped_length=0 loss=0.249773 teacher_kl=0.738043 teacher_l1=0.000715 topk_boundary_loss=0.007728 teacher_recall=0.896858 causal_density=0.652350 target_group_coverage=0.789861 same_head_all_targets_hit=0.950000 rank_loss=0.106245 aggregation_loss=0.053819 negative_penalty=0.000253 soft_effective_blocks=165.396526 current_block_budget=256.000000 energy_mean=0.048503 energy_std=0.237525 lr=4.430967e-05 grad_norm=0.102251
step=08270 layers=3,16 seq_len=57123 skipped_length=0 loss=0.254656 teacher_kl=0.736333 teacher_l1=0.000671 topk_boundary_loss=0.008248 teacher_recall=0.888006 causal_density=0.652299 target_group_coverage=0.870660 same_head_all_targets_hit=1.000000 rank_loss=0.122744 aggregation_loss=0.018129 negative_penalty=0.000201 soft_effective_blocks=174.819773 current_block_budget=256.000000 energy_mean=0.047819 energy_std=0.227260 lr=4.429573e-05 grad_norm=0.074568
step=08280 layers=28,30 seq_len=64511 skipped_length=0 loss=0.262610 teacher_kl=0.740642 teacher_l1=0.000659 topk_boundary_loss=0.008285 teacher_recall=0.889567 causal_density=0.652181 target_group_coverage=0.756042 same_head_all_targets_hit=1.000000 rank_loss=0.127003 aggregation_loss=0.035982 negative_penalty=0.000236 soft_effective_blocks=180.459744 current_block_budget=256.000000 energy_mean=0.044414 energy_std=0.228998 lr=4.428178e-05 grad_norm=0.089008
step=08290 layers=29,33 seq_len=65137 skipped_length=0 loss=0.245711 teacher_kl=0.677744 teacher_l1=0.000646 topk_boundary_loss=0.008563 teacher_recall=0.892373 causal_density=0.652249 target_group_coverage=0.877040 same_head_all_targets_hit=0.950000 rank_loss=0.118192 aggregation_loss=0.018374 negative_penalty=0.000220 soft_effective_blocks=176.891499 current_block_budget=256.000000 energy_mean=0.047292 energy_std=0.232500 lr=4.426780e-05 grad_norm=0.112027
step=08300 layers=12,25 seq_len=52864 skipped_length=0 loss=0.273171 teacher_kl=0.799505 teacher_l1=0.000760 topk_boundary_loss=0.008819 teacher_recall=0.893299 causal_density=0.652378 target_group_coverage=0.846962 same_head_all_targets_hit=0.950000 rank_loss=0.130176 aggregation_loss=0.018163 negative_penalty=0.000317 soft_effective_blocks=164.306374 current_block_budget=256.000000 energy_mean=0.048308 energy_std=0.243156 lr=4.425382e-05 grad_norm=0.129826
step=08310 layers=19,35 seq_len=62233 skipped_length=0 loss=0.249493 teacher_kl=0.664578 teacher_l1=0.000622 topk_boundary_loss=0.008305 teacher_recall=0.891807 causal_density=0.652178 target_group_coverage=0.841406 same_head_all_targets_hit=1.000000 rank_loss=0.138879 aggregation_loss=0.000000 negative_penalty=0.000178 soft_effective_blocks=186.391939 current_block_budget=256.000000 energy_mean=0.045621 energy_std=0.222582 lr=4.423982e-05 grad_norm=0.076734
step=08320 layers=16,20 seq_len=62644 skipped_length=0 loss=0.275597 teacher_kl=0.807784 teacher_l1=0.000676 topk_boundary_loss=0.008764 teacher_recall=0.895128 causal_density=0.652196 target_group_coverage=0.779687 same_head_all_targets_hit=1.000000 rank_loss=0.140461 aggregation_loss=0.000000 negative_penalty=0.000252 soft_effective_blocks=171.991969 current_block_budget=256.000000 energy_mean=0.046622 energy_std=0.244660 lr=4.422581e-05 grad_norm=0.136842
step=08330 layers=0,18 seq_len=52092 skipped_length=0 loss=0.248983 teacher_kl=0.744240 teacher_l1=0.000717 topk_boundary_loss=0.007993 teacher_recall=0.890379 causal_density=0.652290 target_group_coverage=0.925434 same_head_all_targets_hit=1.000000 rank_loss=0.107647 aggregation_loss=0.035084 negative_penalty=0.000235 soft_effective_blocks=169.623195 current_block_budget=256.000000 energy_mean=0.047785 energy_std=0.241426 lr=4.421178e-05 grad_norm=0.065330
step=08340 layers=14,30 seq_len=59090 skipped_length=0 loss=0.274979 teacher_kl=0.802236 teacher_l1=0.000638 topk_boundary_loss=0.008651 teacher_recall=0.891363 causal_density=0.652108 target_group_coverage=0.779601 same_head_all_targets_hit=1.000000 rank_loss=0.134658 aggregation_loss=0.018393 negative_penalty=0.000226 soft_effective_blocks=191.604628 current_block_budget=256.000000 energy_mean=0.042041 energy_std=0.216607 lr=4.419774e-05 grad_norm=0.083388
step=08350 layers=31,34 seq_len=54951 skipped_length=0 loss=0.254975 teacher_kl=0.673239 teacher_l1=0.000635 topk_boundary_loss=0.007658 teacher_recall=0.894441 causal_density=0.652266 target_group_coverage=0.887500 same_head_all_targets_hit=1.000000 rank_loss=0.154481 aggregation_loss=0.000000 negative_penalty=0.000234 soft_effective_blocks=173.592614 current_block_budget=256.000000 energy_mean=0.048424 energy_std=0.237470 lr=4.418368e-05 grad_norm=0.085611
step=08360 layers=6,19 seq_len=64098 skipped_length=0 loss=0.282660 teacher_kl=0.783885 teacher_l1=0.000697 topk_boundary_loss=0.009132 teacher_recall=0.884190 causal_density=0.652291 target_group_coverage=0.851389 same_head_all_targets_hit=1.000000 rank_loss=0.145671 aggregation_loss=0.018312 negative_penalty=0.000265 soft_effective_blocks=177.163255 current_block_budget=256.000000 energy_mean=0.046120 energy_std=0.228753 lr=4.416961e-05 grad_norm=0.081107
step=08370 layers=21,31 seq_len=56584 skipped_length=0 loss=0.249789 teacher_kl=0.698324 teacher_l1=0.000633 topk_boundary_loss=0.007252 teacher_recall=0.902574 causal_density=0.652222 target_group_coverage=0.868750 same_head_all_targets_hit=1.000000 rank_loss=0.144973 aggregation_loss=0.000000 negative_penalty=0.000231 soft_effective_blocks=171.275775 current_block_budget=256.000000 energy_mean=0.047364 energy_std=0.241327 lr=4.415553e-05 grad_norm=0.089941
step=08380 layers=19,22 seq_len=58805 skipped_length=0 loss=0.283539 teacher_kl=0.829092 teacher_l1=0.000734 topk_boundary_loss=0.009145 teacher_recall=0.894747 causal_density=0.652214 target_group_coverage=0.817500 same_head_all_targets_hit=1.000000 rank_loss=0.128688 aggregation_loss=0.035029 negative_penalty=0.000271 soft_effective_blocks=176.714594 current_block_budget=256.000000 energy_mean=0.044730 energy_std=0.230426 lr=4.414143e-05 grad_norm=0.150354
step=08390 layers=20,27 seq_len=58154 skipped_length=0 loss=0.250145 teacher_kl=0.659638 teacher_l1=0.000629 topk_boundary_loss=0.008871 teacher_recall=0.893658 causal_density=0.652345 target_group_coverage=0.832266 same_head_all_targets_hit=0.900000 rank_loss=0.118956 aggregation_loss=0.035268 negative_penalty=0.000229 soft_effective_blocks=167.848198 current_block_budget=256.000000 energy_mean=0.049244 energy_std=0.240644 lr=4.412732e-05 grad_norm=0.111125
step=08400 layers=5,24 seq_len=55038 skipped_length=0 loss=0.242528 teacher_kl=0.678049 teacher_l1=0.000622 topk_boundary_loss=0.008087 teacher_recall=0.886502 causal_density=0.652252 target_group_coverage=0.901172 same_head_all_targets_hit=1.000000 rank_loss=0.126812 aggregation_loss=0.000000 negative_penalty=0.000229 soft_effective_blocks=181.501875 current_block_budget=256.000000 energy_mean=0.047733 energy_std=0.229200 lr=4.411319e-05 grad_norm=0.084553
step=08410 layers=13,34 seq_len=54068 skipped_length=0 loss=0.271244 teacher_kl=0.819521 teacher_l1=0.000745 topk_boundary_loss=0.007646 teacher_recall=0.898287 causal_density=0.652319 target_group_coverage=0.826172 same_head_all_targets_hit=1.000000 rank_loss=0.137920 aggregation_loss=0.017419 negative_penalty=0.000238 soft_effective_blocks=163.132726 current_block_budget=256.000000 energy_mean=0.047825 energy_std=0.242745 lr=4.409905e-05 grad_norm=0.104177
step=08420 layers=6,30 seq_len=61318 skipped_length=0 loss=0.250850 teacher_kl=0.701688 teacher_l1=0.000660 topk_boundary_loss=0.009064 teacher_recall=0.891589 causal_density=0.652269 target_group_coverage=0.864922 same_head_all_targets_hit=1.000000 rank_loss=0.106479 aggregation_loss=0.036613 negative_penalty=0.000279 soft_effective_blocks=173.650826 current_block_budget=256.000000 energy_mean=0.047080 energy_std=0.236991 lr=4.408490e-05 grad_norm=0.116167
step=08430 layers=19,23 seq_len=55957 skipped_length=0 loss=0.252759 teacher_kl=0.734660 teacher_l1=0.000689 topk_boundary_loss=0.008210 teacher_recall=0.896287 causal_density=0.652237 target_group_coverage=0.820625 same_head_all_targets_hit=0.900000 rank_loss=0.113183 aggregation_loss=0.035698 negative_penalty=0.000256 soft_effective_blocks=163.703864 current_block_budget=256.000000 energy_mean=0.048455 energy_std=0.264095 lr=4.407073e-05 grad_norm=0.155946
step=08440 layers=17,18 seq_len=52786 skipped_length=0 loss=0.271070 teacher_kl=0.760554 teacher_l1=0.000693 topk_boundary_loss=0.007909 teacher_recall=0.885205 causal_density=0.652271 target_group_coverage=0.883073 same_head_all_targets_hit=0.950000 rank_loss=0.156127 aggregation_loss=0.000000 negative_penalty=0.000229 soft_effective_blocks=177.216563 current_block_budget=256.000000 energy_mean=0.046865 energy_std=0.222620 lr=4.405655e-05 grad_norm=0.093607
step=08450 layers=32,34 seq_len=57225 skipped_length=0 loss=0.268871 teacher_kl=0.756395 teacher_l1=0.000667 topk_boundary_loss=0.008862 teacher_recall=0.879983 causal_density=0.652221 target_group_coverage=0.842109 same_head_all_targets_hit=1.000000 rank_loss=0.125612 aggregation_loss=0.036436 negative_penalty=0.000216 soft_effective_blocks=179.005734 current_block_budget=256.000000 energy_mean=0.046780 energy_std=0.232403 lr=4.404235e-05 grad_norm=0.106576
step=08460 layers=0,26 seq_len=64685 skipped_length=0 loss=0.263020 teacher_kl=0.708232 teacher_l1=0.000665 topk_boundary_loss=0.007931 teacher_recall=0.900923 causal_density=0.652305 target_group_coverage=0.894010 same_head_all_targets_hit=1.000000 rank_loss=0.155496 aggregation_loss=0.000000 negative_penalty=0.000247 soft_effective_blocks=173.837325 current_block_budget=256.000000 energy_mean=0.047249 energy_std=0.232986 lr=4.402814e-05 grad_norm=0.101915
step=08470 layers=23,24 seq_len=57687 skipped_length=0 loss=0.251270 teacher_kl=0.775873 teacher_l1=0.000692 topk_boundary_loss=0.008136 teacher_recall=0.896145 causal_density=0.652192 target_group_coverage=0.855313 same_head_all_targets_hit=1.000000 rank_loss=0.094307 aggregation_loss=0.052694 negative_penalty=0.000272 soft_effective_blocks=175.374019 current_block_budget=256.000000 energy_mean=0.045381 energy_std=0.234387 lr=4.401392e-05 grad_norm=0.092538
step=08480 layers=5,21 seq_len=58303 skipped_length=0 loss=0.248818 teacher_kl=0.682389 teacher_l1=0.000612 topk_boundary_loss=0.008024 teacher_recall=0.893171 causal_density=0.652180 target_group_coverage=0.788325 same_head_all_targets_hit=1.000000 rank_loss=0.129501 aggregation_loss=0.018114 negative_penalty=0.000181 soft_effective_blocks=178.476869 current_block_budget=256.000000 energy_mean=0.046316 energy_std=0.238188 lr=4.399968e-05 grad_norm=0.089433
step=08490 layers=4,9 seq_len=50741 skipped_length=0 loss=0.291216 teacher_kl=0.792311 teacher_l1=0.000668 topk_boundary_loss=0.009984 teacher_recall=0.878545 causal_density=0.652207 target_group_coverage=0.823828 same_head_all_targets_hit=1.000000 rank_loss=0.154099 aggregation_loss=0.000000 negative_penalty=0.000222 soft_effective_blocks=188.538676 current_block_budget=256.000000 energy_mean=0.045055 energy_std=0.219369 lr=4.398543e-05 grad_norm=0.166950
step=08500 layers=0,4 seq_len=52886 skipped_length=0 loss=0.248384 teacher_kl=0.645946 teacher_l1=0.000650 topk_boundary_loss=0.007386 teacher_recall=0.901297 causal_density=0.652332 target_group_coverage=0.835547 same_head_all_targets_hit=1.000000 rank_loss=0.153935 aggregation_loss=0.000000 negative_penalty=0.000343 soft_effective_blocks=161.480842 current_block_budget=256.000000 energy_mean=0.050364 energy_std=0.260805 lr=4.397116e-05 grad_norm=0.099575
[save] raw=/inspire/hdd/global_user/gexinmu-253108100065/Repos/fuyicheng_workshop/Innovator-lm-evaluation-hardness/x-attention-main/xattn/qwen_weights/conv_qwen3_boundary_v2/conv_kernel_7x7_qwen3_8b_boundary_v2_t065_s16_48k64k_bf16_step8500.pt
[save] ema=/inspire/hdd/global_user/gexinmu-253108100065/Repos/fuyicheng_workshop/Innovator-lm-evaluation-hardness/x-attention-main/xattn/qwen_weights/conv_qwen3_boundary_v2/conv_kernel_7x7_qwen3_8b_boundary_v2_t065_s16_48k64k_bf16_ema_step8500.pt
[save] state=/inspire/hdd/global_user/gexinmu-253108100065/Repos/fuyicheng_workshop/Innovator-lm-evaluation-hardness/x-attention-main/xattn/qwen_weights/conv_qwen3_boundary_v2/conv_kernel_7x7_qwen3_8b_boundary_v2_t065_s16_48k64k_bf16_train_state.pt
step=08510 layers=16,26 seq_len=50947 skipped_length=0 loss=0.265458 teacher_kl=0.743638 teacher_l1=0.000684 topk_boundary_loss=0.008250 teacher_recall=0.883020 causal_density=0.652312 target_group_coverage=0.807292 same_head_all_targets_hit=1.000000 rank_loss=0.138972 aggregation_loss=0.017951 negative_penalty=0.000247 soft_effective_blocks=172.580574 current_block_budget=256.000000 energy_mean=0.048798 energy_std=0.235693 lr=4.395688e-05 grad_norm=0.099117
step=08520 layers=20,28 seq_len=61402 skipped_length=0 loss=0.264895 teacher_kl=0.745197 teacher_l1=0.000643 topk_boundary_loss=0.008357 teacher_recall=0.896396 causal_density=0.652191 target_group_coverage=0.765625 same_head_all_targets_hit=1.000000 rank_loss=0.136172 aggregation_loss=0.018067 negative_penalty=0.000164 soft_effective_blocks=183.078769 current_block_budget=256.000000 energy_mean=0.045568 energy_std=0.223205 lr=4.394259e-05 grad_norm=0.075385
step=08530 layers=12,25 seq_len=54907 skipped_length=0 loss=0.266391 teacher_kl=0.745050 teacher_l1=0.000708 topk_boundary_loss=0.007798 teacher_recall=0.899464 causal_density=0.652336 target_group_coverage=0.865625 same_head_all_targets_hit=1.000000 rank_loss=0.153677 aggregation_loss=0.000000 negative_penalty=0.000326 soft_effective_blocks=168.680717 current_block_budget=256.000000 energy_mean=0.047717 energy_std=0.244152 lr=4.392828e-05 grad_norm=0.093422
step=08540 layers=7,23 seq_len=49611 skipped_length=0 loss=0.263552 teacher_kl=0.757156 teacher_l1=0.000663 topk_boundary_loss=0.008273 teacher_recall=0.898262 causal_density=0.652213 target_group_coverage=0.764062 same_head_all_targets_hit=1.000000 rank_loss=0.132263 aggregation_loss=0.017594 negative_penalty=0.000275 soft_effective_blocks=190.830470 current_block_budget=256.000000 energy_mean=0.044219 energy_std=0.217963 lr=4.391396e-05 grad_norm=0.100026
step=08550 layers=18,20 seq_len=62367 skipped_length=0 loss=0.255935 teacher_kl=0.725374 teacher_l1=0.000667 topk_boundary_loss=0.008094 teacher_recall=0.883097 causal_density=0.652219 target_group_coverage=0.897674 same_head_all_targets_hit=0.950000 rank_loss=0.122241 aggregation_loss=0.035979 negative_penalty=0.000185 soft_effective_blocks=164.283017 current_block_budget=256.000000 energy_mean=0.049039 energy_std=0.254211 lr=4.389962e-05 grad_norm=0.075288
step=08560 layers=18,28 seq_len=64314 skipped_length=0 loss=0.251840 teacher_kl=0.744076 teacher_l1=0.000662 topk_boundary_loss=0.008045 teacher_recall=0.893519 causal_density=0.652182 target_group_coverage=0.892188 same_head_all_targets_hit=0.950000 rank_loss=0.095667 aggregation_loss=0.073710 negative_penalty=0.000259 soft_effective_blocks=172.488138 current_block_budget=256.000000 energy_mean=0.046059 energy_std=0.244078 lr=4.388527e-05 grad_norm=0.081373
step=08570 layers=17,18 seq_len=63632 skipped_length=0 loss=0.272160 teacher_kl=0.748954 teacher_l1=0.000642 topk_boundary_loss=0.008797 teacher_recall=0.889955 causal_density=0.652204 target_group_coverage=0.757031 same_head_all_targets_hit=1.000000 rank_loss=0.149003 aggregation_loss=0.000000 negative_penalty=0.000203 soft_effective_blocks=187.898395 current_block_budget=256.000000 energy_mean=0.046151 energy_std=0.219846 lr=4.387091e-05 grad_norm=0.095326
step=08580 layers=15,21 seq_len=51827 skipped_length=0 loss=0.246544 teacher_kl=0.712496 teacher_l1=0.000666 topk_boundary_loss=0.007445 teacher_recall=0.901805 causal_density=0.652238 target_group_coverage=0.866545 same_head_all_targets_hit=1.000000 rank_loss=0.118527 aggregation_loss=0.035812 negative_penalty=0.000238 soft_effective_blocks=171.317873 current_block_budget=256.000000 energy_mean=0.047764 energy_std=0.245269 lr=4.385653e-05 grad_norm=0.069623
step=08590 layers=7,17 seq_len=55727 skipped_length=0 loss=0.258583 teacher_kl=0.728814 teacher_l1=0.000628 topk_boundary_loss=0.008920 teacher_recall=0.885964 causal_density=0.652190 target_group_coverage=0.785113 same_head_all_targets_hit=1.000000 rank_loss=0.122479 aggregation_loss=0.017489 negative_penalty=0.000257 soft_effective_blocks=183.651367 current_block_budget=256.000000 energy_mean=0.044692 energy_std=0.233218 lr=4.384214e-05 grad_norm=0.099687
step=08600 layers=2,30 seq_len=64103 skipped_length=0 loss=0.278459 teacher_kl=0.777931 teacher_l1=0.000663 topk_boundary_loss=0.009543 teacher_recall=0.891659 causal_density=0.652306 target_group_coverage=0.718516 same_head_all_targets_hit=1.000000 rank_loss=0.134754 aggregation_loss=0.018136 negative_penalty=0.000236 soft_effective_blocks=177.800540 current_block_budget=256.000000 energy_mean=0.047803 energy_std=0.225642 lr=4.382774e-05 grad_norm=0.130559
step=08610 layers=1,18 seq_len=52585 skipped_length=0 loss=0.274990 teacher_kl=0.708141 teacher_l1=0.000675 topk_boundary_loss=0.008940 teacher_recall=0.899242 causal_density=0.652270 target_group_coverage=0.766406 same_head_all_targets_hit=1.000000 rank_loss=0.162013 aggregation_loss=0.000000 negative_penalty=0.000249 soft_effective_blocks=169.538611 current_block_budget=256.000000 energy_mean=0.047830 energy_std=0.243165 lr=4.381332e-05 grad_norm=0.129487
step=08620 layers=7,33 seq_len=63115 skipped_length=0 loss=0.249183 teacher_kl=0.715063 teacher_l1=0.000692 topk_boundary_loss=0.008829 teacher_recall=0.888202 causal_density=0.652322 target_group_coverage=0.816797 same_head_all_targets_hit=1.000000 rank_loss=0.118748 aggregation_loss=0.000000 negative_penalty=0.000218 soft_effective_blocks=167.036472 current_block_budget=256.000000 energy_mean=0.049984 energy_std=0.246819 lr=4.379889e-05 grad_norm=0.126950
step=08630 layers=9,27 seq_len=64319 skipped_length=0 loss=0.253987 teacher_kl=0.754744 teacher_l1=0.000656 topk_boundary_loss=0.007922 teacher_recall=0.908708 causal_density=0.652164 target_group_coverage=0.825174 same_head_all_targets_hit=1.000000 rank_loss=0.121267 aggregation_loss=0.018395 negative_penalty=0.000215 soft_effective_blocks=184.392572 current_block_budget=256.000000 energy_mean=0.045330 energy_std=0.231751 lr=4.378444e-05 grad_norm=0.088324
step=08640 layers=4,10 seq_len=57781 skipped_length=0 loss=0.259549 teacher_kl=0.710366 teacher_l1=0.000635 topk_boundary_loss=0.008220 teacher_recall=0.887885 causal_density=0.652203 target_group_coverage=0.766745 same_head_all_targets_hit=1.000000 rank_loss=0.138162 aggregation_loss=0.017189 negative_penalty=0.000276 soft_effective_blocks=175.722586 current_block_budget=256.000000 energy_mean=0.046393 energy_std=0.236085 lr=4.376998e-05 grad_norm=0.095737
step=08650 layers=12,33 seq_len=55432 skipped_length=0 loss=0.292767 teacher_kl=0.829512 teacher_l1=0.000680 topk_boundary_loss=0.010230 teacher_recall=0.880972 causal_density=0.652140 target_group_coverage=0.870790 same_head_all_targets_hit=0.950000 rank_loss=0.136431 aggregation_loss=0.018412 negative_penalty=0.000267 soft_effective_blocks=181.705258 current_block_budget=256.000000 energy_mean=0.044315 energy_std=0.229937 lr=4.375551e-05 grad_norm=0.136412
step=08660 layers=7,9 seq_len=55747 skipped_length=0 loss=0.230971 teacher_kl=0.660318 teacher_l1=0.000585 topk_boundary_loss=0.007024 teacher_recall=0.901654 causal_density=0.652228 target_group_coverage=0.835200 same_head_all_targets_hit=0.900000 rank_loss=0.096312 aggregation_loss=0.071634 negative_penalty=0.000204 soft_effective_blocks=185.412980 current_block_budget=256.000000 energy_mean=0.046308 energy_std=0.228086 lr=4.374102e-05 grad_norm=0.067812
step=08670 layers=11,16 seq_len=60165 skipped_length=0 loss=0.251983 teacher_kl=0.698443 teacher_l1=0.000646 topk_boundary_loss=0.007883 teacher_recall=0.898711 causal_density=0.652265 target_group_coverage=0.769097 same_head_all_targets_hit=0.950000 rank_loss=0.124955 aggregation_loss=0.036548 negative_penalty=0.000264 soft_effective_blocks=171.982401 current_block_budget=256.000000 energy_mean=0.048402 energy_std=0.242289 lr=4.372653e-05 grad_norm=0.114134
step=08680 layers=0,25 seq_len=56576 skipped_length=0 loss=0.260757 teacher_kl=0.690745 teacher_l1=0.000640 topk_boundary_loss=0.008610 teacher_recall=0.892348 causal_density=0.652198 target_group_coverage=0.883594 same_head_all_targets_hit=1.000000 rank_loss=0.147035 aggregation_loss=0.000000 negative_penalty=0.000274 soft_effective_blocks=172.094104 current_block_budget=256.000000 energy_mean=0.047197 energy_std=0.251718 lr=4.371201e-05 grad_norm=0.101851
step=08690 layers=1,31 seq_len=63642 skipped_length=0 loss=0.264059 teacher_kl=0.761457 teacher_l1=0.000697 topk_boundary_loss=0.008244 teacher_recall=0.888153 causal_density=0.652225 target_group_coverage=0.813672 same_head_all_targets_hit=1.000000 rank_loss=0.139745 aggregation_loss=0.000000 negative_penalty=0.000221 soft_effective_blocks=174.132349 current_block_budget=256.000000 energy_mean=0.046550 energy_std=0.231510 lr=4.369748e-05 grad_norm=0.093685
step=08700 layers=14,35 seq_len=65534 skipped_length=0 loss=0.261549 teacher_kl=0.716283 teacher_l1=0.000625 topk_boundary_loss=0.007590 teacher_recall=0.892198 causal_density=0.652246 target_group_coverage=0.817969 same_head_all_targets_hit=1.000000 rank_loss=0.155586 aggregation_loss=0.000000 negative_penalty=0.000242 soft_effective_blocks=180.146046 current_block_budget=256.000000 energy_mean=0.048599 energy_std=0.240530 lr=4.368294e-05 grad_norm=0.085584
step=08710 layers=13,34 seq_len=62189 skipped_length=0 loss=0.269646 teacher_kl=0.794164 teacher_l1=0.000712 topk_boundary_loss=0.008752 teacher_recall=0.888666 causal_density=0.652262 target_group_coverage=0.877648 same_head_all_targets_hit=1.000000 rank_loss=0.126666 aggregation_loss=0.017855 negative_penalty=0.000204 soft_effective_blocks=172.264577 current_block_budget=256.000000 energy_mean=0.047288 energy_std=0.238243 lr=4.366839e-05 grad_norm=0.090554
step=08720 layers=13,18 seq_len=53215 skipped_length=0 loss=0.259716 teacher_kl=0.770181 teacher_l1=0.000717 topk_boundary_loss=0.009674 teacher_recall=0.891706 causal_density=0.652296 target_group_coverage=0.890243 same_head_all_targets_hit=1.000000 rank_loss=0.096002 aggregation_loss=0.036596 negative_penalty=0.000288 soft_effective_blocks=166.247197 current_block_budget=256.000000 energy_mean=0.047663 energy_std=0.244587 lr=4.365382e-05 grad_norm=0.126306
step=08730 layers=15,20 seq_len=57772 skipped_length=0 loss=0.257933 teacher_kl=0.689776 teacher_l1=0.000594 topk_boundary_loss=0.008638 teacher_recall=0.887986 causal_density=0.652177 target_group_coverage=0.762196 same_head_all_targets_hit=1.000000 rank_loss=0.134598 aggregation_loss=0.018270 negative_penalty=0.000216 soft_effective_blocks=186.031127 current_block_budget=256.000000 energy_mean=0.046271 energy_std=0.227671 lr=4.363924e-05 grad_norm=0.105481
step=08740 layers=9,20 seq_len=49656 skipped_length=0 loss=0.276516 teacher_kl=0.760799 teacher_l1=0.000699 topk_boundary_loss=0.008338 teacher_recall=0.889624 causal_density=0.652272 target_group_coverage=0.871094 same_head_all_targets_hit=1.000000 rank_loss=0.159424 aggregation_loss=0.000000 negative_penalty=0.000209 soft_effective_blocks=174.688290 current_block_budget=256.000000 energy_mean=0.047852 energy_std=0.237765 lr=4.362464e-05 grad_norm=0.071581
step=08750 layers=10,17 seq_len=60658 skipped_length=0 loss=0.250866 teacher_kl=0.718034 teacher_l1=0.000634 topk_boundary_loss=0.007817 teacher_recall=0.895086 causal_density=0.652219 target_group_coverage=0.692448 same_head_all_targets_hit=1.000000 rank_loss=0.134306 aggregation_loss=0.000000 negative_penalty=0.000282 soft_effective_blocks=178.087173 current_block_budget=256.000000 energy_mean=0.047059 energy_std=0.236274 lr=4.361003e-05 grad_norm=0.094287
[save] raw=/inspire/hdd/global_user/gexinmu-253108100065/Repos/fuyicheng_workshop/Innovator-lm-evaluation-hardness/x-attention-main/xattn/qwen_weights/conv_qwen3_boundary_v2/conv_kernel_7x7_qwen3_8b_boundary_v2_t065_s16_48k64k_bf16_step8750.pt
[save] ema=/inspire/hdd/global_user/gexinmu-253108100065/Repos/fuyicheng_workshop/Innovator-lm-evaluation-hardness/x-attention-main/xattn/qwen_weights/conv_qwen3_boundary_v2/conv_kernel_7x7_qwen3_8b_boundary_v2_t065_s16_48k64k_bf16_ema_step8750.pt
[save] state=/inspire/hdd/global_user/gexinmu-253108100065/Repos/fuyicheng_workshop/Innovator-lm-evaluation-hardness/x-attention-main/xattn/qwen_weights/conv_qwen3_boundary_v2/conv_kernel_7x7_qwen3_8b_boundary_v2_t065_s16_48k64k_bf16_train_state.pt
step=08760 layers=14,28 seq_len=64100 skipped_length=0 loss=0.251633 teacher_kl=0.730549 teacher_l1=0.000650 topk_boundary_loss=0.007695 teacher_recall=0.893688 causal_density=0.652234 target_group_coverage=0.888438 same_head_all_targets_hit=1.000000 rank_loss=0.119229 aggregation_loss=0.035667 negative_penalty=0.000226 soft_effective_blocks=180.191695 current_block_budget=256.000000 energy_mean=0.045780 energy_std=0.228717 lr=4.359541e-05 grad_norm=0.063225
step=08770 layers=28,32 seq_len=53949 skipped_length=0 loss=0.253175 teacher_kl=0.678562 teacher_l1=0.000614 topk_boundary_loss=0.008535 teacher_recall=0.890150 causal_density=0.652182 target_group_coverage=0.835113 same_head_all_targets_hit=1.000000 rank_loss=0.130731 aggregation_loss=0.018546 negative_penalty=0.000209 soft_effective_blocks=176.613591 current_block_budget=256.000000 energy_mean=0.047916 energy_std=0.244383 lr=4.358077e-05 grad_norm=0.073164
step=08780 layers=11,22 seq_len=62805 skipped_length=0 loss=0.272484 teacher_kl=0.808057 teacher_l1=0.000711 topk_boundary_loss=0.007956 teacher_recall=0.891622 causal_density=0.652219 target_group_coverage=0.771719 same_head_all_targets_hit=1.000000 rank_loss=0.138345 aggregation_loss=0.018306 negative_penalty=0.000218 soft_effective_blocks=181.836937 current_block_budget=256.000000 energy_mean=0.045360 energy_std=0.223841 lr=4.356612e-05 grad_norm=0.087540
step=08790 layers=24,29 seq_len=58024 skipped_length=0 loss=0.257007 teacher_kl=0.709259 teacher_l1=0.000625 topk_boundary_loss=0.008561 teacher_recall=0.894300 causal_density=0.652188 target_group_coverage=0.794314 same_head_all_targets_hit=1.000000 rank_loss=0.128940 aggregation_loss=0.018911 negative_penalty=0.000285 soft_effective_blocks=168.730655 current_block_budget=256.000000 energy_mean=0.048139 energy_std=0.255867 lr=4.355146e-05 grad_norm=0.152246
step=08800 layers=16,22 seq_len=54424 skipped_length=0 loss=0.256006 teacher_kl=0.733449 teacher_l1=0.000662 topk_boundary_loss=0.008199 teacher_recall=0.891264 causal_density=0.652246 target_group_coverage=0.849089 same_head_all_targets_hit=1.000000 rank_loss=0.133933 aggregation_loss=0.000000 negative_penalty=0.000193 soft_effective_blocks=176.511049 current_block_budget=256.000000 energy_mean=0.048310 energy_std=0.238880 lr=4.353678e-05 grad_norm=0.081044
step=08810 layers=13,17 seq_len=57060 skipped_length=0 loss=0.263877 teacher_kl=0.744836 teacher_l1=0.000679 topk_boundary_loss=0.008862 teacher_recall=0.906084 causal_density=0.652268 target_group_coverage=0.889766 same_head_all_targets_hit=0.950000 rank_loss=0.120339 aggregation_loss=0.036028 negative_penalty=0.000261 soft_effective_blocks=172.683157 current_block_budget=256.000000 energy_mean=0.047476 energy_std=0.245611 lr=4.352209e-05 grad_norm=0.130134
step=08820 layers=8,10 seq_len=51629 skipped_length=0 loss=0.262793 teacher_kl=0.731711 teacher_l1=0.000664 topk_boundary_loss=0.008632 teacher_recall=0.890906 causal_density=0.652236 target_group_coverage=0.832891 same_head_all_targets_hit=1.000000 rank_loss=0.132542 aggregation_loss=0.017670 negative_penalty=0.000285 soft_effective_blocks=175.659920 current_block_budget=256.000000 energy_mean=0.046997 energy_std=0.233802 lr=4.350739e-05 grad_norm=0.110525
step=08830 layers=8,11 seq_len=54788 skipped_length=0 loss=0.263639 teacher_kl=0.685538 teacher_l1=0.000665 topk_boundary_loss=0.007725 teacher_recall=0.894200 causal_density=0.652271 target_group_coverage=0.797656 same_head_all_targets_hit=1.000000 rank_loss=0.164950 aggregation_loss=0.000000 negative_penalty=0.000285 soft_effective_blocks=165.258968 current_block_budget=256.000000 energy_mean=0.049400 energy_std=0.251255 lr=4.349267e-05 grad_norm=0.113363
step=08840 layers=8,32 seq_len=62352 skipped_length=0 loss=0.261132 teacher_kl=0.767099 teacher_l1=0.000650 topk_boundary_loss=0.007899 teacher_recall=0.898467 causal_density=0.652256 target_group_coverage=0.895547 same_head_all_targets_hit=1.000000 rank_loss=0.130759 aggregation_loss=0.017527 negative_penalty=0.000186 soft_effective_blocks=184.433026 current_block_budget=256.000000 energy_mean=0.046468 energy_std=0.230822 lr=4.347794e-05 grad_norm=0.074232
step=08850 layers=12,16 seq_len=54064 skipped_length=0 loss=0.277209 teacher_kl=0.795748 teacher_l1=0.000688 topk_boundary_loss=0.008568 teacher_recall=0.894241 causal_density=0.652188 target_group_coverage=0.914062 same_head_all_targets_hit=1.000000 rank_loss=0.148772 aggregation_loss=0.000000 negative_penalty=0.000277 soft_effective_blocks=175.329305 current_block_budget=256.000000 energy_mean=0.045027 energy_std=0.238842 lr=4.346320e-05 grad_norm=0.115065
step=08860 layers=0,8 seq_len=62285 skipped_length=0 loss=0.245564 teacher_kl=0.665681 teacher_l1=0.000666 topk_boundary_loss=0.008144 teacher_recall=0.889082 causal_density=0.652344 target_group_coverage=0.674653 same_head_all_targets_hit=0.900000 rank_loss=0.119247 aggregation_loss=0.035896 negative_penalty=0.000242 soft_effective_blocks=167.700928 current_block_budget=256.000000 energy_mean=0.051840 energy_std=0.243049 lr=4.344844e-05 grad_norm=0.112751
step=08870 layers=16,23 seq_len=59722 skipped_length=0 loss=0.258724 teacher_kl=0.755207 teacher_l1=0.000652 topk_boundary_loss=0.009072 teacher_recall=0.890594 causal_density=0.652166 target_group_coverage=0.803377 same_head_all_targets_hit=1.000000 rank_loss=0.090296 aggregation_loss=0.074599 negative_penalty=0.000242 soft_effective_blocks=171.863178 current_block_budget=256.000000 energy_mean=0.047170 energy_std=0.251071 lr=4.343367e-05 grad_norm=0.121640
step=08880 layers=11,28 seq_len=50086 skipped_length=0 loss=0.265059 teacher_kl=0.813294 teacher_l1=0.000739 topk_boundary_loss=0.008423 teacher_recall=0.895040 causal_density=0.652266 target_group_coverage=0.697656 same_head_all_targets_hit=1.000000 rank_loss=0.126059 aggregation_loss=0.000000 negative_penalty=0.000287 soft_effective_blocks=175.633180 current_block_budget=256.000000 energy_mean=0.046972 energy_std=0.233324 lr=4.341889e-05 grad_norm=0.109958
step=08890 layers=22,29 seq_len=52522 skipped_length=0 loss=0.252224 teacher_kl=0.706849 teacher_l1=0.000652 topk_boundary_loss=0.009045 teacher_recall=0.890505 causal_density=0.652356 target_group_coverage=0.900234 same_head_all_targets_hit=1.000000 rank_loss=0.108087 aggregation_loss=0.035772 negative_penalty=0.000210 soft_effective_blocks=177.239949 current_block_budget=256.000000 energy_mean=0.049260 energy_std=0.228767 lr=4.340409e-05 grad_norm=0.122241
step=08900 layers=18,25 seq_len=65368 skipped_length=0 loss=0.252182 teacher_kl=0.658509 teacher_l1=0.000624 topk_boundary_loss=0.008021 teacher_recall=0.895364 causal_density=0.652252 target_group_coverage=0.821745 same_head_all_targets_hit=1.000000 rank_loss=0.148671 aggregation_loss=0.000000 negative_penalty=0.000254 soft_effective_blocks=165.871465 current_block_budget=256.000000 energy_mean=0.049211 energy_std=0.257600 lr=4.338928e-05 grad_norm=0.098310
step=08910 layers=4,24 seq_len=65363 skipped_length=0 loss=0.278530 teacher_kl=0.783087 teacher_l1=0.000668 topk_boundary_loss=0.010147 teacher_recall=0.891515 causal_density=0.652196 target_group_coverage=0.891693 same_head_all_targets_hit=0.950000 rank_loss=0.110669 aggregation_loss=0.053808 negative_penalty=0.000224 soft_effective_blocks=180.218050 current_block_budget=256.000000 energy_mean=0.046069 energy_std=0.232567 lr=4.337446e-05 grad_norm=0.134805
step=08920 layers=7,22 seq_len=51357 skipped_length=0 loss=0.262363 teacher_kl=0.772998 teacher_l1=0.000713 topk_boundary_loss=0.008188 teacher_recall=0.883070 causal_density=0.652344 target_group_coverage=0.836563 same_head_all_targets_hit=0.950000 rank_loss=0.120169 aggregation_loss=0.035064 negative_penalty=0.000183 soft_effective_blocks=173.885616 current_block_budget=256.000000 energy_mean=0.049048 energy_std=0.231602 lr=4.335962e-05 grad_norm=0.079043
step=08930 layers=2,14 seq_len=61455 skipped_length=0 loss=0.238408 teacher_kl=0.665378 teacher_l1=0.000626 topk_boundary_loss=0.007952 teacher_recall=0.893835 causal_density=0.652242 target_group_coverage=0.799922 same_head_all_targets_hit=0.950000 rank_loss=0.102037 aggregation_loss=0.054890 negative_penalty=0.000300 soft_effective_blocks=163.730933 current_block_budget=256.000000 energy_mean=0.049650 energy_std=0.259955 lr=4.334477e-05 grad_norm=0.103740
step=08940 layers=13,24 seq_len=60077 skipped_length=0 loss=0.260940 teacher_kl=0.776095 teacher_l1=0.000645 topk_boundary_loss=0.008897 teacher_recall=0.886842 causal_density=0.652157 target_group_coverage=0.793620 same_head_all_targets_hit=0.950000 rank_loss=0.106834 aggregation_loss=0.036827 negative_penalty=0.000260 soft_effective_blocks=189.859895 current_block_budget=256.000000 energy_mean=0.044432 energy_std=0.222487 lr=4.332991e-05 grad_norm=0.084514
step=08950 layers=9,35 seq_len=57457 skipped_length=0 loss=0.276419 teacher_kl=0.722656 teacher_l1=0.000689 topk_boundary_loss=0.010434 teacher_recall=0.900307 causal_density=0.652339 target_group_coverage=0.720573 same_head_all_targets_hit=0.950000 rank_loss=0.125761 aggregation_loss=0.036207 negative_penalty=0.000257 soft_effective_blocks=163.978002 current_block_budget=256.000000 energy_mean=0.050306 energy_std=0.254128 lr=4.331503e-05 grad_norm=0.135374
step=08960 layers=27,34 seq_len=64653 skipped_length=0 loss=0.268475 teacher_kl=0.770167 teacher_l1=0.000700 topk_boundary_loss=0.007800 teacher_recall=0.900175 causal_density=0.652283 target_group_coverage=0.852109 same_head_all_targets_hit=0.950000 rank_loss=0.143346 aggregation_loss=0.018019 negative_penalty=0.000229 soft_effective_blocks=169.164925 current_block_budget=256.000000 energy_mean=0.048355 energy_std=0.245177 lr=4.330014e-05 grad_norm=0.084637
step=08970 layers=4,13 seq_len=60861 skipped_length=0 loss=0.254430 teacher_kl=0.718185 teacher_l1=0.000672 topk_boundary_loss=0.008239 teacher_recall=0.890413 causal_density=0.652278 target_group_coverage=0.802214 same_head_all_targets_hit=0.950000 rank_loss=0.120098 aggregation_loss=0.034764 negative_penalty=0.000260 soft_effective_blocks=171.477242 current_block_budget=256.000000 energy_mean=0.048424 energy_std=0.245432 lr=4.328523e-05 grad_norm=0.089009
step=08980 layers=15,19 seq_len=54317 skipped_length=0 loss=0.258613 teacher_kl=0.732618 teacher_l1=0.000678 topk_boundary_loss=0.007693 teacher_recall=0.895735 causal_density=0.652285 target_group_coverage=0.837491 same_head_all_targets_hit=0.950000 rank_loss=0.130417 aggregation_loss=0.035529 negative_penalty=0.000266 soft_effective_blocks=168.304338 current_block_budget=256.000000 energy_mean=0.049753 energy_std=0.245036 lr=4.327032e-05 grad_norm=0.096584
step=08990 layers=6,7 seq_len=53171 skipped_length=0 loss=0.253992 teacher_kl=0.691669 teacher_l1=0.000616 topk_boundary_loss=0.007946 teacher_recall=0.892214 causal_density=0.652158 target_group_coverage=0.828281 same_head_all_targets_hit=1.000000 rank_loss=0.136842 aggregation_loss=0.018135 negative_penalty=0.000217 soft_effective_blocks=185.251762 current_block_budget=256.000000 energy_mean=0.045853 energy_std=0.233725 lr=4.325539e-05 grad_norm=0.068483
step=09000 layers=18,30 seq_len=61994 skipped_length=0 loss=0.289837 teacher_kl=0.783089 teacher_l1=0.000672 topk_boundary_loss=0.010590 teacher_recall=0.893176 causal_density=0.652211 target_group_coverage=0.784766 same_head_all_targets_hit=1.000000 rank_loss=0.138590 aggregation_loss=0.017823 negative_penalty=0.000240 soft_effective_blocks=174.229979 current_block_budget=256.000000 energy_mean=0.046966 energy_std=0.240414 lr=4.324045e-05 grad_norm=0.160981
[save] raw=/inspire/hdd/global_user/gexinmu-253108100065/Repos/fuyicheng_workshop/Innovator-lm-evaluation-hardness/x-attention-main/xattn/qwen_weights/conv_qwen3_boundary_v2/conv_kernel_7x7_qwen3_8b_boundary_v2_t065_s16_48k64k_bf16_step9000.pt
[save] ema=/inspire/hdd/global_user/gexinmu-253108100065/Repos/fuyicheng_workshop/Innovator-lm-evaluation-hardness/x-attention-main/xattn/qwen_weights/conv_qwen3_boundary_v2/conv_kernel_7x7_qwen3_8b_boundary_v2_t065_s16_48k64k_bf16_ema_step9000.pt
[save] state=/inspire/hdd/global_user/gexinmu-253108100065/Repos/fuyicheng_workshop/Innovator-lm-evaluation-hardness/x-attention-main/xattn/qwen_weights/conv_qwen3_boundary_v2/conv_kernel_7x7_qwen3_8b_boundary_v2_t065_s16_48k64k_bf16_train_state.pt
step=09010 layers=12,22 seq_len=51912 skipped_length=0 loss=0.278283 teacher_kl=0.773346 teacher_l1=0.000696 topk_boundary_loss=0.008708 teacher_recall=0.901222 causal_density=0.652249 target_group_coverage=0.792969 same_head_all_targets_hit=1.000000 rank_loss=0.154291 aggregation_loss=0.000000 negative_penalty=0.000271 soft_effective_blocks=163.771712 current_block_budget=256.000000 energy_mean=0.048672 energy_std=0.256908 lr=4.322549e-05 grad_norm=0.130792
step=09020 layers=8,26 seq_len=56949 skipped_length=0 loss=0.260299 teacher_kl=0.699255 teacher_l1=0.000636 topk_boundary_loss=0.008337 teacher_recall=0.886220 causal_density=0.652242 target_group_coverage=0.841406 same_head_all_targets_hit=1.000000 rank_loss=0.147793 aggregation_loss=0.000000 negative_penalty=0.000233 soft_effective_blocks=193.098026 current_block_budget=256.000000 energy_mean=0.045791 energy_std=0.215723 lr=4.321052e-05 grad_norm=0.069525
step=09030 layers=17,35 seq_len=54044 skipped_length=0 loss=0.268207 teacher_kl=0.755623 teacher_l1=0.000678 topk_boundary_loss=0.007984 teacher_recall=0.897792 causal_density=0.652280 target_group_coverage=0.754948 same_head_all_targets_hit=0.950000 rank_loss=0.151590 aggregation_loss=0.000000 negative_penalty=0.000239 soft_effective_blocks=173.070131 current_block_budget=256.000000 energy_mean=0.048580 energy_std=0.238744 lr=4.319554e-05 grad_norm=0.091300
step=09040 layers=20,25 seq_len=61249 skipped_length=0 loss=0.249881 teacher_kl=0.720779 teacher_l1=0.000672 topk_boundary_loss=0.007463 teacher_recall=0.892893 causal_density=0.652248 target_group_coverage=0.896953 same_head_all_targets_hit=0.950000 rank_loss=0.121493 aggregation_loss=0.036481 negative_penalty=0.000216 soft_effective_blocks=164.454836 current_block_budget=256.000000 energy_mean=0.049139 energy_std=0.257301 lr=4.318054e-05 grad_norm=0.073616
step=09050 layers=0,26 seq_len=59167 skipped_length=0 loss=0.255168 teacher_kl=0.676731 teacher_l1=0.000627 topk_boundary_loss=0.007946 teacher_recall=0.893242 causal_density=0.652234 target_group_coverage=0.799609 same_head_all_targets_hit=1.000000 rank_loss=0.150080 aggregation_loss=0.000000 negative_penalty=0.000256 soft_effective_blocks=175.981367 current_block_budget=256.000000 energy_mean=0.049106 energy_std=0.246577 lr=4.316553e-05 grad_norm=0.093963
step=09060 layers=2,6 seq_len=61734 skipped_length=0 loss=0.268089 teacher_kl=0.780870 teacher_l1=0.000653 topk_boundary_loss=0.007325 teacher_recall=0.906901 causal_density=0.652227 target_group_coverage=0.792969 same_head_all_targets_hit=1.000000 rank_loss=0.153861 aggregation_loss=0.000000 negative_penalty=0.000238 soft_effective_blocks=176.680289 current_block_budget=256.000000 energy_mean=0.047522 energy_std=0.234621 lr=4.315051e-05 grad_norm=0.082728
step=09070 layers=20,21 seq_len=63592 skipped_length=0 loss=0.272304 teacher_kl=0.776207 teacher_l1=0.000685 topk_boundary_loss=0.008657 teacher_recall=0.889381 causal_density=0.652169 target_group_coverage=0.846484 same_head_all_targets_hit=1.000000 rank_loss=0.129295 aggregation_loss=0.035977 negative_penalty=0.000282 soft_effective_blocks=172.229811 current_block_budget=256.000000 energy_mean=0.046332 energy_std=0.253116 lr=4.313548e-05 grad_norm=0.103563
step=09080 layers=0,1 seq_len=54742 skipped_length=0 loss=0.236833 teacher_kl=0.619463 teacher_l1=0.000608 topk_boundary_loss=0.007410 teacher_recall=0.894587 causal_density=0.652325 target_group_coverage=0.801562 same_head_all_targets_hit=0.900000 rank_loss=0.133806 aggregation_loss=0.017258 negative_penalty=0.000255 soft_effective_blocks=177.677944 current_block_budget=256.000000 energy_mean=0.048994 energy_std=0.234948 lr=4.312043e-05 grad_norm=0.079317
step=09090 layers=16,29 seq_len=63141 skipped_length=0 loss=0.285069 teacher_kl=0.801227 teacher_l1=0.000709 topk_boundary_loss=0.008929 teacher_recall=0.886984 causal_density=0.652225 target_group_coverage=0.800156 same_head_all_targets_hit=1.000000 rank_loss=0.148315 aggregation_loss=0.017680 negative_penalty=0.000250 soft_effective_blocks=172.010350 current_block_budget=256.000000 energy_mean=0.047833 energy_std=0.242980 lr=4.310537e-05 grad_norm=0.101048
step=09100 layers=19,20 seq_len=59593 skipped_length=0 loss=0.243963 teacher_kl=0.749428 teacher_l1=0.000685 topk_boundary_loss=0.008093 teacher_recall=0.897610 causal_density=0.652188 target_group_coverage=0.810469 same_head_all_targets_hit=0.950000 rank_loss=0.088517 aggregation_loss=0.054610 negative_penalty=0.000249 soft_effective_blocks=172.463700 current_block_budget=256.000000 energy_mean=0.046633 energy_std=0.250262 lr=4.309029e-05 grad_norm=0.066775
step=09110 layers=3,25 seq_len=64975 skipped_length=0 loss=0.262822 teacher_kl=0.740384 teacher_l1=0.000665 topk_boundary_loss=0.008244 teacher_recall=0.883472 causal_density=0.652300 target_group_coverage=0.878594 same_head_all_targets_hit=1.000000 rank_loss=0.135658 aggregation_loss=0.017498 negative_penalty=0.000271 soft_effective_blocks=172.748771 current_block_budget=256.000000 energy_mean=0.049454 energy_std=0.243158 lr=4.307521e-05 grad_norm=0.116814
step=09120 layers=5,8 seq_len=56282 skipped_length=0 loss=0.239413 teacher_kl=0.650085 teacher_l1=0.000610 topk_boundary_loss=0.008134 teacher_recall=0.886746 causal_density=0.652263 target_group_coverage=0.743993 same_head_all_targets_hit=0.950000 rank_loss=0.106083 aggregation_loss=0.052574 negative_penalty=0.000193 soft_effective_blocks=177.155371 current_block_budget=256.000000 energy_mean=0.048464 energy_std=0.231582 lr=4.306010e-05 grad_norm=0.077049
step=09130 layers=3,21 seq_len=62974 skipped_length=0 loss=0.254390 teacher_kl=0.735758 teacher_l1=0.000677 topk_boundary_loss=0.007781 teacher_recall=0.909113 causal_density=0.652255 target_group_coverage=0.892448 same_head_all_targets_hit=1.000000 rank_loss=0.121473 aggregation_loss=0.035410 negative_penalty=0.000226 soft_effective_blocks=169.681863 current_block_budget=256.000000 energy_mean=0.048216 energy_std=0.247812 lr=4.304499e-05 grad_norm=0.077722
step=09140 layers=8,9 seq_len=57044 skipped_length=0 loss=0.291099 teacher_kl=0.828779 teacher_l1=0.000740 topk_boundary_loss=0.008514 teacher_recall=0.884753 causal_density=0.652275 target_group_coverage=0.833984 same_head_all_targets_hit=1.000000 rank_loss=0.164375 aggregation_loss=0.000000 negative_penalty=0.000304 soft_effective_blocks=168.765712 current_block_budget=256.000000 energy_mean=0.048248 energy_std=0.251073 lr=4.302987e-05 grad_norm=0.110110
step=09150 layers=2,30 seq_len=58659 skipped_length=0 loss=0.249674 teacher_kl=0.652577 teacher_l1=0.000575 topk_boundary_loss=0.007907 teacher_recall=0.885484 causal_density=0.652247 target_group_coverage=0.900547 same_head_all_targets_hit=1.000000 rank_loss=0.139924 aggregation_loss=0.018161 negative_penalty=0.000226 soft_effective_blocks=186.039828 current_block_budget=256.000000 energy_mean=0.049478 energy_std=0.221537 lr=4.301473e-05 grad_norm=0.078892
step=09160 layers=0,23 seq_len=57149 skipped_length=0 loss=0.244226 teacher_kl=0.708261 teacher_l1=0.000620 topk_boundary_loss=0.008056 teacher_recall=0.902584 causal_density=0.652126 target_group_coverage=0.683498 same_head_all_targets_hit=0.950000 rank_loss=0.107329 aggregation_loss=0.036405 negative_penalty=0.000261 soft_effective_blocks=183.340340 current_block_budget=256.000000 energy_mean=0.045645 energy_std=0.244611 lr=4.299957e-05 grad_norm=0.100541
step=09170 layers=11,16 seq_len=55784 skipped_length=0 loss=0.252731 teacher_kl=0.747857 teacher_l1=0.000693 topk_boundary_loss=0.007330 teacher_recall=0.913728 causal_density=0.652302 target_group_coverage=0.752891 same_head_all_targets_hit=1.000000 rank_loss=0.129343 aggregation_loss=0.017052 negative_penalty=0.000309 soft_effective_blocks=153.425967 current_block_budget=256.000000 energy_mean=0.049308 energy_std=0.270127 lr=4.298441e-05 grad_norm=0.099901
step=09180 layers=22,23 seq_len=51766 skipped_length=0 loss=0.259373 teacher_kl=0.754106 teacher_l1=0.000691 topk_boundary_loss=0.008774 teacher_recall=0.876696 causal_density=0.652274 target_group_coverage=0.862813 same_head_all_targets_hit=0.950000 rank_loss=0.119027 aggregation_loss=0.018438 negative_penalty=0.000212 soft_effective_blocks=183.787396 current_block_budget=256.000000 energy_mean=0.048637 energy_std=0.227953 lr=4.296923e-05 grad_norm=0.079591
step=09190 layers=1,18 seq_len=62531 skipped_length=0 loss=0.252259 teacher_kl=0.665674 teacher_l1=0.000670 topk_boundary_loss=0.008098 teacher_recall=0.894522 causal_density=0.652304 target_group_coverage=0.687422 same_head_all_targets_hit=1.000000 rank_loss=0.138679 aggregation_loss=0.017512 negative_penalty=0.000269 soft_effective_blocks=171.338557 current_block_budget=256.000000 energy_mean=0.049696 energy_std=0.244319 lr=4.295404e-05 grad_norm=0.085969
step=09200 layers=10,12 seq_len=62435 skipped_length=0 loss=0.294919 teacher_kl=0.878419 teacher_l1=0.000700 topk_boundary_loss=0.008438 teacher_recall=0.895409 causal_density=0.652229 target_group_coverage=0.840755 same_head_all_targets_hit=1.000000 rank_loss=0.159348 aggregation_loss=0.000000 negative_penalty=0.000259 soft_effective_blocks=171.617281 current_block_budget=256.000000 energy_mean=0.046778 energy_std=0.245590 lr=4.293884e-05 grad_norm=0.127609
step=09210 layers=15,18 seq_len=62564 skipped_length=0 loss=0.265034 teacher_kl=0.753356 teacher_l1=0.000674 topk_boundary_loss=0.007693 teacher_recall=0.897642 causal_density=0.652214 target_group_coverage=0.716797 same_head_all_targets_hit=1.000000 rank_loss=0.150743 aggregation_loss=0.000000 negative_penalty=0.000294 soft_effective_blocks=172.355547 current_block_budget=256.000000 energy_mean=0.047920 energy_std=0.248243 lr=4.292362e-05 grad_norm=0.109700
step=09220 layers=1,10 seq_len=52073 skipped_length=0 loss=0.241255 teacher_kl=0.612089 teacher_l1=0.000613 topk_boundary_loss=0.008083 teacher_recall=0.884657 causal_density=0.652338 target_group_coverage=0.851172 same_head_all_targets_hit=1.000000 rank_loss=0.133949 aggregation_loss=0.017484 negative_penalty=0.000153 soft_effective_blocks=181.466426 current_block_budget=256.000000 energy_mean=0.050836 energy_std=0.226677 lr=4.290839e-05 grad_norm=0.051797
step=09230 layers=11,30 seq_len=60085 skipped_length=0 loss=0.270129 teacher_kl=0.765453 teacher_l1=0.000643 topk_boundary_loss=0.008111 teacher_recall=0.893397 causal_density=0.652171 target_group_coverage=0.833203 same_head_all_targets_hit=0.950000 rank_loss=0.143001 aggregation_loss=0.018317 negative_penalty=0.000255 soft_effective_blocks=175.920160 current_block_budget=256.000000 energy_mean=0.046605 energy_std=0.240670 lr=4.289315e-05 grad_norm=0.130937
step=09240 layers=3,32 seq_len=49890 skipped_length=0 loss=0.258628 teacher_kl=0.715647 teacher_l1=0.000647 topk_boundary_loss=0.008166 teacher_recall=0.896432 causal_density=0.652240 target_group_coverage=0.801562 same_head_all_targets_hit=1.000000 rank_loss=0.135493 aggregation_loss=0.018472 negative_penalty=0.000273 soft_effective_blocks=166.829484 current_block_budget=256.000000 energy_mean=0.048955 energy_std=0.263561 lr=4.287789e-05 grad_norm=0.104272
step=09250 layers=11,18 seq_len=56689 skipped_length=0 loss=0.270373 teacher_kl=0.789254 teacher_l1=0.000705 topk_boundary_loss=0.009204 teacher_recall=0.896798 causal_density=0.652249 target_group_coverage=0.737656 same_head_all_targets_hit=1.000000 rank_loss=0.123221 aggregation_loss=0.017514 negative_penalty=0.000248 soft_effective_blocks=178.096196 current_block_budget=256.000000 energy_mean=0.047261 energy_std=0.233711 lr=4.286263e-05 grad_norm=0.130704
[save] raw=/inspire/hdd/global_user/gexinmu-253108100065/Repos/fuyicheng_workshop/Innovator-lm-evaluation-hardness/x-attention-main/xattn/qwen_weights/conv_qwen3_boundary_v2/conv_kernel_7x7_qwen3_8b_boundary_v2_t065_s16_48k64k_bf16_step9250.pt
[save] ema=/inspire/hdd/global_user/gexinmu-253108100065/Repos/fuyicheng_workshop/Innovator-lm-evaluation-hardness/x-attention-main/xattn/qwen_weights/conv_qwen3_boundary_v2/conv_kernel_7x7_qwen3_8b_boundary_v2_t065_s16_48k64k_bf16_ema_step9250.pt
[save] state=/inspire/hdd/global_user/gexinmu-253108100065/Repos/fuyicheng_workshop/Innovator-lm-evaluation-hardness/x-attention-main/xattn/qwen_weights/conv_qwen3_boundary_v2/conv_kernel_7x7_qwen3_8b_boundary_v2_t065_s16_48k64k_bf16_train_state.pt
step=09260 layers=7,23 seq_len=49969 skipped_length=0 loss=0.242895 teacher_kl=0.732249 teacher_l1=0.000658 topk_boundary_loss=0.007389 teacher_recall=0.903044 causal_density=0.652207 target_group_coverage=0.868854 same_head_all_targets_hit=1.000000 rank_loss=0.115643 aggregation_loss=0.018068 negative_penalty=0.000260 soft_effective_blocks=171.147388 current_block_budget=256.000000 energy_mean=0.048152 energy_std=0.257692 lr=4.284735e-05 grad_norm=0.054696
step=09270 layers=29,35 seq_len=63437 skipped_length=0 loss=0.260745 teacher_kl=0.731930 teacher_l1=0.000615 topk_boundary_loss=0.008636 teacher_recall=0.885337 causal_density=0.652126 target_group_coverage=0.865608 same_head_all_targets_hit=0.950000 rank_loss=0.113522 aggregation_loss=0.054864 negative_penalty=0.000223 soft_effective_blocks=185.152304 current_block_budget=256.000000 energy_mean=0.045953 energy_std=0.227625 lr=4.283205e-05 grad_norm=0.088160
step=09280 layers=18,25 seq_len=55751 skipped_length=0 loss=0.274511 teacher_kl=0.720154 teacher_l1=0.000709 topk_boundary_loss=0.008902 teacher_recall=0.884712 causal_density=0.652329 target_group_coverage=0.853125 same_head_all_targets_hit=1.000000 rank_loss=0.158719 aggregation_loss=0.000000 negative_penalty=0.000268 soft_effective_blocks=165.634705 current_block_budget=256.000000 energy_mean=0.050045 energy_std=0.242140 lr=4.281675e-05 grad_norm=0.104461
step=09290 layers=1,6 seq_len=59912 skipped_length=0 loss=0.255371 teacher_kl=0.696065 teacher_l1=0.000642 topk_boundary_loss=0.008258 teacher_recall=0.896803 causal_density=0.652224 target_group_coverage=0.793359 same_head_all_targets_hit=1.000000 rank_loss=0.133908 aggregation_loss=0.018058 negative_penalty=0.000238 soft_effective_blocks=171.011395 current_block_budget=256.000000 energy_mean=0.048523 energy_std=0.257654 lr=4.280143e-05 grad_norm=0.121266
step=09300 layers=10,17 seq_len=53279 skipped_length=0 loss=0.260399 teacher_kl=0.750017 teacher_l1=0.000702 topk_boundary_loss=0.007107 teacher_recall=0.896643 causal_density=0.652331 target_group_coverage=0.816016 same_head_all_targets_hit=1.000000 rank_loss=0.151667 aggregation_loss=0.000000 negative_penalty=0.000208 soft_effective_blocks=165.675813 current_block_budget=256.000000 energy_mean=0.050971 energy_std=0.256299 lr=4.278610e-05 grad_norm=0.072444
step=09310 layers=3,19 seq_len=62065 skipped_length=0 loss=0.274470 teacher_kl=0.780081 teacher_l1=0.000683 topk_boundary_loss=0.009361 teacher_recall=0.876407 causal_density=0.652206 target_group_coverage=0.866406 same_head_all_targets_hit=1.000000 rank_loss=0.137546 aggregation_loss=0.000000 negative_penalty=0.000246 soft_effective_blocks=188.072922 current_block_budget=256.000000 energy_mean=0.046086 energy_std=0.222408 lr=4.277075e-05 grad_norm=0.082804
step=09320 layers=4,34 seq_len=55773 skipped_length=0 loss=0.270121 teacher_kl=0.743555 teacher_l1=0.000670 topk_boundary_loss=0.008181 teacher_recall=0.895137 causal_density=0.652247 target_group_coverage=0.792144 same_head_all_targets_hit=0.950000 rank_loss=0.147465 aggregation_loss=0.018480 negative_penalty=0.000292 soft_effective_blocks=166.304465 current_block_budget=256.000000 energy_mean=0.048616 energy_std=0.256192 lr=4.275539e-05 grad_norm=0.088927
step=09330 layers=21,34 seq_len=60528 skipped_length=0 loss=0.281806 teacher_kl=0.806142 teacher_l1=0.000654 topk_boundary_loss=0.008392 teacher_recall=0.888348 causal_density=0.652121 target_group_coverage=0.806302 same_head_all_targets_hit=1.000000 rank_loss=0.148698 aggregation_loss=0.017965 negative_penalty=0.000230 soft_effective_blocks=187.809152 current_block_budget=256.000000 energy_mean=0.044927 energy_std=0.225216 lr=4.274002e-05 grad_norm=0.075584
step=09340 layers=10,32 seq_len=51389 skipped_length=0 loss=0.240325 teacher_kl=0.709701 teacher_l1=0.000684 topk_boundary_loss=0.007704 teacher_recall=0.897177 causal_density=0.652358 target_group_coverage=0.850425 same_head_all_targets_hit=1.000000 rank_loss=0.105490 aggregation_loss=0.035616 negative_penalty=0.000314 soft_effective_blocks=161.130179 current_block_budget=256.000000 energy_mean=0.051510 energy_std=0.259083 lr=4.272464e-05 grad_norm=0.084761
step=09350 layers=24,35 seq_len=64668 skipped_length=0 loss=0.261209 teacher_kl=0.636458 teacher_l1=0.000594 topk_boundary_loss=0.010231 teacher_recall=0.899476 causal_density=0.652207 target_group_coverage=0.772569 same_head_all_targets_hit=1.000000 rank_loss=0.132482 aggregation_loss=0.017474 negative_penalty=0.000202 soft_effective_blocks=176.243372 current_block_budget=256.000000 energy_mean=0.048927 energy_std=0.251871 lr=4.270925e-05 grad_norm=0.154500
step=09360 layers=16,33 seq_len=61673 skipped_length=0 loss=0.275294 teacher_kl=0.780968 teacher_l1=0.000696 topk_boundary_loss=0.008203 teacher_recall=0.887685 causal_density=0.652265 target_group_coverage=0.848047 same_head_all_targets_hit=1.000000 rank_loss=0.154141 aggregation_loss=0.000000 negative_penalty=0.000279 soft_effective_blocks=173.214888 current_block_budget=256.000000 energy_mean=0.047832 energy_std=0.238320 lr=4.269384e-05 grad_norm=0.098008
step=09370 layers=14,25 seq_len=55827 skipped_length=0 loss=0.274158 teacher_kl=0.788945 teacher_l1=0.000692 topk_boundary_loss=0.009410 teacher_recall=0.895673 causal_density=0.652204 target_group_coverage=0.828516 same_head_all_targets_hit=1.000000 rank_loss=0.134162 aggregation_loss=0.000000 negative_penalty=0.000242 soft_effective_blocks=168.293069 current_block_budget=256.000000 energy_mean=0.047555 energy_std=0.250841 lr=4.267842e-05 grad_norm=0.114130
step=09380 layers=2,14 seq_len=65254 skipped_length=0 loss=0.226081 teacher_kl=0.619771 teacher_l1=0.000576 topk_boundary_loss=0.007435 teacher_recall=0.898877 causal_density=0.652238 target_group_coverage=0.857986 same_head_all_targets_hit=1.000000 rank_loss=0.099868 aggregation_loss=0.054698 negative_penalty=0.000245 soft_effective_blocks=177.239400 current_block_budget=256.000000 energy_mean=0.049437 energy_std=0.248018 lr=4.266299e-05 grad_norm=0.062122
step=09390 layers=7,30 seq_len=55928 skipped_length=0 loss=0.260333 teacher_kl=0.797702 teacher_l1=0.000654 topk_boundary_loss=0.008517 teacher_recall=0.885670 causal_density=0.652182 target_group_coverage=0.880122 same_head_all_targets_hit=1.000000 rank_loss=0.105587 aggregation_loss=0.036598 negative_penalty=0.000240 soft_effective_blocks=185.621896 current_block_budget=256.000000 energy_mean=0.047170 energy_std=0.226440 lr=4.264754e-05 grad_norm=0.077193
step=09400 layers=2,25 seq_len=50778 skipped_length=0 loss=0.248377 teacher_kl=0.697641 teacher_l1=0.000678 topk_boundary_loss=0.008064 teacher_recall=0.897098 causal_density=0.652296 target_group_coverage=0.888889 same_head_all_targets_hit=1.000000 rank_loss=0.116802 aggregation_loss=0.036373 negative_penalty=0.000272 soft_effective_blocks=169.502641 current_block_budget=256.000000 energy_mean=0.048399 energy_std=0.251085 lr=4.263208e-05 grad_norm=0.072625
step=09410 layers=5,23 seq_len=53752 skipped_length=0 loss=0.244382 teacher_kl=0.715331 teacher_l1=0.000653 topk_boundary_loss=0.007890 teacher_recall=0.900580 causal_density=0.652222 target_group_coverage=0.756380 same_head_all_targets_hit=0.950000 rank_loss=0.093167 aggregation_loss=0.072101 negative_penalty=0.000244 soft_effective_blocks=167.048698 current_block_budget=256.000000 energy_mean=0.050056 energy_std=0.263510 lr=4.261661e-05 grad_norm=0.058650
step=09420 layers=16,22 seq_len=52323 skipped_length=0 loss=0.265970 teacher_kl=0.766990 teacher_l1=0.000668 topk_boundary_loss=0.007843 teacher_recall=0.892501 causal_density=0.652272 target_group_coverage=0.835807 same_head_all_targets_hit=1.000000 rank_loss=0.139580 aggregation_loss=0.017564 negative_penalty=0.000201 soft_effective_blocks=185.601370 current_block_budget=256.000000 energy_mean=0.047096 energy_std=0.221878 lr=4.260113e-05 grad_norm=0.080371
step=09430 layers=6,33 seq_len=51959 skipped_length=0 loss=0.263479 teacher_kl=0.747589 teacher_l1=0.000662 topk_boundary_loss=0.008443 teacher_recall=0.885882 causal_density=0.652208 target_group_coverage=0.859688 same_head_all_targets_hit=1.000000 rank_loss=0.124620 aggregation_loss=0.035940 negative_penalty=0.000276 soft_effective_blocks=166.848470 current_block_budget=256.000000 energy_mean=0.048725 energy_std=0.259087 lr=4.258563e-05 grad_norm=0.091564
step=09440 layers=21,28 seq_len=57055 skipped_length=0 loss=0.266697 teacher_kl=0.747669 teacher_l1=0.000694 topk_boundary_loss=0.008412 teacher_recall=0.889560 causal_density=0.652220 target_group_coverage=0.838368 same_head_all_targets_hit=1.000000 rank_loss=0.137774 aggregation_loss=0.018168 negative_penalty=0.000270 soft_effective_blocks=173.364893 current_block_budget=256.000000 energy_mean=0.048920 energy_std=0.249979 lr=4.257012e-05 grad_norm=0.103275
step=09450 layers=9,24 seq_len=61491 skipped_length=0 loss=0.262898 teacher_kl=0.690149 teacher_l1=0.000603 topk_boundary_loss=0.009404 teacher_recall=0.897146 causal_density=0.652218 target_group_coverage=0.877969 same_head_all_targets_hit=0.950000 rank_loss=0.132471 aggregation_loss=0.018488 negative_penalty=0.000242 soft_effective_blocks=179.984052 current_block_budget=256.000000 energy_mean=0.047737 energy_std=0.235534 lr=4.255460e-05 grad_norm=0.133028
step=09460 layers=32,35 seq_len=57700 skipped_length=0 loss=0.255999 teacher_kl=0.775197 teacher_l1=0.000663 topk_boundary_loss=0.008235 teacher_recall=0.900716 causal_density=0.652190 target_group_coverage=0.795859 same_head_all_targets_hit=0.900000 rank_loss=0.092852 aggregation_loss=0.072361 negative_penalty=0.000262 soft_effective_blocks=178.420518 current_block_budget=256.000000 energy_mean=0.046418 energy_std=0.242860 lr=4.253907e-05 grad_norm=0.092512
step=09470 layers=1,12 seq_len=52702 skipped_length=0 loss=0.236244 teacher_kl=0.670582 teacher_l1=0.000592 topk_boundary_loss=0.008097 teacher_recall=0.891940 causal_density=0.652193 target_group_coverage=0.892969 same_head_all_targets_hit=1.000000 rank_loss=0.118068 aggregation_loss=0.000000 negative_penalty=0.000274 soft_effective_blocks=181.433113 current_block_budget=256.000000 energy_mean=0.047467 energy_std=0.237510 lr=4.252352e-05 grad_norm=0.065273
step=09480 layers=3,6 seq_len=59729 skipped_length=0 loss=0.248690 teacher_kl=0.746870 teacher_l1=0.000695 topk_boundary_loss=0.008234 teacher_recall=0.892609 causal_density=0.652307 target_group_coverage=0.810469 same_head_all_targets_hit=1.000000 rank_loss=0.095699 aggregation_loss=0.053300 negative_penalty=0.000180 soft_effective_blocks=176.149802 current_block_budget=256.000000 energy_mean=0.050040 energy_std=0.234560 lr=4.250797e-05 grad_norm=0.094537
step=09490 layers=3,26 seq_len=56723 skipped_length=0 loss=0.249719 teacher_kl=0.672469 teacher_l1=0.000630 topk_boundary_loss=0.008279 teacher_recall=0.885115 causal_density=0.652229 target_group_coverage=0.840000 same_head_all_targets_hit=0.900000 rank_loss=0.122521 aggregation_loss=0.036261 negative_penalty=0.000226 soft_effective_blocks=170.144112 current_block_budget=256.000000 energy_mean=0.050340 energy_std=0.256686 lr=4.249240e-05 grad_norm=0.108027
step=09500 layers=1,19 seq_len=62777 skipped_length=0 loss=0.250171 teacher_kl=0.699422 teacher_l1=0.000641 topk_boundary_loss=0.007392 teacher_recall=0.895002 causal_density=0.652207 target_group_coverage=0.698750 same_head_all_targets_hit=1.000000 rank_loss=0.135797 aggregation_loss=0.018414 negative_penalty=0.000245 soft_effective_blocks=164.506461 current_block_budget=256.000000 energy_mean=0.049939 energy_std=0.258994 lr=4.247681e-05 grad_norm=0.070009
[save] raw=/inspire/hdd/global_user/gexinmu-253108100065/Repos/fuyicheng_workshop/Innovator-lm-evaluation-hardness/x-attention-main/xattn/qwen_weights/conv_qwen3_boundary_v2/conv_kernel_7x7_qwen3_8b_boundary_v2_t065_s16_48k64k_bf16_step9500.pt
[save] ema=/inspire/hdd/global_user/gexinmu-253108100065/Repos/fuyicheng_workshop/Innovator-lm-evaluation-hardness/x-attention-main/xattn/qwen_weights/conv_qwen3_boundary_v2/conv_kernel_7x7_qwen3_8b_boundary_v2_t065_s16_48k64k_bf16_ema_step9500.pt
[save] state=/inspire/hdd/global_user/gexinmu-253108100065/Repos/fuyicheng_workshop/Innovator-lm-evaluation-hardness/x-attention-main/xattn/qwen_weights/conv_qwen3_boundary_v2/conv_kernel_7x7_qwen3_8b_boundary_v2_t065_s16_48k64k_bf16_train_state.pt
step=09510 layers=20,27 seq_len=63104 skipped_length=0 loss=0.267463 teacher_kl=0.813965 teacher_l1=0.000718 topk_boundary_loss=0.009271 teacher_recall=0.886981 causal_density=0.652235 target_group_coverage=0.922613 same_head_all_targets_hit=1.000000 rank_loss=0.111040 aggregation_loss=0.018140 negative_penalty=0.000283 soft_effective_blocks=180.066017 current_block_budget=256.000000 energy_mean=0.045483 energy_std=0.238294 lr=4.246122e-05 grad_norm=0.101149
step=09520 layers=15,18 seq_len=63127 skipped_length=0 loss=0.263941 teacher_kl=0.765783 teacher_l1=0.000715 topk_boundary_loss=0.007623 teacher_recall=0.895123 causal_density=0.652343 target_group_coverage=0.815929 same_head_all_targets_hit=1.000000 rank_loss=0.139264 aggregation_loss=0.017945 negative_penalty=0.000280 soft_effective_blocks=164.063165 current_block_budget=256.000000 energy_mean=0.050564 energy_std=0.261358 lr=4.244561e-05 grad_norm=0.079857
step=09530 layers=3,25 seq_len=61713 skipped_length=0 loss=0.241923 teacher_kl=0.649887 teacher_l1=0.000598 topk_boundary_loss=0.007698 teacher_recall=0.889085 causal_density=0.652211 target_group_coverage=0.912847 same_head_all_targets_hit=1.000000 rank_loss=0.130235 aggregation_loss=0.018704 negative_penalty=0.000210 soft_effective_blocks=173.192630 current_block_budget=256.000000 energy_mean=0.051463 energy_std=0.255563 lr=4.242999e-05 grad_norm=0.060904
step=09540 layers=23,29 seq_len=53331 skipped_length=0 loss=0.270325 teacher_kl=0.788844 teacher_l1=0.000717 topk_boundary_loss=0.007964 teacher_recall=0.901176 causal_density=0.652288 target_group_coverage=0.727214 same_head_all_targets_hit=1.000000 rank_loss=0.147069 aggregation_loss=0.000000 negative_penalty=0.000279 soft_effective_blocks=175.544447 current_block_budget=256.000000 energy_mean=0.047276 energy_std=0.237229 lr=4.241436e-05 grad_norm=0.113135
step=09550 layers=13,22 seq_len=56957 skipped_length=0 loss=0.254961 teacher_kl=0.760425 teacher_l1=0.000690 topk_boundary_loss=0.007773 teacher_recall=0.885448 causal_density=0.652279 target_group_coverage=0.847682 same_head_all_targets_hit=0.950000 rank_loss=0.123583 aggregation_loss=0.018080 negative_penalty=0.000275 soft_effective_blocks=170.287134 current_block_budget=256.000000 energy_mean=0.049606 energy_std=0.244144 lr=4.239871e-05 grad_norm=0.083623
step=09560 layers=10,31 seq_len=56081 skipped_length=0 loss=0.266238 teacher_kl=0.759514 teacher_l1=0.000661 topk_boundary_loss=0.008815 teacher_recall=0.899984 causal_density=0.652235 target_group_coverage=0.815451 same_head_all_targets_hit=1.000000 rank_loss=0.120547 aggregation_loss=0.037703 negative_penalty=0.000247 soft_effective_blocks=178.822426 current_block_budget=256.000000 energy_mean=0.047793 energy_std=0.243406 lr=4.238305e-05 grad_norm=0.131706
step=09570 layers=25,28 seq_len=62004 skipped_length=0 loss=0.251125 teacher_kl=0.722999 teacher_l1=0.000672 topk_boundary_loss=0.008268 teacher_recall=0.893620 causal_density=0.652224 target_group_coverage=0.883533 same_head_all_targets_hit=1.000000 rank_loss=0.105749 aggregation_loss=0.052166 negative_penalty=0.000288 soft_effective_blocks=167.727736 current_block_budget=256.000000 energy_mean=0.047729 energy_std=0.259147 lr=4.236738e-05 grad_norm=0.101198
step=09580 layers=7,21 seq_len=58051 skipped_length=0 loss=0.251831 teacher_kl=0.675561 teacher_l1=0.000631 topk_boundary_loss=0.010349 teacher_recall=0.882180 causal_density=0.652253 target_group_coverage=0.771788 same_head_all_targets_hit=0.950000 rank_loss=0.089727 aggregation_loss=0.055315 negative_penalty=0.000177 soft_effective_blocks=173.471291 current_block_budget=256.000000 energy_mean=0.050522 energy_std=0.245272 lr=4.235170e-05 grad_norm=0.133755
step=09590 layers=26,30 seq_len=57621 skipped_length=0 loss=0.245871 teacher_kl=0.732165 teacher_l1=0.000668 topk_boundary_loss=0.007477 teacher_recall=0.894838 causal_density=0.652280 target_group_coverage=0.743359 same_head_all_targets_hit=1.000000 rank_loss=0.119620 aggregation_loss=0.017675 negative_penalty=0.000300 soft_effective_blocks=172.948523 current_block_budget=256.000000 energy_mean=0.049846 energy_std=0.249280 lr=4.233601e-05 grad_norm=0.090968
step=09600 layers=13,15 seq_len=55274 skipped_length=0 loss=0.268005 teacher_kl=0.811804 teacher_l1=0.000692 topk_boundary_loss=0.008144 teacher_recall=0.904820 causal_density=0.652185 target_group_coverage=0.758932 same_head_all_targets_hit=1.000000 rank_loss=0.120038 aggregation_loss=0.036068 negative_penalty=0.000259 soft_effective_blocks=168.186940 current_block_budget=256.000000 energy_mean=0.046694 energy_std=0.248698 lr=4.232030e-05 grad_norm=0.071206
step=09610 layers=10,30 seq_len=53324 skipped_length=0 loss=0.265106 teacher_kl=0.713808 teacher_l1=0.000629 topk_boundary_loss=0.007847 teacher_recall=0.897077 causal_density=0.652232 target_group_coverage=0.864583 same_head_all_targets_hit=1.000000 rank_loss=0.158698 aggregation_loss=0.000000 negative_penalty=0.000231 soft_effective_blocks=179.274763 current_block_budget=256.000000 energy_mean=0.048929 energy_std=0.244013 lr=4.230458e-05 grad_norm=0.110239
step=09620 layers=20,32 seq_len=60294 skipped_length=0 loss=0.267151 teacher_kl=0.760212 teacher_l1=0.000625 topk_boundary_loss=0.008422 teacher_recall=0.888893 causal_density=0.652091 target_group_coverage=0.786762 same_head_all_targets_hit=1.000000 rank_loss=0.135137 aggregation_loss=0.018482 negative_penalty=0.000214 soft_effective_blocks=177.408138 current_block_budget=256.000000 energy_mean=0.047737 energy_std=0.251782 lr=4.228885e-05 grad_norm=0.062742
step=09630 layers=2,9 seq_len=59628 skipped_length=0 loss=0.262741 teacher_kl=0.732063 teacher_l1=0.000653 topk_boundary_loss=0.008056 teacher_recall=0.892108 causal_density=0.652241 target_group_coverage=0.865234 same_head_all_targets_hit=1.000000 rank_loss=0.147405 aggregation_loss=0.000000 negative_penalty=0.000228 soft_effective_blocks=182.902339 current_block_budget=256.000000 energy_mean=0.047296 energy_std=0.230690 lr=4.227311e-05 grad_norm=0.072106
step=09640 layers=2,17 seq_len=58606 skipped_length=0 loss=0.260981 teacher_kl=0.751224 teacher_l1=0.000656 topk_boundary_loss=0.008354 teacher_recall=0.884130 causal_density=0.652271 target_group_coverage=0.871641 same_head_all_targets_hit=1.000000 rank_loss=0.120660 aggregation_loss=0.036129 negative_penalty=0.000196 soft_effective_blocks=179.902602 current_block_budget=256.000000 energy_mean=0.048986 energy_std=0.231475 lr=4.225735e-05 grad_norm=0.073539
step=09650 layers=15,19 seq_len=53994 skipped_length=0 loss=0.249808 teacher_kl=0.747669 teacher_l1=0.000701 topk_boundary_loss=0.007942 teacher_recall=0.903745 causal_density=0.652220 target_group_coverage=0.810269 same_head_all_targets_hit=0.950000 rank_loss=0.093459 aggregation_loss=0.072019 negative_penalty=0.000287 soft_effective_blocks=164.901991 current_block_budget=256.000000 energy_mean=0.048700 energy_std=0.264844 lr=4.224158e-05 grad_norm=0.071010
step=09660 layers=5,33 seq_len=64938 skipped_length=0 loss=0.258763 teacher_kl=0.707806 teacher_l1=0.000635 topk_boundary_loss=0.007783 teacher_recall=0.894733 causal_density=0.652227 target_group_coverage=0.710938 same_head_all_targets_hit=1.000000 rank_loss=0.150480 aggregation_loss=0.000000 negative_penalty=0.000231 soft_effective_blocks=173.823816 current_block_budget=256.000000 energy_mean=0.049144 energy_std=0.245424 lr=4.222581e-05 grad_norm=0.088088
step=09670 layers=25,28 seq_len=51830 skipped_length=0 loss=0.253182 teacher_kl=0.694582 teacher_l1=0.000659 topk_boundary_loss=0.007761 teacher_recall=0.893674 causal_density=0.652302 target_group_coverage=0.894974 same_head_all_targets_hit=1.000000 rank_loss=0.137358 aggregation_loss=0.017810 negative_penalty=0.000298 soft_effective_blocks=176.156564 current_block_budget=256.000000 energy_mean=0.049674 energy_std=0.246792 lr=4.221001e-05 grad_norm=0.083988
step=09680 layers=8,14 seq_len=57157 skipped_length=0 loss=0.270081 teacher_kl=0.837324 teacher_l1=0.000710 topk_boundary_loss=0.008680 teacher_recall=0.891229 causal_density=0.652210 target_group_coverage=0.859418 same_head_all_targets_hit=1.000000 rank_loss=0.109871 aggregation_loss=0.036318 negative_penalty=0.000242 soft_effective_blocks=173.203252 current_block_budget=256.000000 energy_mean=0.047319 energy_std=0.245272 lr=4.219421e-05 grad_norm=0.112304
step=09690 layers=1,16 seq_len=54282 skipped_length=0 loss=0.239924 teacher_kl=0.702016 teacher_l1=0.000667 topk_boundary_loss=0.007528 teacher_recall=0.902880 causal_density=0.652267 target_group_coverage=0.707474 same_head_all_targets_hit=1.000000 rank_loss=0.116623 aggregation_loss=0.017536 negative_penalty=0.000245 soft_effective_blocks=164.058665 current_block_budget=256.000000 energy_mean=0.048924 energy_std=0.259047 lr=4.217839e-05 grad_norm=0.080019
step=09700 layers=18,30 seq_len=56196 skipped_length=0 loss=0.260793 teacher_kl=0.688633 teacher_l1=0.000653 topk_boundary_loss=0.009178 teacher_recall=0.888339 causal_density=0.652333 target_group_coverage=0.703385 same_head_all_targets_hit=0.950000 rank_loss=0.132403 aggregation_loss=0.018363 negative_penalty=0.000229 soft_effective_blocks=168.454593 current_block_budget=256.000000 energy_mean=0.052561 energy_std=0.251448 lr=4.216256e-05 grad_norm=0.133851
step=09710 layers=12,22 seq_len=60446 skipped_length=0 loss=0.257570 teacher_kl=0.717901 teacher_l1=0.000644 topk_boundary_loss=0.007534 teacher_recall=0.900396 causal_density=0.652224 target_group_coverage=0.827526 same_head_all_targets_hit=1.000000 rank_loss=0.133714 aggregation_loss=0.037382 negative_penalty=0.000293 soft_effective_blocks=170.370433 current_block_budget=256.000000 energy_mean=0.048199 energy_std=0.253844 lr=4.214672e-05 grad_norm=0.106959
step=09720 layers=6,18 seq_len=55688 skipped_length=0 loss=0.261971 teacher_kl=0.714676 teacher_l1=0.000623 topk_boundary_loss=0.008673 teacher_recall=0.890218 causal_density=0.652129 target_group_coverage=0.825078 same_head_all_targets_hit=1.000000 rank_loss=0.134679 aggregation_loss=0.018168 negative_penalty=0.000199 soft_effective_blocks=184.153653 current_block_budget=256.000000 energy_mean=0.047876 energy_std=0.239716 lr=4.213087e-05 grad_norm=0.099146
step=09730 layers=23,26 seq_len=55637 skipped_length=0 loss=0.269476 teacher_kl=0.751130 teacher_l1=0.000693 topk_boundary_loss=0.008150 teacher_recall=0.891803 causal_density=0.652213 target_group_coverage=0.956380 same_head_all_targets_hit=1.000000 rank_loss=0.152615 aggregation_loss=0.000000 negative_penalty=0.000229 soft_effective_blocks=166.731848 current_block_budget=256.000000 energy_mean=0.048339 energy_std=0.255808 lr=4.211501e-05 grad_norm=0.078935
step=09740 layers=4,7 seq_len=57750 skipped_length=0 loss=0.262267 teacher_kl=0.724427 teacher_l1=0.000653 topk_boundary_loss=0.008209 teacher_recall=0.889368 causal_density=0.652313 target_group_coverage=0.952214 same_head_all_targets_hit=1.000000 rank_loss=0.146483 aggregation_loss=0.000000 negative_penalty=0.000289 soft_effective_blocks=173.995740 current_block_budget=256.000000 energy_mean=0.049924 energy_std=0.246476 lr=4.209913e-05 grad_norm=0.090458
step=09750 layers=2,23 seq_len=58633 skipped_length=0 loss=0.259416 teacher_kl=0.757124 teacher_l1=0.000717 topk_boundary_loss=0.008237 teacher_recall=0.885361 causal_density=0.652298 target_group_coverage=0.830625 same_head_all_targets_hit=1.000000 rank_loss=0.118536 aggregation_loss=0.035144 negative_penalty=0.000232 soft_effective_blocks=163.897705 current_block_budget=256.000000 energy_mean=0.051779 energy_std=0.259500 lr=4.208324e-05 grad_norm=0.080093
[save] raw=/inspire/hdd/global_user/gexinmu-253108100065/Repos/fuyicheng_workshop/Innovator-lm-evaluation-hardness/x-attention-main/xattn/qwen_weights/conv_qwen3_boundary_v2/conv_kernel_7x7_qwen3_8b_boundary_v2_t065_s16_48k64k_bf16_step9750.pt
[save] ema=/inspire/hdd/global_user/gexinmu-253108100065/Repos/fuyicheng_workshop/Innovator-lm-evaluation-hardness/x-attention-main/xattn/qwen_weights/conv_qwen3_boundary_v2/conv_kernel_7x7_qwen3_8b_boundary_v2_t065_s16_48k64k_bf16_ema_step9750.pt
[save] state=/inspire/hdd/global_user/gexinmu-253108100065/Repos/fuyicheng_workshop/Innovator-lm-evaluation-hardness/x-attention-main/xattn/qwen_weights/conv_qwen3_boundary_v2/conv_kernel_7x7_qwen3_8b_boundary_v2_t065_s16_48k64k_bf16_train_state.pt
step=09760 layers=14,16 seq_len=64918 skipped_length=0 loss=0.269952 teacher_kl=0.828951 teacher_l1=0.000676 topk_boundary_loss=0.008039 teacher_recall=0.892379 causal_density=0.652216 target_group_coverage=0.906597 same_head_all_targets_hit=1.000000 rank_loss=0.120278 aggregation_loss=0.036362 negative_penalty=0.000245 soft_effective_blocks=175.594891 current_block_budget=256.000000 energy_mean=0.047207 energy_std=0.238973 lr=4.206734e-05 grad_norm=0.078973
step=09770 layers=6,35 seq_len=57970 skipped_length=0 loss=0.247760 teacher_kl=0.691192 teacher_l1=0.000618 topk_boundary_loss=0.007556 teacher_recall=0.894364 causal_density=0.652211 target_group_coverage=0.874349 same_head_all_targets_hit=1.000000 rank_loss=0.139317 aggregation_loss=0.000000 negative_penalty=0.000275 soft_effective_blocks=180.617825 current_block_budget=256.000000 energy_mean=0.049129 energy_std=0.248542 lr=4.205143e-05 grad_norm=0.102329
step=09780 layers=5,31 seq_len=53169 skipped_length=0 loss=0.256617 teacher_kl=0.679462 teacher_l1=0.000634 topk_boundary_loss=0.007919 teacher_recall=0.892872 causal_density=0.652176 target_group_coverage=0.907813 same_head_all_targets_hit=1.000000 rank_loss=0.152178 aggregation_loss=0.000000 negative_penalty=0.000196 soft_effective_blocks=177.169907 current_block_budget=256.000000 energy_mean=0.047755 energy_std=0.242793 lr=4.203550e-05 grad_norm=0.094930
step=09790 layers=13,35 seq_len=58111 skipped_length=0 loss=0.243452 teacher_kl=0.706679 teacher_l1=0.000655 topk_boundary_loss=0.007646 teacher_recall=0.894111 causal_density=0.652259 target_group_coverage=0.851172 same_head_all_targets_hit=1.000000 rank_loss=0.119317 aggregation_loss=0.018622 negative_penalty=0.000261 soft_effective_blocks=165.487814 current_block_budget=256.000000 energy_mean=0.051159 energy_std=0.266467 lr=4.201957e-05 grad_norm=0.076039
step=09800 layers=5,28 seq_len=55284 skipped_length=0 loss=0.274611 teacher_kl=0.745892 teacher_l1=0.000650 topk_boundary_loss=0.008814 teacher_recall=0.884602 causal_density=0.652179 target_group_coverage=0.782161 same_head_all_targets_hit=1.000000 rank_loss=0.153629 aggregation_loss=0.000000 negative_penalty=0.000220 soft_effective_blocks=178.667270 current_block_budget=256.000000 energy_mean=0.046523 energy_std=0.239856 lr=4.200362e-05 grad_norm=0.094462
step=09810 layers=8,18 seq_len=61652 skipped_length=0 loss=0.265967 teacher_kl=0.767666 teacher_l1=0.000688 topk_boundary_loss=0.007605 teacher_recall=0.899145 causal_density=0.652274 target_group_coverage=0.751302 same_head_all_targets_hit=1.000000 rank_loss=0.149893 aggregation_loss=0.000000 negative_penalty=0.000235 soft_effective_blocks=172.771698 current_block_budget=256.000000 energy_mean=0.050371 energy_std=0.246448 lr=4.198766e-05 grad_norm=0.082624
step=09820 layers=2,21 seq_len=57124 skipped_length=0 loss=0.266415 teacher_kl=0.720866 teacher_l1=0.000651 topk_boundary_loss=0.008338 teacher_recall=0.894597 causal_density=0.652198 target_group_coverage=0.803516 same_head_all_targets_hit=0.950000 rank_loss=0.152572 aggregation_loss=0.000000 negative_penalty=0.000277 soft_effective_blocks=175.506873 current_block_budget=256.000000 energy_mean=0.048374 energy_std=0.250951 lr=4.197168e-05 grad_norm=0.123716
step=09830 layers=13,35 seq_len=60163 skipped_length=0 loss=0.258268 teacher_kl=0.771091 teacher_l1=0.000621 topk_boundary_loss=0.007822 teacher_recall=0.891070 causal_density=0.652175 target_group_coverage=0.904766 same_head_all_targets_hit=1.000000 rank_loss=0.118490 aggregation_loss=0.035595 negative_penalty=0.000175 soft_effective_blocks=183.888600 current_block_budget=256.000000 energy_mean=0.048595 energy_std=0.238878 lr=4.195570e-05 grad_norm=0.069794
step=09840 layers=1,23 seq_len=63023 skipped_length=0 loss=0.258745 teacher_kl=0.739004 teacher_l1=0.000658 topk_boundary_loss=0.008003 teacher_recall=0.905309 causal_density=0.652198 target_group_coverage=0.805078 same_head_all_targets_hit=1.000000 rank_loss=0.139714 aggregation_loss=0.000000 negative_penalty=0.000268 soft_effective_blocks=161.042092 current_block_budget=256.000000 energy_mean=0.049595 energy_std=0.273674 lr=4.193970e-05 grad_norm=0.099331
step=09850 layers=9,27 seq_len=49720 skipped_length=0 loss=0.235280 teacher_kl=0.656386 teacher_l1=0.000683 topk_boundary_loss=0.008286 teacher_recall=0.879765 causal_density=0.652420 target_group_coverage=0.893359 same_head_all_targets_hit=1.000000 rank_loss=0.117488 aggregation_loss=0.000000 negative_penalty=0.000212 soft_effective_blocks=169.048495 current_block_budget=256.000000 energy_mean=0.051705 energy_std=0.238514 lr=4.192370e-05 grad_norm=0.070095
step=09860 layers=2,31 seq_len=50874 skipped_length=0 loss=0.261955 teacher_kl=0.789017 teacher_l1=0.000732 topk_boundary_loss=0.008682 teacher_recall=0.882849 causal_density=0.652320 target_group_coverage=0.853490 same_head_all_targets_hit=1.000000 rank_loss=0.101200 aggregation_loss=0.053522 negative_penalty=0.000261 soft_effective_blocks=166.533244 current_block_budget=256.000000 energy_mean=0.051628 energy_std=0.262823 lr=4.190768e-05 grad_norm=0.080124
step=09870 layers=3,21 seq_len=51824 skipped_length=0 loss=0.251794 teacher_kl=0.702614 teacher_l1=0.000644 topk_boundary_loss=0.008765 teacher_recall=0.887925 causal_density=0.652272 target_group_coverage=0.861563 same_head_all_targets_hit=1.000000 rank_loss=0.119754 aggregation_loss=0.017561 negative_penalty=0.000216 soft_effective_blocks=177.152258 current_block_budget=256.000000 energy_mean=0.049539 energy_std=0.237774 lr=4.189164e-05 grad_norm=0.095623
step=09880 layers=2,19 seq_len=57191 skipped_length=0 loss=0.253976 teacher_kl=0.685263 teacher_l1=0.000628 topk_boundary_loss=0.007674 teacher_recall=0.904077 causal_density=0.652250 target_group_coverage=0.759635 same_head_all_targets_hit=1.000000 rank_loss=0.149586 aggregation_loss=0.000000 negative_penalty=0.000282 soft_effective_blocks=171.084924 current_block_budget=256.000000 energy_mean=0.050854 energy_std=0.258207 lr=4.187560e-05 grad_norm=0.103028
step=09890 layers=7,32 seq_len=51230 skipped_length=0 loss=0.249680 teacher_kl=0.725251 teacher_l1=0.000646 topk_boundary_loss=0.007827 teacher_recall=0.890546 causal_density=0.652207 target_group_coverage=0.729434 same_head_all_targets_hit=1.000000 rank_loss=0.108322 aggregation_loss=0.052961 negative_penalty=0.000256 soft_effective_blocks=171.863631 current_block_budget=256.000000 energy_mean=0.048982 energy_std=0.251350 lr=4.185955e-05 grad_norm=0.071214
step=09900 layers=12,14 seq_len=60608 skipped_length=0 loss=0.271490 teacher_kl=0.810030 teacher_l1=0.000713 topk_boundary_loss=0.008605 teacher_recall=0.889992 causal_density=0.652230 target_group_coverage=0.834766 same_head_all_targets_hit=1.000000 rank_loss=0.135170 aggregation_loss=0.000000 negative_penalty=0.000254 soft_effective_blocks=174.548773 current_block_budget=256.000000 energy_mean=0.047610 energy_std=0.247340 lr=4.184348e-05 grad_norm=0.082238
step=09910 layers=18,34 seq_len=55424 skipped_length=0 loss=0.250737 teacher_kl=0.766608 teacher_l1=0.000710 topk_boundary_loss=0.007964 teacher_recall=0.900672 causal_density=0.652279 target_group_coverage=0.800651 same_head_all_targets_hit=0.950000 rank_loss=0.097295 aggregation_loss=0.054440 negative_penalty=0.000267 soft_effective_blocks=160.139284 current_block_budget=256.000000 energy_mean=0.050432 energy_std=0.268953 lr=4.182740e-05 grad_norm=0.065720
step=09920 layers=2,5 seq_len=55460 skipped_length=0 loss=0.249039 teacher_kl=0.628369 teacher_l1=0.000597 topk_boundary_loss=0.008570 teacher_recall=0.883926 causal_density=0.652314 target_group_coverage=0.791562 same_head_all_targets_hit=1.000000 rank_loss=0.136579 aggregation_loss=0.016958 negative_penalty=0.000200 soft_effective_blocks=177.439404 current_block_budget=256.000000 energy_mean=0.051895 energy_std=0.239216 lr=4.181131e-05 grad_norm=0.127837
step=09930 layers=19,26 seq_len=56747 skipped_length=0 loss=0.244434 teacher_kl=0.736270 teacher_l1=0.000712 topk_boundary_loss=0.008167 teacher_recall=0.889910 causal_density=0.652305 target_group_coverage=0.874349 same_head_all_targets_hit=1.000000 rank_loss=0.106654 aggregation_loss=0.018485 negative_penalty=0.000287 soft_effective_blocks=173.040096 current_block_budget=256.000000 energy_mean=0.050336 energy_std=0.243590 lr=4.179521e-05 grad_norm=0.086176
step=09940 layers=10,25 seq_len=57801 skipped_length=0 loss=0.246096 teacher_kl=0.732989 teacher_l1=0.000714 topk_boundary_loss=0.006954 teacher_recall=0.899452 causal_density=0.652372 target_group_coverage=0.774922 same_head_all_targets_hit=0.900000 rank_loss=0.126669 aggregation_loss=0.017885 negative_penalty=0.000260 soft_effective_blocks=147.461095 current_block_budget=256.000000 energy_mean=0.053461 energy_std=0.283854 lr=4.177909e-05 grad_norm=0.102373
step=09950 layers=26,34 seq_len=51118 skipped_length=0 loss=0.264866 teacher_kl=0.793199 teacher_l1=0.000680 topk_boundary_loss=0.008635 teacher_recall=0.892875 causal_density=0.652211 target_group_coverage=0.804036 same_head_all_targets_hit=1.000000 rank_loss=0.105326 aggregation_loss=0.054264 negative_penalty=0.000252 soft_effective_blocks=180.774954 current_block_budget=256.000000 energy_mean=0.046925 energy_std=0.239423 lr=4.176296e-05 grad_norm=0.080617
step=09960 layers=23,30 seq_len=62084 skipped_length=0 loss=0.267824 teacher_kl=0.747984 teacher_l1=0.000643 topk_boundary_loss=0.009027 teacher_recall=0.887488 causal_density=0.652201 target_group_coverage=0.814453 same_head_all_targets_hit=1.000000 rank_loss=0.138947 aggregation_loss=0.000000 negative_penalty=0.000301 soft_effective_blocks=183.175421 current_block_budget=256.000000 energy_mean=0.047526 energy_std=0.236677 lr=4.174683e-05 grad_norm=0.099220
step=09970 layers=19,21 seq_len=57751 skipped_length=0 loss=0.233318 teacher_kl=0.631690 teacher_l1=0.000594 topk_boundary_loss=0.007012 teacher_recall=0.906909 causal_density=0.652226 target_group_coverage=0.771823 same_head_all_targets_hit=1.000000 rank_loss=0.122152 aggregation_loss=0.036572 negative_penalty=0.000187 soft_effective_blocks=165.902469 current_block_budget=256.000000 energy_mean=0.052081 energy_std=0.268706 lr=4.173068e-05 grad_norm=0.090770
step=09980 layers=2,15 seq_len=55308 skipped_length=0 loss=0.257733 teacher_kl=0.788210 teacher_l1=0.000715 topk_boundary_loss=0.008552 teacher_recall=0.894149 causal_density=0.652239 target_group_coverage=0.838802 same_head_all_targets_hit=0.950000 rank_loss=0.103201 aggregation_loss=0.036495 negative_penalty=0.000216 soft_effective_blocks=179.833110 current_block_budget=256.000000 energy_mean=0.048062 energy_std=0.240463 lr=4.171452e-05 grad_norm=0.074555
step=09990 layers=21,33 seq_len=55962 skipped_length=0 loss=0.261416 teacher_kl=0.727557 teacher_l1=0.000671 topk_boundary_loss=0.007830 teacher_recall=0.887816 causal_density=0.652313 target_group_coverage=0.659766 same_head_all_targets_hit=1.000000 rank_loss=0.149336 aggregation_loss=0.000000 negative_penalty=0.000272 soft_effective_blocks=164.368400 current_block_budget=256.000000 energy_mean=0.051459 energy_std=0.256629 lr=4.169834e-05 grad_norm=0.094943
step=10000 layers=21,29 seq_len=64836 skipped_length=0 loss=0.242528 teacher_kl=0.680619 teacher_l1=0.000603 topk_boundary_loss=0.008518 teacher_recall=0.887298 causal_density=0.652160 target_group_coverage=0.881901 same_head_all_targets_hit=1.000000 rank_loss=0.105104 aggregation_loss=0.036764 negative_penalty=0.000222 soft_effective_blocks=179.385150 current_block_budget=256.000000 energy_mean=0.048967 energy_std=0.250045 lr=4.168216e-05 grad_norm=0.078548
[save] raw=/inspire/hdd/global_user/gexinmu-253108100065/Repos/fuyicheng_workshop/Innovator-lm-evaluation-hardness/x-attention-main/xattn/qwen_weights/conv_qwen3_boundary_v2/conv_kernel_7x7_qwen3_8b_boundary_v2_t065_s16_48k64k_bf16_step10000.pt
[save] ema=/inspire/hdd/global_user/gexinmu-253108100065/Repos/fuyicheng_workshop/Innovator-lm-evaluation-hardness/x-attention-main/xattn/qwen_weights/conv_qwen3_boundary_v2/conv_kernel_7x7_qwen3_8b_boundary_v2_t065_s16_48k64k_bf16_ema_step10000.pt
[save] state=/inspire/hdd/global_user/gexinmu-253108100065/Repos/fuyicheng_workshop/Innovator-lm-evaluation-hardness/x-attention-main/xattn/qwen_weights/conv_qwen3_boundary_v2/conv_kernel_7x7_qwen3_8b_boundary_v2_t065_s16_48k64k_bf16_train_state.pt
step=10010 layers=2,10 seq_len=52809 skipped_length=0 loss=0.262439 teacher_kl=0.736513 teacher_l1=0.000678 topk_boundary_loss=0.008084 teacher_recall=0.909564 causal_density=0.652281 target_group_coverage=0.867578 same_head_all_targets_hit=1.000000 rank_loss=0.145412 aggregation_loss=0.000000 negative_penalty=0.000259 soft_effective_blocks=169.013445 current_block_budget=256.000000 energy_mean=0.050320 energy_std=0.251711 lr=4.166596e-05 grad_norm=0.103209
step=10020 layers=13,16 seq_len=55583 skipped_length=0 loss=0.264218 teacher_kl=0.754908 teacher_l1=0.000680 topk_boundary_loss=0.008446 teacher_recall=0.892807 causal_density=0.652267 target_group_coverage=0.793516 same_head_all_targets_hit=0.950000 rank_loss=0.131177 aggregation_loss=0.018672 negative_penalty=0.000217 soft_effective_blocks=179.116174 current_block_budget=256.000000 energy_mean=0.049208 energy_std=0.237797 lr=4.164976e-05 grad_norm=0.104443
step=10030 layers=2,7 seq_len=60352 skipped_length=0 loss=0.288894 teacher_kl=0.826371 teacher_l1=0.000696 topk_boundary_loss=0.011511 teacher_recall=0.886334 causal_density=0.652224 target_group_coverage=0.796484 same_head_all_targets_hit=1.000000 rank_loss=0.121342 aggregation_loss=0.000000 negative_penalty=0.000271 soft_effective_blocks=171.543559 current_block_budget=256.000000 energy_mean=0.048079 energy_std=0.256032 lr=4.163354e-05 grad_norm=0.154997
step=10040 layers=26,30 seq_len=51885 skipped_length=0 loss=0.241886 teacher_kl=0.695082 teacher_l1=0.000633 topk_boundary_loss=0.007614 teacher_recall=0.890670 causal_density=0.652268 target_group_coverage=0.808090 same_head_all_targets_hit=0.850000 rank_loss=0.105370 aggregation_loss=0.053825 negative_penalty=0.000199 soft_effective_blocks=176.424628 current_block_budget=256.000000 energy_mean=0.049989 energy_std=0.237402 lr=4.161731e-05 grad_norm=0.060406
step=10050 layers=3,23 seq_len=58082 skipped_length=0 loss=0.272198 teacher_kl=0.738085 teacher_l1=0.000694 topk_boundary_loss=0.008224 teacher_recall=0.887780 causal_density=0.652266 target_group_coverage=0.800260 same_head_all_targets_hit=1.000000 rank_loss=0.159420 aggregation_loss=0.000000 negative_penalty=0.000294 soft_effective_blocks=153.087202 current_block_budget=256.000000 energy_mean=0.053322 energy_std=0.287374 lr=4.160106e-05 grad_norm=0.088870
step=10060 layers=14,18 seq_len=50403 skipped_length=0 loss=0.256188 teacher_kl=0.740051 teacher_l1=0.000691 topk_boundary_loss=0.007518 teacher_recall=0.902788 causal_density=0.652291 target_group_coverage=0.896250 same_head_all_targets_hit=1.000000 rank_loss=0.134420 aggregation_loss=0.017372 negative_penalty=0.000315 soft_effective_blocks=169.247250 current_block_budget=256.000000 energy_mean=0.049490 energy_std=0.255157 lr=4.158481e-05 grad_norm=0.090771
step=10070 layers=2,32 seq_len=62202 skipped_length=0 loss=0.255205 teacher_kl=0.748465 teacher_l1=0.000691 topk_boundary_loss=0.008728 teacher_recall=0.876608 causal_density=0.652270 target_group_coverage=0.810590 same_head_all_targets_hit=1.000000 rank_loss=0.114439 aggregation_loss=0.017641 negative_penalty=0.000228 soft_effective_blocks=176.154678 current_block_budget=256.000000 energy_mean=0.049349 energy_std=0.234758 lr=4.156854e-05 grad_norm=0.055488
step=10080 layers=22,28 seq_len=55146 skipped_length=0 loss=0.268365 teacher_kl=0.738761 teacher_l1=0.000652 topk_boundary_loss=0.009343 teacher_recall=0.905279 causal_density=0.652230 target_group_coverage=0.890270 same_head_all_targets_hit=1.000000 rank_loss=0.130525 aggregation_loss=0.017802 negative_penalty=0.000225 soft_effective_blocks=170.425146 current_block_budget=256.000000 energy_mean=0.049580 energy_std=0.259506 lr=4.155227e-05 grad_norm=0.121508
step=10090 layers=11,20 seq_len=49436 skipped_length=0 loss=0.267885 teacher_kl=0.735120 teacher_l1=0.000697 topk_boundary_loss=0.008371 teacher_recall=0.888790 causal_density=0.652298 target_group_coverage=0.838238 same_head_all_targets_hit=1.000000 rank_loss=0.143239 aggregation_loss=0.018654 negative_penalty=0.000242 soft_effective_blocks=168.599257 current_block_budget=256.000000 energy_mean=0.051487 energy_std=0.254474 lr=4.153598e-05 grad_norm=0.084849
step=10100 layers=6,9 seq_len=64628 skipped_length=0 loss=0.249002 teacher_kl=0.714055 teacher_l1=0.000671 topk_boundary_loss=0.008055 teacher_recall=0.896738 causal_density=0.652260 target_group_coverage=0.741927 same_head_all_targets_hit=0.950000 rank_loss=0.113836 aggregation_loss=0.036442 negative_penalty=0.000263 soft_effective_blocks=169.524010 current_block_budget=256.000000 energy_mean=0.049040 energy_std=0.250642 lr=4.151968e-05 grad_norm=0.114352
step=10110 layers=14,31 seq_len=52736 skipped_length=0 loss=0.264982 teacher_kl=0.726669 teacher_l1=0.000634 topk_boundary_loss=0.008137 teacher_recall=0.893661 causal_density=0.652230 target_group_coverage=0.728125 same_head_all_targets_hit=1.000000 rank_loss=0.151408 aggregation_loss=0.000000 negative_penalty=0.000235 soft_effective_blocks=171.595351 current_block_budget=256.000000 energy_mean=0.051768 energy_std=0.261153 lr=4.150337e-05 grad_norm=0.118456
step=10120 layers=10,13 seq_len=57015 skipped_length=0 loss=0.287787 teacher_kl=0.839205 teacher_l1=0.000763 topk_boundary_loss=0.008948 teacher_recall=0.890756 causal_density=0.652325 target_group_coverage=0.804036 same_head_all_targets_hit=1.000000 rank_loss=0.150458 aggregation_loss=0.000000 negative_penalty=0.000265 soft_effective_blocks=177.593800 current_block_budget=256.000000 energy_mean=0.047226 energy_std=0.236964 lr=4.148705e-05 grad_norm=0.075851
step=10130 layers=17,20 seq_len=51811 skipped_length=0 loss=0.233279 teacher_kl=0.691839 teacher_l1=0.000706 topk_boundary_loss=0.007738 teacher_recall=0.895392 causal_density=0.652352 target_group_coverage=0.846120 same_head_all_targets_hit=1.000000 rank_loss=0.089635 aggregation_loss=0.055102 negative_penalty=0.000234 soft_effective_blocks=153.378609 current_block_budget=256.000000 energy_mean=0.055246 energy_std=0.281400 lr=4.147071e-05 grad_norm=0.072059
step=10140 layers=19,29 seq_len=65388 skipped_length=0 loss=0.262358 teacher_kl=0.762243 teacher_l1=0.000652 topk_boundary_loss=0.008477 teacher_recall=0.884309 causal_density=0.652215 target_group_coverage=0.779896 same_head_all_targets_hit=1.000000 rank_loss=0.118480 aggregation_loss=0.036302 negative_penalty=0.000250 soft_effective_blocks=179.223877 current_block_budget=256.000000 energy_mean=0.049256 energy_std=0.248297 lr=4.145437e-05 grad_norm=0.079810
step=10150 layers=0,6 seq_len=50079 skipped_length=0 loss=0.242624 teacher_kl=0.640720 teacher_l1=0.000601 topk_boundary_loss=0.007950 teacher_recall=0.896602 causal_density=0.652141 target_group_coverage=0.761241 same_head_all_targets_hit=1.000000 rank_loss=0.122891 aggregation_loss=0.036591 negative_penalty=0.000258 soft_effective_blocks=176.469373 current_block_budget=256.000000 energy_mean=0.049257 energy_std=0.257443 lr=4.143801e-05 grad_norm=0.099563
step=10160 layers=7,10 seq_len=54496 skipped_length=0 loss=0.255735 teacher_kl=0.817094 teacher_l1=0.000756 topk_boundary_loss=0.007920 teacher_recall=0.897264 causal_density=0.652394 target_group_coverage=0.908411 same_head_all_targets_hit=0.950000 rank_loss=0.094051 aggregation_loss=0.053315 negative_penalty=0.000345 soft_effective_blocks=157.883385 current_block_budget=256.000000 energy_mean=0.051554 energy_std=0.269178 lr=4.142164e-05 grad_norm=0.079704
step=10170 layers=8,32 seq_len=63615 skipped_length=0 loss=0.242015 teacher_kl=0.700688 teacher_l1=0.000618 topk_boundary_loss=0.008028 teacher_recall=0.890268 causal_density=0.652190 target_group_coverage=0.785130 same_head_all_targets_hit=1.000000 rank_loss=0.106074 aggregation_loss=0.036043 negative_penalty=0.000172 soft_effective_blocks=184.824614 current_block_budget=256.000000 energy_mean=0.048616 energy_std=0.234575 lr=4.140526e-05 grad_norm=0.079549
step=10180 layers=10,27 seq_len=53542 skipped_length=0 loss=0.267652 teacher_kl=0.766187 teacher_l1=0.000678 topk_boundary_loss=0.008286 teacher_recall=0.895491 causal_density=0.652279 target_group_coverage=0.871563 same_head_all_targets_hit=1.000000 rank_loss=0.136711 aggregation_loss=0.017454 negative_penalty=0.000274 soft_effective_blocks=168.093517 current_block_budget=256.000000 energy_mean=0.050616 energy_std=0.260217 lr=4.138887e-05 grad_norm=0.131459
step=10190 layers=15,20 seq_len=62335 skipped_length=0 loss=0.229641 teacher_kl=0.648206 teacher_l1=0.000643 topk_boundary_loss=0.007642 teacher_recall=0.886575 causal_density=0.652304 target_group_coverage=0.745938 same_head_all_targets_hit=1.000000 rank_loss=0.095920 aggregation_loss=0.054742 negative_penalty=0.000193 soft_effective_blocks=172.448260 current_block_budget=256.000000 energy_mean=0.051713 energy_std=0.242248 lr=4.137247e-05 grad_norm=0.059931
step=10200 layers=3,29 seq_len=54726 skipped_length=0 loss=0.269251 teacher_kl=0.709993 teacher_l1=0.000659 topk_boundary_loss=0.008923 teacher_recall=0.896703 causal_density=0.652298 target_group_coverage=0.800781 same_head_all_targets_hit=1.000000 rank_loss=0.152210 aggregation_loss=0.000000 negative_penalty=0.000295 soft_effective_blocks=159.921456 current_block_budget=256.000000 energy_mean=0.051539 energy_std=0.274213 lr=4.135605e-05 grad_norm=0.151261
step=10210 layers=0,23 seq_len=63163 skipped_length=0 loss=0.269120 teacher_kl=0.786937 teacher_l1=0.000732 topk_boundary_loss=0.008327 teacher_recall=0.898121 causal_density=0.652203 target_group_coverage=0.836780 same_head_all_targets_hit=1.000000 rank_loss=0.125018 aggregation_loss=0.037645 negative_penalty=0.000283 soft_effective_blocks=165.117530 current_block_budget=256.000000 energy_mean=0.048302 energy_std=0.262748 lr=4.133963e-05 grad_norm=0.089046
step=10220 layers=2,27 seq_len=51903 skipped_length=0 loss=0.248345 teacher_kl=0.742112 teacher_l1=0.000631 topk_boundary_loss=0.008395 teacher_recall=0.894234 causal_density=0.652178 target_group_coverage=0.757266 same_head_all_targets_hit=1.000000 rank_loss=0.101569 aggregation_loss=0.035560 negative_penalty=0.000204 soft_effective_blocks=183.046519 current_block_budget=256.000000 energy_mean=0.047473 energy_std=0.238842 lr=4.132319e-05 grad_norm=0.073753
step=10230 layers=2,32 seq_len=63071 skipped_length=0 loss=0.222857 teacher_kl=0.600875 teacher_l1=0.000581 topk_boundary_loss=0.006806 teacher_recall=0.905218 causal_density=0.652256 target_group_coverage=0.829167 same_head_all_targets_hit=0.950000 rank_loss=0.122793 aggregation_loss=0.018247 negative_penalty=0.000247 soft_effective_blocks=175.075613 current_block_budget=256.000000 energy_mean=0.052785 energy_std=0.253587 lr=4.130674e-05 grad_norm=0.075577
step=10240 layers=5,8 seq_len=58812 skipped_length=0 loss=0.297607 teacher_kl=0.886033 teacher_l1=0.000741 topk_boundary_loss=0.008923 teacher_recall=0.885281 causal_density=0.652183 target_group_coverage=0.840625 same_head_all_targets_hit=1.000000 rank_loss=0.155450 aggregation_loss=0.000000 negative_penalty=0.000262 soft_effective_blocks=173.621019 current_block_budget=256.000000 energy_mean=0.046904 energy_std=0.252883 lr=4.129029e-05 grad_norm=0.119120
step=10250 layers=2,17 seq_len=51515 skipped_length=0 loss=0.261687 teacher_kl=0.773782 teacher_l1=0.000673 topk_boundary_loss=0.008255 teacher_recall=0.885203 causal_density=0.652302 target_group_coverage=0.795313 same_head_all_targets_hit=1.000000 rank_loss=0.132565 aggregation_loss=0.000000 negative_penalty=0.000178 soft_effective_blocks=183.840500 current_block_budget=256.000000 energy_mean=0.050381 energy_std=0.239582 lr=4.127382e-05 grad_norm=0.070484
[save] raw=/inspire/hdd/global_user/gexinmu-253108100065/Repos/fuyicheng_workshop/Innovator-lm-evaluation-hardness/x-attention-main/xattn/qwen_weights/conv_qwen3_boundary_v2/conv_kernel_7x7_qwen3_8b_boundary_v2_t065_s16_48k64k_bf16_step10250.pt
[save] ema=/inspire/hdd/global_user/gexinmu-253108100065/Repos/fuyicheng_workshop/Innovator-lm-evaluation-hardness/x-attention-main/xattn/qwen_weights/conv_qwen3_boundary_v2/conv_kernel_7x7_qwen3_8b_boundary_v2_t065_s16_48k64k_bf16_ema_step10250.pt
[save] state=/inspire/hdd/global_user/gexinmu-253108100065/Repos/fuyicheng_workshop/Innovator-lm-evaluation-hardness/x-attention-main/xattn/qwen_weights/conv_qwen3_boundary_v2/conv_kernel_7x7_qwen3_8b_boundary_v2_t065_s16_48k64k_bf16_train_state.pt
step=10260 layers=26,32 seq_len=56549 skipped_length=0 loss=0.248725 teacher_kl=0.648326 teacher_l1=0.000617 topk_boundary_loss=0.007743 teacher_recall=0.898844 causal_density=0.652212 target_group_coverage=0.828255 same_head_all_targets_hit=1.000000 rank_loss=0.149153 aggregation_loss=0.000000 negative_penalty=0.000277 soft_effective_blocks=165.630779 current_block_budget=256.000000 energy_mean=0.050020 energy_std=0.260575 lr=4.125734e-05 grad_norm=0.094388
step=10270 layers=1,10 seq_len=62657 skipped_length=0 loss=0.279318 teacher_kl=0.805284 teacher_l1=0.000718 topk_boundary_loss=0.008293 teacher_recall=0.894781 causal_density=0.652255 target_group_coverage=0.868273 same_head_all_targets_hit=1.000000 rank_loss=0.146021 aggregation_loss=0.018093 negative_penalty=0.000262 soft_effective_blocks=176.562753 current_block_budget=256.000000 energy_mean=0.048446 energy_std=0.242766 lr=4.124084e-05 grad_norm=0.098916
step=10280 layers=2,12 seq_len=64418 skipped_length=0 loss=0.232004 teacher_kl=0.627324 teacher_l1=0.000593 topk_boundary_loss=0.007976 teacher_recall=0.894385 causal_density=0.652243 target_group_coverage=0.838889 same_head_all_targets_hit=1.000000 rank_loss=0.115898 aggregation_loss=0.018101 negative_penalty=0.000242 soft_effective_blocks=166.853306 current_block_budget=256.000000 energy_mean=0.051846 energy_std=0.262658 lr=4.122434e-05 grad_norm=0.076306
step=10290 layers=7,10 seq_len=60702 skipped_length=0 loss=0.273809 teacher_kl=0.779429 teacher_l1=0.000636 topk_boundary_loss=0.009405 teacher_recall=0.887398 causal_density=0.652161 target_group_coverage=0.720495 same_head_all_targets_hit=0.950000 rank_loss=0.121335 aggregation_loss=0.035272 negative_penalty=0.000205 soft_effective_blocks=185.682026 current_block_budget=256.000000 energy_mean=0.047638 energy_std=0.239606 lr=4.120782e-05 grad_norm=0.130225
step=10300 layers=0,1 seq_len=52192 skipped_length=0 loss=0.251352 teacher_kl=0.682020 teacher_l1=0.000655 topk_boundary_loss=0.007890 teacher_recall=0.905807 causal_density=0.652168 target_group_coverage=0.794141 same_head_all_targets_hit=1.000000 rank_loss=0.135495 aggregation_loss=0.018368 negative_penalty=0.000284 soft_effective_blocks=165.484418 current_block_budget=256.000000 energy_mean=0.050060 energy_std=0.275412 lr=4.119130e-05 grad_norm=0.114059
step=10310 layers=12,13 seq_len=62043 skipped_length=0 loss=0.266420 teacher_kl=0.784302 teacher_l1=0.000664 topk_boundary_loss=0.008376 teacher_recall=0.897904 causal_density=0.652192 target_group_coverage=0.837214 same_head_all_targets_hit=1.000000 rank_loss=0.121085 aggregation_loss=0.036290 negative_penalty=0.000238 soft_effective_blocks=180.838380 current_block_budget=256.000000 energy_mean=0.048081 energy_std=0.243392 lr=4.117476e-05 grad_norm=0.085626
step=10320 layers=2,19 seq_len=64026 skipped_length=0 loss=0.253292 teacher_kl=0.730926 teacher_l1=0.000670 topk_boundary_loss=0.007899 teacher_recall=0.888638 causal_density=0.652264 target_group_coverage=0.791493 same_head_all_targets_hit=0.900000 rank_loss=0.118559 aggregation_loss=0.037123 negative_penalty=0.000263 soft_effective_blocks=166.356917 current_block_budget=256.000000 energy_mean=0.051336 energy_std=0.267379 lr=4.115821e-05 grad_norm=0.085786
step=10330 layers=9,25 seq_len=57365 skipped_length=0 loss=0.264806 teacher_kl=0.726735 teacher_l1=0.000664 topk_boundary_loss=0.008561 teacher_recall=0.885132 causal_density=0.652302 target_group_coverage=0.836589 same_head_all_targets_hit=0.950000 rank_loss=0.137668 aggregation_loss=0.018663 negative_penalty=0.000217 soft_effective_blocks=172.109978 current_block_budget=256.000000 energy_mean=0.050722 energy_std=0.248674 lr=4.114165e-05 grad_norm=0.082810
step=10340 layers=8,10 seq_len=57666 skipped_length=0 loss=0.276683 teacher_kl=0.799536 teacher_l1=0.000694 topk_boundary_loss=0.008302 teacher_recall=0.885159 causal_density=0.652189 target_group_coverage=0.752734 same_head_all_targets_hit=1.000000 rank_loss=0.150486 aggregation_loss=0.000000 negative_penalty=0.000252 soft_effective_blocks=179.472844 current_block_budget=256.000000 energy_mean=0.047503 energy_std=0.240610 lr=4.112508e-05 grad_norm=0.079801
step=10350 layers=0,33 seq_len=60043 skipped_length=0 loss=0.237714 teacher_kl=0.673090 teacher_l1=0.000653 topk_boundary_loss=0.008009 teacher_recall=0.894730 causal_density=0.652313 target_group_coverage=0.740156 same_head_all_targets_hit=1.000000 rank_loss=0.113613 aggregation_loss=0.017875 negative_penalty=0.000233 soft_effective_blocks=164.444701 current_block_budget=256.000000 energy_mean=0.053116 energy_std=0.265744 lr=4.110850e-05 grad_norm=0.093884
step=10360 layers=16,17 seq_len=55908 skipped_length=0 loss=0.256281 teacher_kl=0.685234 teacher_l1=0.000618 topk_boundary_loss=0.008256 teacher_recall=0.893693 causal_density=0.652201 target_group_coverage=0.877214 same_head_all_targets_hit=1.000000 rank_loss=0.138015 aggregation_loss=0.018418 negative_penalty=0.000230 soft_effective_blocks=172.866026 current_block_budget=256.000000 energy_mean=0.050040 energy_std=0.259519 lr=4.109191e-05 grad_norm=0.102679
step=10370 layers=5,28 seq_len=58159 skipped_length=0 loss=0.273090 teacher_kl=0.795760 teacher_l1=0.000705 topk_boundary_loss=0.009927 teacher_recall=0.890638 causal_density=0.652221 target_group_coverage=0.806953 same_head_all_targets_hit=1.000000 rank_loss=0.101312 aggregation_loss=0.053910 negative_penalty=0.000255 soft_effective_blocks=173.165736 current_block_budget=256.000000 energy_mean=0.048345 energy_std=0.253069 lr=4.107531e-05 grad_norm=0.109434
step=10380 layers=3,31 seq_len=59552 skipped_length=0 loss=0.262912 teacher_kl=0.731411 teacher_l1=0.000693 topk_boundary_loss=0.007626 teacher_recall=0.899416 causal_density=0.652328 target_group_coverage=0.756120 same_head_all_targets_hit=1.000000 rank_loss=0.153575 aggregation_loss=0.000000 negative_penalty=0.000308 soft_effective_blocks=162.186104 current_block_budget=256.000000 energy_mean=0.052685 energy_std=0.273585 lr=4.105869e-05 grad_norm=0.083377
step=10390 layers=7,16 seq_len=57239 skipped_length=0 loss=0.262809 teacher_kl=0.780436 teacher_l1=0.000692 topk_boundary_loss=0.008333 teacher_recall=0.886441 causal_density=0.652288 target_group_coverage=0.847656 same_head_all_targets_hit=1.000000 rank_loss=0.131732 aggregation_loss=0.000000 negative_penalty=0.000246 soft_effective_blocks=179.077602 current_block_budget=256.000000 energy_mean=0.049199 energy_std=0.233051 lr=4.104207e-05 grad_norm=0.082600
step=10400 layers=3,11 seq_len=56491 skipped_length=0 loss=0.245378 teacher_kl=0.651428 teacher_l1=0.000587 topk_boundary_loss=0.007695 teacher_recall=0.900055 causal_density=0.652181 target_group_coverage=0.821354 same_head_all_targets_hit=0.950000 rank_loss=0.143445 aggregation_loss=0.000000 negative_penalty=0.000217 soft_effective_blocks=175.714977 current_block_budget=256.000000 energy_mean=0.050693 energy_std=0.264108 lr=4.102543e-05 grad_norm=0.068308
step=10410 layers=7,28 seq_len=59548 skipped_length=0 loss=0.266749 teacher_kl=0.737329 teacher_l1=0.000660 topk_boundary_loss=0.007701 teacher_recall=0.893273 causal_density=0.652272 target_group_coverage=0.819531 same_head_all_targets_hit=1.000000 rank_loss=0.157503 aggregation_loss=0.000000 negative_penalty=0.000209 soft_effective_blocks=172.644157 current_block_budget=256.000000 energy_mean=0.050344 energy_std=0.247421 lr=4.100878e-05 grad_norm=0.127756
step=10420 layers=4,25 seq_len=61473 skipped_length=0 loss=0.259125 teacher_kl=0.736623 teacher_l1=0.000692 topk_boundary_loss=0.008249 teacher_recall=0.893286 causal_density=0.652283 target_group_coverage=0.873047 same_head_all_targets_hit=1.000000 rank_loss=0.137655 aggregation_loss=0.000000 negative_penalty=0.000296 soft_effective_blocks=166.610542 current_block_budget=256.000000 energy_mean=0.051198 energy_std=0.262564 lr=4.099212e-05 grad_norm=0.085320
step=10430 layers=9,30 seq_len=61508 skipped_length=0 loss=0.253375 teacher_kl=0.684591 teacher_l1=0.000624 topk_boundary_loss=0.008385 teacher_recall=0.883318 causal_density=0.652252 target_group_coverage=0.854688 same_head_all_targets_hit=1.000000 rank_loss=0.139280 aggregation_loss=0.000000 negative_penalty=0.000261 soft_effective_blocks=167.308249 current_block_budget=256.000000 energy_mean=0.051188 energy_std=0.261603 lr=4.097545e-05 grad_norm=0.063631
step=10440 layers=25,33 seq_len=55250 skipped_length=0 loss=0.272199 teacher_kl=0.782759 teacher_l1=0.000720 topk_boundary_loss=0.008116 teacher_recall=0.894591 causal_density=0.652308 target_group_coverage=0.680078 same_head_all_targets_hit=1.000000 rank_loss=0.149685 aggregation_loss=0.000000 negative_penalty=0.000223 soft_effective_blocks=165.046017 current_block_budget=256.000000 energy_mean=0.051557 energy_std=0.258967 lr=4.095877e-05 grad_norm=0.091609
step=10450 layers=15,20 seq_len=53956 skipped_length=0 loss=0.269518 teacher_kl=0.812483 teacher_l1=0.000728 topk_boundary_loss=0.008088 teacher_recall=0.891250 causal_density=0.652305 target_group_coverage=0.883854 same_head_all_targets_hit=1.000000 rank_loss=0.138169 aggregation_loss=0.000000 negative_penalty=0.000237 soft_effective_blocks=165.405109 current_block_budget=256.000000 energy_mean=0.051065 energy_std=0.252315 lr=4.094208e-05 grad_norm=0.071120
step=10460 layers=1,7 seq_len=56588 skipped_length=0 loss=0.232977 teacher_kl=0.623490 teacher_l1=0.000638 topk_boundary_loss=0.009259 teacher_recall=0.902518 causal_density=0.652311 target_group_coverage=0.894757 same_head_all_targets_hit=1.000000 rank_loss=0.079024 aggregation_loss=0.071717 negative_penalty=0.000297 soft_effective_blocks=165.565106 current_block_budget=256.000000 energy_mean=0.052213 energy_std=0.271309 lr=4.092538e-05 grad_norm=0.149140
step=10470 layers=2,25 seq_len=62183 skipped_length=0 loss=0.268889 teacher_kl=0.784195 teacher_l1=0.000659 topk_boundary_loss=0.007744 teacher_recall=0.892956 causal_density=0.652200 target_group_coverage=0.860590 same_head_all_targets_hit=1.000000 rank_loss=0.141136 aggregation_loss=0.018345 negative_penalty=0.000225 soft_effective_blocks=180.908926 current_block_budget=256.000000 energy_mean=0.049712 energy_std=0.248323 lr=4.090867e-05 grad_norm=0.086266
step=10480 layers=9,11 seq_len=52901 skipped_length=0 loss=0.240070 teacher_kl=0.687762 teacher_l1=0.000677 topk_boundary_loss=0.007991 teacher_recall=0.894119 causal_density=0.652297 target_group_coverage=0.905469 same_head_all_targets_hit=1.000000 rank_loss=0.106450 aggregation_loss=0.036284 negative_penalty=0.000231 soft_effective_blocks=165.733626 current_block_budget=256.000000 energy_mean=0.051511 energy_std=0.263449 lr=4.089194e-05 grad_norm=0.066281
step=10490 layers=12,21 seq_len=54800 skipped_length=0 loss=0.261673 teacher_kl=0.778324 teacher_l1=0.000674 topk_boundary_loss=0.008223 teacher_recall=0.898577 causal_density=0.652230 target_group_coverage=0.777396 same_head_all_targets_hit=0.950000 rank_loss=0.116415 aggregation_loss=0.037008 negative_penalty=0.000242 soft_effective_blocks=179.229839 current_block_budget=256.000000 energy_mean=0.047569 energy_std=0.241179 lr=4.087521e-05 grad_norm=0.094838
step=10500 layers=5,23 seq_len=58374 skipped_length=0 loss=0.266069 teacher_kl=0.787225 teacher_l1=0.000688 topk_boundary_loss=0.008294 teacher_recall=0.887214 causal_density=0.652214 target_group_coverage=0.908464 same_head_all_targets_hit=1.000000 rank_loss=0.121085 aggregation_loss=0.035771 negative_penalty=0.000236 soft_effective_blocks=168.066766 current_block_budget=256.000000 energy_mean=0.050226 energy_std=0.268370 lr=4.085846e-05 grad_norm=0.087885
[save] raw=/inspire/hdd/global_user/gexinmu-253108100065/Repos/fuyicheng_workshop/Innovator-lm-evaluation-hardness/x-attention-main/xattn/qwen_weights/conv_qwen3_boundary_v2/conv_kernel_7x7_qwen3_8b_boundary_v2_t065_s16_48k64k_bf16_step10500.pt
[save] ema=/inspire/hdd/global_user/gexinmu-253108100065/Repos/fuyicheng_workshop/Innovator-lm-evaluation-hardness/x-attention-main/xattn/qwen_weights/conv_qwen3_boundary_v2/conv_kernel_7x7_qwen3_8b_boundary_v2_t065_s16_48k64k_bf16_ema_step10500.pt
[save] state=/inspire/hdd/global_user/gexinmu-253108100065/Repos/fuyicheng_workshop/Innovator-lm-evaluation-hardness/x-attention-main/xattn/qwen_weights/conv_qwen3_boundary_v2/conv_kernel_7x7_qwen3_8b_boundary_v2_t065_s16_48k64k_bf16_train_state.pt
step=10510 layers=0,21 seq_len=65107 skipped_length=0 loss=0.252339 teacher_kl=0.640061 teacher_l1=0.000585 topk_boundary_loss=0.007738 teacher_recall=0.897761 causal_density=0.652181 target_group_coverage=0.847266 same_head_all_targets_hit=1.000000 rank_loss=0.157316 aggregation_loss=0.000000 negative_penalty=0.000274 soft_effective_blocks=176.162678 current_block_budget=256.000000 energy_mean=0.050654 energy_std=0.254335 lr=4.084171e-05 grad_norm=0.092044
step=10520 layers=20,23 seq_len=63210 skipped_length=0 loss=0.278713 teacher_kl=0.776465 teacher_l1=0.000681 topk_boundary_loss=0.009234 teacher_recall=0.892626 causal_density=0.652253 target_group_coverage=0.884766 same_head_all_targets_hit=1.000000 rank_loss=0.147220 aggregation_loss=0.000000 negative_penalty=0.000238 soft_effective_blocks=176.686940 current_block_budget=256.000000 energy_mean=0.048768 energy_std=0.243658 lr=4.082494e-05 grad_norm=0.116582
step=10530 layers=10,27 seq_len=56991 skipped_length=0 loss=0.250168 teacher_kl=0.713597 teacher_l1=0.000624 topk_boundary_loss=0.007258 teacher_recall=0.904850 causal_density=0.652169 target_group_coverage=0.772743 same_head_all_targets_hit=0.950000 rank_loss=0.133868 aggregation_loss=0.018834 negative_penalty=0.000230 soft_effective_blocks=173.452400 current_block_budget=256.000000 energy_mean=0.050110 energy_std=0.262635 lr=4.080816e-05 grad_norm=0.088550
step=10540 layers=1,14 seq_len=61567 skipped_length=0 loss=0.242434 teacher_kl=0.657216 teacher_l1=0.000658 topk_boundary_loss=0.007888 teacher_recall=0.895573 causal_density=0.652299 target_group_coverage=0.827995 same_head_all_targets_hit=1.000000 rank_loss=0.127002 aggregation_loss=0.018032 negative_penalty=0.000285 soft_effective_blocks=159.177590 current_block_budget=256.000000 energy_mean=0.053099 energy_std=0.277234 lr=4.079137e-05 grad_norm=0.106954
step=10550 layers=19,24 seq_len=53183 skipped_length=0 loss=0.304661 teacher_kl=0.858326 teacher_l1=0.000722 topk_boundary_loss=0.010307 teacher_recall=0.877717 causal_density=0.652266 target_group_coverage=0.811198 same_head_all_targets_hit=1.000000 rank_loss=0.155692 aggregation_loss=0.000000 negative_penalty=0.000182 soft_effective_blocks=179.008835 current_block_budget=256.000000 energy_mean=0.049513 energy_std=0.237321 lr=4.077458e-05 grad_norm=0.124013
step=10560 layers=18,22 seq_len=57555 skipped_length=0 loss=0.241539 teacher_kl=0.712799 teacher_l1=0.000659 topk_boundary_loss=0.007144 teacher_recall=0.899078 causal_density=0.652304 target_group_coverage=0.847005 same_head_all_targets_hit=0.950000 rank_loss=0.106531 aggregation_loss=0.054022 negative_penalty=0.000245 soft_effective_blocks=160.817311 current_block_budget=256.000000 energy_mean=0.051739 energy_std=0.263624 lr=4.075777e-05 grad_norm=0.075789
step=10570 layers=0,6 seq_len=56781 skipped_length=0 loss=0.265845 teacher_kl=0.689037 teacher_l1=0.000647 topk_boundary_loss=0.010015 teacher_recall=0.893844 causal_density=0.652248 target_group_coverage=0.893672 same_head_all_targets_hit=1.000000 rank_loss=0.129698 aggregation_loss=0.018018 negative_penalty=0.000326 soft_effective_blocks=170.660075 current_block_budget=256.000000 energy_mean=0.050220 energy_std=0.265253 lr=4.074094e-05 grad_norm=0.148727
step=10580 layers=26,30 seq_len=58889 skipped_length=0 loss=0.262290 teacher_kl=0.811836 teacher_l1=0.000735 topk_boundary_loss=0.008563 teacher_recall=0.884023 causal_density=0.652303 target_group_coverage=0.846172 same_head_all_targets_hit=1.000000 rank_loss=0.104948 aggregation_loss=0.035991 negative_penalty=0.000241 soft_effective_blocks=165.823097 current_block_budget=256.000000 energy_mean=0.052013 energy_std=0.259388 lr=4.072411e-05 grad_norm=0.084977
step=10590 layers=5,26 seq_len=58029 skipped_length=0 loss=0.249988 teacher_kl=0.697617 teacher_l1=0.000645 topk_boundary_loss=0.009613 teacher_recall=0.894013 causal_density=0.652290 target_group_coverage=0.773090 same_head_all_targets_hit=1.000000 rank_loss=0.091587 aggregation_loss=0.053815 negative_penalty=0.000236 soft_effective_blocks=179.387481 current_block_budget=256.000000 energy_mean=0.049774 energy_std=0.247477 lr=4.070727e-05 grad_norm=0.117894
step=10600 layers=25,33 seq_len=56321 skipped_length=0 loss=0.255814 teacher_kl=0.707067 teacher_l1=0.000641 topk_boundary_loss=0.008115 teacher_recall=0.892111 causal_density=0.652186 target_group_coverage=0.892109 same_head_all_targets_hit=1.000000 rank_loss=0.133715 aggregation_loss=0.018275 negative_penalty=0.000224 soft_effective_blocks=173.243877 current_block_budget=256.000000 energy_mean=0.050303 energy_std=0.257932 lr=4.069042e-05 grad_norm=0.071113
step=10610 layers=21,32 seq_len=54096 skipped_length=0 loss=0.260342 teacher_kl=0.721144 teacher_l1=0.000646 topk_boundary_loss=0.007606 teacher_recall=0.900585 causal_density=0.652218 target_group_coverage=0.800260 same_head_all_targets_hit=1.000000 rank_loss=0.152143 aggregation_loss=0.000000 negative_penalty=0.000227 soft_effective_blocks=167.360920 current_block_budget=256.000000 energy_mean=0.050747 energy_std=0.270401 lr=4.067356e-05 grad_norm=0.075200
step=10620 layers=9,23 seq_len=62705 skipped_length=0 loss=0.262538 teacher_kl=0.706394 teacher_l1=0.000648 topk_boundary_loss=0.007750 teacher_recall=0.893135 causal_density=0.652280 target_group_coverage=0.879948 same_head_all_targets_hit=0.950000 rank_loss=0.157565 aggregation_loss=0.000000 negative_penalty=0.000268 soft_effective_blocks=172.529427 current_block_budget=256.000000 energy_mean=0.051085 energy_std=0.250937 lr=4.065668e-05 grad_norm=0.106864
step=10630 layers=15,27 seq_len=58546 skipped_length=0 loss=0.248148 teacher_kl=0.710070 teacher_l1=0.000606 topk_boundary_loss=0.008036 teacher_recall=0.899779 causal_density=0.652197 target_group_coverage=0.930547 same_head_all_targets_hit=1.000000 rank_loss=0.121436 aggregation_loss=0.017803 negative_penalty=0.000179 soft_effective_blocks=177.866509 current_block_budget=256.000000 energy_mean=0.050555 energy_std=0.257811 lr=4.063980e-05 grad_norm=0.101402
step=10640 layers=8,31 seq_len=50455 skipped_length=0 loss=0.231382 teacher_kl=0.718869 teacher_l1=0.000658 topk_boundary_loss=0.008285 teacher_recall=0.891222 causal_density=0.652237 target_group_coverage=0.807656 same_head_all_targets_hit=0.900000 rank_loss=0.072399 aggregation_loss=0.055157 negative_penalty=0.000290 soft_effective_blocks=174.790306 current_block_budget=256.000000 energy_mean=0.049578 energy_std=0.248812 lr=4.062290e-05 grad_norm=0.094631
step=10650 layers=12,22 seq_len=64750 skipped_length=0 loss=0.261548 teacher_kl=0.761328 teacher_l1=0.000706 topk_boundary_loss=0.007622 teacher_recall=0.907405 causal_density=0.652249 target_group_coverage=0.801042 same_head_all_targets_hit=0.950000 rank_loss=0.136458 aggregation_loss=0.017803 negative_penalty=0.000304 soft_effective_blocks=155.221124 current_block_budget=256.000000 energy_mean=0.051699 energy_std=0.287681 lr=4.060600e-05 grad_norm=0.096229
step=10660 layers=18,20 seq_len=52671 skipped_length=0 loss=0.264655 teacher_kl=0.740534 teacher_l1=0.000693 topk_boundary_loss=0.008849 teacher_recall=0.882177 causal_density=0.652276 target_group_coverage=0.922917 same_head_all_targets_hit=1.000000 rank_loss=0.137910 aggregation_loss=0.000000 negative_penalty=0.000190 soft_effective_blocks=179.674809 current_block_budget=256.000000 energy_mean=0.048984 energy_std=0.234469 lr=4.058908e-05 grad_norm=0.084147
step=10670 layers=9,11 seq_len=63507 skipped_length=0 loss=0.268604 teacher_kl=0.738830 teacher_l1=0.000667 topk_boundary_loss=0.008532 teacher_recall=0.900678 causal_density=0.652201 target_group_coverage=0.914141 same_head_all_targets_hit=0.950000 rank_loss=0.141272 aggregation_loss=0.018863 negative_penalty=0.000283 soft_effective_blocks=170.351694 current_block_budget=256.000000 energy_mean=0.049863 energy_std=0.260810 lr=4.057215e-05 grad_norm=0.118470
step=10680 layers=9,25 seq_len=62309 skipped_length=0 loss=0.249917 teacher_kl=0.739614 teacher_l1=0.000648 topk_boundary_loss=0.007660 teacher_recall=0.895151 causal_density=0.652196 target_group_coverage=0.751042 same_head_all_targets_hit=0.950000 rank_loss=0.113739 aggregation_loss=0.037652 negative_penalty=0.000253 soft_effective_blocks=171.783703 current_block_budget=256.000000 energy_mean=0.050849 energy_std=0.269688 lr=4.055522e-05 grad_norm=0.068172
step=10690 layers=19,31 seq_len=52700 skipped_length=0 loss=0.253014 teacher_kl=0.685774 teacher_l1=0.000628 topk_boundary_loss=0.008782 teacher_recall=0.889234 causal_density=0.652281 target_group_coverage=0.787821 same_head_all_targets_hit=1.000000 rank_loss=0.118375 aggregation_loss=0.035311 negative_penalty=0.000243 soft_effective_blocks=172.597552 current_block_budget=256.000000 energy_mean=0.052189 energy_std=0.253169 lr=4.053827e-05 grad_norm=0.105589
step=10700 layers=1,11 seq_len=65440 skipped_length=0 loss=0.267889 teacher_kl=0.771659 teacher_l1=0.000699 topk_boundary_loss=0.008113 teacher_recall=0.890483 causal_density=0.652232 target_group_coverage=0.811849 same_head_all_targets_hit=1.000000 rank_loss=0.137692 aggregation_loss=0.018327 negative_penalty=0.000164 soft_effective_blocks=176.342821 current_block_budget=256.000000 energy_mean=0.049169 energy_std=0.244395 lr=4.052131e-05 grad_norm=0.091333
step=10710 layers=4,32 seq_len=56678 skipped_length=0 loss=0.275635 teacher_kl=0.748904 teacher_l1=0.000714 topk_boundary_loss=0.011139 teacher_recall=0.892621 causal_density=0.652379 target_group_coverage=0.850859 same_head_all_targets_hit=1.000000 rank_loss=0.108706 aggregation_loss=0.035686 negative_penalty=0.000312 soft_effective_blocks=159.503658 current_block_budget=256.000000 energy_mean=0.053742 energy_std=0.271067 lr=4.050434e-05 grad_norm=0.183923
step=10720 layers=13,21 seq_len=53017 skipped_length=0 loss=0.264682 teacher_kl=0.732676 teacher_l1=0.000688 topk_boundary_loss=0.008724 teacher_recall=0.888449 causal_density=0.652314 target_group_coverage=0.809418 same_head_all_targets_hit=1.000000 rank_loss=0.134172 aggregation_loss=0.017764 negative_penalty=0.000247 soft_effective_blocks=157.652841 current_block_budget=256.000000 energy_mean=0.054177 energy_std=0.277106 lr=4.048736e-05 grad_norm=0.135410
step=10730 layers=10,15 seq_len=56736 skipped_length=0 loss=0.255227 teacher_kl=0.757196 teacher_l1=0.000663 topk_boundary_loss=0.007600 teacher_recall=0.904151 causal_density=0.652214 target_group_coverage=0.875964 same_head_all_targets_hit=1.000000 rank_loss=0.127280 aggregation_loss=0.017761 negative_penalty=0.000225 soft_effective_blocks=184.344876 current_block_budget=256.000000 energy_mean=0.048010 energy_std=0.240743 lr=4.047037e-05 grad_norm=0.062031
step=10740 layers=25,34 seq_len=53313 skipped_length=0 loss=0.276337 teacher_kl=0.760147 teacher_l1=0.000649 topk_boundary_loss=0.009237 teacher_recall=0.886403 causal_density=0.652170 target_group_coverage=0.775469 same_head_all_targets_hit=1.000000 rank_loss=0.139738 aggregation_loss=0.018133 negative_penalty=0.000279 soft_effective_blocks=176.849432 current_block_budget=256.000000 energy_mean=0.048409 energy_std=0.249884 lr=4.045337e-05 grad_norm=0.127953
step=10750 layers=17,20 seq_len=59987 skipped_length=0 loss=0.238055 teacher_kl=0.669387 teacher_l1=0.000659 topk_boundary_loss=0.007955 teacher_recall=0.887568 causal_density=0.652300 target_group_coverage=0.837717 same_head_all_targets_hit=1.000000 rank_loss=0.115672 aggregation_loss=0.018268 negative_penalty=0.000191 soft_effective_blocks=168.285966 current_block_budget=256.000000 energy_mean=0.052619 energy_std=0.261738 lr=4.043636e-05 grad_norm=0.062587
[save] raw=/inspire/hdd/global_user/gexinmu-253108100065/Repos/fuyicheng_workshop/Innovator-lm-evaluation-hardness/x-attention-main/xattn/qwen_weights/conv_qwen3_boundary_v2/conv_kernel_7x7_qwen3_8b_boundary_v2_t065_s16_48k64k_bf16_step10750.pt
[save] ema=/inspire/hdd/global_user/gexinmu-253108100065/Repos/fuyicheng_workshop/Innovator-lm-evaluation-hardness/x-attention-main/xattn/qwen_weights/conv_qwen3_boundary_v2/conv_kernel_7x7_qwen3_8b_boundary_v2_t065_s16_48k64k_bf16_ema_step10750.pt
[save] state=/inspire/hdd/global_user/gexinmu-253108100065/Repos/fuyicheng_workshop/Innovator-lm-evaluation-hardness/x-attention-main/xattn/qwen_weights/conv_qwen3_boundary_v2/conv_kernel_7x7_qwen3_8b_boundary_v2_t065_s16_48k64k_bf16_train_state.pt
step=10760 layers=11,16 seq_len=58315 skipped_length=0 loss=0.257176 teacher_kl=0.723798 teacher_l1=0.000659 topk_boundary_loss=0.007466 teacher_recall=0.904855 causal_density=0.652229 target_group_coverage=0.834549 same_head_all_targets_hit=1.000000 rank_loss=0.132623 aggregation_loss=0.037045 negative_penalty=0.000298 soft_effective_blocks=162.647977 current_block_budget=256.000000 energy_mean=0.052103 energy_std=0.283513 lr=4.041934e-05 grad_norm=0.108315
step=10770 layers=16,33 seq_len=51718 skipped_length=0 loss=0.274937 teacher_kl=0.784413 teacher_l1=0.000669 topk_boundary_loss=0.008679 teacher_recall=0.884938 causal_density=0.652224 target_group_coverage=0.809141 same_head_all_targets_hit=1.000000 rank_loss=0.138733 aggregation_loss=0.018250 negative_penalty=0.000243 soft_effective_blocks=184.373943 current_block_budget=256.000000 energy_mean=0.048175 energy_std=0.230134 lr=4.040231e-05 grad_norm=0.089784
step=10780 layers=0,21 seq_len=58117 skipped_length=0 loss=0.254354 teacher_kl=0.643677 teacher_l1=0.000638 topk_boundary_loss=0.008203 teacher_recall=0.889491 causal_density=0.652301 target_group_coverage=0.875391 same_head_all_targets_hit=1.000000 rank_loss=0.153563 aggregation_loss=0.000000 negative_penalty=0.000232 soft_effective_blocks=167.069151 current_block_budget=256.000000 energy_mean=0.052507 energy_std=0.265385 lr=4.038527e-05 grad_norm=0.095384
step=10790 layers=3,4 seq_len=60308 skipped_length=0 loss=0.264412 teacher_kl=0.756336 teacher_l1=0.000652 topk_boundary_loss=0.008511 teacher_recall=0.895053 causal_density=0.652171 target_group_coverage=0.861719 same_head_all_targets_hit=1.000000 rank_loss=0.138056 aggregation_loss=0.000000 negative_penalty=0.000223 soft_effective_blocks=180.973236 current_block_budget=256.000000 energy_mean=0.047686 energy_std=0.251364 lr=4.036822e-05 grad_norm=0.095080
step=10800 layers=1,18 seq_len=62583 skipped_length=0 loss=0.264436 teacher_kl=0.739172 teacher_l1=0.000695 topk_boundary_loss=0.007652 teacher_recall=0.899709 causal_density=0.652313 target_group_coverage=0.864062 same_head_all_targets_hit=1.000000 rank_loss=0.153837 aggregation_loss=0.000000 negative_penalty=0.000270 soft_effective_blocks=158.356311 current_block_budget=256.000000 energy_mean=0.054111 energy_std=0.274263 lr=4.035115e-05 grad_norm=0.129034
step=10810 layers=4,9 seq_len=52950 skipped_length=0 loss=0.242935 teacher_kl=0.672823 teacher_l1=0.000589 topk_boundary_loss=0.007862 teacher_recall=0.890243 causal_density=0.652172 target_group_coverage=0.881250 same_head_all_targets_hit=0.900000 rank_loss=0.124729 aggregation_loss=0.016949 negative_penalty=0.000268 soft_effective_blocks=179.545881 current_block_budget=256.000000 energy_mean=0.049051 energy_std=0.248790 lr=4.033408e-05 grad_norm=0.086455
step=10820 layers=23,34 seq_len=54086 skipped_length=0 loss=0.277421 teacher_kl=0.816077 teacher_l1=0.000677 topk_boundary_loss=0.008445 teacher_recall=0.891008 causal_density=0.652137 target_group_coverage=0.840495 same_head_all_targets_hit=1.000000 rank_loss=0.145682 aggregation_loss=0.000000 negative_penalty=0.000217 soft_effective_blocks=180.168262 current_block_budget=256.000000 energy_mean=0.047955 energy_std=0.253613 lr=4.031700e-05 grad_norm=0.086886
step=10830 layers=12,30 seq_len=61750 skipped_length=0 loss=0.266469 teacher_kl=0.761362 teacher_l1=0.000661 topk_boundary_loss=0.008619 teacher_recall=0.888065 causal_density=0.652162 target_group_coverage=0.811120 same_head_all_targets_hit=1.000000 rank_loss=0.122961 aggregation_loss=0.037991 negative_penalty=0.000234 soft_effective_blocks=170.378886 current_block_budget=256.000000 energy_mean=0.048892 energy_std=0.260619 lr=4.029991e-05 grad_norm=0.123547
step=10840 layers=20,27 seq_len=52269 skipped_length=0 loss=0.221947 teacher_kl=0.678512 teacher_l1=0.000654 topk_boundary_loss=0.007222 teacher_recall=0.906351 causal_density=0.652299 target_group_coverage=0.821875 same_head_all_targets_hit=1.000000 rank_loss=0.103926 aggregation_loss=0.000000 negative_penalty=0.000230 soft_effective_blocks=165.587503 current_block_budget=256.000000 energy_mean=0.052830 energy_std=0.262671 lr=4.028280e-05 grad_norm=0.069487
step=10850 layers=8,10 seq_len=53818 skipped_length=0 loss=0.255279 teacher_kl=0.758684 teacher_l1=0.000682 topk_boundary_loss=0.008153 teacher_recall=0.898072 causal_density=0.652234 target_group_coverage=0.802977 same_head_all_targets_hit=0.900000 rank_loss=0.103856 aggregation_loss=0.055603 negative_penalty=0.000244 soft_effective_blocks=163.018095 current_block_budget=256.000000 energy_mean=0.050416 energy_std=0.275956 lr=4.026569e-05 grad_norm=0.079907
step=10860 layers=12,23 seq_len=65370 skipped_length=0 loss=0.262703 teacher_kl=0.758628 teacher_l1=0.000691 topk_boundary_loss=0.007867 teacher_recall=0.891874 causal_density=0.652325 target_group_coverage=0.900391 same_head_all_targets_hit=1.000000 rank_loss=0.143217 aggregation_loss=0.000000 negative_penalty=0.000284 soft_effective_blocks=168.231778 current_block_budget=256.000000 energy_mean=0.051871 energy_std=0.261684 lr=4.024857e-05 grad_norm=0.095692
step=10870 layers=7,9 seq_len=49726 skipped_length=0 loss=0.239790 teacher_kl=0.673254 teacher_l1=0.000632 topk_boundary_loss=0.008045 teacher_recall=0.888330 causal_density=0.652221 target_group_coverage=0.827734 same_head_all_targets_hit=0.900000 rank_loss=0.124010 aggregation_loss=0.000000 negative_penalty=0.000215 soft_effective_blocks=177.689066 current_block_budget=256.000000 energy_mean=0.050146 energy_std=0.240556 lr=4.023143e-05 grad_norm=0.079881
step=10880 layers=17,33 seq_len=60828 skipped_length=0 loss=0.252650 teacher_kl=0.649262 teacher_l1=0.000623 topk_boundary_loss=0.008921 teacher_recall=0.890157 causal_density=0.652292 target_group_coverage=0.860113 same_head_all_targets_hit=0.950000 rank_loss=0.132200 aggregation_loss=0.018141 negative_penalty=0.000198 soft_effective_blocks=174.173044 current_block_budget=256.000000 energy_mean=0.053027 energy_std=0.257446 lr=4.021429e-05 grad_norm=0.129680
step=10890 layers=28,30 seq_len=58507 skipped_length=0 loss=0.254710 teacher_kl=0.816825 teacher_l1=0.000715 topk_boundary_loss=0.008559 teacher_recall=0.892826 causal_density=0.652233 target_group_coverage=0.793082 same_head_all_targets_hit=1.000000 rank_loss=0.076202 aggregation_loss=0.071797 negative_penalty=0.000301 soft_effective_blocks=169.325584 current_block_budget=256.000000 energy_mean=0.050214 energy_std=0.266764 lr=4.019713e-05 grad_norm=0.077161
step=10900 layers=1,16 seq_len=56673 skipped_length=0 loss=0.275037 teacher_kl=0.783199 teacher_l1=0.000694 topk_boundary_loss=0.008480 teacher_recall=0.893311 causal_density=0.652255 target_group_coverage=0.843750 same_head_all_targets_hit=1.000000 rank_loss=0.149466 aggregation_loss=0.000000 negative_penalty=0.000232 soft_effective_blocks=162.738062 current_block_budget=256.000000 energy_mean=0.051668 energy_std=0.262177 lr=4.017997e-05 grad_norm=0.122900
step=10910 layers=14,21 seq_len=61071 skipped_length=0 loss=0.245737 teacher_kl=0.687968 teacher_l1=0.000652 topk_boundary_loss=0.008590 teacher_recall=0.895149 causal_density=0.652285 target_group_coverage=0.839436 same_head_all_targets_hit=0.950000 rank_loss=0.107690 aggregation_loss=0.036664 negative_penalty=0.000285 soft_effective_blocks=173.749725 current_block_budget=256.000000 energy_mean=0.050567 energy_std=0.261963 lr=4.016279e-05 grad_norm=0.103390
step=10920 layers=2,6 seq_len=53529 skipped_length=0 loss=0.253711 teacher_kl=0.757081 teacher_l1=0.000667 topk_boundary_loss=0.007428 teacher_recall=0.899541 causal_density=0.652257 target_group_coverage=0.847500 same_head_all_targets_hit=0.900000 rank_loss=0.119420 aggregation_loss=0.036133 negative_penalty=0.000263 soft_effective_blocks=170.997684 current_block_budget=256.000000 energy_mean=0.051251 energy_std=0.258175 lr=4.014561e-05 grad_norm=0.073956
step=10930 layers=17,32 seq_len=57602 skipped_length=0 loss=0.268172 teacher_kl=0.752123 teacher_l1=0.000699 topk_boundary_loss=0.008728 teacher_recall=0.879525 causal_density=0.652297 target_group_coverage=0.823594 same_head_all_targets_hit=1.000000 rank_loss=0.134862 aggregation_loss=0.018287 negative_penalty=0.000210 soft_effective_blocks=175.010176 current_block_budget=256.000000 energy_mean=0.051781 energy_std=0.251864 lr=4.012842e-05 grad_norm=0.102251
step=10940 layers=26,27 seq_len=60693 skipped_length=0 loss=0.247787 teacher_kl=0.681988 teacher_l1=0.000615 topk_boundary_loss=0.007648 teacher_recall=0.901320 causal_density=0.652230 target_group_coverage=0.923516 same_head_all_targets_hit=1.000000 rank_loss=0.132791 aggregation_loss=0.018366 negative_penalty=0.000270 soft_effective_blocks=162.033924 current_block_budget=256.000000 energy_mean=0.053088 energy_std=0.279190 lr=4.011121e-05 grad_norm=0.098792
step=10950 layers=26,30 seq_len=53251 skipped_length=0 loss=0.261242 teacher_kl=0.749088 teacher_l1=0.000710 topk_boundary_loss=0.008470 teacher_recall=0.890714 causal_density=0.652313 target_group_coverage=0.824818 same_head_all_targets_hit=0.950000 rank_loss=0.120439 aggregation_loss=0.035256 negative_penalty=0.000278 soft_effective_blocks=167.063518 current_block_budget=256.000000 energy_mean=0.049946 energy_std=0.262399 lr=4.009400e-05 grad_norm=0.068058
step=10960 layers=18,29 seq_len=56936 skipped_length=0 loss=0.248116 teacher_kl=0.685730 teacher_l1=0.000614 topk_boundary_loss=0.007437 teacher_recall=0.893765 causal_density=0.652214 target_group_coverage=0.745790 same_head_all_targets_hit=1.000000 rank_loss=0.135369 aggregation_loss=0.017992 negative_penalty=0.000220 soft_effective_blocks=176.868602 current_block_budget=256.000000 energy_mean=0.051204 energy_std=0.250725 lr=4.007677e-05 grad_norm=0.083032
step=10970 layers=17,19 seq_len=57586 skipped_length=0 loss=0.282456 teacher_kl=0.780438 teacher_l1=0.000675 topk_boundary_loss=0.010876 teacher_recall=0.876413 causal_density=0.652134 target_group_coverage=0.901997 same_head_all_targets_hit=1.000000 rank_loss=0.122929 aggregation_loss=0.018333 negative_penalty=0.000179 soft_effective_blocks=183.585809 current_block_budget=256.000000 energy_mean=0.047793 energy_std=0.247816 lr=4.005954e-05 grad_norm=0.144350
step=10980 layers=21,22 seq_len=63453 skipped_length=0 loss=0.251573 teacher_kl=0.723248 teacher_l1=0.000629 topk_boundary_loss=0.006977 teacher_recall=0.909756 causal_density=0.652247 target_group_coverage=0.871094 same_head_all_targets_hit=1.000000 rank_loss=0.145376 aggregation_loss=0.000000 negative_penalty=0.000293 soft_effective_blocks=166.550253 current_block_budget=256.000000 energy_mean=0.052135 energy_std=0.270755 lr=4.004229e-05 grad_norm=0.094807
step=10990 layers=0,4 seq_len=56158 skipped_length=0 loss=0.245891 teacher_kl=0.683517 teacher_l1=0.000637 topk_boundary_loss=0.007851 teacher_recall=0.894527 causal_density=0.652249 target_group_coverage=0.855078 same_head_all_targets_hit=1.000000 rank_loss=0.134192 aggregation_loss=0.000000 negative_penalty=0.000251 soft_effective_blocks=167.921471 current_block_budget=256.000000 energy_mean=0.051506 energy_std=0.265582 lr=4.002504e-05 grad_norm=0.078763
step=11000 layers=0,18 seq_len=64221 skipped_length=0 loss=0.254206 teacher_kl=0.722914 teacher_l1=0.000646 topk_boundary_loss=0.007778 teacher_recall=0.893029 causal_density=0.652254 target_group_coverage=0.720113 same_head_all_targets_hit=0.850000 rank_loss=0.124078 aggregation_loss=0.036214 negative_penalty=0.000265 soft_effective_blocks=171.435829 current_block_budget=256.000000 energy_mean=0.051893 energy_std=0.262453 lr=4.000777e-05 grad_norm=0.082330
[save] raw=/inspire/hdd/global_user/gexinmu-253108100065/Repos/fuyicheng_workshop/Innovator-lm-evaluation-hardness/x-attention-main/xattn/qwen_weights/conv_qwen3_boundary_v2/conv_kernel_7x7_qwen3_8b_boundary_v2_t065_s16_48k64k_bf16_step11000.pt
[save] ema=/inspire/hdd/global_user/gexinmu-253108100065/Repos/fuyicheng_workshop/Innovator-lm-evaluation-hardness/x-attention-main/xattn/qwen_weights/conv_qwen3_boundary_v2/conv_kernel_7x7_qwen3_8b_boundary_v2_t065_s16_48k64k_bf16_ema_step11000.pt
[save] state=/inspire/hdd/global_user/gexinmu-253108100065/Repos/fuyicheng_workshop/Innovator-lm-evaluation-hardness/x-attention-main/xattn/qwen_weights/conv_qwen3_boundary_v2/conv_kernel_7x7_qwen3_8b_boundary_v2_t065_s16_48k64k_bf16_train_state.pt
step=11010 layers=17,26 seq_len=49658 skipped_length=0 loss=0.233821 teacher_kl=0.654943 teacher_l1=0.000610 topk_boundary_loss=0.007673 teacher_recall=0.896476 causal_density=0.652198 target_group_coverage=0.816667 same_head_all_targets_hit=1.000000 rank_loss=0.116249 aggregation_loss=0.017653 negative_penalty=0.000187 soft_effective_blocks=177.258165 current_block_budget=256.000000 energy_mean=0.050257 energy_std=0.254877 lr=3.999050e-05 grad_norm=0.110298
step=11020 layers=6,17 seq_len=64186 skipped_length=0 loss=0.266152 teacher_kl=0.834243 teacher_l1=0.000719 topk_boundary_loss=0.008248 teacher_recall=0.886036 causal_density=0.652209 target_group_coverage=0.815122 same_head_all_targets_hit=0.950000 rank_loss=0.094590 aggregation_loss=0.072919 negative_penalty=0.000274 soft_effective_blocks=171.515593 current_block_budget=256.000000 energy_mean=0.049310 energy_std=0.256035 lr=3.997321e-05 grad_norm=0.070969
step=11030 layers=12,16 seq_len=57356 skipped_length=0 loss=0.282875 teacher_kl=0.835876 teacher_l1=0.000704 topk_boundary_loss=0.008344 teacher_recall=0.891885 causal_density=0.652236 target_group_coverage=0.807031 same_head_all_targets_hit=1.000000 rank_loss=0.151169 aggregation_loss=0.000000 negative_penalty=0.000209 soft_effective_blocks=176.641951 current_block_budget=256.000000 energy_mean=0.047942 energy_std=0.242829 lr=3.995592e-05 grad_norm=0.108117
step=11040 layers=23,30 seq_len=58899 skipped_length=0 loss=0.248133 teacher_kl=0.677733 teacher_l1=0.000662 topk_boundary_loss=0.007575 teacher_recall=0.898470 causal_density=0.652274 target_group_coverage=0.819792 same_head_all_targets_hit=1.000000 rank_loss=0.135164 aggregation_loss=0.018927 negative_penalty=0.000345 soft_effective_blocks=158.059567 current_block_budget=256.000000 energy_mean=0.054505 energy_std=0.294502 lr=3.993861e-05 grad_norm=0.111904
step=11050 layers=31,32 seq_len=52818 skipped_length=0 loss=0.258619 teacher_kl=0.708093 teacher_l1=0.000639 topk_boundary_loss=0.008449 teacher_recall=0.888119 causal_density=0.652222 target_group_coverage=0.830642 same_head_all_targets_hit=1.000000 rank_loss=0.133888 aggregation_loss=0.017761 negative_penalty=0.000197 soft_effective_blocks=173.937891 current_block_budget=256.000000 energy_mean=0.049982 energy_std=0.247789 lr=3.992130e-05 grad_norm=0.070118
step=11060 layers=22,23 seq_len=54267 skipped_length=0 loss=0.229149 teacher_kl=0.664376 teacher_l1=0.000631 topk_boundary_loss=0.007901 teacher_recall=0.889583 causal_density=0.652378 target_group_coverage=0.863767 same_head_all_targets_hit=1.000000 rank_loss=0.095262 aggregation_loss=0.036368 negative_penalty=0.000228 soft_effective_blocks=174.013656 current_block_budget=256.000000 energy_mean=0.055300 energy_std=0.260571 lr=3.990397e-05 grad_norm=0.076855
step=11070 layers=12,14 seq_len=53696 skipped_length=0 loss=0.265026 teacher_kl=0.755669 teacher_l1=0.000678 topk_boundary_loss=0.008072 teacher_recall=0.905137 causal_density=0.652197 target_group_coverage=0.789887 same_head_all_targets_hit=1.000000 rank_loss=0.137582 aggregation_loss=0.018037 negative_penalty=0.000260 soft_effective_blocks=165.416191 current_block_budget=256.000000 energy_mean=0.049469 energy_std=0.268988 lr=3.988664e-05 grad_norm=0.091319
step=11080 layers=7,25 seq_len=58209 skipped_length=0 loss=0.267300 teacher_kl=0.741060 teacher_l1=0.000613 topk_boundary_loss=0.008010 teacher_recall=0.890866 causal_density=0.652099 target_group_coverage=0.780859 same_head_all_targets_hit=1.000000 rank_loss=0.153365 aggregation_loss=0.000000 negative_penalty=0.000269 soft_effective_blocks=183.367743 current_block_budget=256.000000 energy_mean=0.047794 energy_std=0.254023 lr=3.986930e-05 grad_norm=0.099935
step=11090 layers=7,8 seq_len=59790 skipped_length=0 loss=0.254819 teacher_kl=0.714207 teacher_l1=0.000630 topk_boundary_loss=0.008398 teacher_recall=0.900528 causal_density=0.652193 target_group_coverage=0.855469 same_head_all_targets_hit=1.000000 rank_loss=0.134108 aggregation_loss=0.000000 negative_penalty=0.000188 soft_effective_blocks=178.299881 current_block_budget=256.000000 energy_mean=0.048889 energy_std=0.250093 lr=3.985194e-05 grad_norm=0.128633
step=11100 layers=0,11 seq_len=62717 skipped_length=0 loss=0.254414 teacher_kl=0.758679 teacher_l1=0.000672 topk_boundary_loss=0.007629 teacher_recall=0.907832 causal_density=0.652271 target_group_coverage=0.826589 same_head_all_targets_hit=1.000000 rank_loss=0.117383 aggregation_loss=0.036425 negative_penalty=0.000288 soft_effective_blocks=166.749278 current_block_budget=256.000000 energy_mean=0.052495 energy_std=0.264889 lr=3.983458e-05 grad_norm=0.080846
step=11110 layers=3,9 seq_len=60861 skipped_length=0 loss=0.240277 teacher_kl=0.716652 teacher_l1=0.000705 topk_boundary_loss=0.008537 teacher_recall=0.887090 causal_density=0.652329 target_group_coverage=0.919957 same_head_all_targets_hit=0.950000 rank_loss=0.076804 aggregation_loss=0.073419 negative_penalty=0.000251 soft_effective_blocks=160.477011 current_block_budget=256.000000 energy_mean=0.053345 energy_std=0.275288 lr=3.981721e-05 grad_norm=0.098278
step=11120 layers=6,19 seq_len=56927 skipped_length=0 loss=0.267055 teacher_kl=0.763114 teacher_l1=0.000674 topk_boundary_loss=0.008126 teacher_recall=0.897578 causal_density=0.652214 target_group_coverage=0.799609 same_head_all_targets_hit=1.000000 rank_loss=0.145891 aggregation_loss=0.000000 negative_penalty=0.000250 soft_effective_blocks=170.115906 current_block_budget=256.000000 energy_mean=0.050666 energy_std=0.262662 lr=3.979982e-05 grad_norm=0.088859
step=11130 layers=9,12 seq_len=51123 skipped_length=0 loss=0.249495 teacher_kl=0.704467 teacher_l1=0.000678 topk_boundary_loss=0.007972 teacher_recall=0.882614 causal_density=0.652394 target_group_coverage=0.849609 same_head_all_targets_hit=1.000000 rank_loss=0.133350 aggregation_loss=0.000000 negative_penalty=0.000254 soft_effective_blocks=155.802863 current_block_budget=256.000000 energy_mean=0.055911 energy_std=0.275277 lr=3.978243e-05 grad_norm=0.085005
step=11140 layers=4,7 seq_len=56123 skipped_length=0 loss=0.249852 teacher_kl=0.702028 teacher_l1=0.000610 topk_boundary_loss=0.007853 teacher_recall=0.891866 causal_density=0.652153 target_group_coverage=0.843880 same_head_all_targets_hit=1.000000 rank_loss=0.136141 aggregation_loss=0.000000 negative_penalty=0.000196 soft_effective_blocks=187.355350 current_block_budget=256.000000 energy_mean=0.048531 energy_std=0.243846 lr=3.976503e-05 grad_norm=0.065923
step=11150 layers=17,24 seq_len=55473 skipped_length=0 loss=0.282782 teacher_kl=0.831865 teacher_l1=0.000738 topk_boundary_loss=0.008687 teacher_recall=0.885218 causal_density=0.652295 target_group_coverage=0.859939 same_head_all_targets_hit=1.000000 rank_loss=0.139527 aggregation_loss=0.018972 negative_penalty=0.000291 soft_effective_blocks=166.450452 current_block_budget=256.000000 energy_mean=0.052485 energy_std=0.263410 lr=3.974761e-05 grad_norm=0.097220
step=11160 layers=7,22 seq_len=56005 skipped_length=0 loss=0.257736 teacher_kl=0.666660 teacher_l1=0.000629 topk_boundary_loss=0.007862 teacher_recall=0.900179 causal_density=0.652243 target_group_coverage=0.755599 same_head_all_targets_hit=1.000000 rank_loss=0.158000 aggregation_loss=0.000000 negative_penalty=0.000254 soft_effective_blocks=170.226210 current_block_budget=256.000000 energy_mean=0.050929 energy_std=0.271090 lr=3.973019e-05 grad_norm=0.099093
step=11170 layers=27,32 seq_len=65338 skipped_length=0 loss=0.245971 teacher_kl=0.653886 teacher_l1=0.000671 topk_boundary_loss=0.007674 teacher_recall=0.894146 causal_density=0.652379 target_group_coverage=0.857760 same_head_all_targets_hit=0.950000 rank_loss=0.136963 aggregation_loss=0.017102 negative_penalty=0.000277 soft_effective_blocks=162.997120 current_block_budget=256.000000 energy_mean=0.054737 energy_std=0.276960 lr=3.971276e-05 grad_norm=0.105318
step=11180 layers=9,17 seq_len=64423 skipped_length=0 loss=0.242490 teacher_kl=0.745861 teacher_l1=0.000634 topk_boundary_loss=0.007884 teacher_recall=0.890120 causal_density=0.652146 target_group_coverage=0.833802 same_head_all_targets_hit=0.950000 rank_loss=0.097032 aggregation_loss=0.037130 negative_penalty=0.000203 soft_effective_blocks=178.554095 current_block_budget=256.000000 energy_mean=0.048808 energy_std=0.248569 lr=3.969532e-05 grad_norm=0.067112
step=11190 layers=7,23 seq_len=56913 skipped_length=0 loss=0.245066 teacher_kl=0.755834 teacher_l1=0.000665 topk_boundary_loss=0.007841 teacher_recall=0.898556 causal_density=0.652179 target_group_coverage=0.851163 same_head_all_targets_hit=0.950000 rank_loss=0.099841 aggregation_loss=0.036079 negative_penalty=0.000294 soft_effective_blocks=174.132860 current_block_budget=256.000000 energy_mean=0.048955 energy_std=0.263153 lr=3.967787e-05 grad_norm=0.065102
step=11200 layers=4,32 seq_len=49998 skipped_length=0 loss=0.246467 teacher_kl=0.658069 teacher_l1=0.000626 topk_boundary_loss=0.007852 teacher_recall=0.881320 causal_density=0.652312 target_group_coverage=0.723047 same_head_all_targets_hit=1.000000 rank_loss=0.134185 aggregation_loss=0.017580 negative_penalty=0.000223 soft_effective_blocks=162.908841 current_block_budget=256.000000 energy_mean=0.054666 energy_std=0.272391 lr=3.966041e-05 grad_norm=0.139161
step=11210 layers=11,29 seq_len=55724 skipped_length=0 loss=0.262047 teacher_kl=0.738074 teacher_l1=0.000674 topk_boundary_loss=0.008399 teacher_recall=0.904739 causal_density=0.652241 target_group_coverage=0.791970 same_head_all_targets_hit=0.900000 rank_loss=0.125491 aggregation_loss=0.035240 negative_penalty=0.000309 soft_effective_blocks=161.476034 current_block_budget=256.000000 energy_mean=0.052612 energy_std=0.278957 lr=3.964294e-05 grad_norm=0.163483
step=11220 layers=6,33 seq_len=55378 skipped_length=0 loss=0.254379 teacher_kl=0.728410 teacher_l1=0.000615 topk_boundary_loss=0.007781 teacher_recall=0.888837 causal_density=0.652198 target_group_coverage=0.815547 same_head_all_targets_hit=0.950000 rank_loss=0.130799 aggregation_loss=0.017420 negative_penalty=0.000209 soft_effective_blocks=180.424686 current_block_budget=256.000000 energy_mean=0.049131 energy_std=0.242300 lr=3.962546e-05 grad_norm=0.056751
step=11230 layers=13,16 seq_len=59570 skipped_length=0 loss=0.245243 teacher_kl=0.750580 teacher_l1=0.000676 topk_boundary_loss=0.007958 teacher_recall=0.901198 causal_density=0.652260 target_group_coverage=0.786224 same_head_all_targets_hit=1.000000 rank_loss=0.077339 aggregation_loss=0.090177 negative_penalty=0.000240 soft_effective_blocks=174.820761 current_block_budget=256.000000 energy_mean=0.050642 energy_std=0.260408 lr=3.960797e-05 grad_norm=0.081063
step=11240 layers=22,31 seq_len=55454 skipped_length=0 loss=0.260586 teacher_kl=0.778290 teacher_l1=0.000724 topk_boundary_loss=0.008694 teacher_recall=0.876391 causal_density=0.652328 target_group_coverage=0.879384 same_head_all_targets_hit=1.000000 rank_loss=0.116350 aggregation_loss=0.017748 negative_penalty=0.000268 soft_effective_blocks=163.979578 current_block_budget=256.000000 energy_mean=0.052210 energy_std=0.260698 lr=3.959047e-05 grad_norm=0.079411
step=11250 layers=5,15 seq_len=50686 skipped_length=0 loss=0.240107 teacher_kl=0.700168 teacher_l1=0.000659 topk_boundary_loss=0.007635 teacher_recall=0.892697 causal_density=0.652322 target_group_coverage=0.842708 same_head_all_targets_hit=0.950000 rank_loss=0.115905 aggregation_loss=0.017673 negative_penalty=0.000229 soft_effective_blocks=165.091806 current_block_budget=256.000000 energy_mean=0.054174 energy_std=0.274578 lr=3.957296e-05 grad_norm=0.087747
[save] raw=/inspire/hdd/global_user/gexinmu-253108100065/Repos/fuyicheng_workshop/Innovator-lm-evaluation-hardness/x-attention-main/xattn/qwen_weights/conv_qwen3_boundary_v2/conv_kernel_7x7_qwen3_8b_boundary_v2_t065_s16_48k64k_bf16_step11250.pt
[save] ema=/inspire/hdd/global_user/gexinmu-253108100065/Repos/fuyicheng_workshop/Innovator-lm-evaluation-hardness/x-attention-main/xattn/qwen_weights/conv_qwen3_boundary_v2/conv_kernel_7x7_qwen3_8b_boundary_v2_t065_s16_48k64k_bf16_ema_step11250.pt
[save] state=/inspire/hdd/global_user/gexinmu-253108100065/Repos/fuyicheng_workshop/Innovator-lm-evaluation-hardness/x-attention-main/xattn/qwen_weights/conv_qwen3_boundary_v2/conv_kernel_7x7_qwen3_8b_boundary_v2_t065_s16_48k64k_bf16_train_state.pt
step=11260 layers=8,29 seq_len=58983 skipped_length=0 loss=0.260675 teacher_kl=0.752373 teacher_l1=0.000663 topk_boundary_loss=0.008057 teacher_recall=0.901369 causal_density=0.652227 target_group_coverage=0.891797 same_head_all_targets_hit=1.000000 rank_loss=0.138872 aggregation_loss=0.000000 negative_penalty=0.000236 soft_effective_blocks=176.007405 current_block_budget=256.000000 energy_mean=0.050703 energy_std=0.257808 lr=3.955544e-05 grad_norm=0.111518
step=11270 layers=25,35 seq_len=61176 skipped_length=0 loss=0.267868 teacher_kl=0.712616 teacher_l1=0.000691 topk_boundary_loss=0.008974 teacher_recall=0.883557 causal_density=0.652271 target_group_coverage=0.818281 same_head_all_targets_hit=1.000000 rank_loss=0.140657 aggregation_loss=0.018982 negative_penalty=0.000257 soft_effective_blocks=162.053258 current_block_budget=256.000000 energy_mean=0.052256 energy_std=0.272800 lr=3.953792e-05 grad_norm=0.137744
step=11280 layers=6,31 seq_len=64238 skipped_length=0 loss=0.227643 teacher_kl=0.717365 teacher_l1=0.000644 topk_boundary_loss=0.007439 teacher_recall=0.895190 causal_density=0.652309 target_group_coverage=0.701363 same_head_all_targets_hit=1.000000 rank_loss=0.086039 aggregation_loss=0.035460 negative_penalty=0.000223 soft_effective_blocks=178.841431 current_block_budget=256.000000 energy_mean=0.051626 energy_std=0.243371 lr=3.952038e-05 grad_norm=0.084408
step=11290 layers=2,4 seq_len=64696 skipped_length=0 loss=0.252569 teacher_kl=0.688759 teacher_l1=0.000622 topk_boundary_loss=0.009613 teacher_recall=0.894132 causal_density=0.652166 target_group_coverage=0.676545 same_head_all_targets_hit=0.950000 rank_loss=0.097967 aggregation_loss=0.054118 negative_penalty=0.000270 soft_effective_blocks=173.322185 current_block_budget=256.000000 energy_mean=0.050553 energy_std=0.272756 lr=3.950283e-05 grad_norm=0.119733
step=11300 layers=10,23 seq_len=64546 skipped_length=0 loss=0.274033 teacher_kl=0.785701 teacher_l1=0.000736 topk_boundary_loss=0.009518 teacher_recall=0.885169 causal_density=0.652342 target_group_coverage=0.767049 same_head_all_targets_hit=1.000000 rank_loss=0.111254 aggregation_loss=0.052957 negative_penalty=0.000194 soft_effective_blocks=166.770124 current_block_budget=256.000000 energy_mean=0.054001 energy_std=0.256882 lr=3.948528e-05 grad_norm=0.113431
step=11310 layers=2,17 seq_len=60186 skipped_length=0 loss=0.245838 teacher_kl=0.724171 teacher_l1=0.000669 topk_boundary_loss=0.007870 teacher_recall=0.903548 causal_density=0.652225 target_group_coverage=0.840234 same_head_all_targets_hit=1.000000 rank_loss=0.123684 aggregation_loss=0.000000 negative_penalty=0.000305 soft_effective_blocks=157.296596 current_block_budget=256.000000 energy_mean=0.052886 energy_std=0.297143 lr=3.946771e-05 grad_norm=0.098731
step=11320 layers=6,10 seq_len=54860 skipped_length=0 loss=0.277656 teacher_kl=0.775507 teacher_l1=0.000674 topk_boundary_loss=0.009229 teacher_recall=0.898033 causal_density=0.652266 target_group_coverage=0.762240 same_head_all_targets_hit=1.000000 rank_loss=0.145755 aggregation_loss=0.000000 negative_penalty=0.000257 soft_effective_blocks=170.889355 current_block_budget=256.000000 energy_mean=0.051358 energy_std=0.256550 lr=3.945014e-05 grad_norm=0.152080
step=11330 layers=30,34 seq_len=54592 skipped_length=0 loss=0.235202 teacher_kl=0.632062 teacher_l1=0.000618 topk_boundary_loss=0.007985 teacher_recall=0.890359 causal_density=0.652258 target_group_coverage=0.709878 same_head_all_targets_hit=0.950000 rank_loss=0.105187 aggregation_loss=0.053460 negative_penalty=0.000246 soft_effective_blocks=167.497441 current_block_budget=256.000000 energy_mean=0.053284 energy_std=0.272161 lr=3.943255e-05 grad_norm=0.077134
step=11340 layers=7,27 seq_len=51333 skipped_length=0 loss=0.265838 teacher_kl=0.790156 teacher_l1=0.000707 topk_boundary_loss=0.008185 teacher_recall=0.891240 causal_density=0.652272 target_group_coverage=0.872422 same_head_all_targets_hit=0.900000 rank_loss=0.121390 aggregation_loss=0.035821 negative_penalty=0.000252 soft_effective_blocks=172.180568 current_block_budget=256.000000 energy_mean=0.049396 energy_std=0.253352 lr=3.941496e-05 grad_norm=0.076126
step=11350 layers=5,22 seq_len=57400 skipped_length=0 loss=0.289348 teacher_kl=0.855905 teacher_l1=0.000742 topk_boundary_loss=0.008992 teacher_recall=0.896331 causal_density=0.652241 target_group_coverage=0.827734 same_head_all_targets_hit=1.000000 rank_loss=0.148301 aggregation_loss=0.000000 negative_penalty=0.000254 soft_effective_blocks=166.097842 current_block_budget=256.000000 energy_mean=0.050708 energy_std=0.273512 lr=3.939736e-05 grad_norm=0.082578
step=11360 layers=19,28 seq_len=59229 skipped_length=0 loss=0.241661 teacher_kl=0.609396 teacher_l1=0.000599 topk_boundary_loss=0.007776 teacher_recall=0.887905 causal_density=0.652308 target_group_coverage=0.760547 same_head_all_targets_hit=1.000000 rank_loss=0.146675 aggregation_loss=0.000000 negative_penalty=0.000236 soft_effective_blocks=172.473953 current_block_budget=256.000000 energy_mean=0.054991 energy_std=0.257872 lr=3.937974e-05 grad_norm=0.094479
step=11370 layers=6,11 seq_len=60535 skipped_length=0 loss=0.261620 teacher_kl=0.753298 teacher_l1=0.000711 topk_boundary_loss=0.007977 teacher_recall=0.902185 causal_density=0.652294 target_group_coverage=0.698872 same_head_all_targets_hit=1.000000 rank_loss=0.126305 aggregation_loss=0.035920 negative_penalty=0.000292 soft_effective_blocks=164.180621 current_block_budget=256.000000 energy_mean=0.051057 energy_std=0.266456 lr=3.936212e-05 grad_norm=0.087413
step=11380 layers=6,26 seq_len=50677 skipped_length=0 loss=0.231926 teacher_kl=0.600820 teacher_l1=0.000601 topk_boundary_loss=0.007101 teacher_recall=0.900131 causal_density=0.652302 target_group_coverage=0.868359 same_head_all_targets_hit=1.000000 rank_loss=0.133755 aggregation_loss=0.018815 negative_penalty=0.000254 soft_effective_blocks=156.800881 current_block_budget=256.000000 energy_mean=0.056977 energy_std=0.295180 lr=3.934449e-05 grad_norm=0.096071
step=11390 layers=16,23 seq_len=64941 skipped_length=0 loss=0.265750 teacher_kl=0.786497 teacher_l1=0.000659 topk_boundary_loss=0.009848 teacher_recall=0.882578 causal_density=0.652181 target_group_coverage=0.830078 same_head_all_targets_hit=1.000000 rank_loss=0.107668 aggregation_loss=0.017408 negative_penalty=0.000239 soft_effective_blocks=187.300278 current_block_budget=256.000000 energy_mean=0.048179 energy_std=0.236219 lr=3.932685e-05 grad_norm=0.108188
step=11400 layers=17,23 seq_len=52195 skipped_length=0 loss=0.249633 teacher_kl=0.737786 teacher_l1=0.000727 topk_boundary_loss=0.007896 teacher_recall=0.896555 causal_density=0.652339 target_group_coverage=0.774045 same_head_all_targets_hit=1.000000 rank_loss=0.118642 aggregation_loss=0.018284 negative_penalty=0.000257 soft_effective_blocks=150.987245 current_block_budget=256.000000 energy_mean=0.055193 energy_std=0.298065 lr=3.930920e-05 grad_norm=0.094293
step=11410 layers=21,26 seq_len=59811 skipped_length=0 loss=0.256112 teacher_kl=0.696576 teacher_l1=0.000641 topk_boundary_loss=0.008361 teacher_recall=0.891110 causal_density=0.652251 target_group_coverage=0.866059 same_head_all_targets_hit=1.000000 rank_loss=0.133589 aggregation_loss=0.018173 negative_penalty=0.000200 soft_effective_blocks=179.893431 current_block_budget=256.000000 energy_mean=0.050818 energy_std=0.246762 lr=3.929154e-05 grad_norm=0.089397
step=11420 layers=0,7 seq_len=55525 skipped_length=0 loss=0.268347 teacher_kl=0.791675 teacher_l1=0.000711 topk_boundary_loss=0.007569 teacher_recall=0.899547 causal_density=0.652346 target_group_coverage=0.802604 same_head_all_targets_hit=1.000000 rank_loss=0.148332 aggregation_loss=0.000000 negative_penalty=0.000310 soft_effective_blocks=164.087003 current_block_budget=256.000000 energy_mean=0.052865 energy_std=0.268457 lr=3.927387e-05 grad_norm=0.070903
step=11430 layers=27,30 seq_len=57472 skipped_length=0 loss=0.267212 teacher_kl=0.714025 teacher_l1=0.000630 topk_boundary_loss=0.008258 teacher_recall=0.895953 causal_density=0.652155 target_group_coverage=0.933984 same_head_all_targets_hit=1.000000 rank_loss=0.156674 aggregation_loss=0.000000 negative_penalty=0.000219 soft_effective_blocks=177.543692 current_block_budget=256.000000 energy_mean=0.049731 energy_std=0.258051 lr=3.925620e-05 grad_norm=0.078939
step=11440 layers=5,10 seq_len=63965 skipped_length=0 loss=0.243832 teacher_kl=0.633105 teacher_l1=0.000616 topk_boundary_loss=0.007451 teacher_recall=0.890321 causal_density=0.652321 target_group_coverage=0.797656 same_head_all_targets_hit=0.900000 rank_loss=0.148697 aggregation_loss=0.000000 negative_penalty=0.000240 soft_effective_blocks=171.478690 current_block_budget=256.000000 energy_mean=0.054636 energy_std=0.265012 lr=3.923851e-05 grad_norm=0.092488
step=11450 layers=32,34 seq_len=60410 skipped_length=0 loss=0.270112 teacher_kl=0.788074 teacher_l1=0.000697 topk_boundary_loss=0.008560 teacher_recall=0.884517 causal_density=0.652224 target_group_coverage=0.896016 same_head_all_targets_hit=1.000000 rank_loss=0.130851 aggregation_loss=0.019482 negative_penalty=0.000240 soft_effective_blocks=170.578054 current_block_budget=256.000000 energy_mean=0.050524 energy_std=0.254423 lr=3.922081e-05 grad_norm=0.079990
step=11460 layers=11,16 seq_len=53045 skipped_length=0 loss=0.271348 teacher_kl=0.788681 teacher_l1=0.000700 topk_boundary_loss=0.008307 teacher_recall=0.902556 causal_density=0.652252 target_group_coverage=0.757578 same_head_all_targets_hit=0.950000 rank_loss=0.136623 aggregation_loss=0.018304 negative_penalty=0.000298 soft_effective_blocks=164.425188 current_block_budget=256.000000 energy_mean=0.051428 energy_std=0.281693 lr=3.920311e-05 grad_norm=0.108725
step=11470 layers=20,31 seq_len=52439 skipped_length=0 loss=0.251343 teacher_kl=0.684330 teacher_l1=0.000699 topk_boundary_loss=0.007788 teacher_recall=0.895465 causal_density=0.652343 target_group_coverage=0.833984 same_head_all_targets_hit=1.000000 rank_loss=0.136334 aggregation_loss=0.018198 negative_penalty=0.000190 soft_effective_blocks=160.565096 current_block_budget=256.000000 energy_mean=0.054027 energy_std=0.268190 lr=3.918540e-05 grad_norm=0.066476
step=11480 layers=6,16 seq_len=53084 skipped_length=0 loss=0.264356 teacher_kl=0.812710 teacher_l1=0.000714 topk_boundary_loss=0.008153 teacher_recall=0.896933 causal_density=0.652260 target_group_coverage=0.824896 same_head_all_targets_hit=1.000000 rank_loss=0.105768 aggregation_loss=0.054892 negative_penalty=0.000264 soft_effective_blocks=171.583867 current_block_budget=256.000000 energy_mean=0.050372 energy_std=0.263711 lr=3.916767e-05 grad_norm=0.076203
step=11490 layers=1,23 seq_len=60229 skipped_length=0 loss=0.241585 teacher_kl=0.690164 teacher_l1=0.000630 topk_boundary_loss=0.007981 teacher_recall=0.887563 causal_density=0.652217 target_group_coverage=0.615312 same_head_all_targets_hit=1.000000 rank_loss=0.101181 aggregation_loss=0.053856 negative_penalty=0.000257 soft_effective_blocks=176.755753 current_block_budget=256.000000 energy_mean=0.051575 energy_std=0.261751 lr=3.914994e-05 grad_norm=0.061572
step=11500 layers=20,26 seq_len=56194 skipped_length=0 loss=0.256432 teacher_kl=0.758469 teacher_l1=0.000718 topk_boundary_loss=0.008245 teacher_recall=0.885628 causal_density=0.652357 target_group_coverage=0.910443 same_head_all_targets_hit=0.900000 rank_loss=0.105282 aggregation_loss=0.053963 negative_penalty=0.000270 soft_effective_blocks=152.890818 current_block_budget=256.000000 energy_mean=0.055818 energy_std=0.286798 lr=3.913220e-05 grad_norm=0.076497
[save] raw=/inspire/hdd/global_user/gexinmu-253108100065/Repos/fuyicheng_workshop/Innovator-lm-evaluation-hardness/x-attention-main/xattn/qwen_weights/conv_qwen3_boundary_v2/conv_kernel_7x7_qwen3_8b_boundary_v2_t065_s16_48k64k_bf16_step11500.pt
[save] ema=/inspire/hdd/global_user/gexinmu-253108100065/Repos/fuyicheng_workshop/Innovator-lm-evaluation-hardness/x-attention-main/xattn/qwen_weights/conv_qwen3_boundary_v2/conv_kernel_7x7_qwen3_8b_boundary_v2_t065_s16_48k64k_bf16_ema_step11500.pt
[save] state=/inspire/hdd/global_user/gexinmu-253108100065/Repos/fuyicheng_workshop/Innovator-lm-evaluation-hardness/x-attention-main/xattn/qwen_weights/conv_qwen3_boundary_v2/conv_kernel_7x7_qwen3_8b_boundary_v2_t065_s16_48k64k_bf16_train_state.pt
step=11510 layers=4,32 seq_len=58384 skipped_length=0 loss=0.271354 teacher_kl=0.793946 teacher_l1=0.000742 topk_boundary_loss=0.008174 teacher_recall=0.894919 causal_density=0.652340 target_group_coverage=0.812109 same_head_all_targets_hit=1.000000 rank_loss=0.137126 aggregation_loss=0.018210 negative_penalty=0.000230 soft_effective_blocks=171.845142 current_block_budget=256.000000 energy_mean=0.052256 energy_std=0.255720 lr=3.911445e-05 grad_norm=0.084912
step=11520 layers=6,14 seq_len=56113 skipped_length=0 loss=0.233352 teacher_kl=0.650211 teacher_l1=0.000624 topk_boundary_loss=0.007793 teacher_recall=0.891150 causal_density=0.652290 target_group_coverage=0.845885 same_head_all_targets_hit=0.950000 rank_loss=0.107275 aggregation_loss=0.036287 negative_penalty=0.000301 soft_effective_blocks=162.604239 current_block_budget=256.000000 energy_mean=0.054256 energy_std=0.278182 lr=3.909669e-05 grad_norm=0.096680
step=11530 layers=14,27 seq_len=61655 skipped_length=0 loss=0.262378 teacher_kl=0.721773 teacher_l1=0.000629 topk_boundary_loss=0.007800 teacher_recall=0.887880 causal_density=0.652165 target_group_coverage=0.792969 same_head_all_targets_hit=1.000000 rank_loss=0.152790 aggregation_loss=0.000000 negative_penalty=0.000230 soft_effective_blocks=178.123639 current_block_budget=256.000000 energy_mean=0.050952 energy_std=0.256904 lr=3.907892e-05 grad_norm=0.103311
step=11540 layers=15,33 seq_len=55067 skipped_length=0 loss=0.241607 teacher_kl=0.681701 teacher_l1=0.000611 topk_boundary_loss=0.008026 teacher_recall=0.896724 causal_density=0.652237 target_group_coverage=0.876328 same_head_all_targets_hit=0.950000 rank_loss=0.117850 aggregation_loss=0.017595 negative_penalty=0.000245 soft_effective_blocks=174.895749 current_block_budget=256.000000 energy_mean=0.051268 energy_std=0.259569 lr=3.906114e-05 grad_norm=0.129633
step=11550 layers=11,12 seq_len=59432 skipped_length=0 loss=0.279406 teacher_kl=0.806432 teacher_l1=0.000687 topk_boundary_loss=0.009032 teacher_recall=0.883705 causal_density=0.652181 target_group_coverage=0.871658 same_head_all_targets_hit=1.000000 rank_loss=0.135813 aggregation_loss=0.018604 negative_penalty=0.000293 soft_effective_blocks=173.864825 current_block_budget=256.000000 energy_mean=0.048841 energy_std=0.258329 lr=3.904336e-05 grad_norm=0.077927
step=11560 layers=27,29 seq_len=58652 skipped_length=0 loss=0.248255 teacher_kl=0.666035 teacher_l1=0.000656 topk_boundary_loss=0.007340 teacher_recall=0.902041 causal_density=0.652323 target_group_coverage=0.586589 same_head_all_targets_hit=1.000000 rank_loss=0.149317 aggregation_loss=0.000000 negative_penalty=0.000200 soft_effective_blocks=154.994649 current_block_budget=256.000000 energy_mean=0.056301 energy_std=0.299569 lr=3.902556e-05 grad_norm=0.078079
step=11570 layers=8,24 seq_len=51354 skipped_length=0 loss=0.269801 teacher_kl=0.737654 teacher_l1=0.000678 topk_boundary_loss=0.008705 teacher_recall=0.887882 causal_density=0.652327 target_group_coverage=0.808724 same_head_all_targets_hit=1.000000 rank_loss=0.149111 aggregation_loss=0.000000 negative_penalty=0.000287 soft_effective_blocks=176.884446 current_block_budget=256.000000 energy_mean=0.052406 energy_std=0.245724 lr=3.900776e-05 grad_norm=0.135804
step=11580 layers=8,10 seq_len=59560 skipped_length=0 loss=0.274092 teacher_kl=0.817356 teacher_l1=0.000701 topk_boundary_loss=0.008390 teacher_recall=0.890088 causal_density=0.652187 target_group_coverage=0.874297 same_head_all_targets_hit=1.000000 rank_loss=0.133176 aggregation_loss=0.017696 negative_penalty=0.000236 soft_effective_blocks=176.421798 current_block_budget=256.000000 energy_mean=0.047467 energy_std=0.255928 lr=3.898994e-05 grad_norm=0.072370
step=11590 layers=11,30 seq_len=58218 skipped_length=0 loss=0.251378 teacher_kl=0.719882 teacher_l1=0.000654 topk_boundary_loss=0.007985 teacher_recall=0.896507 causal_density=0.652212 target_group_coverage=0.730000 same_head_all_targets_hit=0.950000 rank_loss=0.117365 aggregation_loss=0.036216 negative_penalty=0.000221 soft_effective_blocks=170.993785 current_block_budget=256.000000 energy_mean=0.051379 energy_std=0.265214 lr=3.897212e-05 grad_norm=0.077432
step=11600 layers=4,13 seq_len=50244 skipped_length=0 loss=0.243188 teacher_kl=0.677654 teacher_l1=0.000644 topk_boundary_loss=0.007849 teacher_recall=0.891048 causal_density=0.652247 target_group_coverage=0.826562 same_head_all_targets_hit=1.000000 rank_loss=0.131176 aggregation_loss=0.000000 negative_penalty=0.000280 soft_effective_blocks=167.456293 current_block_budget=256.000000 energy_mean=0.054043 energy_std=0.281736 lr=3.895429e-05 grad_norm=0.087248
step=11610 layers=2,21 seq_len=62181 skipped_length=0 loss=0.260276 teacher_kl=0.737153 teacher_l1=0.000657 topk_boundary_loss=0.007512 teacher_recall=0.897564 causal_density=0.652257 target_group_coverage=0.897917 same_head_all_targets_hit=1.000000 rank_loss=0.149275 aggregation_loss=0.000000 negative_penalty=0.000252 soft_effective_blocks=166.060823 current_block_budget=256.000000 energy_mean=0.052281 energy_std=0.267610 lr=3.893645e-05 grad_norm=0.072388
step=11620 layers=29,34 seq_len=59748 skipped_length=0 loss=0.264561 teacher_kl=0.785664 teacher_l1=0.000739 topk_boundary_loss=0.008217 teacher_recall=0.892181 causal_density=0.652317 target_group_coverage=0.884375 same_head_all_targets_hit=1.000000 rank_loss=0.119588 aggregation_loss=0.036704 negative_penalty=0.000251 soft_effective_blocks=166.974493 current_block_budget=256.000000 energy_mean=0.052188 energy_std=0.264157 lr=3.891860e-05 grad_norm=0.072702
step=11630 layers=0,2 seq_len=61671 skipped_length=0 loss=0.228661 teacher_kl=0.594414 teacher_l1=0.000561 topk_boundary_loss=0.006647 teacher_recall=0.913154 causal_density=0.652201 target_group_coverage=0.723437 same_head_all_targets_hit=1.000000 rank_loss=0.143812 aggregation_loss=0.000000 negative_penalty=0.000293 soft_effective_blocks=159.462405 current_block_budget=256.000000 energy_mean=0.053325 energy_std=0.295381 lr=3.890074e-05 grad_norm=0.082213
step=11640 layers=8,35 seq_len=54773 skipped_length=0 loss=0.274050 teacher_kl=0.782414 teacher_l1=0.000676 topk_boundary_loss=0.010133 teacher_recall=0.884543 causal_density=0.652201 target_group_coverage=0.827031 same_head_all_targets_hit=0.950000 rank_loss=0.118558 aggregation_loss=0.017808 negative_penalty=0.000211 soft_effective_blocks=178.767981 current_block_budget=256.000000 energy_mean=0.050754 energy_std=0.256429 lr=3.888288e-05 grad_norm=0.121293
step=11650 layers=6,27 seq_len=50101 skipped_length=0 loss=0.238385 teacher_kl=0.682912 teacher_l1=0.000669 topk_boundary_loss=0.007543 teacher_recall=0.893560 causal_density=0.652330 target_group_coverage=0.846545 same_head_all_targets_hit=1.000000 rank_loss=0.111124 aggregation_loss=0.035560 negative_penalty=0.000249 soft_effective_blocks=166.150113 current_block_budget=256.000000 energy_mean=0.052894 energy_std=0.259929 lr=3.886500e-05 grad_norm=0.078843
step=11660 layers=10,28 seq_len=58199 skipped_length=0 loss=0.269865 teacher_kl=0.755599 teacher_l1=0.000647 topk_boundary_loss=0.009196 teacher_recall=0.887601 causal_density=0.652247 target_group_coverage=0.729766 same_head_all_targets_hit=1.000000 rank_loss=0.130876 aggregation_loss=0.017570 negative_penalty=0.000300 soft_effective_blocks=178.410117 current_block_budget=256.000000 energy_mean=0.050458 energy_std=0.255013 lr=3.884712e-05 grad_norm=0.107587
step=11670 layers=1,2 seq_len=58326 skipped_length=0 loss=0.250313 teacher_kl=0.729379 teacher_l1=0.000640 topk_boundary_loss=0.007319 teacher_recall=0.902197 causal_density=0.652202 target_group_coverage=0.756016 same_head_all_targets_hit=0.850000 rank_loss=0.122044 aggregation_loss=0.036343 negative_penalty=0.000220 soft_effective_blocks=167.530833 current_block_budget=256.000000 energy_mean=0.051955 energy_std=0.272363 lr=3.882922e-05 grad_norm=0.067480
step=11680 layers=6,22 seq_len=58535 skipped_length=0 loss=0.261217 teacher_kl=0.777207 teacher_l1=0.000719 topk_boundary_loss=0.009305 teacher_recall=0.886722 causal_density=0.652295 target_group_coverage=0.800391 same_head_all_targets_hit=1.000000 rank_loss=0.102010 aggregation_loss=0.035773 negative_penalty=0.000245 soft_effective_blocks=168.335564 current_block_budget=256.000000 energy_mean=0.052327 energy_std=0.263673 lr=3.881132e-05 grad_norm=0.110774
step=11690 layers=12,13 seq_len=56456 skipped_length=0 loss=0.257381 teacher_kl=0.731544 teacher_l1=0.000659 topk_boundary_loss=0.007516 teacher_recall=0.896645 causal_density=0.652246 target_group_coverage=0.718750 same_head_all_targets_hit=1.000000 rank_loss=0.145799 aggregation_loss=0.000000 negative_penalty=0.000292 soft_effective_blocks=169.530053 current_block_budget=256.000000 energy_mean=0.054189 energy_std=0.278119 lr=3.879341e-05 grad_norm=0.090949
step=11700 layers=7,21 seq_len=60890 skipped_length=0 loss=0.232179 teacher_kl=0.693997 teacher_l1=0.000599 topk_boundary_loss=0.007954 teacher_recall=0.891380 causal_density=0.652155 target_group_coverage=0.815625 same_head_all_targets_hit=1.000000 rank_loss=0.099754 aggregation_loss=0.018237 negative_penalty=0.000234 soft_effective_blocks=175.352249 current_block_budget=256.000000 energy_mean=0.049142 energy_std=0.259621 lr=3.877549e-05 grad_norm=0.065509
step=11710 layers=15,35 seq_len=56095 skipped_length=0 loss=0.236061 teacher_kl=0.679638 teacher_l1=0.000659 topk_boundary_loss=0.007697 teacher_recall=0.891041 causal_density=0.652308 target_group_coverage=0.841016 same_head_all_targets_hit=1.000000 rank_loss=0.105806 aggregation_loss=0.036051 negative_penalty=0.000280 soft_effective_blocks=160.445358 current_block_budget=256.000000 energy_mean=0.056414 energy_std=0.283626 lr=3.875756e-05 grad_norm=0.101086
step=11720 layers=5,17 seq_len=55560 skipped_length=0 loss=0.258845 teacher_kl=0.753663 teacher_l1=0.000667 topk_boundary_loss=0.008780 teacher_recall=0.894831 causal_density=0.652208 target_group_coverage=0.878368 same_head_all_targets_hit=1.000000 rank_loss=0.103366 aggregation_loss=0.053979 negative_penalty=0.000219 soft_effective_blocks=177.593542 current_block_budget=256.000000 energy_mean=0.047541 energy_std=0.252646 lr=3.873962e-05 grad_norm=0.073218
step=11730 layers=7,9 seq_len=58471 skipped_length=0 loss=0.261275 teacher_kl=0.721979 teacher_l1=0.000662 topk_boundary_loss=0.007805 teacher_recall=0.887814 causal_density=0.652263 target_group_coverage=0.764453 same_head_all_targets_hit=0.950000 rank_loss=0.150835 aggregation_loss=0.000000 negative_penalty=0.000210 soft_effective_blocks=165.600465 current_block_budget=256.000000 energy_mean=0.053511 energy_std=0.273996 lr=3.872168e-05 grad_norm=0.108910
step=11740 layers=20,29 seq_len=57678 skipped_length=0 loss=0.270929 teacher_kl=0.834408 teacher_l1=0.000693 topk_boundary_loss=0.007916 teacher_recall=0.886834 causal_density=0.652235 target_group_coverage=0.779141 same_head_all_targets_hit=0.950000 rank_loss=0.121432 aggregation_loss=0.038145 negative_penalty=0.000285 soft_effective_blocks=176.098851 current_block_budget=256.000000 energy_mean=0.049943 energy_std=0.254026 lr=3.870372e-05 grad_norm=0.098524
step=11750 layers=11,12 seq_len=54322 skipped_length=0 loss=0.248879 teacher_kl=0.675807 teacher_l1=0.000655 topk_boundary_loss=0.008185 teacher_recall=0.898955 causal_density=0.652305 target_group_coverage=0.856563 same_head_all_targets_hit=1.000000 rank_loss=0.129338 aggregation_loss=0.017543 negative_penalty=0.000274 soft_effective_blocks=167.734470 current_block_budget=256.000000 energy_mean=0.053117 energy_std=0.265858 lr=3.868576e-05 grad_norm=0.071507
[save] raw=/inspire/hdd/global_user/gexinmu-253108100065/Repos/fuyicheng_workshop/Innovator-lm-evaluation-hardness/x-attention-main/xattn/qwen_weights/conv_qwen3_boundary_v2/conv_kernel_7x7_qwen3_8b_boundary_v2_t065_s16_48k64k_bf16_step11750.pt
[save] ema=/inspire/hdd/global_user/gexinmu-253108100065/Repos/fuyicheng_workshop/Innovator-lm-evaluation-hardness/x-attention-main/xattn/qwen_weights/conv_qwen3_boundary_v2/conv_kernel_7x7_qwen3_8b_boundary_v2_t065_s16_48k64k_bf16_ema_step11750.pt
[save] state=/inspire/hdd/global_user/gexinmu-253108100065/Repos/fuyicheng_workshop/Innovator-lm-evaluation-hardness/x-attention-main/xattn/qwen_weights/conv_qwen3_boundary_v2/conv_kernel_7x7_qwen3_8b_boundary_v2_t065_s16_48k64k_bf16_train_state.pt
step=11760 layers=8,30 seq_len=61636 skipped_length=0 loss=0.255859 teacher_kl=0.748565 teacher_l1=0.000657 topk_boundary_loss=0.008115 teacher_recall=0.890494 causal_density=0.652188 target_group_coverage=0.837378 same_head_all_targets_hit=0.950000 rank_loss=0.108318 aggregation_loss=0.054482 negative_penalty=0.000231 soft_effective_blocks=168.217365 current_block_budget=256.000000 energy_mean=0.050833 energy_std=0.273441 lr=3.866779e-05 grad_norm=0.111425
step=11770 layers=3,18 seq_len=56360 skipped_length=0 loss=0.245693 teacher_kl=0.694883 teacher_l1=0.000629 topk_boundary_loss=0.007984 teacher_recall=0.895220 causal_density=0.652241 target_group_coverage=0.808602 same_head_all_targets_hit=1.000000 rank_loss=0.106544 aggregation_loss=0.054486 negative_penalty=0.000273 soft_effective_blocks=174.219259 current_block_budget=256.000000 energy_mean=0.053110 energy_std=0.271391 lr=3.864981e-05 grad_norm=0.077577
step=11780 layers=17,19 seq_len=62491 skipped_length=0 loss=0.293952 teacher_kl=0.880974 teacher_l1=0.000739 topk_boundary_loss=0.008858 teacher_recall=0.884719 causal_density=0.652194 target_group_coverage=0.782075 same_head_all_targets_hit=1.000000 rank_loss=0.144172 aggregation_loss=0.017578 negative_penalty=0.000269 soft_effective_blocks=166.933303 current_block_budget=256.000000 energy_mean=0.049370 energy_std=0.263429 lr=3.863182e-05 grad_norm=0.115684
step=11790 layers=1,10 seq_len=55004 skipped_length=0 loss=0.234193 teacher_kl=0.559690 teacher_l1=0.000543 topk_boundary_loss=0.008568 teacher_recall=0.900439 causal_density=0.652236 target_group_coverage=0.714922 same_head_all_targets_hit=1.000000 rank_loss=0.128771 aggregation_loss=0.017593 negative_penalty=0.000247 soft_effective_blocks=173.143539 current_block_budget=256.000000 energy_mean=0.053981 energy_std=0.270429 lr=3.861382e-05 grad_norm=0.115704
step=11800 layers=1,24 seq_len=54869 skipped_length=0 loss=0.249105 teacher_kl=0.746504 teacher_l1=0.000632 topk_boundary_loss=0.008079 teacher_recall=0.888733 causal_density=0.652222 target_group_coverage=0.926953 same_head_all_targets_hit=1.000000 rank_loss=0.120761 aggregation_loss=0.000000 negative_penalty=0.000213 soft_effective_blocks=184.289732 current_block_budget=256.000000 energy_mean=0.049249 energy_std=0.234620 lr=3.859582e-05 grad_norm=0.076228
step=11810 layers=10,14 seq_len=50898 skipped_length=0 loss=0.250997 teacher_kl=0.716945 teacher_l1=0.000669 topk_boundary_loss=0.007202 teacher_recall=0.905382 causal_density=0.652230 target_group_coverage=0.837656 same_head_all_targets_hit=1.000000 rank_loss=0.135516 aggregation_loss=0.017961 negative_penalty=0.000291 soft_effective_blocks=154.331473 current_block_budget=256.000000 energy_mean=0.054507 energy_std=0.304072 lr=3.857780e-05 grad_norm=0.095258
step=11820 layers=21,24 seq_len=58024 skipped_length=0 loss=0.256369 teacher_kl=0.747126 teacher_l1=0.000647 topk_boundary_loss=0.008070 teacher_recall=0.894947 causal_density=0.652128 target_group_coverage=0.805642 same_head_all_targets_hit=1.000000 rank_loss=0.117464 aggregation_loss=0.036878 negative_penalty=0.000236 soft_effective_blocks=171.807121 current_block_budget=256.000000 energy_mean=0.049652 energy_std=0.269103 lr=3.855978e-05 grad_norm=0.079132
step=11830 layers=1,31 seq_len=51742 skipped_length=0 loss=0.237301 teacher_kl=0.610794 teacher_l1=0.000580 topk_boundary_loss=0.007752 teacher_recall=0.893723 causal_density=0.652275 target_group_coverage=0.676094 same_head_all_targets_hit=0.950000 rank_loss=0.131430 aggregation_loss=0.019091 negative_penalty=0.000299 soft_effective_blocks=174.298504 current_block_budget=256.000000 energy_mean=0.054867 energy_std=0.267422 lr=3.854175e-05 grad_norm=0.099304
step=11840 layers=13,14 seq_len=60325 skipped_length=0 loss=0.286609 teacher_kl=0.848046 teacher_l1=0.000738 topk_boundary_loss=0.009069 teacher_recall=0.886773 causal_density=0.652217 target_group_coverage=0.892734 same_head_all_targets_hit=1.000000 rank_loss=0.137399 aggregation_loss=0.017462 negative_penalty=0.000258 soft_effective_blocks=174.407623 current_block_budget=256.000000 energy_mean=0.048760 energy_std=0.251976 lr=3.852371e-05 grad_norm=0.092027
step=11850 layers=0,16 seq_len=62414 skipped_length=0 loss=0.262846 teacher_kl=0.731157 teacher_l1=0.000629 topk_boundary_loss=0.008045 teacher_recall=0.902000 causal_density=0.652158 target_group_coverage=0.841536 same_head_all_targets_hit=1.000000 rank_loss=0.147961 aggregation_loss=0.000000 negative_penalty=0.000200 soft_effective_blocks=165.552176 current_block_budget=256.000000 energy_mean=0.051282 energy_std=0.289345 lr=3.850566e-05 grad_norm=0.101015
step=11860 layers=1,7 seq_len=61706 skipped_length=0 loss=0.248564 teacher_kl=0.692528 teacher_l1=0.000599 topk_boundary_loss=0.008003 teacher_recall=0.889079 causal_density=0.652177 target_group_coverage=0.798611 same_head_all_targets_hit=1.000000 rank_loss=0.126923 aggregation_loss=0.017864 negative_penalty=0.000247 soft_effective_blocks=189.081889 current_block_budget=256.000000 energy_mean=0.049811 energy_std=0.243817 lr=3.848760e-05 grad_norm=0.061353
step=11870 layers=17,30 seq_len=52351 skipped_length=0 loss=0.267122 teacher_kl=0.765717 teacher_l1=0.000695 topk_boundary_loss=0.008623 teacher_recall=0.892768 causal_density=0.652267 target_group_coverage=0.856215 same_head_all_targets_hit=1.000000 rank_loss=0.123550 aggregation_loss=0.036432 negative_penalty=0.000231 soft_effective_blocks=169.974161 current_block_budget=256.000000 energy_mean=0.051985 energy_std=0.263844 lr=3.846954e-05 grad_norm=0.114543
step=11880 layers=0,12 seq_len=59189 skipped_length=0 loss=0.257794 teacher_kl=0.699304 teacher_l1=0.000679 topk_boundary_loss=0.008245 teacher_recall=0.889036 causal_density=0.652327 target_group_coverage=0.851649 same_head_all_targets_hit=1.000000 rank_loss=0.137441 aggregation_loss=0.017723 negative_penalty=0.000281 soft_effective_blocks=159.266714 current_block_budget=256.000000 energy_mean=0.054476 energy_std=0.276335 lr=3.845146e-05 grad_norm=0.110901
step=11890 layers=6,23 seq_len=58645 skipped_length=0 loss=0.250882 teacher_kl=0.760313 teacher_l1=0.000678 topk_boundary_loss=0.008382 teacher_recall=0.887831 causal_density=0.652255 target_group_coverage=0.890859 same_head_all_targets_hit=1.000000 rank_loss=0.108737 aggregation_loss=0.017979 negative_penalty=0.000235 soft_effective_blocks=172.342595 current_block_budget=256.000000 energy_mean=0.051601 energy_std=0.262839 lr=3.843338e-05 grad_norm=0.108364
step=11900 layers=3,10 seq_len=53737 skipped_length=0 loss=0.250447 teacher_kl=0.653523 teacher_l1=0.000657 topk_boundary_loss=0.008112 teacher_recall=0.905418 causal_density=0.652316 target_group_coverage=0.875000 same_head_all_targets_hit=1.000000 rank_loss=0.138456 aggregation_loss=0.017635 negative_penalty=0.000275 soft_effective_blocks=160.891283 current_block_budget=256.000000 energy_mean=0.055450 energy_std=0.284287 lr=3.841529e-05 grad_norm=0.129502
step=11910 layers=25,29 seq_len=55029 skipped_length=0 loss=0.245539 teacher_kl=0.733326 teacher_l1=0.000667 topk_boundary_loss=0.009155 teacher_recall=0.876175 causal_density=0.652267 target_group_coverage=0.731892 same_head_all_targets_hit=0.950000 rank_loss=0.073545 aggregation_loss=0.072525 negative_penalty=0.000228 soft_effective_blocks=178.586977 current_block_budget=256.000000 energy_mean=0.051565 energy_std=0.253742 lr=3.839719e-05 grad_norm=0.091998
step=11920 layers=9,34 seq_len=65033 skipped_length=0 loss=0.251784 teacher_kl=0.766380 teacher_l1=0.000659 topk_boundary_loss=0.007645 teacher_recall=0.899051 causal_density=0.652248 target_group_coverage=0.812283 same_head_all_targets_hit=0.900000 rank_loss=0.103570 aggregation_loss=0.053935 negative_penalty=0.000314 soft_effective_blocks=171.878268 current_block_budget=256.000000 energy_mean=0.050928 energy_std=0.262328 lr=3.837908e-05 grad_norm=0.080323
step=11930 layers=10,27 seq_len=56205 skipped_length=0 loss=0.259562 teacher_kl=0.657896 teacher_l1=0.000640 topk_boundary_loss=0.007988 teacher_recall=0.892139 causal_density=0.652188 target_group_coverage=0.660937 same_head_all_targets_hit=1.000000 rank_loss=0.161551 aggregation_loss=0.000000 negative_penalty=0.000263 soft_effective_blocks=164.238777 current_block_budget=256.000000 energy_mean=0.052957 energy_std=0.285915 lr=3.836097e-05 grad_norm=0.112527
step=11940 layers=25,29 seq_len=56846 skipped_length=0 loss=0.259161 teacher_kl=0.767274 teacher_l1=0.000650 topk_boundary_loss=0.007492 teacher_recall=0.897267 causal_density=0.652187 target_group_coverage=0.916536 same_head_all_targets_hit=1.000000 rank_loss=0.140163 aggregation_loss=0.000000 negative_penalty=0.000213 soft_effective_blocks=171.395788 current_block_budget=256.000000 energy_mean=0.052297 energy_std=0.271477 lr=3.834284e-05 grad_norm=0.082654
step=11950 layers=7,20 seq_len=63032 skipped_length=0 loss=0.260257 teacher_kl=0.745114 teacher_l1=0.000665 topk_boundary_loss=0.008759 teacher_recall=0.882051 causal_density=0.652255 target_group_coverage=0.852543 same_head_all_targets_hit=1.000000 rank_loss=0.115308 aggregation_loss=0.036768 negative_penalty=0.000263 soft_effective_blocks=176.665752 current_block_budget=256.000000 energy_mean=0.050774 energy_std=0.258750 lr=3.832471e-05 grad_norm=0.098238
step=11960 layers=9,22 seq_len=50263 skipped_length=0 loss=0.242430 teacher_kl=0.641591 teacher_l1=0.000595 topk_boundary_loss=0.007816 teacher_recall=0.886882 causal_density=0.652297 target_group_coverage=0.829036 same_head_all_targets_hit=0.950000 rank_loss=0.131827 aggregation_loss=0.018126 negative_penalty=0.000246 soft_effective_blocks=170.704529 current_block_budget=256.000000 energy_mean=0.053775 energy_std=0.257889 lr=3.830657e-05 grad_norm=0.081566
step=11970 layers=3,13 seq_len=56657 skipped_length=0 loss=0.259444 teacher_kl=0.756929 teacher_l1=0.000680 topk_boundary_loss=0.007486 teacher_recall=0.901609 causal_density=0.652194 target_group_coverage=0.853802 same_head_all_targets_hit=1.000000 rank_loss=0.136046 aggregation_loss=0.017382 negative_penalty=0.000259 soft_effective_blocks=167.231635 current_block_budget=256.000000 energy_mean=0.051476 energy_std=0.283242 lr=3.828842e-05 grad_norm=0.097875
step=11980 layers=13,24 seq_len=56904 skipped_length=0 loss=0.254171 teacher_kl=0.738236 teacher_l1=0.000672 topk_boundary_loss=0.008569 teacher_recall=0.890538 causal_density=0.652260 target_group_coverage=0.784844 same_head_all_targets_hit=0.950000 rank_loss=0.102178 aggregation_loss=0.054156 negative_penalty=0.000239 soft_effective_blocks=174.811198 current_block_budget=256.000000 energy_mean=0.051951 energy_std=0.262560 lr=3.827026e-05 grad_norm=0.080839
step=11990 layers=11,12 seq_len=57126 skipped_length=0 loss=0.252189 teacher_kl=0.735514 teacher_l1=0.000699 topk_boundary_loss=0.007220 teacher_recall=0.904733 causal_density=0.652272 target_group_coverage=0.775990 same_head_all_targets_hit=1.000000 rank_loss=0.132791 aggregation_loss=0.017531 negative_penalty=0.000339 soft_effective_blocks=153.281703 current_block_budget=256.000000 energy_mean=0.054013 energy_std=0.291620 lr=3.825210e-05 grad_norm=0.089230
step=12000 layers=2,14 seq_len=54253 skipped_length=0 loss=0.253255 teacher_kl=0.728027 teacher_l1=0.000673 topk_boundary_loss=0.008497 teacher_recall=0.882755 causal_density=0.652279 target_group_coverage=0.920052 same_head_all_targets_hit=1.000000 rank_loss=0.112058 aggregation_loss=0.035181 negative_penalty=0.000259 soft_effective_blocks=169.906487 current_block_budget=256.000000 energy_mean=0.052853 energy_std=0.263577 lr=3.823392e-05 grad_norm=0.099078
[save] raw=/inspire/hdd/global_user/gexinmu-253108100065/Repos/fuyicheng_workshop/Innovator-lm-evaluation-hardness/x-attention-main/xattn/qwen_weights/conv_qwen3_boundary_v2/conv_kernel_7x7_qwen3_8b_boundary_v2_t065_s16_48k64k_bf16_step12000.pt
[save] ema=/inspire/hdd/global_user/gexinmu-253108100065/Repos/fuyicheng_workshop/Innovator-lm-evaluation-hardness/x-attention-main/xattn/qwen_weights/conv_qwen3_boundary_v2/conv_kernel_7x7_qwen3_8b_boundary_v2_t065_s16_48k64k_bf16_ema_step12000.pt
[save] state=/inspire/hdd/global_user/gexinmu-253108100065/Repos/fuyicheng_workshop/Innovator-lm-evaluation-hardness/x-attention-main/xattn/qwen_weights/conv_qwen3_boundary_v2/conv_kernel_7x7_qwen3_8b_boundary_v2_t065_s16_48k64k_bf16_train_state.pt
step=12010 layers=10,26 seq_len=53118 skipped_length=0 loss=0.248353 teacher_kl=0.708614 teacher_l1=0.000630 topk_boundary_loss=0.007756 teacher_recall=0.898729 causal_density=0.652244 target_group_coverage=0.858438 same_head_all_targets_hit=0.900000 rank_loss=0.125586 aggregation_loss=0.018512 negative_penalty=0.000179 soft_effective_blocks=175.742029 current_block_budget=256.000000 energy_mean=0.053495 energy_std=0.265216 lr=3.821574e-05 grad_norm=0.073790
step=12020 layers=11,21 seq_len=56018 skipped_length=0 loss=0.265024 teacher_kl=0.766190 teacher_l1=0.000693 topk_boundary_loss=0.009026 teacher_recall=0.884329 causal_density=0.652277 target_group_coverage=0.834375 same_head_all_targets_hit=1.000000 rank_loss=0.129744 aggregation_loss=0.000000 negative_penalty=0.000238 soft_effective_blocks=170.430479 current_block_budget=256.000000 energy_mean=0.052172 energy_std=0.268598 lr=3.819755e-05 grad_norm=0.105889
step=12030 layers=11,31 seq_len=58720 skipped_length=0 loss=0.255750 teacher_kl=0.778999 teacher_l1=0.000659 topk_boundary_loss=0.007365 teacher_recall=0.900864 causal_density=0.652204 target_group_coverage=0.798281 same_head_all_targets_hit=0.900000 rank_loss=0.118066 aggregation_loss=0.036413 negative_penalty=0.000253 soft_effective_blocks=173.199717 current_block_budget=256.000000 energy_mean=0.050998 energy_std=0.261862 lr=3.817935e-05 grad_norm=0.082500
step=12040 layers=0,4 seq_len=64663 skipped_length=0 loss=0.228075 teacher_kl=0.660574 teacher_l1=0.000582 topk_boundary_loss=0.007793 teacher_recall=0.898679 causal_density=0.652170 target_group_coverage=0.782882 same_head_all_targets_hit=1.000000 rank_loss=0.087820 aggregation_loss=0.055652 negative_penalty=0.000262 soft_effective_blocks=171.917085 current_block_budget=256.000000 energy_mean=0.051283 energy_std=0.272736 lr=3.816115e-05 grad_norm=0.060567
step=12050 layers=23,34 seq_len=60145 skipped_length=0 loss=0.247944 teacher_kl=0.736016 teacher_l1=0.000652 topk_boundary_loss=0.008656 teacher_recall=0.882557 causal_density=0.652279 target_group_coverage=0.852144 same_head_all_targets_hit=1.000000 rank_loss=0.083736 aggregation_loss=0.072042 negative_penalty=0.000250 soft_effective_blocks=179.072780 current_block_budget=256.000000 energy_mean=0.052123 energy_std=0.263543 lr=3.814293e-05 grad_norm=0.041715
step=12060 layers=15,20 seq_len=64259 skipped_length=0 loss=0.275639 teacher_kl=0.739391 teacher_l1=0.000687 topk_boundary_loss=0.009580 teacher_recall=0.902012 causal_density=0.652235 target_group_coverage=0.931424 same_head_all_targets_hit=1.000000 rank_loss=0.138752 aggregation_loss=0.019181 negative_penalty=0.000281 soft_effective_blocks=157.375755 current_block_budget=256.000000 energy_mean=0.053545 energy_std=0.284922 lr=3.812471e-05 grad_norm=0.151158
step=12070 layers=10,22 seq_len=54728 skipped_length=0 loss=0.269286 teacher_kl=0.719725 teacher_l1=0.000624 topk_boundary_loss=0.009589 teacher_recall=0.885212 causal_density=0.652252 target_group_coverage=0.789844 same_head_all_targets_hit=1.000000 rank_loss=0.133665 aggregation_loss=0.017502 negative_penalty=0.000215 soft_effective_blocks=184.534494 current_block_budget=256.000000 energy_mean=0.051496 energy_std=0.244863 lr=3.810648e-05 grad_norm=0.187073
step=12080 layers=2,8 seq_len=51556 skipped_length=0 loss=0.250996 teacher_kl=0.711353 teacher_l1=0.000674 topk_boundary_loss=0.008091 teacher_recall=0.900628 causal_density=0.652216 target_group_coverage=0.819141 same_head_all_targets_hit=1.000000 rank_loss=0.132541 aggregation_loss=0.000000 negative_penalty=0.000309 soft_effective_blocks=146.715038 current_block_budget=256.000000 energy_mean=0.054328 energy_std=0.311793 lr=3.808824e-05 grad_norm=0.083932
step=12090 layers=17,32 seq_len=52066 skipped_length=0 loss=0.259171 teacher_kl=0.773578 teacher_l1=0.000653 topk_boundary_loss=0.007801 teacher_recall=0.893067 causal_density=0.652196 target_group_coverage=0.798047 same_head_all_targets_hit=1.000000 rank_loss=0.134475 aggregation_loss=0.000000 negative_penalty=0.000219 soft_effective_blocks=180.425221 current_block_budget=256.000000 energy_mean=0.050340 energy_std=0.258300 lr=3.806999e-05 grad_norm=0.079168
step=12100 layers=0,19 seq_len=53269 skipped_length=0 loss=0.238847 teacher_kl=0.677132 teacher_l1=0.000667 topk_boundary_loss=0.007715 teacher_recall=0.889170 causal_density=0.652311 target_group_coverage=0.755443 same_head_all_targets_hit=1.000000 rank_loss=0.118241 aggregation_loss=0.018300 negative_penalty=0.000265 soft_effective_blocks=167.140543 current_block_budget=256.000000 energy_mean=0.054319 energy_std=0.266678 lr=3.805174e-05 grad_norm=0.069386
step=12110 layers=11,22 seq_len=54173 skipped_length=0 loss=0.261175 teacher_kl=0.710873 teacher_l1=0.000676 topk_boundary_loss=0.008499 teacher_recall=0.885433 causal_density=0.652335 target_group_coverage=0.785286 same_head_all_targets_hit=1.000000 rank_loss=0.144186 aggregation_loss=0.000000 negative_penalty=0.000237 soft_effective_blocks=155.900240 current_block_budget=256.000000 energy_mean=0.055323 energy_std=0.289733 lr=3.803348e-05 grad_norm=0.102341
step=12120 layers=11,13 seq_len=52492 skipped_length=0 loss=0.294892 teacher_kl=0.889485 teacher_l1=0.000743 topk_boundary_loss=0.009461 teacher_recall=0.880732 causal_density=0.652276 target_group_coverage=0.876736 same_head_all_targets_hit=0.950000 rank_loss=0.135279 aggregation_loss=0.018261 negative_penalty=0.000308 soft_effective_blocks=178.800285 current_block_budget=256.000000 energy_mean=0.048903 energy_std=0.241941 lr=3.801520e-05 grad_norm=0.082913
step=12130 layers=18,26 seq_len=55955 skipped_length=0 loss=0.235131 teacher_kl=0.631063 teacher_l1=0.000637 topk_boundary_loss=0.007084 teacher_recall=0.896504 causal_density=0.652345 target_group_coverage=0.808594 same_head_all_targets_hit=1.000000 rank_loss=0.132401 aggregation_loss=0.017294 negative_penalty=0.000232 soft_effective_blocks=155.927982 current_block_budget=256.000000 energy_mean=0.058338 energy_std=0.297288 lr=3.799693e-05 grad_norm=0.068687
step=12140 layers=14,31 seq_len=56830 skipped_length=0 loss=0.264558 teacher_kl=0.744287 teacher_l1=0.000701 topk_boundary_loss=0.008159 teacher_recall=0.886189 causal_density=0.652313 target_group_coverage=0.724349 same_head_all_targets_hit=1.000000 rank_loss=0.146004 aggregation_loss=0.000000 negative_penalty=0.000227 soft_effective_blocks=166.119165 current_block_budget=256.000000 energy_mean=0.052186 energy_std=0.265549 lr=3.797864e-05 grad_norm=0.090536
step=12150 layers=0,34 seq_len=55753 skipped_length=0 loss=0.251757 teacher_kl=0.698652 teacher_l1=0.000629 topk_boundary_loss=0.007675 teacher_recall=0.898769 causal_density=0.652214 target_group_coverage=0.855313 same_head_all_targets_hit=1.000000 rank_loss=0.127789 aggregation_loss=0.035392 negative_penalty=0.000282 soft_effective_blocks=169.884010 current_block_budget=256.000000 energy_mean=0.053391 energy_std=0.276539 lr=3.796035e-05 grad_norm=0.106787
step=12160 layers=20,21 seq_len=50941 skipped_length=0 loss=0.274478 teacher_kl=0.787476 teacher_l1=0.000721 topk_boundary_loss=0.008205 teacher_recall=0.889045 causal_density=0.652331 target_group_coverage=0.780729 same_head_all_targets_hit=1.000000 rank_loss=0.151126 aggregation_loss=0.000000 negative_penalty=0.000243 soft_effective_blocks=171.867638 current_block_budget=256.000000 energy_mean=0.053300 energy_std=0.263210 lr=3.794204e-05 grad_norm=0.091225
step=12170 layers=9,17 seq_len=52895 skipped_length=0 loss=0.261533 teacher_kl=0.695165 teacher_l1=0.000634 topk_boundary_loss=0.007798 teacher_recall=0.892457 causal_density=0.652266 target_group_coverage=0.861198 same_head_all_targets_hit=0.950000 rank_loss=0.158061 aggregation_loss=0.000000 negative_penalty=0.000252 soft_effective_blocks=160.992058 current_block_budget=256.000000 energy_mean=0.053206 energy_std=0.277687 lr=3.792373e-05 grad_norm=0.085150
step=12180 layers=15,33 seq_len=61388 skipped_length=0 loss=0.251563 teacher_kl=0.701113 teacher_l1=0.000655 topk_boundary_loss=0.008478 teacher_recall=0.892312 causal_density=0.652239 target_group_coverage=0.777344 same_head_all_targets_hit=0.950000 rank_loss=0.115407 aggregation_loss=0.037156 negative_penalty=0.000236 soft_effective_blocks=161.055721 current_block_budget=256.000000 energy_mean=0.054832 energy_std=0.292520 lr=3.790541e-05 grad_norm=0.125391
step=12190 layers=0,34 seq_len=61361 skipped_length=0 loss=0.235706 teacher_kl=0.628413 teacher_l1=0.000597 topk_boundary_loss=0.007553 teacher_recall=0.895982 causal_density=0.652213 target_group_coverage=0.836806 same_head_all_targets_hit=1.000000 rank_loss=0.119751 aggregation_loss=0.036508 negative_penalty=0.000313 soft_effective_blocks=178.716515 current_block_budget=256.000000 energy_mean=0.050879 energy_std=0.259213 lr=3.788709e-05 grad_norm=0.087287
step=12200 layers=10,11 seq_len=64662 skipped_length=0 loss=0.269161 teacher_kl=0.781819 teacher_l1=0.000693 topk_boundary_loss=0.008746 teacher_recall=0.897446 causal_density=0.652261 target_group_coverage=0.788672 same_head_all_targets_hit=1.000000 rank_loss=0.136459 aggregation_loss=0.000000 negative_penalty=0.000253 soft_effective_blocks=166.879073 current_block_budget=256.000000 energy_mean=0.052291 energy_std=0.273652 lr=3.786875e-05 grad_norm=0.125720
step=12210 layers=9,18 seq_len=54186 skipped_length=0 loss=0.279605 teacher_kl=0.804388 teacher_l1=0.000723 topk_boundary_loss=0.009160 teacher_recall=0.879464 causal_density=0.652258 target_group_coverage=0.780434 same_head_all_targets_hit=1.000000 rank_loss=0.127466 aggregation_loss=0.036582 negative_penalty=0.000257 soft_effective_blocks=169.758255 current_block_budget=256.000000 energy_mean=0.051254 energy_std=0.258602 lr=3.785041e-05 grad_norm=0.080189
step=12220 layers=4,16 seq_len=58707 skipped_length=0 loss=0.252470 teacher_kl=0.729011 teacher_l1=0.000630 topk_boundary_loss=0.007777 teacher_recall=0.896503 causal_density=0.652170 target_group_coverage=0.764974 same_head_all_targets_hit=1.000000 rank_loss=0.134773 aggregation_loss=0.000000 negative_penalty=0.000220 soft_effective_blocks=176.531439 current_block_budget=256.000000 energy_mean=0.050161 energy_std=0.266824 lr=3.783206e-05 grad_norm=0.071460
step=12230 layers=2,14 seq_len=64126 skipped_length=0 loss=0.257777 teacher_kl=0.678820 teacher_l1=0.000610 topk_boundary_loss=0.008603 teacher_recall=0.883801 causal_density=0.652214 target_group_coverage=0.807526 same_head_all_targets_hit=1.000000 rank_loss=0.130041 aggregation_loss=0.036283 negative_penalty=0.000270 soft_effective_blocks=173.529510 current_block_budget=256.000000 energy_mean=0.053795 energy_std=0.270461 lr=3.781370e-05 grad_norm=0.129409
step=12240 layers=4,17 seq_len=62869 skipped_length=0 loss=0.237543 teacher_kl=0.732864 teacher_l1=0.000673 topk_boundary_loss=0.007812 teacher_recall=0.894389 causal_density=0.652296 target_group_coverage=0.897500 same_head_all_targets_hit=0.900000 rank_loss=0.101217 aggregation_loss=0.017371 negative_penalty=0.000252 soft_effective_blocks=162.949176 current_block_budget=256.000000 energy_mean=0.053831 energy_std=0.280627 lr=3.779534e-05 grad_norm=0.076296
step=12250 layers=13,22 seq_len=59890 skipped_length=0 loss=0.255351 teacher_kl=0.716648 teacher_l1=0.000658 topk_boundary_loss=0.007980 teacher_recall=0.891904 causal_density=0.652240 target_group_coverage=0.829844 same_head_all_targets_hit=1.000000 rank_loss=0.125068 aggregation_loss=0.035730 negative_penalty=0.000261 soft_effective_blocks=177.144789 current_block_budget=256.000000 energy_mean=0.050336 energy_std=0.255773 lr=3.777697e-05 grad_norm=0.085882
[save] raw=/inspire/hdd/global_user/gexinmu-253108100065/Repos/fuyicheng_workshop/Innovator-lm-evaluation-hardness/x-attention-main/xattn/qwen_weights/conv_qwen3_boundary_v2/conv_kernel_7x7_qwen3_8b_boundary_v2_t065_s16_48k64k_bf16_step12250.pt
[save] ema=/inspire/hdd/global_user/gexinmu-253108100065/Repos/fuyicheng_workshop/Innovator-lm-evaluation-hardness/x-attention-main/xattn/qwen_weights/conv_qwen3_boundary_v2/conv_kernel_7x7_qwen3_8b_boundary_v2_t065_s16_48k64k_bf16_ema_step12250.pt
[save] state=/inspire/hdd/global_user/gexinmu-253108100065/Repos/fuyicheng_workshop/Innovator-lm-evaluation-hardness/x-attention-main/xattn/qwen_weights/conv_qwen3_boundary_v2/conv_kernel_7x7_qwen3_8b_boundary_v2_t065_s16_48k64k_bf16_train_state.pt
step=12260 layers=17,21 seq_len=53952 skipped_length=0 loss=0.255281 teacher_kl=0.720166 teacher_l1=0.000658 topk_boundary_loss=0.007880 teacher_recall=0.889351 causal_density=0.652276 target_group_coverage=0.840313 same_head_all_targets_hit=0.950000 rank_loss=0.132730 aggregation_loss=0.018136 negative_penalty=0.000256 soft_effective_blocks=156.408897 current_block_budget=256.000000 energy_mean=0.054936 energy_std=0.290803 lr=3.775859e-05 grad_norm=0.080068
step=12270 layers=2,14 seq_len=57126 skipped_length=0 loss=0.259687 teacher_kl=0.745001 teacher_l1=0.000657 topk_boundary_loss=0.007453 teacher_recall=0.906611 causal_density=0.652222 target_group_coverage=0.786328 same_head_all_targets_hit=1.000000 rank_loss=0.147118 aggregation_loss=0.000000 negative_penalty=0.000286 soft_effective_blocks=163.091999 current_block_budget=256.000000 energy_mean=0.053780 energy_std=0.286441 lr=3.774020e-05 grad_norm=0.096100
step=12280 layers=5,15 seq_len=65090 skipped_length=0 loss=0.259581 teacher_kl=0.723030 teacher_l1=0.000650 topk_boundary_loss=0.008402 teacher_recall=0.882854 causal_density=0.652216 target_group_coverage=0.788976 same_head_all_targets_hit=1.000000 rank_loss=0.132270 aggregation_loss=0.018048 negative_penalty=0.000170 soft_effective_blocks=174.168243 current_block_budget=256.000000 energy_mean=0.051238 energy_std=0.263952 lr=3.772180e-05 grad_norm=0.068231
step=12290 layers=18,34 seq_len=59913 skipped_length=0 loss=0.266629 teacher_kl=0.756569 teacher_l1=0.000681 topk_boundary_loss=0.007725 teacher_recall=0.902449 causal_density=0.652185 target_group_coverage=0.861155 same_head_all_targets_hit=1.000000 rank_loss=0.144387 aggregation_loss=0.018685 negative_penalty=0.000318 soft_effective_blocks=169.214606 current_block_budget=256.000000 energy_mean=0.051593 energy_std=0.276809 lr=3.770340e-05 grad_norm=0.108124
step=12300 layers=3,27 seq_len=56465 skipped_length=0 loss=0.246910 teacher_kl=0.696526 teacher_l1=0.000641 topk_boundary_loss=0.008237 teacher_recall=0.885996 causal_density=0.652272 target_group_coverage=0.874436 same_head_all_targets_hit=1.000000 rank_loss=0.119906 aggregation_loss=0.018199 negative_penalty=0.000247 soft_effective_blocks=173.210940 current_block_budget=256.000000 energy_mean=0.053950 energy_std=0.274250 lr=3.768499e-05 grad_norm=0.082102
step=12310 layers=9,16 seq_len=54418 skipped_length=0 loss=0.244655 teacher_kl=0.742357 teacher_l1=0.000650 topk_boundary_loss=0.007934 teacher_recall=0.885865 causal_density=0.652251 target_group_coverage=0.816172 same_head_all_targets_hit=1.000000 rank_loss=0.109116 aggregation_loss=0.017276 negative_penalty=0.000249 soft_effective_blocks=172.249782 current_block_budget=256.000000 energy_mean=0.052009 energy_std=0.252854 lr=3.766657e-05 grad_norm=0.077584
step=12320 layers=26,27 seq_len=53499 skipped_length=0 loss=0.238878 teacher_kl=0.595518 teacher_l1=0.000615 topk_boundary_loss=0.007609 teacher_recall=0.894513 causal_density=0.652331 target_group_coverage=0.648047 same_head_all_targets_hit=1.000000 rank_loss=0.147728 aggregation_loss=0.000000 negative_penalty=0.000256 soft_effective_blocks=158.037531 current_block_budget=256.000000 energy_mean=0.057922 energy_std=0.302578 lr=3.764814e-05 grad_norm=0.086751
step=12330 layers=9,21 seq_len=64069 skipped_length=0 loss=0.292292 teacher_kl=0.865983 teacher_l1=0.000750 topk_boundary_loss=0.009433 teacher_recall=0.888887 causal_density=0.652294 target_group_coverage=0.856328 same_head_all_targets_hit=1.000000 rank_loss=0.137264 aggregation_loss=0.018094 negative_penalty=0.000272 soft_effective_blocks=170.241911 current_block_budget=256.000000 energy_mean=0.050101 energy_std=0.252696 lr=3.762971e-05 grad_norm=0.138368
step=12340 layers=17,21 seq_len=52838 skipped_length=0 loss=0.269604 teacher_kl=0.754354 teacher_l1=0.000719 topk_boundary_loss=0.008023 teacher_recall=0.894698 causal_density=0.652318 target_group_coverage=0.849219 same_head_all_targets_hit=1.000000 rank_loss=0.153709 aggregation_loss=0.000000 negative_penalty=0.000272 soft_effective_blocks=164.639736 current_block_budget=256.000000 energy_mean=0.053675 energy_std=0.276516 lr=3.761126e-05 grad_norm=0.093017
step=12350 layers=17,33 seq_len=58021 skipped_length=0 loss=0.247149 teacher_kl=0.683042 teacher_l1=0.000624 topk_boundary_loss=0.008049 teacher_recall=0.887574 causal_density=0.652250 target_group_coverage=0.826970 same_head_all_targets_hit=1.000000 rank_loss=0.118574 aggregation_loss=0.036483 negative_penalty=0.000235 soft_effective_blocks=173.671059 current_block_budget=256.000000 energy_mean=0.053563 energy_std=0.263417 lr=3.759281e-05 grad_norm=0.068190
step=12360 layers=1,34 seq_len=65102 skipped_length=0 loss=0.259667 teacher_kl=0.768350 teacher_l1=0.000698 topk_boundary_loss=0.007884 teacher_recall=0.893388 causal_density=0.652199 target_group_coverage=0.762344 same_head_all_targets_hit=0.950000 rank_loss=0.120308 aggregation_loss=0.036462 negative_penalty=0.000308 soft_effective_blocks=172.523656 current_block_budget=256.000000 energy_mean=0.051474 energy_std=0.278943 lr=3.757436e-05 grad_norm=0.101828
step=12370 layers=12,22 seq_len=54975 skipped_length=0 loss=0.250103 teacher_kl=0.705506 teacher_l1=0.000633 topk_boundary_loss=0.007185 teacher_recall=0.902123 causal_density=0.652246 target_group_coverage=0.779297 same_head_all_targets_hit=1.000000 rank_loss=0.144599 aggregation_loss=0.000000 negative_penalty=0.000243 soft_effective_blocks=153.119788 current_block_budget=256.000000 energy_mean=0.054424 energy_std=0.296918 lr=3.755589e-05 grad_norm=0.051866
step=12380 layers=10,20 seq_len=58325 skipped_length=0 loss=0.259633 teacher_kl=0.735664 teacher_l1=0.000710 topk_boundary_loss=0.008182 teacher_recall=0.884887 causal_density=0.652290 target_group_coverage=0.766146 same_head_all_targets_hit=1.000000 rank_loss=0.132376 aggregation_loss=0.017427 negative_penalty=0.000260 soft_effective_blocks=164.479332 current_block_budget=256.000000 energy_mean=0.053314 energy_std=0.278118 lr=3.753742e-05 grad_norm=0.084334
step=12390 layers=4,21 seq_len=55770 skipped_length=0 loss=0.275664 teacher_kl=0.721940 teacher_l1=0.000647 topk_boundary_loss=0.010386 teacher_recall=0.880886 causal_density=0.652271 target_group_coverage=0.926120 same_head_all_targets_hit=1.000000 rank_loss=0.132937 aggregation_loss=0.017956 negative_penalty=0.000199 soft_effective_blocks=191.304018 current_block_budget=256.000000 energy_mean=0.050199 energy_std=0.226405 lr=3.751894e-05 grad_norm=0.125187
step=12400 layers=11,24 seq_len=57014 skipped_length=0 loss=0.242621 teacher_kl=0.672247 teacher_l1=0.000634 topk_boundary_loss=0.006793 teacher_recall=0.908221 causal_density=0.652311 target_group_coverage=0.693229 same_head_all_targets_hit=1.000000 rank_loss=0.145664 aggregation_loss=0.000000 negative_penalty=0.000295 soft_effective_blocks=154.916522 current_block_budget=256.000000 energy_mean=0.056732 energy_std=0.294977 lr=3.750045e-05 grad_norm=0.080219
step=12410 layers=12,17 seq_len=64580 skipped_length=0 loss=0.259379 teacher_kl=0.769143 teacher_l1=0.000708 topk_boundary_loss=0.008346 teacher_recall=0.889380 causal_density=0.652270 target_group_coverage=0.786788 same_head_all_targets_hit=1.000000 rank_loss=0.105768 aggregation_loss=0.054941 negative_penalty=0.000268 soft_effective_blocks=164.235567 current_block_budget=256.000000 energy_mean=0.054367 energy_std=0.282306 lr=3.748196e-05 grad_norm=0.058621
step=12420 layers=2,19 seq_len=64871 skipped_length=0 loss=0.254345 teacher_kl=0.756713 teacher_l1=0.000672 topk_boundary_loss=0.007684 teacher_recall=0.899056 causal_density=0.652244 target_group_coverage=0.847266 same_head_all_targets_hit=1.000000 rank_loss=0.132208 aggregation_loss=0.000000 negative_penalty=0.000238 soft_effective_blocks=168.631386 current_block_budget=256.000000 energy_mean=0.052367 energy_std=0.275803 lr=3.746346e-05 grad_norm=0.082627
step=12430 layers=30,32 seq_len=52343 skipped_length=0 loss=0.240299 teacher_kl=0.708991 teacher_l1=0.000648 topk_boundary_loss=0.007818 teacher_recall=0.895235 causal_density=0.652243 target_group_coverage=0.852821 same_head_all_targets_hit=0.950000 rank_loss=0.088374 aggregation_loss=0.073349 negative_penalty=0.000266 soft_effective_blocks=169.192567 current_block_budget=256.000000 energy_mean=0.052044 energy_std=0.264926 lr=3.744495e-05 grad_norm=0.066346
step=12440 layers=15,18 seq_len=58047 skipped_length=0 loss=0.261888 teacher_kl=0.781306 teacher_l1=0.000737 topk_boundary_loss=0.007988 teacher_recall=0.889646 causal_density=0.652346 target_group_coverage=0.792483 same_head_all_targets_hit=0.950000 rank_loss=0.112084 aggregation_loss=0.053962 negative_penalty=0.000256 soft_effective_blocks=157.522763 current_block_budget=256.000000 energy_mean=0.056292 energy_std=0.291063 lr=3.742643e-05 grad_norm=0.080077
step=12450 layers=3,13 seq_len=62635 skipped_length=0 loss=0.253187 teacher_kl=0.734798 teacher_l1=0.000634 topk_boundary_loss=0.008628 teacher_recall=0.883579 causal_density=0.652247 target_group_coverage=0.814323 same_head_all_targets_hit=1.000000 rank_loss=0.116042 aggregation_loss=0.017125 negative_penalty=0.000179 soft_effective_blocks=182.623980 current_block_budget=256.000000 energy_mean=0.052514 energy_std=0.256761 lr=3.740791e-05 grad_norm=0.071179
step=12460 layers=21,29 seq_len=53401 skipped_length=0 loss=0.250339 teacher_kl=0.677165 teacher_l1=0.000698 topk_boundary_loss=0.007618 teacher_recall=0.900415 causal_density=0.652380 target_group_coverage=0.817995 same_head_all_targets_hit=1.000000 rank_loss=0.138907 aggregation_loss=0.017716 negative_penalty=0.000419 soft_effective_blocks=140.904975 current_block_budget=256.000000 energy_mean=0.057514 energy_std=0.318514 lr=3.738937e-05 grad_norm=0.137263
step=12470 layers=4,15 seq_len=62000 skipped_length=0 loss=0.267737 teacher_kl=0.776232 teacher_l1=0.000695 topk_boundary_loss=0.008260 teacher_recall=0.889138 causal_density=0.652268 target_group_coverage=0.826693 same_head_all_targets_hit=1.000000 rank_loss=0.141963 aggregation_loss=0.000000 negative_penalty=0.000224 soft_effective_blocks=173.123306 current_block_budget=256.000000 energy_mean=0.053037 energy_std=0.262386 lr=3.737084e-05 grad_norm=0.107337
step=12480 layers=25,31 seq_len=64822 skipped_length=0 loss=0.233450 teacher_kl=0.664536 teacher_l1=0.000607 topk_boundary_loss=0.008093 teacher_recall=0.885979 causal_density=0.652203 target_group_coverage=0.827161 same_head_all_targets_hit=1.000000 rank_loss=0.085237 aggregation_loss=0.071378 negative_penalty=0.000198 soft_effective_blocks=180.550305 current_block_budget=256.000000 energy_mean=0.051897 energy_std=0.260678 lr=3.735229e-05 grad_norm=0.052914
step=12490 layers=9,18 seq_len=52734 skipped_length=0 loss=0.251396 teacher_kl=0.706776 teacher_l1=0.000643 topk_boundary_loss=0.007534 teacher_recall=0.900599 causal_density=0.652282 target_group_coverage=0.832734 same_head_all_targets_hit=0.950000 rank_loss=0.126918 aggregation_loss=0.035671 negative_penalty=0.000264 soft_effective_blocks=162.205254 current_block_budget=256.000000 energy_mean=0.054299 energy_std=0.280423 lr=3.733374e-05 grad_norm=0.081846
step=12500 layers=6,9 seq_len=59166 skipped_length=0 loss=0.299219 teacher_kl=0.814639 teacher_l1=0.000675 topk_boundary_loss=0.012960 teacher_recall=0.886071 causal_density=0.652113 target_group_coverage=0.870964 same_head_all_targets_hit=1.000000 rank_loss=0.122170 aggregation_loss=0.000000 negative_penalty=0.000275 soft_effective_blocks=176.513031 current_block_budget=256.000000 energy_mean=0.048302 energy_std=0.261502 lr=3.731517e-05 grad_norm=0.231739
[save] raw=/inspire/hdd/global_user/gexinmu-253108100065/Repos/fuyicheng_workshop/Innovator-lm-evaluation-hardness/x-attention-main/xattn/qwen_weights/conv_qwen3_boundary_v2/conv_kernel_7x7_qwen3_8b_boundary_v2_t065_s16_48k64k_bf16_step12500.pt
[save] ema=/inspire/hdd/global_user/gexinmu-253108100065/Repos/fuyicheng_workshop/Innovator-lm-evaluation-hardness/x-attention-main/xattn/qwen_weights/conv_qwen3_boundary_v2/conv_kernel_7x7_qwen3_8b_boundary_v2_t065_s16_48k64k_bf16_ema_step12500.pt
[save] state=/inspire/hdd/global_user/gexinmu-253108100065/Repos/fuyicheng_workshop/Innovator-lm-evaluation-hardness/x-attention-main/xattn/qwen_weights/conv_qwen3_boundary_v2/conv_kernel_7x7_qwen3_8b_boundary_v2_t065_s16_48k64k_bf16_train_state.pt
step=12510 layers=0,26 seq_len=52695 skipped_length=0 loss=0.244261 teacher_kl=0.686341 teacher_l1=0.000646 topk_boundary_loss=0.007786 teacher_recall=0.898241 causal_density=0.652274 target_group_coverage=0.873255 same_head_all_targets_hit=1.000000 rank_loss=0.116756 aggregation_loss=0.035710 negative_penalty=0.000260 soft_effective_blocks=167.178856 current_block_budget=256.000000 energy_mean=0.054436 energy_std=0.280723 lr=3.729661e-05 grad_norm=0.095634
step=12520 layers=17,30 seq_len=65196 skipped_length=0 loss=0.255519 teacher_kl=0.747256 teacher_l1=0.000687 topk_boundary_loss=0.008426 teacher_recall=0.883282 causal_density=0.652263 target_group_coverage=0.890703 same_head_all_targets_hit=0.950000 rank_loss=0.111946 aggregation_loss=0.035255 negative_penalty=0.000241 soft_effective_blocks=171.062239 current_block_budget=256.000000 energy_mean=0.051948 energy_std=0.267664 lr=3.727803e-05 grad_norm=0.053704
step=12530 layers=25,29 seq_len=55113 skipped_length=0 loss=0.259817 teacher_kl=0.756742 teacher_l1=0.000693 topk_boundary_loss=0.008045 teacher_recall=0.899272 causal_density=0.652336 target_group_coverage=0.947135 same_head_all_targets_hit=1.000000 rank_loss=0.136503 aggregation_loss=0.000000 negative_penalty=0.000265 soft_effective_blocks=158.694338 current_block_budget=256.000000 energy_mean=0.056219 energy_std=0.285083 lr=3.725945e-05 grad_norm=0.090941
step=12540 layers=6,32 seq_len=54221 skipped_length=0 loss=0.230078 teacher_kl=0.607779 teacher_l1=0.000582 topk_boundary_loss=0.007026 teacher_recall=0.903200 causal_density=0.652204 target_group_coverage=0.803646 same_head_all_targets_hit=1.000000 rank_loss=0.122524 aggregation_loss=0.036606 negative_penalty=0.000284 soft_effective_blocks=171.566558 current_block_budget=256.000000 energy_mean=0.052971 energy_std=0.277342 lr=3.724086e-05 grad_norm=0.064809
step=12550 layers=3,7 seq_len=58534 skipped_length=0 loss=0.276896 teacher_kl=0.768772 teacher_l1=0.000705 topk_boundary_loss=0.009375 teacher_recall=0.891814 causal_density=0.652328 target_group_coverage=0.774922 same_head_all_targets_hit=0.950000 rank_loss=0.136789 aggregation_loss=0.017846 negative_penalty=0.000256 soft_effective_blocks=167.877971 current_block_budget=256.000000 energy_mean=0.053988 energy_std=0.272657 lr=3.722226e-05 grad_norm=0.172540
step=12560 layers=4,14 seq_len=60249 skipped_length=0 loss=0.266494 teacher_kl=0.745234 teacher_l1=0.000690 topk_boundary_loss=0.008677 teacher_recall=0.880793 causal_density=0.652254 target_group_coverage=0.893186 same_head_all_targets_hit=0.950000 rank_loss=0.134323 aggregation_loss=0.018616 negative_penalty=0.000270 soft_effective_blocks=165.753764 current_block_budget=256.000000 energy_mean=0.053376 energy_std=0.279692 lr=3.720366e-05 grad_norm=0.107952
step=12570 layers=21,28 seq_len=64907 skipped_length=0 loss=0.270387 teacher_kl=0.760922 teacher_l1=0.000638 topk_boundary_loss=0.009228 teacher_recall=0.895236 causal_density=0.652114 target_group_coverage=0.845816 same_head_all_targets_hit=1.000000 rank_loss=0.121989 aggregation_loss=0.036777 negative_penalty=0.000228 soft_effective_blocks=184.296815 current_block_budget=256.000000 energy_mean=0.048798 energy_std=0.251113 lr=3.718505e-05 grad_norm=0.146619
step=12580 layers=22,30 seq_len=57373 skipped_length=0 loss=0.256090 teacher_kl=0.734945 teacher_l1=0.000653 topk_boundary_loss=0.008424 teacher_recall=0.900026 causal_density=0.652199 target_group_coverage=0.811771 same_head_all_targets_hit=1.000000 rank_loss=0.123244 aggregation_loss=0.017871 negative_penalty=0.000219 soft_effective_blocks=167.441147 current_block_budget=256.000000 energy_mean=0.052652 energy_std=0.278911 lr=3.716643e-05 grad_norm=0.133001
step=12590 layers=18,35 seq_len=64464 skipped_length=0 loss=0.268924 teacher_kl=0.786237 teacher_l1=0.000705 topk_boundary_loss=0.008889 teacher_recall=0.890367 causal_density=0.652290 target_group_coverage=0.801641 same_head_all_targets_hit=0.950000 rank_loss=0.118096 aggregation_loss=0.035904 negative_penalty=0.000335 soft_effective_blocks=158.777857 current_block_budget=256.000000 energy_mean=0.053906 energy_std=0.286988 lr=3.714780e-05 grad_norm=0.098230
step=12600 layers=19,26 seq_len=51541 skipped_length=0 loss=0.239022 teacher_kl=0.665715 teacher_l1=0.000624 topk_boundary_loss=0.007608 teacher_recall=0.893577 causal_density=0.652270 target_group_coverage=0.792188 same_head_all_targets_hit=0.950000 rank_loss=0.115952 aggregation_loss=0.034760 negative_penalty=0.000203 soft_effective_blocks=169.409874 current_block_budget=256.000000 energy_mean=0.055064 energy_std=0.275167 lr=3.712917e-05 grad_norm=0.060103
step=12610 layers=0,23 seq_len=63683 skipped_length=0 loss=0.252824 teacher_kl=0.722249 teacher_l1=0.000692 topk_boundary_loss=0.008520 teacher_recall=0.885890 causal_density=0.652327 target_group_coverage=0.849852 same_head_all_targets_hit=1.000000 rank_loss=0.104503 aggregation_loss=0.054330 negative_penalty=0.000266 soft_effective_blocks=160.788533 current_block_budget=256.000000 energy_mean=0.054430 energy_std=0.286479 lr=3.711053e-05 grad_norm=0.085624
step=12620 layers=1,25 seq_len=56543 skipped_length=0 loss=0.253024 teacher_kl=0.694538 teacher_l1=0.000662 topk_boundary_loss=0.007807 teacher_recall=0.896871 causal_density=0.652317 target_group_coverage=0.805651 same_head_all_targets_hit=0.950000 rank_loss=0.136576 aggregation_loss=0.017610 negative_penalty=0.000243 soft_effective_blocks=163.515086 current_block_budget=256.000000 energy_mean=0.055434 energy_std=0.275389 lr=3.709188e-05 grad_norm=0.098225
step=12630 layers=16,28 seq_len=62861 skipped_length=0 loss=0.269675 teacher_kl=0.779079 teacher_l1=0.000646 topk_boundary_loss=0.008369 teacher_recall=0.890395 causal_density=0.652210 target_group_coverage=0.850781 same_head_all_targets_hit=1.000000 rank_loss=0.143029 aggregation_loss=0.000000 negative_penalty=0.000291 soft_effective_blocks=176.512570 current_block_budget=256.000000 energy_mean=0.050292 energy_std=0.264154 lr=3.707323e-05 grad_norm=0.099035
step=12640 layers=13,22 seq_len=49792 skipped_length=0 loss=0.273070 teacher_kl=0.748555 teacher_l1=0.000727 topk_boundary_loss=0.009606 teacher_recall=0.883735 causal_density=0.652323 target_group_coverage=0.751719 same_head_all_targets_hit=1.000000 rank_loss=0.132415 aggregation_loss=0.017784 negative_penalty=0.000194 soft_effective_blocks=161.853403 current_block_budget=256.000000 energy_mean=0.054748 energy_std=0.268360 lr=3.705457e-05 grad_norm=0.132207
step=12650 layers=9,27 seq_len=53162 skipped_length=0 loss=0.238346 teacher_kl=0.621555 teacher_l1=0.000595 topk_boundary_loss=0.007454 teacher_recall=0.897621 causal_density=0.652294 target_group_coverage=0.794271 same_head_all_targets_hit=1.000000 rank_loss=0.142404 aggregation_loss=0.000000 negative_penalty=0.000279 soft_effective_blocks=160.870010 current_block_budget=256.000000 energy_mean=0.055457 energy_std=0.282620 lr=3.703590e-05 grad_norm=0.099893
step=12660 layers=7,31 seq_len=52009 skipped_length=0 loss=0.247636 teacher_kl=0.786662 teacher_l1=0.000728 topk_boundary_loss=0.007859 teacher_recall=0.891708 causal_density=0.652321 target_group_coverage=0.843220 same_head_all_targets_hit=1.000000 rank_loss=0.073255 aggregation_loss=0.091060 negative_penalty=0.000278 soft_effective_blocks=158.220975 current_block_budget=256.000000 energy_mean=0.055408 energy_std=0.301115 lr=3.701722e-05 grad_norm=0.095534
step=12670 layers=13,28 seq_len=59882 skipped_length=0 loss=0.248526 teacher_kl=0.717183 teacher_l1=0.000685 topk_boundary_loss=0.008177 teacher_recall=0.893677 causal_density=0.652309 target_group_coverage=0.844579 same_head_all_targets_hit=0.950000 rank_loss=0.103561 aggregation_loss=0.053416 negative_penalty=0.000264 soft_effective_blocks=168.741222 current_block_budget=256.000000 energy_mean=0.053412 energy_std=0.271187 lr=3.699854e-05 grad_norm=0.064743
step=12680 layers=20,24 seq_len=53883 skipped_length=0 loss=0.270754 teacher_kl=0.783415 teacher_l1=0.000702 topk_boundary_loss=0.008554 teacher_recall=0.883137 causal_density=0.652233 target_group_coverage=0.781641 same_head_all_targets_hit=1.000000 rank_loss=0.141283 aggregation_loss=0.000000 negative_penalty=0.000197 soft_effective_blocks=166.523560 current_block_budget=256.000000 energy_mean=0.053503 energy_std=0.272614 lr=3.697985e-05 grad_norm=0.083686
step=12690 layers=2,35 seq_len=53302 skipped_length=0 loss=0.249405 teacher_kl=0.682188 teacher_l1=0.000604 topk_boundary_loss=0.007133 teacher_recall=0.897575 causal_density=0.652257 target_group_coverage=0.892839 same_head_all_targets_hit=1.000000 rank_loss=0.149956 aggregation_loss=0.000000 negative_penalty=0.000302 soft_effective_blocks=169.856061 current_block_budget=256.000000 energy_mean=0.053481 energy_std=0.275637 lr=3.696116e-05 grad_norm=0.099586
step=12700 layers=17,32 seq_len=59336 skipped_length=0 loss=0.237533 teacher_kl=0.703949 teacher_l1=0.000657 topk_boundary_loss=0.008167 teacher_recall=0.893287 causal_density=0.652246 target_group_coverage=0.833281 same_head_all_targets_hit=1.000000 rank_loss=0.087891 aggregation_loss=0.055311 negative_penalty=0.000262 soft_effective_blocks=160.391885 current_block_budget=256.000000 energy_mean=0.053468 energy_std=0.287410 lr=3.694245e-05 grad_norm=0.085129
step=12710 layers=11,14 seq_len=57862 skipped_length=0 loss=0.282637 teacher_kl=0.819480 teacher_l1=0.000663 topk_boundary_loss=0.008579 teacher_recall=0.890206 causal_density=0.652133 target_group_coverage=0.783984 same_head_all_targets_hit=0.950000 rank_loss=0.151741 aggregation_loss=0.000000 negative_penalty=0.000238 soft_effective_blocks=185.426132 current_block_budget=256.000000 energy_mean=0.049687 energy_std=0.251991 lr=3.692374e-05 grad_norm=0.107799
step=12720 layers=29,31 seq_len=62172 skipped_length=0 loss=0.265237 teacher_kl=0.778607 teacher_l1=0.000663 topk_boundary_loss=0.007821 teacher_recall=0.902932 causal_density=0.652180 target_group_coverage=0.807031 same_head_all_targets_hit=1.000000 rank_loss=0.135654 aggregation_loss=0.017767 negative_penalty=0.000250 soft_effective_blocks=175.079897 current_block_budget=256.000000 energy_mean=0.051081 energy_std=0.273655 lr=3.690503e-05 grad_norm=0.077381
step=12730 layers=14,34 seq_len=49682 skipped_length=0 loss=0.244329 teacher_kl=0.666857 teacher_l1=0.000634 topk_boundary_loss=0.008065 teacher_recall=0.883697 causal_density=0.652293 target_group_coverage=0.669219 same_head_all_targets_hit=1.000000 rank_loss=0.118162 aggregation_loss=0.035369 negative_penalty=0.000266 soft_effective_blocks=166.879004 current_block_budget=256.000000 energy_mean=0.054495 energy_std=0.276596 lr=3.688630e-05 grad_norm=0.094713
step=12740 layers=9,24 seq_len=59796 skipped_length=0 loss=0.243498 teacher_kl=0.712327 teacher_l1=0.000640 topk_boundary_loss=0.007685 teacher_recall=0.897551 causal_density=0.652236 target_group_coverage=0.812813 same_head_all_targets_hit=1.000000 rank_loss=0.117609 aggregation_loss=0.018248 negative_penalty=0.000254 soft_effective_blocks=162.931801 current_block_budget=256.000000 energy_mean=0.053366 energy_std=0.280231 lr=3.686757e-05 grad_norm=0.090282
step=12750 layers=8,18 seq_len=52498 skipped_length=0 loss=0.260883 teacher_kl=0.732342 teacher_l1=0.000626 topk_boundary_loss=0.009217 teacher_recall=0.890670 causal_density=0.652121 target_group_coverage=0.784375 same_head_all_targets_hit=1.000000 rank_loss=0.128762 aggregation_loss=0.000000 negative_penalty=0.000264 soft_effective_blocks=174.817250 current_block_budget=256.000000 energy_mean=0.051137 energy_std=0.272661 lr=3.684884e-05 grad_norm=0.137926
[save] raw=/inspire/hdd/global_user/gexinmu-253108100065/Repos/fuyicheng_workshop/Innovator-lm-evaluation-hardness/x-attention-main/xattn/qwen_weights/conv_qwen3_boundary_v2/conv_kernel_7x7_qwen3_8b_boundary_v2_t065_s16_48k64k_bf16_step12750.pt
[save] ema=/inspire/hdd/global_user/gexinmu-253108100065/Repos/fuyicheng_workshop/Innovator-lm-evaluation-hardness/x-attention-main/xattn/qwen_weights/conv_qwen3_boundary_v2/conv_kernel_7x7_qwen3_8b_boundary_v2_t065_s16_48k64k_bf16_ema_step12750.pt
[save] state=/inspire/hdd/global_user/gexinmu-253108100065/Repos/fuyicheng_workshop/Innovator-lm-evaluation-hardness/x-attention-main/xattn/qwen_weights/conv_qwen3_boundary_v2/conv_kernel_7x7_qwen3_8b_boundary_v2_t065_s16_48k64k_bf16_train_state.pt
step=12760 layers=16,30 seq_len=57596 skipped_length=0 loss=0.255826 teacher_kl=0.712945 teacher_l1=0.000645 topk_boundary_loss=0.008545 teacher_recall=0.891385 causal_density=0.652282 target_group_coverage=0.770208 same_head_all_targets_hit=1.000000 rank_loss=0.119359 aggregation_loss=0.035480 negative_penalty=0.000205 soft_effective_blocks=176.654123 current_block_budget=256.000000 energy_mean=0.053625 energy_std=0.267411 lr=3.683009e-05 grad_norm=0.103467
step=12770 layers=3,9 seq_len=53678 skipped_length=0 loss=0.249418 teacher_kl=0.734274 teacher_l1=0.000654 topk_boundary_loss=0.008469 teacher_recall=0.891363 causal_density=0.652221 target_group_coverage=0.860486 same_head_all_targets_hit=1.000000 rank_loss=0.089236 aggregation_loss=0.071772 negative_penalty=0.000234 soft_effective_blocks=176.233780 current_block_budget=256.000000 energy_mean=0.052339 energy_std=0.270331 lr=3.681134e-05 grad_norm=0.082319
step=12780 layers=0,19 seq_len=62164 skipped_length=0 loss=0.239857 teacher_kl=0.712965 teacher_l1=0.000697 topk_boundary_loss=0.007579 teacher_recall=0.894042 causal_density=0.652374 target_group_coverage=0.835399 same_head_all_targets_hit=0.950000 rank_loss=0.090740 aggregation_loss=0.071173 negative_penalty=0.000295 soft_effective_blocks=152.024335 current_block_budget=256.000000 energy_mean=0.056382 energy_std=0.292047 lr=3.679258e-05 grad_norm=0.064374
step=12790 layers=13,28 seq_len=61522 skipped_length=0 loss=0.240614 teacher_kl=0.713820 teacher_l1=0.000679 topk_boundary_loss=0.007598 teacher_recall=0.892510 causal_density=0.652309 target_group_coverage=0.784115 same_head_all_targets_hit=0.950000 rank_loss=0.113249 aggregation_loss=0.019052 negative_penalty=0.000285 soft_effective_blocks=164.393709 current_block_budget=256.000000 energy_mean=0.057103 energy_std=0.293765 lr=3.677382e-05 grad_norm=0.102177
step=12800 layers=30,33 seq_len=50621 skipped_length=0 loss=0.246319 teacher_kl=0.708563 teacher_l1=0.000636 topk_boundary_loss=0.008201 teacher_recall=0.883617 causal_density=0.652294 target_group_coverage=0.914115 same_head_all_targets_hit=1.000000 rank_loss=0.108854 aggregation_loss=0.036312 negative_penalty=0.000228 soft_effective_blocks=174.713754 current_block_budget=256.000000 energy_mean=0.052439 energy_std=0.253427 lr=3.675505e-05 grad_norm=0.089853
step=12810 layers=0,10 seq_len=49774 skipped_length=0 loss=0.266363 teacher_kl=0.749091 teacher_l1=0.000674 topk_boundary_loss=0.008128 teacher_recall=0.897366 causal_density=0.652224 target_group_coverage=0.891510 same_head_all_targets_hit=1.000000 rank_loss=0.140537 aggregation_loss=0.018434 negative_penalty=0.000327 soft_effective_blocks=159.275626 current_block_budget=256.000000 energy_mean=0.053077 energy_std=0.291757 lr=3.673627e-05 grad_norm=0.137623
step=12820 layers=3,28 seq_len=62513 skipped_length=0 loss=0.229345 teacher_kl=0.707453 teacher_l1=0.000626 topk_boundary_loss=0.006912 teacher_recall=0.905040 causal_density=0.652243 target_group_coverage=0.804062 same_head_all_targets_hit=1.000000 rank_loss=0.098328 aggregation_loss=0.035582 negative_penalty=0.000160 soft_effective_blocks=170.093954 current_block_budget=256.000000 energy_mean=0.054267 energy_std=0.281373 lr=3.671749e-05 grad_norm=0.061523
step=12830 layers=1,16 seq_len=59445 skipped_length=0 loss=0.269506 teacher_kl=0.759854 teacher_l1=0.000688 topk_boundary_loss=0.008385 teacher_recall=0.890958 causal_density=0.652235 target_group_coverage=0.775781 same_head_all_targets_hit=1.000000 rank_loss=0.147346 aggregation_loss=0.000000 negative_penalty=0.000280 soft_effective_blocks=168.699993 current_block_budget=256.000000 energy_mean=0.051673 energy_std=0.273720 lr=3.669870e-05 grad_norm=0.093661
step=12840 layers=7,27 seq_len=55199 skipped_length=0 loss=0.251658 teacher_kl=0.753545 teacher_l1=0.000643 topk_boundary_loss=0.008242 teacher_recall=0.887046 causal_density=0.652194 target_group_coverage=0.853047 same_head_all_targets_hit=0.950000 rank_loss=0.091202 aggregation_loss=0.071728 negative_penalty=0.000241 soft_effective_blocks=180.597278 current_block_budget=256.000000 energy_mean=0.050622 energy_std=0.251810 lr=3.667990e-05 grad_norm=0.071898
step=12850 layers=5,18 seq_len=58389 skipped_length=0 loss=0.242482 teacher_kl=0.677599 teacher_l1=0.000650 topk_boundary_loss=0.007871 teacher_recall=0.892985 causal_density=0.652300 target_group_coverage=0.812005 same_head_all_targets_hit=0.900000 rank_loss=0.107242 aggregation_loss=0.053970 negative_penalty=0.000263 soft_effective_blocks=157.465336 current_block_budget=256.000000 energy_mean=0.057438 energy_std=0.302916 lr=3.666109e-05 grad_norm=0.099470
step=12860 layers=4,25 seq_len=52695 skipped_length=0 loss=0.249202 teacher_kl=0.670290 teacher_l1=0.000658 topk_boundary_loss=0.007917 teacher_recall=0.890466 causal_density=0.652314 target_group_coverage=0.903906 same_head_all_targets_hit=1.000000 rank_loss=0.134803 aggregation_loss=0.017613 negative_penalty=0.000283 soft_effective_blocks=172.009477 current_block_budget=256.000000 energy_mean=0.053537 energy_std=0.261276 lr=3.664228e-05 grad_norm=0.079907
step=12870 layers=11,18 seq_len=63378 skipped_length=0 loss=0.247843 teacher_kl=0.780538 teacher_l1=0.000669 topk_boundary_loss=0.007407 teacher_recall=0.905775 causal_density=0.652211 target_group_coverage=0.824653 same_head_all_targets_hit=0.950000 rank_loss=0.103622 aggregation_loss=0.037169 negative_penalty=0.000240 soft_effective_blocks=164.803798 current_block_budget=256.000000 energy_mean=0.052953 energy_std=0.288135 lr=3.662346e-05 grad_norm=0.072196
step=12880 layers=9,30 seq_len=65129 skipped_length=0 loss=0.256051 teacher_kl=0.735027 teacher_l1=0.000664 topk_boundary_loss=0.008885 teacher_recall=0.898000 causal_density=0.652190 target_group_coverage=0.818333 same_head_all_targets_hit=1.000000 rank_loss=0.116878 aggregation_loss=0.018188 negative_penalty=0.000297 soft_effective_blocks=166.245778 current_block_budget=256.000000 energy_mean=0.052007 energy_std=0.291045 lr=3.660464e-05 grad_norm=0.161057
step=12890 layers=0,18 seq_len=56618 skipped_length=0 loss=0.249264 teacher_kl=0.722135 teacher_l1=0.000660 topk_boundary_loss=0.007571 teacher_recall=0.890274 causal_density=0.652265 target_group_coverage=0.932292 same_head_all_targets_hit=1.000000 rank_loss=0.126382 aggregation_loss=0.018011 negative_penalty=0.000238 soft_effective_blocks=162.745873 current_block_budget=256.000000 energy_mean=0.055183 energy_std=0.280671 lr=3.658581e-05 grad_norm=0.095252
step=12900 layers=3,7 seq_len=59042 skipped_length=0 loss=0.243101 teacher_kl=0.659317 teacher_l1=0.000599 topk_boundary_loss=0.008107 teacher_recall=0.888699 causal_density=0.652187 target_group_coverage=0.810000 same_head_all_targets_hit=1.000000 rank_loss=0.117239 aggregation_loss=0.035853 negative_penalty=0.000235 soft_effective_blocks=177.644757 current_block_budget=256.000000 energy_mean=0.052505 energy_std=0.273728 lr=3.656697e-05 grad_norm=0.075533
step=12910 layers=7,10 seq_len=58823 skipped_length=0 loss=0.240423 teacher_kl=0.703981 teacher_l1=0.000624 topk_boundary_loss=0.007115 teacher_recall=0.899182 causal_density=0.652227 target_group_coverage=0.825000 same_head_all_targets_hit=1.000000 rank_loss=0.114965 aggregation_loss=0.035549 negative_penalty=0.000244 soft_effective_blocks=176.701778 current_block_budget=256.000000 energy_mean=0.052033 energy_std=0.256524 lr=3.654813e-05 grad_norm=0.059044
step=12920 layers=13,16 seq_len=53908 skipped_length=0 loss=0.265673 teacher_kl=0.808337 teacher_l1=0.000723 topk_boundary_loss=0.008136 teacher_recall=0.890204 causal_density=0.652313 target_group_coverage=0.881563 same_head_all_targets_hit=0.950000 rank_loss=0.124214 aggregation_loss=0.019031 negative_penalty=0.000272 soft_effective_blocks=167.919574 current_block_budget=256.000000 energy_mean=0.053342 energy_std=0.271433 lr=3.652928e-05 grad_norm=0.095367
step=12930 layers=8,32 seq_len=62361 skipped_length=0 loss=0.261932 teacher_kl=0.775184 teacher_l1=0.000669 topk_boundary_loss=0.007886 teacher_recall=0.888291 causal_density=0.652145 target_group_coverage=0.832248 same_head_all_targets_hit=1.000000 rank_loss=0.130006 aggregation_loss=0.018104 negative_penalty=0.000218 soft_effective_blocks=171.663017 current_block_budget=256.000000 energy_mean=0.051245 energy_std=0.279040 lr=3.651042e-05 grad_norm=0.064664
step=12940 layers=27,34 seq_len=63121 skipped_length=0 loss=0.226772 teacher_kl=0.641063 teacher_l1=0.000611 topk_boundary_loss=0.007852 teacher_recall=0.891811 causal_density=0.652202 target_group_coverage=0.756250 same_head_all_targets_hit=0.950000 rank_loss=0.074935 aggregation_loss=0.091198 negative_penalty=0.000206 soft_effective_blocks=171.319698 current_block_budget=256.000000 energy_mean=0.054400 energy_std=0.277943 lr=3.649156e-05 grad_norm=0.063752
step=12950 layers=18,33 seq_len=52503 skipped_length=0 loss=0.265532 teacher_kl=0.754493 teacher_l1=0.000695 topk_boundary_loss=0.008700 teacher_recall=0.886161 causal_density=0.652298 target_group_coverage=0.827109 same_head_all_targets_hit=1.000000 rank_loss=0.130231 aggregation_loss=0.018321 negative_penalty=0.000236 soft_effective_blocks=165.664514 current_block_budget=256.000000 energy_mean=0.053651 energy_std=0.273796 lr=3.647269e-05 grad_norm=0.070743
step=12960 layers=1,27 seq_len=55021 skipped_length=0 loss=0.261149 teacher_kl=0.739554 teacher_l1=0.000646 topk_boundary_loss=0.007355 teacher_recall=0.895445 causal_density=0.652225 target_group_coverage=0.856641 same_head_all_targets_hit=1.000000 rank_loss=0.152218 aggregation_loss=0.000000 negative_penalty=0.000302 soft_effective_blocks=170.044415 current_block_budget=256.000000 energy_mean=0.051824 energy_std=0.275643 lr=3.645381e-05 grad_norm=0.085742
step=12970 layers=11,12 seq_len=57395 skipped_length=0 loss=0.269300 teacher_kl=0.792641 teacher_l1=0.000664 topk_boundary_loss=0.009076 teacher_recall=0.887277 causal_density=0.652235 target_group_coverage=0.941102 same_head_all_targets_hit=0.950000 rank_loss=0.121947 aggregation_loss=0.018342 negative_penalty=0.000257 soft_effective_blocks=179.154675 current_block_budget=256.000000 energy_mean=0.050992 energy_std=0.255285 lr=3.643493e-05 grad_norm=0.118413
step=12980 layers=0,16 seq_len=61959 skipped_length=0 loss=0.261961 teacher_kl=0.664026 teacher_l1=0.000607 topk_boundary_loss=0.009165 teacher_recall=0.902533 causal_density=0.652122 target_group_coverage=0.710547 same_head_all_targets_hit=1.000000 rank_loss=0.148330 aggregation_loss=0.000000 negative_penalty=0.000245 soft_effective_blocks=161.939904 current_block_budget=256.000000 energy_mean=0.053068 energy_std=0.299651 lr=3.641604e-05 grad_norm=0.126409
step=12990 layers=20,31 seq_len=64708 skipped_length=0 loss=0.241820 teacher_kl=0.648334 teacher_l1=0.000602 topk_boundary_loss=0.007448 teacher_recall=0.889576 causal_density=0.652258 target_group_coverage=0.869531 same_head_all_targets_hit=1.000000 rank_loss=0.141587 aggregation_loss=0.000000 negative_penalty=0.000242 soft_effective_blocks=172.638597 current_block_budget=256.000000 energy_mean=0.055091 energy_std=0.266485 lr=3.639714e-05 grad_norm=0.090131
step=13000 layers=0,9 seq_len=61732 skipped_length=0 loss=0.261405 teacher_kl=0.773034 teacher_l1=0.000699 topk_boundary_loss=0.008353 teacher_recall=0.891273 causal_density=0.652234 target_group_coverage=0.905990 same_head_all_targets_hit=1.000000 rank_loss=0.116289 aggregation_loss=0.035232 negative_penalty=0.000307 soft_effective_blocks=165.922086 current_block_budget=256.000000 energy_mean=0.051098 energy_std=0.284350 lr=3.637824e-05 grad_norm=0.098560
[save] raw=/inspire/hdd/global_user/gexinmu-253108100065/Repos/fuyicheng_workshop/Innovator-lm-evaluation-hardness/x-attention-main/xattn/qwen_weights/conv_qwen3_boundary_v2/conv_kernel_7x7_qwen3_8b_boundary_v2_t065_s16_48k64k_bf16_step13000.pt
[save] ema=/inspire/hdd/global_user/gexinmu-253108100065/Repos/fuyicheng_workshop/Innovator-lm-evaluation-hardness/x-attention-main/xattn/qwen_weights/conv_qwen3_boundary_v2/conv_kernel_7x7_qwen3_8b_boundary_v2_t065_s16_48k64k_bf16_ema_step13000.pt
[save] state=/inspire/hdd/global_user/gexinmu-253108100065/Repos/fuyicheng_workshop/Innovator-lm-evaluation-hardness/x-attention-main/xattn/qwen_weights/conv_qwen3_boundary_v2/conv_kernel_7x7_qwen3_8b_boundary_v2_t065_s16_48k64k_bf16_train_state.pt
step=13010 layers=7,18 seq_len=62384 skipped_length=0 loss=0.262496 teacher_kl=0.806649 teacher_l1=0.000695 topk_boundary_loss=0.008084 teacher_recall=0.895773 causal_density=0.652250 target_group_coverage=0.881068 same_head_all_targets_hit=1.000000 rank_loss=0.105009 aggregation_loss=0.055114 negative_penalty=0.000208 soft_effective_blocks=169.910291 current_block_budget=256.000000 energy_mean=0.052028 energy_std=0.274796 lr=3.635933e-05 grad_norm=0.083297
step=13020 layers=5,12 seq_len=57547 skipped_length=0 loss=0.246532 teacher_kl=0.670079 teacher_l1=0.000595 topk_boundary_loss=0.008331 teacher_recall=0.889746 causal_density=0.652133 target_group_coverage=0.791250 same_head_all_targets_hit=1.000000 rank_loss=0.117224 aggregation_loss=0.036016 negative_penalty=0.000239 soft_effective_blocks=175.023427 current_block_budget=256.000000 energy_mean=0.051938 energy_std=0.271768 lr=3.634042e-05 grad_norm=0.093252
step=13030 layers=0,3 seq_len=52952 skipped_length=0 loss=0.241284 teacher_kl=0.682514 teacher_l1=0.000598 topk_boundary_loss=0.007862 teacher_recall=0.891295 causal_density=0.652240 target_group_coverage=0.840625 same_head_all_targets_hit=1.000000 rank_loss=0.126617 aggregation_loss=0.000000 negative_penalty=0.000237 soft_effective_blocks=171.463952 current_block_budget=256.000000 energy_mean=0.055777 energy_std=0.284205 lr=3.632150e-05 grad_norm=0.073831
step=13040 layers=9,14 seq_len=61109 skipped_length=0 loss=0.278626 teacher_kl=0.793774 teacher_l1=0.000742 topk_boundary_loss=0.008709 teacher_recall=0.890409 causal_density=0.652307 target_group_coverage=0.841484 same_head_all_targets_hit=1.000000 rank_loss=0.142244 aggregation_loss=0.017976 negative_penalty=0.000279 soft_effective_blocks=164.865262 current_block_budget=256.000000 energy_mean=0.053268 energy_std=0.270220 lr=3.630257e-05 grad_norm=0.102254
step=13050 layers=20,34 seq_len=63698 skipped_length=0 loss=0.251004 teacher_kl=0.662069 teacher_l1=0.000589 topk_boundary_loss=0.008057 teacher_recall=0.893886 causal_density=0.652202 target_group_coverage=0.830599 same_head_all_targets_hit=1.000000 rank_loss=0.145332 aggregation_loss=0.000000 negative_penalty=0.000230 soft_effective_blocks=173.199356 current_block_budget=256.000000 energy_mean=0.053699 energy_std=0.280898 lr=3.628364e-05 grad_norm=0.071945
step=13060 layers=6,30 seq_len=64536 skipped_length=0 loss=0.257311 teacher_kl=0.743141 teacher_l1=0.000659 topk_boundary_loss=0.007871 teacher_recall=0.885897 causal_density=0.652262 target_group_coverage=0.797109 same_head_all_targets_hit=1.000000 rank_loss=0.130640 aggregation_loss=0.017785 negative_penalty=0.000208 soft_effective_blocks=170.745795 current_block_budget=256.000000 energy_mean=0.053685 energy_std=0.266067 lr=3.626470e-05 grad_norm=0.071856
step=13070 layers=12,29 seq_len=57939 skipped_length=0 loss=0.253415 teacher_kl=0.702987 teacher_l1=0.000631 topk_boundary_loss=0.007798 teacher_recall=0.901056 causal_density=0.652212 target_group_coverage=0.772656 same_head_all_targets_hit=1.000000 rank_loss=0.142575 aggregation_loss=0.000000 negative_penalty=0.000276 soft_effective_blocks=169.559705 current_block_budget=256.000000 energy_mean=0.052333 energy_std=0.277555 lr=3.624575e-05 grad_norm=0.100225
step=13080 layers=2,28 seq_len=56387 skipped_length=0 loss=0.254320 teacher_kl=0.750356 teacher_l1=0.000685 topk_boundary_loss=0.007493 teacher_recall=0.903312 causal_density=0.652313 target_group_coverage=0.796380 same_head_all_targets_hit=0.950000 rank_loss=0.120601 aggregation_loss=0.037672 negative_penalty=0.000308 soft_effective_blocks=153.923644 current_block_budget=256.000000 energy_mean=0.055784 energy_std=0.306076 lr=3.622680e-05 grad_norm=0.107128
step=13090 layers=0,29 seq_len=51541 skipped_length=0 loss=0.254209 teacher_kl=0.677385 teacher_l1=0.000700 topk_boundary_loss=0.007731 teacher_recall=0.888465 causal_density=0.652369 target_group_coverage=0.844635 same_head_all_targets_hit=1.000000 rank_loss=0.143801 aggregation_loss=0.017717 negative_penalty=0.000291 soft_effective_blocks=158.264448 current_block_budget=256.000000 energy_mean=0.057447 energy_std=0.294054 lr=3.620784e-05 grad_norm=0.108158
step=13100 layers=18,34 seq_len=54004 skipped_length=0 loss=0.252004 teacher_kl=0.735984 teacher_l1=0.000685 topk_boundary_loss=0.008144 teacher_recall=0.879254 causal_density=0.652320 target_group_coverage=0.792813 same_head_all_targets_hit=1.000000 rank_loss=0.119954 aggregation_loss=0.017756 negative_penalty=0.000237 soft_effective_blocks=173.538007 current_block_budget=256.000000 energy_mean=0.053523 energy_std=0.250272 lr=3.618888e-05 grad_norm=0.086567
step=13110 layers=3,24 seq_len=59915 skipped_length=0 loss=0.269744 teacher_kl=0.735252 teacher_l1=0.000655 topk_boundary_loss=0.009467 teacher_recall=0.895950 causal_density=0.652188 target_group_coverage=0.901953 same_head_all_targets_hit=1.000000 rank_loss=0.132055 aggregation_loss=0.017804 negative_penalty=0.000182 soft_effective_blocks=170.258415 current_block_budget=256.000000 energy_mean=0.053503 energy_std=0.287501 lr=3.616991e-05 grad_norm=0.139286
step=13120 layers=5,23 seq_len=52411 skipped_length=0 loss=0.246767 teacher_kl=0.719274 teacher_l1=0.000630 topk_boundary_loss=0.007585 teacher_recall=0.904512 causal_density=0.652147 target_group_coverage=0.784557 same_head_all_targets_hit=1.000000 rank_loss=0.115145 aggregation_loss=0.036285 negative_penalty=0.000290 soft_effective_blocks=172.533223 current_block_budget=256.000000 energy_mean=0.050210 energy_std=0.274405 lr=3.615093e-05 grad_norm=0.069395
step=13130 layers=6,16 seq_len=50432 skipped_length=0 loss=0.287824 teacher_kl=0.749583 teacher_l1=0.000710 topk_boundary_loss=0.010967 teacher_recall=0.891483 causal_density=0.652375 target_group_coverage=0.857769 same_head_all_targets_hit=1.000000 rank_loss=0.138656 aggregation_loss=0.017662 negative_penalty=0.000234 soft_effective_blocks=154.330632 current_block_budget=256.000000 energy_mean=0.057969 energy_std=0.296539 lr=3.613195e-05 grad_norm=0.141383
step=13140 layers=4,11 seq_len=56971 skipped_length=0 loss=0.255714 teacher_kl=0.700707 teacher_l1=0.000696 topk_boundary_loss=0.007793 teacher_recall=0.888476 causal_density=0.652396 target_group_coverage=0.861719 same_head_all_targets_hit=1.000000 rank_loss=0.147034 aggregation_loss=0.000000 negative_penalty=0.000289 soft_effective_blocks=161.946878 current_block_budget=256.000000 energy_mean=0.056221 energy_std=0.280265 lr=3.611296e-05 grad_norm=0.074805
step=13150 layers=4,7 seq_len=64774 skipped_length=0 loss=0.264927 teacher_kl=0.785427 teacher_l1=0.000692 topk_boundary_loss=0.008100 teacher_recall=0.896775 causal_density=0.652219 target_group_coverage=0.814401 same_head_all_targets_hit=0.950000 rank_loss=0.122113 aggregation_loss=0.035999 negative_penalty=0.000265 soft_effective_blocks=166.117540 current_block_budget=256.000000 energy_mean=0.052097 energy_std=0.288047 lr=3.609396e-05 grad_norm=0.087799
step=13160 layers=0,15 seq_len=61614 skipped_length=0 loss=0.226024 teacher_kl=0.639674 teacher_l1=0.000635 topk_boundary_loss=0.007694 teacher_recall=0.890354 causal_density=0.652365 target_group_coverage=0.819141 same_head_all_targets_hit=1.000000 rank_loss=0.114131 aggregation_loss=0.000000 negative_penalty=0.000279 soft_effective_blocks=156.110104 current_block_budget=256.000000 energy_mean=0.058720 energy_std=0.292309 lr=3.607496e-05 grad_norm=0.092431
step=13170 layers=12,20 seq_len=59131 skipped_length=0 loss=0.256972 teacher_kl=0.758674 teacher_l1=0.000699 topk_boundary_loss=0.007989 teacher_recall=0.892687 causal_density=0.652269 target_group_coverage=0.915625 same_head_all_targets_hit=1.000000 rank_loss=0.132032 aggregation_loss=0.000000 negative_penalty=0.000248 soft_effective_blocks=168.269579 current_block_budget=256.000000 energy_mean=0.053544 energy_std=0.281902 lr=3.605595e-05 grad_norm=0.088365
step=13180 layers=15,31 seq_len=50763 skipped_length=0 loss=0.252943 teacher_kl=0.689558 teacher_l1=0.000632 topk_boundary_loss=0.007806 teacher_recall=0.890514 causal_density=0.652253 target_group_coverage=0.829688 same_head_all_targets_hit=1.000000 rank_loss=0.145037 aggregation_loss=0.000000 negative_penalty=0.000235 soft_effective_blocks=172.711732 current_block_budget=256.000000 energy_mean=0.054854 energy_std=0.270680 lr=3.603694e-05 grad_norm=0.068253
step=13190 layers=4,22 seq_len=56195 skipped_length=0 loss=0.286682 teacher_kl=0.795892 teacher_l1=0.000683 topk_boundary_loss=0.009696 teacher_recall=0.887703 causal_density=0.652256 target_group_coverage=0.859766 same_head_all_targets_hit=1.000000 rank_loss=0.149477 aggregation_loss=0.000000 negative_penalty=0.000279 soft_effective_blocks=168.312360 current_block_budget=256.000000 energy_mean=0.052843 energy_std=0.272380 lr=3.601792e-05 grad_norm=0.119214
step=13200 layers=4,27 seq_len=64795 skipped_length=0 loss=0.239733 teacher_kl=0.684112 teacher_l1=0.000607 topk_boundary_loss=0.007609 teacher_recall=0.899046 causal_density=0.652237 target_group_coverage=0.803125 same_head_all_targets_hit=1.000000 rank_loss=0.127011 aggregation_loss=0.000000 negative_penalty=0.000249 soft_effective_blocks=162.698438 current_block_budget=256.000000 energy_mean=0.055373 energy_std=0.305968 lr=3.599890e-05 grad_norm=0.111688
step=13210 layers=13,24 seq_len=62188 skipped_length=0 loss=0.256093 teacher_kl=0.740499 teacher_l1=0.000644 topk_boundary_loss=0.007965 teacher_recall=0.887567 causal_density=0.652200 target_group_coverage=0.917717 same_head_all_targets_hit=0.950000 rank_loss=0.120078 aggregation_loss=0.036838 negative_penalty=0.000195 soft_effective_blocks=182.339955 current_block_budget=256.000000 energy_mean=0.051571 energy_std=0.250479 lr=3.597986e-05 grad_norm=0.058798
step=13220 layers=5,16 seq_len=59336 skipped_length=0 loss=0.265197 teacher_kl=0.772142 teacher_l1=0.000630 topk_boundary_loss=0.008409 teacher_recall=0.896036 causal_density=0.652122 target_group_coverage=0.840625 same_head_all_targets_hit=1.000000 rank_loss=0.121604 aggregation_loss=0.036419 negative_penalty=0.000246 soft_effective_blocks=184.215799 current_block_budget=256.000000 energy_mean=0.050042 energy_std=0.261544 lr=3.596083e-05 grad_norm=0.107246
step=13230 layers=19,22 seq_len=54302 skipped_length=0 loss=0.270772 teacher_kl=0.715434 teacher_l1=0.000650 topk_boundary_loss=0.010095 teacher_recall=0.895578 causal_density=0.652201 target_group_coverage=0.867266 same_head_all_targets_hit=1.000000 rank_loss=0.130373 aggregation_loss=0.017718 negative_penalty=0.000273 soft_effective_blocks=164.472714 current_block_budget=256.000000 energy_mean=0.053219 energy_std=0.286534 lr=3.594178e-05 grad_norm=0.124055
step=13240 layers=15,30 seq_len=61763 skipped_length=0 loss=0.252210 teacher_kl=0.665423 teacher_l1=0.000601 topk_boundary_loss=0.007945 teacher_recall=0.894437 causal_density=0.652167 target_group_coverage=0.745182 same_head_all_targets_hit=1.000000 rank_loss=0.147996 aggregation_loss=0.000000 negative_penalty=0.000244 soft_effective_blocks=168.669987 current_block_budget=256.000000 energy_mean=0.053689 energy_std=0.281169 lr=3.592273e-05 grad_norm=0.103528
step=13250 layers=0,34 seq_len=63054 skipped_length=0 loss=0.272984 teacher_kl=0.758255 teacher_l1=0.000672 topk_boundary_loss=0.008786 teacher_recall=0.894571 causal_density=0.652286 target_group_coverage=0.791667 same_head_all_targets_hit=1.000000 rank_loss=0.140765 aggregation_loss=0.017839 negative_penalty=0.000298 soft_effective_blocks=166.072431 current_block_budget=256.000000 energy_mean=0.054636 energy_std=0.292068 lr=3.590368e-05 grad_norm=0.121597
[save] raw=/inspire/hdd/global_user/gexinmu-253108100065/Repos/fuyicheng_workshop/Innovator-lm-evaluation-hardness/x-attention-main/xattn/qwen_weights/conv_qwen3_boundary_v2/conv_kernel_7x7_qwen3_8b_boundary_v2_t065_s16_48k64k_bf16_step13250.pt
[save] ema=/inspire/hdd/global_user/gexinmu-253108100065/Repos/fuyicheng_workshop/Innovator-lm-evaluation-hardness/x-attention-main/xattn/qwen_weights/conv_qwen3_boundary_v2/conv_kernel_7x7_qwen3_8b_boundary_v2_t065_s16_48k64k_bf16_ema_step13250.pt
[save] state=/inspire/hdd/global_user/gexinmu-253108100065/Repos/fuyicheng_workshop/Innovator-lm-evaluation-hardness/x-attention-main/xattn/qwen_weights/conv_qwen3_boundary_v2/conv_kernel_7x7_qwen3_8b_boundary_v2_t065_s16_48k64k_bf16_train_state.pt
step=13260 layers=7,10 seq_len=55783 skipped_length=0 loss=0.268920 teacher_kl=0.742720 teacher_l1=0.000650 topk_boundary_loss=0.008344 teacher_recall=0.880885 causal_density=0.652217 target_group_coverage=0.885156 same_head_all_targets_hit=1.000000 rank_loss=0.151195 aggregation_loss=0.000000 negative_penalty=0.000206 soft_effective_blocks=177.152776 current_block_budget=256.000000 energy_mean=0.050377 energy_std=0.253596 lr=3.588462e-05 grad_norm=0.095988
step=13270 layers=10,26 seq_len=61897 skipped_length=0 loss=0.261198 teacher_kl=0.739211 teacher_l1=0.000679 topk_boundary_loss=0.007485 teacher_recall=0.903153 causal_density=0.652291 target_group_coverage=0.774349 same_head_all_targets_hit=0.950000 rank_loss=0.143116 aggregation_loss=0.018080 negative_penalty=0.000291 soft_effective_blocks=157.783324 current_block_budget=256.000000 energy_mean=0.057201 energy_std=0.299790 lr=3.586555e-05 grad_norm=0.071924
step=13280 layers=1,4 seq_len=62936 skipped_length=0 loss=0.259731 teacher_kl=0.703600 teacher_l1=0.000684 topk_boundary_loss=0.008397 teacher_recall=0.876890 causal_density=0.652334 target_group_coverage=0.770312 same_head_all_targets_hit=1.000000 rank_loss=0.144961 aggregation_loss=0.000000 negative_penalty=0.000250 soft_effective_blocks=164.108898 current_block_budget=256.000000 energy_mean=0.055305 energy_std=0.281544 lr=3.584648e-05 grad_norm=0.090910
step=13290 layers=11,25 seq_len=56693 skipped_length=0 loss=0.270161 teacher_kl=0.787888 teacher_l1=0.000706 topk_boundary_loss=0.007790 teacher_recall=0.898789 causal_density=0.652254 target_group_coverage=0.846484 same_head_all_targets_hit=1.000000 rank_loss=0.149357 aggregation_loss=0.000000 negative_penalty=0.000261 soft_effective_blocks=162.414288 current_block_budget=256.000000 energy_mean=0.053377 energy_std=0.281991 lr=3.582740e-05 grad_norm=0.085240
step=13300 layers=12,35 seq_len=54819 skipped_length=0 loss=0.252239 teacher_kl=0.704311 teacher_l1=0.000638 topk_boundary_loss=0.008231 teacher_recall=0.890931 causal_density=0.652313 target_group_coverage=0.833785 same_head_all_targets_hit=1.000000 rank_loss=0.119022 aggregation_loss=0.037152 negative_penalty=0.000271 soft_effective_blocks=163.686519 current_block_budget=256.000000 energy_mean=0.055400 energy_std=0.282654 lr=3.580832e-05 grad_norm=0.109159
step=13310 layers=14,30 seq_len=61040 skipped_length=0 loss=0.247150 teacher_kl=0.697651 teacher_l1=0.000665 topk_boundary_loss=0.007804 teacher_recall=0.893834 causal_density=0.652231 target_group_coverage=0.865859 same_head_all_targets_hit=1.000000 rank_loss=0.126075 aggregation_loss=0.017530 negative_penalty=0.000222 soft_effective_blocks=167.998589 current_block_budget=256.000000 energy_mean=0.052971 energy_std=0.281828 lr=3.578923e-05 grad_norm=0.063510
step=13320 layers=22,33 seq_len=59409 skipped_length=0 loss=0.266720 teacher_kl=0.752831 teacher_l1=0.000649 topk_boundary_loss=0.008137 teacher_recall=0.889163 causal_density=0.652241 target_group_coverage=0.809375 same_head_all_targets_hit=0.950000 rank_loss=0.147759 aggregation_loss=0.000000 negative_penalty=0.000269 soft_effective_blocks=174.699602 current_block_budget=256.000000 energy_mean=0.053829 energy_std=0.273120 lr=3.577013e-05 grad_norm=0.084576
step=13330 layers=9,22 seq_len=50878 skipped_length=0 loss=0.249121 teacher_kl=0.643404 teacher_l1=0.000614 topk_boundary_loss=0.008167 teacher_recall=0.888622 causal_density=0.652298 target_group_coverage=0.797135 same_head_all_targets_hit=1.000000 rank_loss=0.145390 aggregation_loss=0.000000 negative_penalty=0.000269 soft_effective_blocks=169.358087 current_block_budget=256.000000 energy_mean=0.055871 energy_std=0.283702 lr=3.575103e-05 grad_norm=0.073886
step=13340 layers=20,29 seq_len=61595 skipped_length=0 loss=0.288792 teacher_kl=0.764805 teacher_l1=0.000672 topk_boundary_loss=0.011225 teacher_recall=0.893153 causal_density=0.652198 target_group_coverage=0.766328 same_head_all_targets_hit=1.000000 rank_loss=0.132826 aggregation_loss=0.018147 negative_penalty=0.000230 soft_effective_blocks=171.491095 current_block_budget=256.000000 energy_mean=0.051989 energy_std=0.271480 lr=3.573192e-05 grad_norm=0.164297
step=13350 layers=25,35 seq_len=54449 skipped_length=0 loss=0.281272 teacher_kl=0.831883 teacher_l1=0.000755 topk_boundary_loss=0.007880 teacher_recall=0.906191 causal_density=0.652308 target_group_coverage=0.779687 same_head_all_targets_hit=1.000000 rank_loss=0.155675 aggregation_loss=0.000000 negative_penalty=0.000280 soft_effective_blocks=155.639365 current_block_budget=256.000000 energy_mean=0.053260 energy_std=0.288886 lr=3.571281e-05 grad_norm=0.103395
step=13360 layers=9,22 seq_len=56178 skipped_length=0 loss=0.239324 teacher_kl=0.602753 teacher_l1=0.000587 topk_boundary_loss=0.007304 teacher_recall=0.889600 causal_density=0.652289 target_group_coverage=0.778516 same_head_all_targets_hit=1.000000 rank_loss=0.150740 aggregation_loss=0.000000 negative_penalty=0.000241 soft_effective_blocks=163.395667 current_block_budget=256.000000 energy_mean=0.057665 energy_std=0.295749 lr=3.569369e-05 grad_norm=0.073146
step=13370 layers=20,21 seq_len=54330 skipped_length=0 loss=0.274214 teacher_kl=0.781576 teacher_l1=0.000657 topk_boundary_loss=0.009371 teacher_recall=0.884960 causal_density=0.652192 target_group_coverage=0.757604 same_head_all_targets_hit=1.000000 rank_loss=0.121571 aggregation_loss=0.036123 negative_penalty=0.000241 soft_effective_blocks=182.493372 current_block_budget=256.000000 energy_mean=0.050652 energy_std=0.249877 lr=3.567457e-05 grad_norm=0.113506
step=13380 layers=7,25 seq_len=60446 skipped_length=0 loss=0.262255 teacher_kl=0.707375 teacher_l1=0.000706 topk_boundary_loss=0.008020 teacher_recall=0.886456 causal_density=0.652320 target_group_coverage=0.865625 same_head_all_targets_hit=1.000000 rank_loss=0.153243 aggregation_loss=0.000000 negative_penalty=0.000244 soft_effective_blocks=161.164993 current_block_budget=256.000000 energy_mean=0.054975 energy_std=0.283701 lr=3.565544e-05 grad_norm=0.078774
step=13390 layers=11,14 seq_len=60938 skipped_length=0 loss=0.242217 teacher_kl=0.654046 teacher_l1=0.000607 topk_boundary_loss=0.007159 teacher_recall=0.906427 causal_density=0.652266 target_group_coverage=0.810547 same_head_all_targets_hit=1.000000 rank_loss=0.144668 aggregation_loss=0.000000 negative_penalty=0.000296 soft_effective_blocks=158.940591 current_block_budget=256.000000 energy_mean=0.056708 energy_std=0.300663 lr=3.563630e-05 grad_norm=0.099500
step=13400 layers=25,31 seq_len=63699 skipped_length=0 loss=0.265275 teacher_kl=0.755625 teacher_l1=0.000693 topk_boundary_loss=0.008102 teacher_recall=0.889993 causal_density=0.652290 target_group_coverage=0.821875 same_head_all_targets_hit=1.000000 rank_loss=0.145117 aggregation_loss=0.000000 negative_penalty=0.000229 soft_effective_blocks=170.345099 current_block_budget=256.000000 energy_mean=0.055154 energy_std=0.276784 lr=3.561716e-05 grad_norm=0.092952
step=13410 layers=13,34 seq_len=60044 skipped_length=0 loss=0.276111 teacher_kl=0.756171 teacher_l1=0.000654 topk_boundary_loss=0.010007 teacher_recall=0.902187 causal_density=0.652182 target_group_coverage=0.843750 same_head_all_targets_hit=1.000000 rank_loss=0.130213 aggregation_loss=0.017841 negative_penalty=0.000299 soft_effective_blocks=169.985044 current_block_budget=256.000000 energy_mean=0.052191 energy_std=0.288025 lr=3.559802e-05 grad_norm=0.157552
step=13420 layers=21,31 seq_len=55371 skipped_length=0 loss=0.255938 teacher_kl=0.733599 teacher_l1=0.000697 topk_boundary_loss=0.007767 teacher_recall=0.890842 causal_density=0.652315 target_group_coverage=0.873698 same_head_all_targets_hit=0.950000 rank_loss=0.131479 aggregation_loss=0.019335 negative_penalty=0.000240 soft_effective_blocks=164.724697 current_block_budget=256.000000 energy_mean=0.055754 energy_std=0.277374 lr=3.557886e-05 grad_norm=0.075616
step=13430 layers=0,7 seq_len=49599 skipped_length=0 loss=0.263187 teacher_kl=0.740560 teacher_l1=0.000663 topk_boundary_loss=0.007965 teacher_recall=0.896357 causal_density=0.652267 target_group_coverage=0.770729 same_head_all_targets_hit=0.900000 rank_loss=0.139551 aggregation_loss=0.018429 negative_penalty=0.000319 soft_effective_blocks=156.774297 current_block_budget=256.000000 energy_mean=0.054728 energy_std=0.306174 lr=3.555971e-05 grad_norm=0.084033
step=13440 layers=18,31 seq_len=60558 skipped_length=0 loss=0.259826 teacher_kl=0.805070 teacher_l1=0.000692 topk_boundary_loss=0.008118 teacher_recall=0.887207 causal_density=0.652260 target_group_coverage=0.838021 same_head_all_targets_hit=1.000000 rank_loss=0.108614 aggregation_loss=0.035641 negative_penalty=0.000238 soft_effective_blocks=174.549414 current_block_budget=256.000000 energy_mean=0.053081 energy_std=0.265414 lr=3.554054e-05 grad_norm=0.078406
step=13450 layers=8,30 seq_len=56230 skipped_length=0 loss=0.243174 teacher_kl=0.652038 teacher_l1=0.000598 topk_boundary_loss=0.007641 teacher_recall=0.885708 causal_density=0.652240 target_group_coverage=0.808750 same_head_all_targets_hit=0.950000 rank_loss=0.133045 aggregation_loss=0.017505 negative_penalty=0.000260 soft_effective_blocks=172.395282 current_block_budget=256.000000 energy_mean=0.053874 energy_std=0.273242 lr=3.552138e-05 grad_norm=0.081847
step=13460 layers=10,20 seq_len=62139 skipped_length=0 loss=0.264002 teacher_kl=0.754042 teacher_l1=0.000729 topk_boundary_loss=0.008537 teacher_recall=0.880944 causal_density=0.652331 target_group_coverage=0.855382 same_head_all_targets_hit=1.000000 rank_loss=0.129934 aggregation_loss=0.018394 negative_penalty=0.000237 soft_effective_blocks=160.728813 current_block_budget=256.000000 energy_mean=0.055245 energy_std=0.283514 lr=3.550220e-05 grad_norm=0.064891
step=13470 layers=23,28 seq_len=62844 skipped_length=0 loss=0.264697 teacher_kl=0.743456 teacher_l1=0.000685 topk_boundary_loss=0.007474 teacher_recall=0.904374 causal_density=0.652284 target_group_coverage=0.866797 same_head_all_targets_hit=1.000000 rank_loss=0.155566 aggregation_loss=0.000000 negative_penalty=0.000300 soft_effective_blocks=154.196085 current_block_budget=256.000000 energy_mean=0.057148 energy_std=0.321382 lr=3.548302e-05 grad_norm=0.108861
step=13480 layers=3,14 seq_len=50808 skipped_length=0 loss=0.236962 teacher_kl=0.684591 teacher_l1=0.000632 topk_boundary_loss=0.007884 teacher_recall=0.897913 causal_density=0.652285 target_group_coverage=0.898828 same_head_all_targets_hit=1.000000 rank_loss=0.103851 aggregation_loss=0.035404 negative_penalty=0.000254 soft_effective_blocks=177.191662 current_block_budget=256.000000 energy_mean=0.053983 energy_std=0.257558 lr=3.546384e-05 grad_norm=0.078386
step=13490 layers=26,32 seq_len=54026 skipped_length=0 loss=0.267612 teacher_kl=0.753897 teacher_l1=0.000692 topk_boundary_loss=0.009176 teacher_recall=0.878368 causal_density=0.652233 target_group_coverage=0.766745 same_head_all_targets_hit=0.950000 rank_loss=0.120524 aggregation_loss=0.035041 negative_penalty=0.000263 soft_effective_blocks=164.226825 current_block_budget=256.000000 energy_mean=0.053236 energy_std=0.286557 lr=3.544465e-05 grad_norm=0.102411
step=13500 layers=17,27 seq_len=64205 skipped_length=0 loss=0.257588 teacher_kl=0.736480 teacher_l1=0.000663 topk_boundary_loss=0.007156 teacher_recall=0.906559 causal_density=0.652294 target_group_coverage=0.905859 same_head_all_targets_hit=1.000000 rank_loss=0.149707 aggregation_loss=0.000000 negative_penalty=0.000244 soft_effective_blocks=162.654103 current_block_budget=256.000000 energy_mean=0.055959 energy_std=0.287052 lr=3.542545e-05 grad_norm=0.073394
[save] raw=/inspire/hdd/global_user/gexinmu-253108100065/Repos/fuyicheng_workshop/Innovator-lm-evaluation-hardness/x-attention-main/xattn/qwen_weights/conv_qwen3_boundary_v2/conv_kernel_7x7_qwen3_8b_boundary_v2_t065_s16_48k64k_bf16_step13500.pt
[save] ema=/inspire/hdd/global_user/gexinmu-253108100065/Repos/fuyicheng_workshop/Innovator-lm-evaluation-hardness/x-attention-main/xattn/qwen_weights/conv_qwen3_boundary_v2/conv_kernel_7x7_qwen3_8b_boundary_v2_t065_s16_48k64k_bf16_ema_step13500.pt
[save] state=/inspire/hdd/global_user/gexinmu-253108100065/Repos/fuyicheng_workshop/Innovator-lm-evaluation-hardness/x-attention-main/xattn/qwen_weights/conv_qwen3_boundary_v2/conv_kernel_7x7_qwen3_8b_boundary_v2_t065_s16_48k64k_bf16_train_state.pt
step=13510 layers=5,15 seq_len=57528 skipped_length=0 loss=0.241430 teacher_kl=0.675571 teacher_l1=0.000636 topk_boundary_loss=0.008104 teacher_recall=0.899215 causal_density=0.652270 target_group_coverage=0.828672 same_head_all_targets_hit=0.950000 rank_loss=0.117559 aggregation_loss=0.018732 negative_penalty=0.000287 soft_effective_blocks=152.658549 current_block_budget=256.000000 energy_mean=0.058249 energy_std=0.312355 lr=3.540625e-05 grad_norm=0.101578
step=13520 layers=11,27 seq_len=60640 skipped_length=0 loss=0.262304 teacher_kl=0.764405 teacher_l1=0.000678 topk_boundary_loss=0.008529 teacher_recall=0.892207 causal_density=0.652226 target_group_coverage=0.865234 same_head_all_targets_hit=1.000000 rank_loss=0.132284 aggregation_loss=0.000000 negative_penalty=0.000223 soft_effective_blocks=184.534131 current_block_budget=256.000000 energy_mean=0.049875 energy_std=0.250187 lr=3.538704e-05 grad_norm=0.070855
step=13530 layers=19,26 seq_len=58919 skipped_length=0 loss=0.259745 teacher_kl=0.701366 teacher_l1=0.000630 topk_boundary_loss=0.008665 teacher_recall=0.882871 causal_density=0.652179 target_group_coverage=0.764609 same_head_all_targets_hit=1.000000 rank_loss=0.134500 aggregation_loss=0.017909 negative_penalty=0.000257 soft_effective_blocks=176.201831 current_block_budget=256.000000 energy_mean=0.051486 energy_std=0.266845 lr=3.536783e-05 grad_norm=0.088376
step=13540 layers=17,27 seq_len=55357 skipped_length=0 loss=0.280564 teacher_kl=0.826973 teacher_l1=0.000692 topk_boundary_loss=0.008437 teacher_recall=0.889218 causal_density=0.652220 target_group_coverage=0.719141 same_head_all_targets_hit=1.000000 rank_loss=0.148294 aggregation_loss=0.000000 negative_penalty=0.000248 soft_effective_blocks=166.711844 current_block_budget=256.000000 energy_mean=0.052970 energy_std=0.280606 lr=3.534861e-05 grad_norm=0.095587
step=13550 layers=10,22 seq_len=57468 skipped_length=0 loss=0.241444 teacher_kl=0.651102 teacher_l1=0.000602 topk_boundary_loss=0.007378 teacher_recall=0.892484 causal_density=0.652216 target_group_coverage=0.739688 same_head_all_targets_hit=1.000000 rank_loss=0.133570 aggregation_loss=0.018311 negative_penalty=0.000219 soft_effective_blocks=171.937195 current_block_budget=256.000000 energy_mean=0.053961 energy_std=0.278204 lr=3.532939e-05 grad_norm=0.089646
step=13560 layers=11,17 seq_len=64714 skipped_length=0 loss=0.275171 teacher_kl=0.727710 teacher_l1=0.000630 topk_boundary_loss=0.009326 teacher_recall=0.898333 causal_density=0.652193 target_group_coverage=0.926562 same_head_all_targets_hit=1.000000 rank_loss=0.152272 aggregation_loss=0.000000 negative_penalty=0.000286 soft_effective_blocks=168.499306 current_block_budget=256.000000 energy_mean=0.052058 energy_std=0.276337 lr=3.531016e-05 grad_norm=0.131128
step=13570 layers=6,35 seq_len=64229 skipped_length=0 loss=0.247846 teacher_kl=0.680264 teacher_l1=0.000627 topk_boundary_loss=0.007439 teacher_recall=0.894536 causal_density=0.652298 target_group_coverage=0.826172 same_head_all_targets_hit=0.950000 rank_loss=0.143761 aggregation_loss=0.000000 negative_penalty=0.000271 soft_effective_blocks=164.753674 current_block_budget=256.000000 energy_mean=0.056880 energy_std=0.291906 lr=3.529093e-05 grad_norm=0.081238
step=13580 layers=14,21 seq_len=63819 skipped_length=0 loss=0.297286 teacher_kl=0.857043 teacher_l1=0.000713 topk_boundary_loss=0.009354 teacher_recall=0.882224 causal_density=0.652150 target_group_coverage=0.805208 same_head_all_targets_hit=1.000000 rank_loss=0.156421 aggregation_loss=0.000000 negative_penalty=0.000228 soft_effective_blocks=176.083945 current_block_budget=256.000000 energy_mean=0.049451 energy_std=0.272952 lr=3.527169e-05 grad_norm=0.094922
step=13590 layers=1,8 seq_len=63429 skipped_length=0 loss=0.236632 teacher_kl=0.623961 teacher_l1=0.000548 topk_boundary_loss=0.007149 teacher_recall=0.902635 causal_density=0.652203 target_group_coverage=0.815625 same_head_all_targets_hit=1.000000 rank_loss=0.143017 aggregation_loss=0.000000 negative_penalty=0.000259 soft_effective_blocks=170.197825 current_block_budget=256.000000 energy_mean=0.055512 energy_std=0.286743 lr=3.525245e-05 grad_norm=0.106996
step=13600 layers=6,30 seq_len=63947 skipped_length=0 loss=0.259288 teacher_kl=0.712024 teacher_l1=0.000637 topk_boundary_loss=0.008045 teacher_recall=0.887998 causal_density=0.652231 target_group_coverage=0.806380 same_head_all_targets_hit=1.000000 rank_loss=0.146803 aggregation_loss=0.000000 negative_penalty=0.000264 soft_effective_blocks=177.139304 current_block_budget=256.000000 energy_mean=0.052692 energy_std=0.264328 lr=3.523320e-05 grad_norm=0.070711
step=13610 layers=8,34 seq_len=65510 skipped_length=0 loss=0.270447 teacher_kl=0.793062 teacher_l1=0.000681 topk_boundary_loss=0.007566 teacher_recall=0.899577 causal_density=0.652228 target_group_coverage=0.895312 same_head_all_targets_hit=1.000000 rank_loss=0.151536 aggregation_loss=0.000000 negative_penalty=0.000242 soft_effective_blocks=163.461877 current_block_budget=256.000000 energy_mean=0.053775 energy_std=0.289207 lr=3.521394e-05 grad_norm=0.108412
step=13620 layers=21,35 seq_len=52445 skipped_length=0 loss=0.245103 teacher_kl=0.667174 teacher_l1=0.000649 topk_boundary_loss=0.008022 teacher_recall=0.893163 causal_density=0.652286 target_group_coverage=0.863750 same_head_all_targets_hit=0.950000 rank_loss=0.119645 aggregation_loss=0.036104 negative_penalty=0.000212 soft_effective_blocks=165.111393 current_block_budget=256.000000 energy_mean=0.056936 energy_std=0.294562 lr=3.519468e-05 grad_norm=0.080585
step=13630 layers=16,19 seq_len=55686 skipped_length=0 loss=0.261095 teacher_kl=0.808756 teacher_l1=0.000682 topk_boundary_loss=0.008389 teacher_recall=0.885660 causal_density=0.652162 target_group_coverage=0.820625 same_head_all_targets_hit=1.000000 rank_loss=0.113165 aggregation_loss=0.018899 negative_penalty=0.000276 soft_effective_blocks=179.480138 current_block_budget=256.000000 energy_mean=0.050782 energy_std=0.267927 lr=3.517542e-05 grad_norm=0.070744
step=13640 layers=11,13 seq_len=61090 skipped_length=0 loss=0.237173 teacher_kl=0.633223 teacher_l1=0.000605 topk_boundary_loss=0.007068 teacher_recall=0.903915 causal_density=0.652254 target_group_coverage=0.820833 same_head_all_targets_hit=1.000000 rank_loss=0.142678 aggregation_loss=0.000000 negative_penalty=0.000259 soft_effective_blocks=164.190898 current_block_budget=256.000000 energy_mean=0.056119 energy_std=0.298116 lr=3.515615e-05 grad_norm=0.069181
step=13650 layers=29,33 seq_len=57525 skipped_length=0 loss=0.243366 teacher_kl=0.684609 teacher_l1=0.000654 topk_boundary_loss=0.007765 teacher_recall=0.891415 causal_density=0.652314 target_group_coverage=0.788594 same_head_all_targets_hit=0.950000 rank_loss=0.115953 aggregation_loss=0.035749 negative_penalty=0.000278 soft_effective_blocks=166.194133 current_block_budget=256.000000 energy_mean=0.056361 energy_std=0.280179 lr=3.513687e-05 grad_norm=0.083855
step=13660 layers=4,12 seq_len=52355 skipped_length=0 loss=0.253225 teacher_kl=0.749776 teacher_l1=0.000693 topk_boundary_loss=0.008171 teacher_recall=0.891011 causal_density=0.652292 target_group_coverage=0.861458 same_head_all_targets_hit=1.000000 rank_loss=0.118074 aggregation_loss=0.018026 negative_penalty=0.000317 soft_effective_blocks=159.089430 current_block_budget=256.000000 energy_mean=0.054067 energy_std=0.295835 lr=3.511759e-05 grad_norm=0.107865
step=13670 layers=20,30 seq_len=52532 skipped_length=0 loss=0.262345 teacher_kl=0.766235 teacher_l1=0.000717 topk_boundary_loss=0.008447 teacher_recall=0.895922 causal_density=0.652324 target_group_coverage=0.834896 same_head_all_targets_hit=1.000000 rank_loss=0.132989 aggregation_loss=0.000000 negative_penalty=0.000246 soft_effective_blocks=160.120145 current_block_budget=256.000000 energy_mean=0.054998 energy_std=0.295475 lr=3.509831e-05 grad_norm=0.124516
step=13680 layers=4,15 seq_len=63647 skipped_length=0 loss=0.234160 teacher_kl=0.702009 teacher_l1=0.000656 topk_boundary_loss=0.008220 teacher_recall=0.890874 causal_density=0.652316 target_group_coverage=0.860408 same_head_all_targets_hit=1.000000 rank_loss=0.090175 aggregation_loss=0.035813 negative_penalty=0.000269 soft_effective_blocks=163.976649 current_block_budget=256.000000 energy_mean=0.056462 energy_std=0.273954 lr=3.507902e-05 grad_norm=0.065872
step=13690 layers=0,1 seq_len=61546 skipped_length=0 loss=0.228297 teacher_kl=0.630313 teacher_l1=0.000569 topk_boundary_loss=0.007507 teacher_recall=0.901181 causal_density=0.652196 target_group_coverage=0.809236 same_head_all_targets_hit=0.950000 rank_loss=0.099556 aggregation_loss=0.055699 negative_penalty=0.000283 soft_effective_blocks=166.218433 current_block_budget=256.000000 energy_mean=0.055083 energy_std=0.291144 lr=3.505972e-05 grad_norm=0.074826
step=13700 layers=8,35 seq_len=56988 skipped_length=0 loss=0.272813 teacher_kl=0.846980 teacher_l1=0.000745 topk_boundary_loss=0.007825 teacher_recall=0.893979 causal_density=0.652263 target_group_coverage=0.846875 same_head_all_targets_hit=1.000000 rank_loss=0.138532 aggregation_loss=0.000000 negative_penalty=0.000233 soft_effective_blocks=167.550098 current_block_budget=256.000000 energy_mean=0.052409 energy_std=0.272892 lr=3.504042e-05 grad_norm=0.086013
step=13710 layers=3,14 seq_len=63524 skipped_length=0 loss=0.250162 teacher_kl=0.713262 teacher_l1=0.000662 topk_boundary_loss=0.008089 teacher_recall=0.891802 causal_density=0.652300 target_group_coverage=0.689453 same_head_all_targets_hit=0.950000 rank_loss=0.130701 aggregation_loss=0.000000 negative_penalty=0.000269 soft_effective_blocks=172.178281 current_block_budget=256.000000 energy_mean=0.053554 energy_std=0.273531 lr=3.502112e-05 grad_norm=0.095269
step=13720 layers=29,35 seq_len=59905 skipped_length=0 loss=0.247923 teacher_kl=0.670195 teacher_l1=0.000644 topk_boundary_loss=0.008634 teacher_recall=0.890213 causal_density=0.652272 target_group_coverage=0.905469 same_head_all_targets_hit=1.000000 rank_loss=0.130474 aggregation_loss=0.000000 negative_penalty=0.000255 soft_effective_blocks=158.965508 current_block_budget=256.000000 energy_mean=0.056718 energy_std=0.298122 lr=3.500181e-05 grad_norm=0.110357
step=13730 layers=11,12 seq_len=64908 skipped_length=0 loss=0.277276 teacher_kl=0.815178 teacher_l1=0.000710 topk_boundary_loss=0.008401 teacher_recall=0.886922 causal_density=0.652257 target_group_coverage=0.793750 same_head_all_targets_hit=1.000000 rank_loss=0.146241 aggregation_loss=0.000000 negative_penalty=0.000274 soft_effective_blocks=177.708672 current_block_budget=256.000000 energy_mean=0.052187 energy_std=0.264678 lr=3.498249e-05 grad_norm=0.079911
step=13740 layers=11,12 seq_len=59345 skipped_length=0 loss=0.258165 teacher_kl=0.718002 teacher_l1=0.000652 topk_boundary_loss=0.007913 teacher_recall=0.897723 causal_density=0.652204 target_group_coverage=0.872188 same_head_all_targets_hit=1.000000 rank_loss=0.137507 aggregation_loss=0.018477 negative_penalty=0.000283 soft_effective_blocks=154.436308 current_block_budget=256.000000 energy_mean=0.055908 energy_std=0.306704 lr=3.496317e-05 grad_norm=0.108712
step=13750 layers=5,8 seq_len=57505 skipped_length=0 loss=0.248969 teacher_kl=0.657677 teacher_l1=0.000600 topk_boundary_loss=0.007390 teacher_recall=0.897004 causal_density=0.652270 target_group_coverage=0.754036 same_head_all_targets_hit=1.000000 rank_loss=0.151940 aggregation_loss=0.000000 negative_penalty=0.000243 soft_effective_blocks=171.192993 current_block_budget=256.000000 energy_mean=0.055104 energy_std=0.280762 lr=3.494385e-05 grad_norm=0.075944
[save] raw=/inspire/hdd/global_user/gexinmu-253108100065/Repos/fuyicheng_workshop/Innovator-lm-evaluation-hardness/x-attention-main/xattn/qwen_weights/conv_qwen3_boundary_v2/conv_kernel_7x7_qwen3_8b_boundary_v2_t065_s16_48k64k_bf16_step13750.pt
[save] ema=/inspire/hdd/global_user/gexinmu-253108100065/Repos/fuyicheng_workshop/Innovator-lm-evaluation-hardness/x-attention-main/xattn/qwen_weights/conv_qwen3_boundary_v2/conv_kernel_7x7_qwen3_8b_boundary_v2_t065_s16_48k64k_bf16_ema_step13750.pt
[save] state=/inspire/hdd/global_user/gexinmu-253108100065/Repos/fuyicheng_workshop/Innovator-lm-evaluation-hardness/x-attention-main/xattn/qwen_weights/conv_qwen3_boundary_v2/conv_kernel_7x7_qwen3_8b_boundary_v2_t065_s16_48k64k_bf16_train_state.pt
step=13760 layers=3,24 seq_len=63963 skipped_length=0 loss=0.265113 teacher_kl=0.773374 teacher_l1=0.000680 topk_boundary_loss=0.008435 teacher_recall=0.894749 causal_density=0.652241 target_group_coverage=0.825156 same_head_all_targets_hit=0.950000 rank_loss=0.121391 aggregation_loss=0.035013 negative_penalty=0.000272 soft_effective_blocks=168.951949 current_block_budget=256.000000 energy_mean=0.051595 energy_std=0.276018 lr=3.492452e-05 grad_norm=0.081166
step=13770 layers=0,34 seq_len=52180 skipped_length=0 loss=0.256531 teacher_kl=0.709780 teacher_l1=0.000642 topk_boundary_loss=0.008395 teacher_recall=0.888832 causal_density=0.652233 target_group_coverage=0.779123 same_head_all_targets_hit=1.000000 rank_loss=0.130465 aggregation_loss=0.018343 negative_penalty=0.000248 soft_effective_blocks=167.680133 current_block_budget=256.000000 energy_mean=0.056471 energy_std=0.289960 lr=3.490518e-05 grad_norm=0.100871
step=13780 layers=6,28 seq_len=52297 skipped_length=0 loss=0.250718 teacher_kl=0.685461 teacher_l1=0.000613 topk_boundary_loss=0.007915 teacher_recall=0.889078 causal_density=0.652244 target_group_coverage=0.692109 same_head_all_targets_hit=1.000000 rank_loss=0.133182 aggregation_loss=0.018523 negative_penalty=0.000247 soft_effective_blocks=173.794389 current_block_budget=256.000000 energy_mean=0.054249 energy_std=0.267192 lr=3.488584e-05 grad_norm=0.070425
step=13790 layers=6,9 seq_len=53441 skipped_length=0 loss=0.275932 teacher_kl=0.769179 teacher_l1=0.000750 topk_boundary_loss=0.010405 teacher_recall=0.902901 causal_density=0.652369 target_group_coverage=0.847031 same_head_all_targets_hit=0.950000 rank_loss=0.106428 aggregation_loss=0.053649 negative_penalty=0.000298 soft_effective_blocks=149.827081 current_block_budget=256.000000 energy_mean=0.057152 energy_std=0.305592 lr=3.486650e-05 grad_norm=0.129950
step=13800 layers=15,26 seq_len=56694 skipped_length=0 loss=0.249156 teacher_kl=0.737424 teacher_l1=0.000646 topk_boundary_loss=0.008578 teacher_recall=0.884639 causal_density=0.652221 target_group_coverage=0.749523 same_head_all_targets_hit=1.000000 rank_loss=0.086409 aggregation_loss=0.072131 negative_penalty=0.000205 soft_effective_blocks=173.711099 current_block_budget=256.000000 energy_mean=0.053849 energy_std=0.270415 lr=3.484715e-05 grad_norm=0.062306
step=13810 layers=13,17 seq_len=62130 skipped_length=0 loss=0.263951 teacher_kl=0.759244 teacher_l1=0.000662 topk_boundary_loss=0.007673 teacher_recall=0.900624 causal_density=0.652230 target_group_coverage=0.792708 same_head_all_targets_hit=1.000000 rank_loss=0.147734 aggregation_loss=0.000000 negative_penalty=0.000282 soft_effective_blocks=176.733250 current_block_budget=256.000000 energy_mean=0.052725 energy_std=0.285108 lr=3.482779e-05 grad_norm=0.092791
step=13820 layers=6,10 seq_len=58947 skipped_length=0 loss=0.277173 teacher_kl=0.759236 teacher_l1=0.000689 topk_boundary_loss=0.009358 teacher_recall=0.898288 causal_density=0.652303 target_group_coverage=0.712500 same_head_all_targets_hit=1.000000 rank_loss=0.139924 aggregation_loss=0.017719 negative_penalty=0.000285 soft_effective_blocks=154.789240 current_block_budget=256.000000 energy_mean=0.056494 energy_std=0.299094 lr=3.480843e-05 grad_norm=0.130852
step=13830 layers=5,23 seq_len=62198 skipped_length=0 loss=0.255639 teacher_kl=0.727037 teacher_l1=0.000691 topk_boundary_loss=0.009036 teacher_recall=0.881477 causal_density=0.652287 target_group_coverage=0.812448 same_head_all_targets_hit=0.950000 rank_loss=0.094174 aggregation_loss=0.070984 negative_penalty=0.000284 soft_effective_blocks=165.235834 current_block_budget=256.000000 energy_mean=0.054889 energy_std=0.284068 lr=3.478907e-05 grad_norm=0.124851
step=13840 layers=19,22 seq_len=64180 skipped_length=0 loss=0.254326 teacher_kl=0.712266 teacher_l1=0.000677 topk_boundary_loss=0.007627 teacher_recall=0.894313 causal_density=0.652364 target_group_coverage=0.859375 same_head_all_targets_hit=1.000000 rank_loss=0.144047 aggregation_loss=0.000000 negative_penalty=0.000270 soft_effective_blocks=151.072003 current_block_budget=256.000000 energy_mean=0.058914 energy_std=0.307436 lr=3.476970e-05 grad_norm=0.091070
step=13850 layers=6,30 seq_len=62330 skipped_length=0 loss=0.253668 teacher_kl=0.711799 teacher_l1=0.000633 topk_boundary_loss=0.007847 teacher_recall=0.895557 causal_density=0.652204 target_group_coverage=0.788854 same_head_all_targets_hit=1.000000 rank_loss=0.133033 aggregation_loss=0.017062 negative_penalty=0.000292 soft_effective_blocks=167.826121 current_block_budget=256.000000 energy_mean=0.054628 energy_std=0.294088 lr=3.475033e-05 grad_norm=0.077848
step=13860 layers=11,34 seq_len=62704 skipped_length=0 loss=0.237175 teacher_kl=0.720033 teacher_l1=0.000678 topk_boundary_loss=0.007892 teacher_recall=0.896646 causal_density=0.652313 target_group_coverage=0.792500 same_head_all_targets_hit=1.000000 rank_loss=0.095506 aggregation_loss=0.034756 negative_penalty=0.000253 soft_effective_blocks=169.767693 current_block_budget=256.000000 energy_mean=0.053671 energy_std=0.269740 lr=3.473095e-05 grad_norm=0.073965
step=13870 layers=22,27 seq_len=63121 skipped_length=0 loss=0.262609 teacher_kl=0.799348 teacher_l1=0.000655 topk_boundary_loss=0.008028 teacher_recall=0.898943 causal_density=0.652149 target_group_coverage=0.837161 same_head_all_targets_hit=1.000000 rank_loss=0.115429 aggregation_loss=0.036729 negative_penalty=0.000234 soft_effective_blocks=169.107415 current_block_budget=256.000000 energy_mean=0.052757 energy_std=0.286546 lr=3.471157e-05 grad_norm=0.102607
step=13880 layers=10,11 seq_len=52813 skipped_length=0 loss=0.242938 teacher_kl=0.687949 teacher_l1=0.000680 topk_boundary_loss=0.007991 teacher_recall=0.898887 causal_density=0.652328 target_group_coverage=0.929844 same_head_all_targets_hit=1.000000 rank_loss=0.118852 aggregation_loss=0.017854 negative_penalty=0.000314 soft_effective_blocks=164.572183 current_block_budget=256.000000 energy_mean=0.055105 energy_std=0.277338 lr=3.469218e-05 grad_norm=0.065538
step=13890 layers=14,19 seq_len=62850 skipped_length=0 loss=0.244817 teacher_kl=0.709468 teacher_l1=0.000642 topk_boundary_loss=0.007942 teacher_recall=0.887832 causal_density=0.652258 target_group_coverage=0.812813 same_head_all_targets_hit=0.950000 rank_loss=0.109280 aggregation_loss=0.037004 negative_penalty=0.000259 soft_effective_blocks=162.066039 current_block_budget=256.000000 energy_mean=0.056994 energy_std=0.304007 lr=3.467279e-05 grad_norm=0.095832
step=13900 layers=27,34 seq_len=49225 skipped_length=0 loss=0.251965 teacher_kl=0.716203 teacher_l1=0.000676 topk_boundary_loss=0.007428 teacher_recall=0.893934 causal_density=0.652347 target_group_coverage=0.831198 same_head_all_targets_hit=1.000000 rank_loss=0.134493 aggregation_loss=0.017498 negative_penalty=0.000255 soft_effective_blocks=165.516061 current_block_budget=256.000000 energy_mean=0.055191 energy_std=0.277488 lr=3.465339e-05 grad_norm=0.078814
step=13910 layers=0,28 seq_len=56779 skipped_length=0 loss=0.240767 teacher_kl=0.679987 teacher_l1=0.000637 topk_boundary_loss=0.007658 teacher_recall=0.890714 causal_density=0.652300 target_group_coverage=0.863672 same_head_all_targets_hit=1.000000 rank_loss=0.129113 aggregation_loss=0.000000 negative_penalty=0.000286 soft_effective_blocks=167.817049 current_block_budget=256.000000 energy_mean=0.055572 energy_std=0.282477 lr=3.463399e-05 grad_norm=0.058271
step=13920 layers=5,24 seq_len=54791 skipped_length=0 loss=0.285562 teacher_kl=0.790702 teacher_l1=0.000736 topk_boundary_loss=0.009534 teacher_recall=0.886500 causal_density=0.652226 target_group_coverage=0.808620 same_head_all_targets_hit=1.000000 rank_loss=0.143469 aggregation_loss=0.018220 negative_penalty=0.000284 soft_effective_blocks=154.958320 current_block_budget=256.000000 energy_mean=0.053675 energy_std=0.303487 lr=3.461458e-05 grad_norm=0.148192
step=13930 layers=7,15 seq_len=52185 skipped_length=0 loss=0.230561 teacher_kl=0.651017 teacher_l1=0.000602 topk_boundary_loss=0.008147 teacher_recall=0.893832 causal_density=0.652303 target_group_coverage=0.767500 same_head_all_targets_hit=1.000000 rank_loss=0.098387 aggregation_loss=0.034654 negative_penalty=0.000246 soft_effective_blocks=174.929660 current_block_budget=256.000000 energy_mean=0.055367 energy_std=0.270011 lr=3.459517e-05 grad_norm=0.082508
step=13940 layers=33,35 seq_len=60311 skipped_length=0 loss=0.263254 teacher_kl=0.781623 teacher_l1=0.000707 topk_boundary_loss=0.008375 teacher_recall=0.889588 causal_density=0.652283 target_group_coverage=0.865964 same_head_all_targets_hit=1.000000 rank_loss=0.116531 aggregation_loss=0.036197 negative_penalty=0.000238 soft_effective_blocks=167.439401 current_block_budget=256.000000 energy_mean=0.054955 energy_std=0.279439 lr=3.457576e-05 grad_norm=0.113239
step=13950 layers=14,32 seq_len=56072 skipped_length=0 loss=0.248776 teacher_kl=0.707495 teacher_l1=0.000674 topk_boundary_loss=0.007730 teacher_recall=0.900218 causal_density=0.652330 target_group_coverage=0.817795 same_head_all_targets_hit=1.000000 rank_loss=0.127012 aggregation_loss=0.018259 negative_penalty=0.000298 soft_effective_blocks=156.247711 current_block_budget=256.000000 energy_mean=0.057276 energy_std=0.304175 lr=3.455634e-05 grad_norm=0.058820
step=13960 layers=3,33 seq_len=54265 skipped_length=0 loss=0.246977 teacher_kl=0.725022 teacher_l1=0.000637 topk_boundary_loss=0.007710 teacher_recall=0.900040 causal_density=0.652264 target_group_coverage=0.913125 same_head_all_targets_hit=0.950000 rank_loss=0.112597 aggregation_loss=0.035787 negative_penalty=0.000249 soft_effective_blocks=162.212239 current_block_budget=256.000000 energy_mean=0.055446 energy_std=0.290931 lr=3.453691e-05 grad_norm=0.082554
step=13970 layers=25,27 seq_len=58350 skipped_length=0 loss=0.270578 teacher_kl=0.778152 teacher_l1=0.000714 topk_boundary_loss=0.009037 teacher_recall=0.878659 causal_density=0.652265 target_group_coverage=0.858594 same_head_all_targets_hit=0.950000 rank_loss=0.128727 aggregation_loss=0.017127 negative_penalty=0.000290 soft_effective_blocks=167.825916 current_block_budget=256.000000 energy_mean=0.052849 energy_std=0.274210 lr=3.451748e-05 grad_norm=0.090501
step=13980 layers=32,35 seq_len=54068 skipped_length=0 loss=0.235562 teacher_kl=0.694740 teacher_l1=0.000652 topk_boundary_loss=0.008096 teacher_recall=0.891943 causal_density=0.652284 target_group_coverage=0.790582 same_head_all_targets_hit=1.000000 rank_loss=0.103078 aggregation_loss=0.018772 negative_penalty=0.000283 soft_effective_blocks=162.877631 current_block_budget=256.000000 energy_mean=0.056344 energy_std=0.297155 lr=3.449805e-05 grad_norm=0.087600
step=13990 layers=1,23 seq_len=55272 skipped_length=0 loss=0.237456 teacher_kl=0.688612 teacher_l1=0.000641 topk_boundary_loss=0.007672 teacher_recall=0.900767 causal_density=0.652293 target_group_coverage=0.759661 same_head_all_targets_hit=0.900000 rank_loss=0.091331 aggregation_loss=0.071801 negative_penalty=0.000265 soft_effective_blocks=171.458075 current_block_budget=256.000000 energy_mean=0.054901 energy_std=0.283553 lr=3.447861e-05 grad_norm=0.079903
step=14000 layers=9,34 seq_len=53065 skipped_length=0 loss=0.256011 teacher_kl=0.713844 teacher_l1=0.000674 topk_boundary_loss=0.008463 teacher_recall=0.896726 causal_density=0.652354 target_group_coverage=0.782205 same_head_all_targets_hit=0.950000 rank_loss=0.127679 aggregation_loss=0.018335 negative_penalty=0.000294 soft_effective_blocks=157.335011 current_block_budget=256.000000 energy_mean=0.057387 energy_std=0.295707 lr=3.445917e-05 grad_norm=0.126445
[save] raw=/inspire/hdd/global_user/gexinmu-253108100065/Repos/fuyicheng_workshop/Innovator-lm-evaluation-hardness/x-attention-main/xattn/qwen_weights/conv_qwen3_boundary_v2/conv_kernel_7x7_qwen3_8b_boundary_v2_t065_s16_48k64k_bf16_step14000.pt
[save] ema=/inspire/hdd/global_user/gexinmu-253108100065/Repos/fuyicheng_workshop/Innovator-lm-evaluation-hardness/x-attention-main/xattn/qwen_weights/conv_qwen3_boundary_v2/conv_kernel_7x7_qwen3_8b_boundary_v2_t065_s16_48k64k_bf16_ema_step14000.pt
[save] state=/inspire/hdd/global_user/gexinmu-253108100065/Repos/fuyicheng_workshop/Innovator-lm-evaluation-hardness/x-attention-main/xattn/qwen_weights/conv_qwen3_boundary_v2/conv_kernel_7x7_qwen3_8b_boundary_v2_t065_s16_48k64k_bf16_train_state.pt
step=14010 layers=21,27 seq_len=65129 skipped_length=0 loss=0.272975 teacher_kl=0.742244 teacher_l1=0.000725 topk_boundary_loss=0.008427 teacher_recall=0.892087 causal_density=0.652312 target_group_coverage=0.823307 same_head_all_targets_hit=1.000000 rank_loss=0.156970 aggregation_loss=0.000000 negative_penalty=0.000276 soft_effective_blocks=152.020517 current_block_budget=256.000000 energy_mean=0.057163 energy_std=0.305587 lr=3.443972e-05 grad_norm=0.106843
step=14020 layers=17,19 seq_len=58548 skipped_length=0 loss=0.261779 teacher_kl=0.770570 teacher_l1=0.000665 topk_boundary_loss=0.008172 teacher_recall=0.889269 causal_density=0.652236 target_group_coverage=0.922049 same_head_all_targets_hit=0.950000 rank_loss=0.126973 aggregation_loss=0.018369 negative_penalty=0.000197 soft_effective_blocks=177.301471 current_block_budget=256.000000 energy_mean=0.053020 energy_std=0.269151 lr=3.442027e-05 grad_norm=0.071414
step=14030 layers=11,25 seq_len=56856 skipped_length=0 loss=0.234824 teacher_kl=0.657353 teacher_l1=0.000595 topk_boundary_loss=0.007801 teacher_recall=0.901478 causal_density=0.652236 target_group_coverage=0.875156 same_head_all_targets_hit=0.950000 rank_loss=0.115552 aggregation_loss=0.017784 negative_penalty=0.000202 soft_effective_blocks=165.614062 current_block_budget=256.000000 energy_mean=0.056119 energy_std=0.291106 lr=3.440082e-05 grad_norm=0.108627
step=14040 layers=12,23 seq_len=56110 skipped_length=0 loss=0.266098 teacher_kl=0.745342 teacher_l1=0.000682 topk_boundary_loss=0.008195 teacher_recall=0.892943 causal_density=0.652267 target_group_coverage=0.769792 same_head_all_targets_hit=1.000000 rank_loss=0.147821 aggregation_loss=0.000000 negative_penalty=0.000347 soft_effective_blocks=164.266733 current_block_budget=256.000000 energy_mean=0.053706 energy_std=0.284890 lr=3.438136e-05 grad_norm=0.100025
step=14050 layers=8,26 seq_len=59026 skipped_length=0 loss=0.264948 teacher_kl=0.795931 teacher_l1=0.000731 topk_boundary_loss=0.007833 teacher_recall=0.901645 causal_density=0.652281 target_group_coverage=0.868828 same_head_all_targets_hit=0.950000 rank_loss=0.130742 aggregation_loss=0.017613 negative_penalty=0.000319 soft_effective_blocks=159.952776 current_block_budget=256.000000 energy_mean=0.053420 energy_std=0.295200 lr=3.436189e-05 grad_norm=0.103957
step=14060 layers=12,21 seq_len=57326 skipped_length=0 loss=0.247467 teacher_kl=0.688593 teacher_l1=0.000659 topk_boundary_loss=0.008077 teacher_recall=0.885874 causal_density=0.652317 target_group_coverage=0.794036 same_head_all_targets_hit=0.950000 rank_loss=0.109697 aggregation_loss=0.054818 negative_penalty=0.000226 soft_effective_blocks=164.356632 current_block_budget=256.000000 energy_mean=0.057072 energy_std=0.278105 lr=3.434242e-05 grad_norm=0.075349
step=14070 layers=30,33 seq_len=58345 skipped_length=0 loss=0.240833 teacher_kl=0.661847 teacher_l1=0.000622 topk_boundary_loss=0.007835 teacher_recall=0.895246 causal_density=0.652219 target_group_coverage=0.804470 same_head_all_targets_hit=0.950000 rank_loss=0.115778 aggregation_loss=0.037485 negative_penalty=0.000284 soft_effective_blocks=165.691295 current_block_budget=256.000000 energy_mean=0.054810 energy_std=0.294137 lr=3.432295e-05 grad_norm=0.093807
step=14080 layers=15,17 seq_len=52516 skipped_length=0 loss=0.261200 teacher_kl=0.780979 teacher_l1=0.000711 topk_boundary_loss=0.007782 teacher_recall=0.891671 causal_density=0.652340 target_group_coverage=0.744219 same_head_all_targets_hit=0.950000 rank_loss=0.128958 aggregation_loss=0.017531 negative_penalty=0.000227 soft_effective_blocks=164.401353 current_block_budget=256.000000 energy_mean=0.056446 energy_std=0.280242 lr=3.430347e-05 grad_norm=0.086825
step=14090 layers=14,20 seq_len=65276 skipped_length=0 loss=0.254766 teacher_kl=0.734419 teacher_l1=0.000646 topk_boundary_loss=0.007530 teacher_recall=0.895708 causal_density=0.652199 target_group_coverage=0.846406 same_head_all_targets_hit=1.000000 rank_loss=0.133087 aggregation_loss=0.017887 negative_penalty=0.000316 soft_effective_blocks=163.483458 current_block_budget=256.000000 energy_mean=0.053725 energy_std=0.301103 lr=3.428399e-05 grad_norm=0.083910
step=14100 layers=20,31 seq_len=51721 skipped_length=0 loss=0.219257 teacher_kl=0.581124 teacher_l1=0.000600 topk_boundary_loss=0.007841 teacher_recall=0.877723 causal_density=0.652337 target_group_coverage=0.883906 same_head_all_targets_hit=0.950000 rank_loss=0.100528 aggregation_loss=0.036042 negative_penalty=0.000228 soft_effective_blocks=170.597012 current_block_budget=256.000000 energy_mean=0.058184 energy_std=0.269916 lr=3.426451e-05 grad_norm=0.069319
step=14110 layers=8,25 seq_len=53900 skipped_length=0 loss=0.262364 teacher_kl=0.795424 teacher_l1=0.000736 topk_boundary_loss=0.007963 teacher_recall=0.897277 causal_density=0.652356 target_group_coverage=0.812569 same_head_all_targets_hit=1.000000 rank_loss=0.116954 aggregation_loss=0.036536 negative_penalty=0.000240 soft_effective_blocks=153.385283 current_block_budget=256.000000 energy_mean=0.056658 energy_std=0.308051 lr=3.424502e-05 grad_norm=0.069646
step=14120 layers=3,10 seq_len=64942 skipped_length=0 loss=0.253200 teacher_kl=0.763330 teacher_l1=0.000694 topk_boundary_loss=0.007727 teacher_recall=0.890496 causal_density=0.652295 target_group_coverage=0.834271 same_head_all_targets_hit=1.000000 rank_loss=0.105855 aggregation_loss=0.053321 negative_penalty=0.000268 soft_effective_blocks=168.210898 current_block_budget=256.000000 energy_mean=0.054258 energy_std=0.279071 lr=3.422552e-05 grad_norm=0.063855
step=14130 layers=8,23 seq_len=59347 skipped_length=0 loss=0.251254 teacher_kl=0.707389 teacher_l1=0.000633 topk_boundary_loss=0.007942 teacher_recall=0.890046 causal_density=0.652232 target_group_coverage=0.698177 same_head_all_targets_hit=1.000000 rank_loss=0.128175 aggregation_loss=0.018659 negative_penalty=0.000290 soft_effective_blocks=163.881828 current_block_budget=256.000000 energy_mean=0.055280 energy_std=0.292919 lr=3.420602e-05 grad_norm=0.083355
step=14140 layers=2,18 seq_len=54595 skipped_length=0 loss=0.264454 teacher_kl=0.740403 teacher_l1=0.000628 topk_boundary_loss=0.007934 teacher_recall=0.893910 causal_density=0.652138 target_group_coverage=0.889453 same_head_all_targets_hit=1.000000 rank_loss=0.149804 aggregation_loss=0.000000 negative_penalty=0.000278 soft_effective_blocks=168.514896 current_block_budget=256.000000 energy_mean=0.052968 energy_std=0.287413 lr=3.418652e-05 grad_norm=0.105727
step=14150 layers=6,30 seq_len=55457 skipped_length=0 loss=0.258542 teacher_kl=0.716503 teacher_l1=0.000678 topk_boundary_loss=0.008174 teacher_recall=0.891721 causal_density=0.652290 target_group_coverage=0.794063 same_head_all_targets_hit=1.000000 rank_loss=0.135483 aggregation_loss=0.017367 negative_penalty=0.000221 soft_effective_blocks=168.724802 current_block_budget=256.000000 energy_mean=0.055602 energy_std=0.280683 lr=3.416701e-05 grad_norm=0.103895
step=14160 layers=11,16 seq_len=59866 skipped_length=0 loss=0.254127 teacher_kl=0.784995 teacher_l1=0.000687 topk_boundary_loss=0.008185 teacher_recall=0.890136 causal_density=0.652293 target_group_coverage=0.779852 same_head_all_targets_hit=1.000000 rank_loss=0.088371 aggregation_loss=0.071347 negative_penalty=0.000220 soft_effective_blocks=167.678428 current_block_budget=256.000000 energy_mean=0.054331 energy_std=0.275426 lr=3.414750e-05 grad_norm=0.062075
step=14170 layers=12,18 seq_len=53731 skipped_length=0 loss=0.286310 teacher_kl=0.806096 teacher_l1=0.000730 topk_boundary_loss=0.008782 teacher_recall=0.883598 causal_density=0.652257 target_group_coverage=0.682161 same_head_all_targets_hit=1.000000 rank_loss=0.158493 aggregation_loss=0.000000 negative_penalty=0.000314 soft_effective_blocks=161.374164 current_block_budget=256.000000 energy_mean=0.054065 energy_std=0.297529 lr=3.412799e-05 grad_norm=0.108242
step=14180 layers=0,32 seq_len=56083 skipped_length=0 loss=0.242837 teacher_kl=0.667307 teacher_l1=0.000662 topk_boundary_loss=0.007488 teacher_recall=0.895936 causal_density=0.652342 target_group_coverage=0.930816 same_head_all_targets_hit=1.000000 rank_loss=0.130465 aggregation_loss=0.018076 negative_penalty=0.000287 soft_effective_blocks=151.940221 current_block_budget=256.000000 energy_mean=0.058381 energy_std=0.308974 lr=3.410847e-05 grad_norm=0.086045
step=14190 layers=9,21 seq_len=53923 skipped_length=0 loss=0.236907 teacher_kl=0.652175 teacher_l1=0.000600 topk_boundary_loss=0.007543 teacher_recall=0.887236 causal_density=0.652299 target_group_coverage=0.798611 same_head_all_targets_hit=0.900000 rank_loss=0.116493 aggregation_loss=0.035210 negative_penalty=0.000219 soft_effective_blocks=184.578534 current_block_budget=256.000000 energy_mean=0.055054 energy_std=0.254975 lr=3.408894e-05 grad_norm=0.054589
step=14200 layers=16,28 seq_len=65244 skipped_length=0 loss=0.263416 teacher_kl=0.793796 teacher_l1=0.000680 topk_boundary_loss=0.008204 teacher_recall=0.888664 causal_density=0.652202 target_group_coverage=0.885807 same_head_all_targets_hit=0.950000 rank_loss=0.123418 aggregation_loss=0.018505 negative_penalty=0.000263 soft_effective_blocks=166.856381 current_block_budget=256.000000 energy_mean=0.052636 energy_std=0.283899 lr=3.406942e-05 grad_norm=0.088572
step=14210 layers=24,26 seq_len=51560 skipped_length=0 loss=0.240641 teacher_kl=0.727878 teacher_l1=0.000701 topk_boundary_loss=0.008331 teacher_recall=0.885178 causal_density=0.652303 target_group_coverage=0.800373 same_head_all_targets_hit=0.950000 rank_loss=0.092308 aggregation_loss=0.037533 negative_penalty=0.000255 soft_effective_blocks=160.394357 current_block_budget=256.000000 energy_mean=0.056950 energy_std=0.290719 lr=3.404989e-05 grad_norm=0.080198
step=14220 layers=5,6 seq_len=62725 skipped_length=0 loss=0.242080 teacher_kl=0.708595 teacher_l1=0.000626 topk_boundary_loss=0.007287 teacher_recall=0.913664 causal_density=0.652175 target_group_coverage=0.736953 same_head_all_targets_hit=0.900000 rank_loss=0.113878 aggregation_loss=0.036501 negative_penalty=0.000288 soft_effective_blocks=162.251627 current_block_budget=256.000000 energy_mean=0.054013 energy_std=0.303161 lr=3.403035e-05 grad_norm=0.068627
step=14230 layers=30,33 seq_len=49427 skipped_length=0 loss=0.244102 teacher_kl=0.657109 teacher_l1=0.000661 topk_boundary_loss=0.007134 teacher_recall=0.905907 causal_density=0.652380 target_group_coverage=0.812891 same_head_all_targets_hit=1.000000 rank_loss=0.147365 aggregation_loss=0.000000 negative_penalty=0.000290 soft_effective_blocks=147.329604 current_block_budget=256.000000 energy_mean=0.060944 energy_std=0.321215 lr=3.401081e-05 grad_norm=0.104908
step=14240 layers=10,35 seq_len=56909 skipped_length=0 loss=0.255291 teacher_kl=0.742597 teacher_l1=0.000647 topk_boundary_loss=0.008566 teacher_recall=0.873800 causal_density=0.652209 target_group_coverage=0.882578 same_head_all_targets_hit=0.950000 rank_loss=0.117938 aggregation_loss=0.018271 negative_penalty=0.000242 soft_effective_blocks=170.923882 current_block_budget=256.000000 energy_mean=0.052224 energy_std=0.269581 lr=3.399127e-05 grad_norm=0.077017
step=14250 layers=8,32 seq_len=59898 skipped_length=0 loss=0.265612 teacher_kl=0.800706 teacher_l1=0.000706 topk_boundary_loss=0.008502 teacher_recall=0.885511 causal_density=0.652257 target_group_coverage=0.816710 same_head_all_targets_hit=1.000000 rank_loss=0.113867 aggregation_loss=0.036517 negative_penalty=0.000245 soft_effective_blocks=168.431480 current_block_budget=256.000000 energy_mean=0.054852 energy_std=0.286082 lr=3.397172e-05 grad_norm=0.064798
[save] raw=/inspire/hdd/global_user/gexinmu-253108100065/Repos/fuyicheng_workshop/Innovator-lm-evaluation-hardness/x-attention-main/xattn/qwen_weights/conv_qwen3_boundary_v2/conv_kernel_7x7_qwen3_8b_boundary_v2_t065_s16_48k64k_bf16_step14250.pt
[save] ema=/inspire/hdd/global_user/gexinmu-253108100065/Repos/fuyicheng_workshop/Innovator-lm-evaluation-hardness/x-attention-main/xattn/qwen_weights/conv_qwen3_boundary_v2/conv_kernel_7x7_qwen3_8b_boundary_v2_t065_s16_48k64k_bf16_ema_step14250.pt
[save] state=/inspire/hdd/global_user/gexinmu-253108100065/Repos/fuyicheng_workshop/Innovator-lm-evaluation-hardness/x-attention-main/xattn/qwen_weights/conv_qwen3_boundary_v2/conv_kernel_7x7_qwen3_8b_boundary_v2_t065_s16_48k64k_bf16_train_state.pt
step=14260 layers=7,32 seq_len=64807 skipped_length=0 loss=0.223311 teacher_kl=0.633718 teacher_l1=0.000591 topk_boundary_loss=0.007129 teacher_recall=0.900833 causal_density=0.652208 target_group_coverage=0.866875 same_head_all_targets_hit=0.950000 rank_loss=0.111208 aggregation_loss=0.017817 negative_penalty=0.000297 soft_effective_blocks=169.438095 current_block_budget=256.000000 energy_mean=0.055080 energy_std=0.295391 lr=3.395217e-05 grad_norm=0.080256
step=14270 layers=8,27 seq_len=53459 skipped_length=0 loss=0.261037 teacher_kl=0.735170 teacher_l1=0.000694 topk_boundary_loss=0.008618 teacher_recall=0.893064 causal_density=0.652298 target_group_coverage=0.753490 same_head_all_targets_hit=1.000000 rank_loss=0.128891 aggregation_loss=0.017751 negative_penalty=0.000256 soft_effective_blocks=165.413991 current_block_budget=256.000000 energy_mean=0.055388 energy_std=0.291415 lr=3.393261e-05 grad_norm=0.088028
step=14280 layers=23,27 seq_len=64641 skipped_length=0 loss=0.256546 teacher_kl=0.763719 teacher_l1=0.000681 topk_boundary_loss=0.008666 teacher_recall=0.881609 causal_density=0.652285 target_group_coverage=0.752969 same_head_all_targets_hit=1.000000 rank_loss=0.106199 aggregation_loss=0.035604 negative_penalty=0.000223 soft_effective_blocks=172.846112 current_block_budget=256.000000 energy_mean=0.054720 energy_std=0.266459 lr=3.391305e-05 grad_norm=0.085015
step=14290 layers=8,18 seq_len=60302 skipped_length=0 loss=0.247589 teacher_kl=0.742077 teacher_l1=0.000672 topk_boundary_loss=0.007168 teacher_recall=0.906400 causal_density=0.652286 target_group_coverage=0.848707 same_head_all_targets_hit=1.000000 rank_loss=0.109364 aggregation_loss=0.053101 negative_penalty=0.000324 soft_effective_blocks=159.776425 current_block_budget=256.000000 energy_mean=0.054826 energy_std=0.291521 lr=3.389349e-05 grad_norm=0.063708
step=14300 layers=1,18 seq_len=56635 skipped_length=0 loss=0.231394 teacher_kl=0.670627 teacher_l1=0.000651 topk_boundary_loss=0.007649 teacher_recall=0.893602 causal_density=0.652235 target_group_coverage=0.807031 same_head_all_targets_hit=1.000000 rank_loss=0.115950 aggregation_loss=0.000000 negative_penalty=0.000281 soft_effective_blocks=164.706851 current_block_budget=256.000000 energy_mean=0.055609 energy_std=0.308186 lr=3.387392e-05 grad_norm=0.066308
step=14310 layers=23,25 seq_len=59307 skipped_length=0 loss=0.250363 teacher_kl=0.765949 teacher_l1=0.000658 topk_boundary_loss=0.007944 teacher_recall=0.892512 causal_density=0.652288 target_group_coverage=0.897917 same_head_all_targets_hit=1.000000 rank_loss=0.112016 aggregation_loss=0.018671 negative_penalty=0.000213 soft_effective_blocks=167.110898 current_block_budget=256.000000 energy_mean=0.054902 energy_std=0.273898 lr=3.385435e-05 grad_norm=0.072769
step=14320 layers=28,31 seq_len=56777 skipped_length=0 loss=0.285084 teacher_kl=0.796188 teacher_l1=0.000703 topk_boundary_loss=0.010477 teacher_recall=0.878821 causal_density=0.652287 target_group_coverage=0.867622 same_head_all_targets_hit=0.950000 rank_loss=0.121449 aggregation_loss=0.035720 negative_penalty=0.000285 soft_effective_blocks=165.384499 current_block_budget=256.000000 energy_mean=0.055049 energy_std=0.285863 lr=3.383478e-05 grad_norm=0.125713
step=14330 layers=4,14 seq_len=50021 skipped_length=0 loss=0.265618 teacher_kl=0.702749 teacher_l1=0.000665 topk_boundary_loss=0.009868 teacher_recall=0.907134 causal_density=0.652263 target_group_coverage=0.847439 same_head_all_targets_hit=0.950000 rank_loss=0.127593 aggregation_loss=0.018661 negative_penalty=0.000244 soft_effective_blocks=162.072562 current_block_budget=256.000000 energy_mean=0.054211 energy_std=0.289243 lr=3.381520e-05 grad_norm=0.163588
step=14340 layers=23,32 seq_len=57703 skipped_length=0 loss=0.257391 teacher_kl=0.743398 teacher_l1=0.000685 topk_boundary_loss=0.008179 teacher_recall=0.894206 causal_density=0.652285 target_group_coverage=0.884219 same_head_all_targets_hit=1.000000 rank_loss=0.126189 aggregation_loss=0.018764 negative_penalty=0.000272 soft_effective_blocks=160.919757 current_block_budget=256.000000 energy_mean=0.055631 energy_std=0.295806 lr=3.379562e-05 grad_norm=0.093003
step=14350 layers=5,31 seq_len=53379 skipped_length=0 loss=0.241473 teacher_kl=0.676029 teacher_l1=0.000645 topk_boundary_loss=0.008023 teacher_recall=0.884450 causal_density=0.652354 target_group_coverage=0.877127 same_head_all_targets_hit=1.000000 rank_loss=0.119011 aggregation_loss=0.017748 negative_penalty=0.000254 soft_effective_blocks=162.486555 current_block_budget=256.000000 energy_mean=0.058022 energy_std=0.288725 lr=3.377603e-05 grad_norm=0.093477
step=14360 layers=1,13 seq_len=64751 skipped_length=0 loss=0.248255 teacher_kl=0.716168 teacher_l1=0.000679 topk_boundary_loss=0.007938 teacher_recall=0.892334 causal_density=0.652335 target_group_coverage=0.793854 same_head_all_targets_hit=0.950000 rank_loss=0.113928 aggregation_loss=0.035722 negative_penalty=0.000252 soft_effective_blocks=165.203886 current_block_budget=256.000000 energy_mean=0.057579 energy_std=0.293436 lr=3.375644e-05 grad_norm=0.060890
step=14370 layers=5,30 seq_len=53324 skipped_length=0 loss=0.244635 teacher_kl=0.645811 teacher_l1=0.000622 topk_boundary_loss=0.007625 teacher_recall=0.906736 causal_density=0.652225 target_group_coverage=0.728672 same_head_all_targets_hit=1.000000 rank_loss=0.136984 aggregation_loss=0.018118 negative_penalty=0.000288 soft_effective_blocks=150.047900 current_block_budget=256.000000 energy_mean=0.056977 energy_std=0.326554 lr=3.373685e-05 grad_norm=0.104356
step=14380 layers=25,27 seq_len=56927 skipped_length=0 loss=0.267578 teacher_kl=0.788706 teacher_l1=0.000694 topk_boundary_loss=0.008070 teacher_recall=0.882417 causal_density=0.652274 target_group_coverage=0.833906 same_head_all_targets_hit=1.000000 rank_loss=0.133432 aggregation_loss=0.018438 negative_penalty=0.000224 soft_effective_blocks=173.788846 current_block_budget=256.000000 energy_mean=0.054543 energy_std=0.267739 lr=3.371725e-05 grad_norm=0.074876
step=14390 layers=15,30 seq_len=60675 skipped_length=0 loss=0.265234 teacher_kl=0.773237 teacher_l1=0.000682 topk_boundary_loss=0.008436 teacher_recall=0.895842 causal_density=0.652246 target_group_coverage=0.825434 same_head_all_targets_hit=1.000000 rank_loss=0.128489 aggregation_loss=0.018482 negative_penalty=0.000302 soft_effective_blocks=164.478759 current_block_budget=256.000000 energy_mean=0.054093 energy_std=0.285162 lr=3.369765e-05 grad_norm=0.106646
step=14400 layers=14,32 seq_len=49982 skipped_length=0 loss=0.250451 teacher_kl=0.681714 teacher_l1=0.000631 topk_boundary_loss=0.009365 teacher_recall=0.888069 causal_density=0.652310 target_group_coverage=0.806797 same_head_all_targets_hit=0.950000 rank_loss=0.114854 aggregation_loss=0.017274 negative_penalty=0.000252 soft_effective_blocks=169.406767 current_block_budget=256.000000 energy_mean=0.055852 energy_std=0.283596 lr=3.367805e-05 grad_norm=0.130766
step=14410 layers=8,30 seq_len=51330 skipped_length=0 loss=0.255693 teacher_kl=0.651742 teacher_l1=0.000628 topk_boundary_loss=0.010824 teacher_recall=0.894232 causal_density=0.652255 target_group_coverage=0.847361 same_head_all_targets_hit=0.950000 rank_loss=0.096350 aggregation_loss=0.053956 negative_penalty=0.000246 soft_effective_blocks=158.847149 current_block_budget=256.000000 energy_mean=0.057375 energy_std=0.311057 lr=3.365844e-05 grad_norm=0.141549
step=14420 layers=24,35 seq_len=58361 skipped_length=0 loss=0.270343 teacher_kl=0.785835 teacher_l1=0.000680 topk_boundary_loss=0.008252 teacher_recall=0.887404 causal_density=0.652282 target_group_coverage=0.856563 same_head_all_targets_hit=1.000000 rank_loss=0.136300 aggregation_loss=0.018519 negative_penalty=0.000245 soft_effective_blocks=175.061423 current_block_budget=256.000000 energy_mean=0.052732 energy_std=0.261177 lr=3.363883e-05 grad_norm=0.084294
step=14430 layers=16,19 seq_len=59307 skipped_length=0 loss=0.254254 teacher_kl=0.738111 teacher_l1=0.000627 topk_boundary_loss=0.008599 teacher_recall=0.881687 causal_density=0.652211 target_group_coverage=0.799297 same_head_all_targets_hit=1.000000 rank_loss=0.116989 aggregation_loss=0.018044 negative_penalty=0.000232 soft_effective_blocks=177.886766 current_block_budget=256.000000 energy_mean=0.053423 energy_std=0.258798 lr=3.361921e-05 grad_norm=0.088957
step=14440 layers=13,30 seq_len=62687 skipped_length=0 loss=0.257666 teacher_kl=0.764871 teacher_l1=0.000688 topk_boundary_loss=0.007676 teacher_recall=0.899398 causal_density=0.652243 target_group_coverage=0.735547 same_head_all_targets_hit=1.000000 rank_loss=0.120540 aggregation_loss=0.036644 negative_penalty=0.000278 soft_effective_blocks=161.179095 current_block_budget=256.000000 energy_mean=0.055742 energy_std=0.313366 lr=3.359959e-05 grad_norm=0.086342
step=14450 layers=2,16 seq_len=58469 skipped_length=0 loss=0.256974 teacher_kl=0.713284 teacher_l1=0.000662 topk_boundary_loss=0.007590 teacher_recall=0.903891 causal_density=0.652284 target_group_coverage=0.787500 same_head_all_targets_hit=1.000000 rank_loss=0.148702 aggregation_loss=0.000000 negative_penalty=0.000257 soft_effective_blocks=161.854547 current_block_budget=256.000000 energy_mean=0.055384 energy_std=0.286403 lr=3.357997e-05 grad_norm=0.082266
step=14460 layers=8,9 seq_len=60037 skipped_length=0 loss=0.275511 teacher_kl=0.781697 teacher_l1=0.000698 topk_boundary_loss=0.008324 teacher_recall=0.889530 causal_density=0.652282 target_group_coverage=0.864063 same_head_all_targets_hit=1.000000 rank_loss=0.152706 aggregation_loss=0.000000 negative_penalty=0.000313 soft_effective_blocks=160.998340 current_block_budget=256.000000 energy_mean=0.053759 energy_std=0.293887 lr=3.356034e-05 grad_norm=0.077060
step=14470 layers=17,30 seq_len=61426 skipped_length=0 loss=0.245557 teacher_kl=0.669495 teacher_l1=0.000638 topk_boundary_loss=0.008059 teacher_recall=0.893091 causal_density=0.652250 target_group_coverage=0.721007 same_head_all_targets_hit=1.000000 rank_loss=0.126815 aggregation_loss=0.018139 negative_penalty=0.000280 soft_effective_blocks=169.166479 current_block_budget=256.000000 energy_mean=0.057648 energy_std=0.294685 lr=3.354071e-05 grad_norm=0.118070
step=14480 layers=9,33 seq_len=51287 skipped_length=0 loss=0.241639 teacher_kl=0.655278 teacher_l1=0.000613 topk_boundary_loss=0.007587 teacher_recall=0.892351 causal_density=0.652251 target_group_coverage=0.785547 same_head_all_targets_hit=1.000000 rank_loss=0.130140 aggregation_loss=0.018099 negative_penalty=0.000289 soft_effective_blocks=165.595424 current_block_budget=256.000000 energy_mean=0.056054 energy_std=0.289605 lr=3.352108e-05 grad_norm=0.069418
step=14490 layers=11,21 seq_len=61877 skipped_length=0 loss=0.271238 teacher_kl=0.816758 teacher_l1=0.000707 topk_boundary_loss=0.008098 teacher_recall=0.885353 causal_density=0.652218 target_group_coverage=0.899922 same_head_all_targets_hit=1.000000 rank_loss=0.132409 aggregation_loss=0.017814 negative_penalty=0.000205 soft_effective_blocks=167.715331 current_block_budget=256.000000 energy_mean=0.053265 energy_std=0.291756 lr=3.350144e-05 grad_norm=0.095091
step=14500 layers=17,25 seq_len=57711 skipped_length=0 loss=0.245483 teacher_kl=0.676893 teacher_l1=0.000602 topk_boundary_loss=0.007638 teacher_recall=0.896415 causal_density=0.652217 target_group_coverage=0.775990 same_head_all_targets_hit=1.000000 rank_loss=0.130800 aggregation_loss=0.017325 negative_penalty=0.000227 soft_effective_blocks=172.763046 current_block_budget=256.000000 energy_mean=0.054044 energy_std=0.268805 lr=3.348180e-05 grad_norm=0.086022
[save] raw=/inspire/hdd/global_user/gexinmu-253108100065/Repos/fuyicheng_workshop/Innovator-lm-evaluation-hardness/x-attention-main/xattn/qwen_weights/conv_qwen3_boundary_v2/conv_kernel_7x7_qwen3_8b_boundary_v2_t065_s16_48k64k_bf16_step14500.pt
[save] ema=/inspire/hdd/global_user/gexinmu-253108100065/Repos/fuyicheng_workshop/Innovator-lm-evaluation-hardness/x-attention-main/xattn/qwen_weights/conv_qwen3_boundary_v2/conv_kernel_7x7_qwen3_8b_boundary_v2_t065_s16_48k64k_bf16_ema_step14500.pt
[save] state=/inspire/hdd/global_user/gexinmu-253108100065/Repos/fuyicheng_workshop/Innovator-lm-evaluation-hardness/x-attention-main/xattn/qwen_weights/conv_qwen3_boundary_v2/conv_kernel_7x7_qwen3_8b_boundary_v2_t065_s16_48k64k_bf16_train_state.pt
step=14510 layers=7,18 seq_len=64630 skipped_length=0 loss=0.268831 teacher_kl=0.780275 teacher_l1=0.000717 topk_boundary_loss=0.007927 teacher_recall=0.893166 causal_density=0.652283 target_group_coverage=0.779427 same_head_all_targets_hit=0.950000 rank_loss=0.139508 aggregation_loss=0.018506 negative_penalty=0.000292 soft_effective_blocks=157.105643 current_block_budget=256.000000 energy_mean=0.056134 energy_std=0.314464 lr=3.346216e-05 grad_norm=0.098538
step=14520 layers=21,30 seq_len=54971 skipped_length=0 loss=0.264819 teacher_kl=0.736718 teacher_l1=0.000627 topk_boundary_loss=0.009251 teacher_recall=0.889974 causal_density=0.652207 target_group_coverage=0.897743 same_head_all_targets_hit=0.950000 rank_loss=0.126118 aggregation_loss=0.018391 negative_penalty=0.000191 soft_effective_blocks=179.920026 current_block_budget=256.000000 energy_mean=0.053921 energy_std=0.278280 lr=3.344251e-05 grad_norm=0.131732
step=14530 layers=7,21 seq_len=64698 skipped_length=0 loss=0.253796 teacher_kl=0.675730 teacher_l1=0.000612 topk_boundary_loss=0.007679 teacher_recall=0.897697 causal_density=0.652174 target_group_coverage=0.842187 same_head_all_targets_hit=1.000000 rank_loss=0.151602 aggregation_loss=0.000000 negative_penalty=0.000301 soft_effective_blocks=172.311499 current_block_budget=256.000000 energy_mean=0.052504 energy_std=0.274201 lr=3.342286e-05 grad_norm=0.086610
step=14540 layers=0,16 seq_len=62858 skipped_length=0 loss=0.257860 teacher_kl=0.763076 teacher_l1=0.000708 topk_boundary_loss=0.008111 teacher_recall=0.903913 causal_density=0.652308 target_group_coverage=0.844427 same_head_all_targets_hit=1.000000 rank_loss=0.115677 aggregation_loss=0.036233 negative_penalty=0.000293 soft_effective_blocks=149.596866 current_block_budget=256.000000 energy_mean=0.056400 energy_std=0.313113 lr=3.340321e-05 grad_norm=0.098820
step=14550 layers=8,26 seq_len=52741 skipped_length=0 loss=0.262553 teacher_kl=0.811944 teacher_l1=0.000697 topk_boundary_loss=0.008266 teacher_recall=0.883841 causal_density=0.652306 target_group_coverage=0.688203 same_head_all_targets_hit=1.000000 rank_loss=0.101924 aggregation_loss=0.053742 negative_penalty=0.000228 soft_effective_blocks=175.246008 current_block_budget=256.000000 energy_mean=0.053822 energy_std=0.265068 lr=3.338355e-05 grad_norm=0.055642
step=14560 layers=19,31 seq_len=62503 skipped_length=0 loss=0.244461 teacher_kl=0.672395 teacher_l1=0.000660 topk_boundary_loss=0.008132 teacher_recall=0.890543 causal_density=0.652273 target_group_coverage=0.810686 same_head_all_targets_hit=1.000000 rank_loss=0.115848 aggregation_loss=0.035973 negative_penalty=0.000292 soft_effective_blocks=158.839692 current_block_budget=256.000000 energy_mean=0.058498 energy_std=0.315014 lr=3.336389e-05 grad_norm=0.095580
step=14570 layers=7,9 seq_len=59367 skipped_length=0 loss=0.272074 teacher_kl=0.693036 teacher_l1=0.000622 topk_boundary_loss=0.010532 teacher_recall=0.905147 causal_density=0.652205 target_group_coverage=0.906406 same_head_all_targets_hit=1.000000 rank_loss=0.132253 aggregation_loss=0.017893 negative_penalty=0.000291 soft_effective_blocks=169.382628 current_block_budget=256.000000 energy_mean=0.053059 energy_std=0.284422 lr=3.334422e-05 grad_norm=0.173881
step=14580 layers=12,33 seq_len=59513 skipped_length=0 loss=0.271077 teacher_kl=0.734105 teacher_l1=0.000638 topk_boundary_loss=0.009182 teacher_recall=0.888742 causal_density=0.652164 target_group_coverage=0.802474 same_head_all_targets_hit=1.000000 rank_loss=0.145775 aggregation_loss=0.000000 negative_penalty=0.000229 soft_effective_blocks=173.602137 current_block_budget=256.000000 energy_mean=0.054127 energy_std=0.284329 lr=3.332456e-05 grad_norm=0.106213
step=14590 layers=12,27 seq_len=61717 skipped_length=0 loss=0.254996 teacher_kl=0.728189 teacher_l1=0.000672 topk_boundary_loss=0.008497 teacher_recall=0.889443 causal_density=0.652309 target_group_coverage=0.864835 same_head_all_targets_hit=1.000000 rank_loss=0.114183 aggregation_loss=0.036966 negative_penalty=0.000253 soft_effective_blocks=165.896163 current_block_budget=256.000000 energy_mean=0.055020 energy_std=0.286360 lr=3.330489e-05 grad_norm=0.087733
step=14600 layers=8,20 seq_len=52721 skipped_length=0 loss=0.250111 teacher_kl=0.690360 teacher_l1=0.000635 topk_boundary_loss=0.008633 teacher_recall=0.899772 causal_density=0.652212 target_group_coverage=0.721797 same_head_all_targets_hit=0.950000 rank_loss=0.114364 aggregation_loss=0.035337 negative_penalty=0.000274 soft_effective_blocks=162.305726 current_block_budget=256.000000 energy_mean=0.054776 energy_std=0.290463 lr=3.328521e-05 grad_norm=0.128195
step=14610 layers=13,28 seq_len=60885 skipped_length=0 loss=0.272837 teacher_kl=0.787971 teacher_l1=0.000707 topk_boundary_loss=0.007979 teacher_recall=0.900648 causal_density=0.652249 target_group_coverage=0.873047 same_head_all_targets_hit=1.000000 rank_loss=0.151281 aggregation_loss=0.000000 negative_penalty=0.000255 soft_effective_blocks=156.454616 current_block_budget=256.000000 energy_mean=0.056993 energy_std=0.318890 lr=3.326553e-05 grad_norm=0.116155
step=14620 layers=15,17 seq_len=54979 skipped_length=0 loss=0.238946 teacher_kl=0.673258 teacher_l1=0.000647 topk_boundary_loss=0.008436 teacher_recall=0.878380 causal_density=0.652348 target_group_coverage=0.837109 same_head_all_targets_hit=1.000000 rank_loss=0.117379 aggregation_loss=0.000000 negative_penalty=0.000218 soft_effective_blocks=174.939136 current_block_budget=256.000000 energy_mean=0.054727 energy_std=0.254215 lr=3.324585e-05 grad_norm=0.051627
step=14630 layers=6,19 seq_len=52714 skipped_length=0 loss=0.261941 teacher_kl=0.675991 teacher_l1=0.000601 topk_boundary_loss=0.010586 teacher_recall=0.898031 causal_density=0.652175 target_group_coverage=0.802839 same_head_all_targets_hit=0.950000 rank_loss=0.103919 aggregation_loss=0.053846 negative_penalty=0.000285 soft_effective_blocks=173.629459 current_block_budget=256.000000 energy_mean=0.054114 energy_std=0.282308 lr=3.322617e-05 grad_norm=0.137078
step=14640 layers=17,26 seq_len=59754 skipped_length=0 loss=0.270027 teacher_kl=0.795338 teacher_l1=0.000709 topk_boundary_loss=0.007972 teacher_recall=0.896449 causal_density=0.652235 target_group_coverage=0.811719 same_head_all_targets_hit=1.000000 rank_loss=0.144843 aggregation_loss=0.000000 negative_penalty=0.000283 soft_effective_blocks=162.706834 current_block_budget=256.000000 energy_mean=0.053926 energy_std=0.293448 lr=3.320648e-05 grad_norm=0.077720
step=14650 layers=8,23 seq_len=53208 skipped_length=0 loss=0.236807 teacher_kl=0.763620 teacher_l1=0.000622 topk_boundary_loss=0.007488 teacher_recall=0.899233 causal_density=0.652185 target_group_coverage=0.778733 same_head_all_targets_hit=0.950000 rank_loss=0.088724 aggregation_loss=0.036346 negative_penalty=0.000228 soft_effective_blocks=174.195433 current_block_budget=256.000000 energy_mean=0.053387 energy_std=0.289977 lr=3.318679e-05 grad_norm=0.059116
step=14660 layers=1,7 seq_len=57681 skipped_length=0 loss=0.254105 teacher_kl=0.728289 teacher_l1=0.000617 topk_boundary_loss=0.008188 teacher_recall=0.903521 causal_density=0.652183 target_group_coverage=0.868359 same_head_all_targets_hit=1.000000 rank_loss=0.132191 aggregation_loss=0.000000 negative_penalty=0.000291 soft_effective_blocks=171.223869 current_block_budget=256.000000 energy_mean=0.053349 energy_std=0.282177 lr=3.316710e-05 grad_norm=0.095205
step=14670 layers=9,28 seq_len=60654 skipped_length=0 loss=0.276496 teacher_kl=0.673382 teacher_l1=0.000645 topk_boundary_loss=0.010504 teacher_recall=0.889960 causal_density=0.652236 target_group_coverage=0.779123 same_head_all_targets_hit=0.950000 rank_loss=0.144764 aggregation_loss=0.018249 negative_penalty=0.000246 soft_effective_blocks=163.713144 current_block_budget=256.000000 energy_mean=0.056184 energy_std=0.298377 lr=3.314740e-05 grad_norm=0.131870
step=14680 layers=6,35 seq_len=63175 skipped_length=0 loss=0.255513 teacher_kl=0.724622 teacher_l1=0.000634 topk_boundary_loss=0.008453 teacher_recall=0.890747 causal_density=0.652235 target_group_coverage=0.836224 same_head_all_targets_hit=1.000000 rank_loss=0.116880 aggregation_loss=0.036119 negative_penalty=0.000207 soft_effective_blocks=164.787663 current_block_budget=256.000000 energy_mean=0.056638 energy_std=0.299670 lr=3.312770e-05 grad_norm=0.098109
step=14690 layers=22,28 seq_len=57654 skipped_length=0 loss=0.226433 teacher_kl=0.677307 teacher_l1=0.000651 topk_boundary_loss=0.007054 teacher_recall=0.905690 causal_density=0.652249 target_group_coverage=0.853168 same_head_all_targets_hit=1.000000 rank_loss=0.098290 aggregation_loss=0.037558 negative_penalty=0.000377 soft_effective_blocks=161.848339 current_block_budget=256.000000 energy_mean=0.055762 energy_std=0.304277 lr=3.310800e-05 grad_norm=0.087642
step=14700 layers=5,21 seq_len=58507 skipped_length=0 loss=0.264452 teacher_kl=0.825332 teacher_l1=0.000700 topk_boundary_loss=0.008055 teacher_recall=0.896226 causal_density=0.652274 target_group_coverage=0.733125 same_head_all_targets_hit=0.950000 rank_loss=0.104298 aggregation_loss=0.054362 negative_penalty=0.000233 soft_effective_blocks=170.128331 current_block_budget=256.000000 energy_mean=0.054085 energy_std=0.282788 lr=3.308830e-05 grad_norm=0.059741
step=14710 layers=6,21 seq_len=57079 skipped_length=0 loss=0.258375 teacher_kl=0.689259 teacher_l1=0.000661 topk_boundary_loss=0.008582 teacher_recall=0.875009 causal_density=0.652300 target_group_coverage=0.795547 same_head_all_targets_hit=1.000000 rank_loss=0.136289 aggregation_loss=0.018083 negative_penalty=0.000201 soft_effective_blocks=163.438026 current_block_budget=256.000000 energy_mean=0.056404 energy_std=0.270229 lr=3.306859e-05 grad_norm=0.097459
step=14720 layers=1,20 seq_len=64322 skipped_length=0 loss=0.252052 teacher_kl=0.679985 teacher_l1=0.000570 topk_boundary_loss=0.007768 teacher_recall=0.900824 causal_density=0.652094 target_group_coverage=0.858464 same_head_all_targets_hit=1.000000 rank_loss=0.146450 aggregation_loss=0.000000 negative_penalty=0.000270 soft_effective_blocks=174.514407 current_block_budget=256.000000 energy_mean=0.052698 energy_std=0.291496 lr=3.304887e-05 grad_norm=0.073454
step=14730 layers=3,31 seq_len=59605 skipped_length=0 loss=0.269721 teacher_kl=0.791443 teacher_l1=0.000699 topk_boundary_loss=0.007817 teacher_recall=0.899811 causal_density=0.652259 target_group_coverage=0.839063 same_head_all_targets_hit=1.000000 rank_loss=0.147377 aggregation_loss=0.000000 negative_penalty=0.000310 soft_effective_blocks=171.356960 current_block_budget=256.000000 energy_mean=0.053037 energy_std=0.283659 lr=3.302916e-05 grad_norm=0.064055
step=14740 layers=11,23 seq_len=55997 skipped_length=0 loss=0.253681 teacher_kl=0.708848 teacher_l1=0.000692 topk_boundary_loss=0.007908 teacher_recall=0.882935 causal_density=0.652305 target_group_coverage=0.823516 same_head_all_targets_hit=1.000000 rank_loss=0.132418 aggregation_loss=0.018388 negative_penalty=0.000236 soft_effective_blocks=154.696883 current_block_budget=256.000000 energy_mean=0.058294 energy_std=0.301376 lr=3.300944e-05 grad_norm=0.089362
step=14750 layers=1,6 seq_len=52480 skipped_length=0 loss=0.246469 teacher_kl=0.742890 teacher_l1=0.000650 topk_boundary_loss=0.006943 teacher_recall=0.906362 causal_density=0.652283 target_group_coverage=0.817118 same_head_all_targets_hit=0.950000 rank_loss=0.109678 aggregation_loss=0.054575 negative_penalty=0.000333 soft_effective_blocks=159.651241 current_block_budget=256.000000 energy_mean=0.055925 energy_std=0.308526 lr=3.298972e-05 grad_norm=0.107117
[save] raw=/inspire/hdd/global_user/gexinmu-253108100065/Repos/fuyicheng_workshop/Innovator-lm-evaluation-hardness/x-attention-main/xattn/qwen_weights/conv_qwen3_boundary_v2/conv_kernel_7x7_qwen3_8b_boundary_v2_t065_s16_48k64k_bf16_step14750.pt
[save] ema=/inspire/hdd/global_user/gexinmu-253108100065/Repos/fuyicheng_workshop/Innovator-lm-evaluation-hardness/x-attention-main/xattn/qwen_weights/conv_qwen3_boundary_v2/conv_kernel_7x7_qwen3_8b_boundary_v2_t065_s16_48k64k_bf16_ema_step14750.pt
[save] state=/inspire/hdd/global_user/gexinmu-253108100065/Repos/fuyicheng_workshop/Innovator-lm-evaluation-hardness/x-attention-main/xattn/qwen_weights/conv_qwen3_boundary_v2/conv_kernel_7x7_qwen3_8b_boundary_v2_t065_s16_48k64k_bf16_train_state.pt
step=14760 layers=10,33 seq_len=55188 skipped_length=0 loss=0.256905 teacher_kl=0.712068 teacher_l1=0.000671 topk_boundary_loss=0.008705 teacher_recall=0.868981 causal_density=0.652303 target_group_coverage=0.877396 same_head_all_targets_hit=1.000000 rank_loss=0.119215 aggregation_loss=0.035539 negative_penalty=0.000196 soft_effective_blocks=172.540437 current_block_budget=256.000000 energy_mean=0.055610 energy_std=0.273158 lr=3.297000e-05 grad_norm=0.077316
step=14770 layers=4,30 seq_len=56413 skipped_length=0 loss=0.252597 teacher_kl=0.707625 teacher_l1=0.000676 topk_boundary_loss=0.008697 teacher_recall=0.900692 causal_density=0.652300 target_group_coverage=0.741797 same_head_all_targets_hit=1.000000 rank_loss=0.128058 aggregation_loss=0.000000 negative_penalty=0.000265 soft_effective_blocks=157.155621 current_block_budget=256.000000 energy_mean=0.057059 energy_std=0.316952 lr=3.295027e-05 grad_norm=0.097850
step=14780 layers=5,10 seq_len=63626 skipped_length=0 loss=0.262504 teacher_kl=0.727869 teacher_l1=0.000619 topk_boundary_loss=0.007943 teacher_recall=0.893946 causal_density=0.652166 target_group_coverage=0.867839 same_head_all_targets_hit=1.000000 rank_loss=0.149566 aggregation_loss=0.000000 negative_penalty=0.000237 soft_effective_blocks=176.996426 current_block_budget=256.000000 energy_mean=0.052762 energy_std=0.265759 lr=3.293054e-05 grad_norm=0.081185
step=14790 layers=13,23 seq_len=58452 skipped_length=0 loss=0.258357 teacher_kl=0.730422 teacher_l1=0.000640 topk_boundary_loss=0.008220 teacher_recall=0.881667 causal_density=0.652239 target_group_coverage=0.853646 same_head_all_targets_hit=1.000000 rank_loss=0.131224 aggregation_loss=0.017048 negative_penalty=0.000266 soft_effective_blocks=180.099435 current_block_budget=256.000000 energy_mean=0.053020 energy_std=0.258910 lr=3.291081e-05 grad_norm=0.083362
step=14800 layers=12,25 seq_len=53258 skipped_length=0 loss=0.266614 teacher_kl=0.760413 teacher_l1=0.000704 topk_boundary_loss=0.007599 teacher_recall=0.897095 causal_density=0.652341 target_group_coverage=0.851562 same_head_all_targets_hit=0.950000 rank_loss=0.152854 aggregation_loss=0.000000 negative_penalty=0.000291 soft_effective_blocks=151.034254 current_block_budget=256.000000 energy_mean=0.057060 energy_std=0.312860 lr=3.289107e-05 grad_norm=0.117462
step=14810 layers=6,8 seq_len=58442 skipped_length=0 loss=0.246234 teacher_kl=0.676780 teacher_l1=0.000635 topk_boundary_loss=0.007692 teacher_recall=0.889039 causal_density=0.652224 target_group_coverage=0.806250 same_head_all_targets_hit=0.900000 rank_loss=0.123352 aggregation_loss=0.036526 negative_penalty=0.000281 soft_effective_blocks=160.409933 current_block_budget=256.000000 energy_mean=0.058301 energy_std=0.311686 lr=3.287133e-05 grad_norm=0.090180
step=14820 layers=23,30 seq_len=60718 skipped_length=0 loss=0.238238 teacher_kl=0.686405 teacher_l1=0.000615 topk_boundary_loss=0.007877 teacher_recall=0.889816 causal_density=0.652225 target_group_coverage=0.799123 same_head_all_targets_hit=1.000000 rank_loss=0.097637 aggregation_loss=0.054577 negative_penalty=0.000218 soft_effective_blocks=167.407562 current_block_budget=256.000000 energy_mean=0.055617 energy_std=0.296095 lr=3.285159e-05 grad_norm=0.059193
step=14830 layers=11,31 seq_len=62583 skipped_length=0 loss=0.253485 teacher_kl=0.749587 teacher_l1=0.000665 topk_boundary_loss=0.007566 teacher_recall=0.890432 causal_density=0.652243 target_group_coverage=0.895312 same_head_all_targets_hit=1.000000 rank_loss=0.119244 aggregation_loss=0.035720 negative_penalty=0.000315 soft_effective_blocks=171.973674 current_block_budget=256.000000 energy_mean=0.053100 energy_std=0.271210 lr=3.283185e-05 grad_norm=0.084638
step=14840 layers=16,34 seq_len=59991 skipped_length=0 loss=0.263196 teacher_kl=0.805462 teacher_l1=0.000694 topk_boundary_loss=0.008231 teacher_recall=0.885697 causal_density=0.652282 target_group_coverage=0.835078 same_head_all_targets_hit=1.000000 rank_loss=0.104582 aggregation_loss=0.054969 negative_penalty=0.000216 soft_effective_blocks=171.184081 current_block_budget=256.000000 energy_mean=0.053995 energy_std=0.278399 lr=3.281210e-05 grad_norm=0.057742
step=14850 layers=0,9 seq_len=58731 skipped_length=0 loss=0.237224 teacher_kl=0.658143 teacher_l1=0.000633 topk_boundary_loss=0.008078 teacher_recall=0.904472 causal_density=0.652205 target_group_coverage=0.845729 same_head_all_targets_hit=0.950000 rank_loss=0.100145 aggregation_loss=0.055023 negative_penalty=0.000274 soft_effective_blocks=164.071408 current_block_budget=256.000000 energy_mean=0.055501 energy_std=0.301775 lr=3.279235e-05 grad_norm=0.101294
step=14860 layers=19,29 seq_len=64636 skipped_length=0 loss=0.256307 teacher_kl=0.732479 teacher_l1=0.000688 topk_boundary_loss=0.008273 teacher_recall=0.898688 causal_density=0.652322 target_group_coverage=0.918750 same_head_all_targets_hit=1.000000 rank_loss=0.133676 aggregation_loss=0.000000 negative_penalty=0.000276 soft_effective_blocks=162.297699 current_block_budget=256.000000 energy_mean=0.056589 energy_std=0.302511 lr=3.277260e-05 grad_norm=0.080840
step=14870 layers=12,26 seq_len=62773 skipped_length=0 loss=0.253538 teacher_kl=0.738408 teacher_l1=0.000652 topk_boundary_loss=0.007615 teacher_recall=0.889748 causal_density=0.652275 target_group_coverage=0.789844 same_head_all_targets_hit=1.000000 rank_loss=0.136354 aggregation_loss=0.000000 negative_penalty=0.000287 soft_effective_blocks=167.522797 current_block_budget=256.000000 energy_mean=0.054613 energy_std=0.272634 lr=3.275284e-05 grad_norm=0.080210
step=14880 layers=21,30 seq_len=62828 skipped_length=0 loss=0.246469 teacher_kl=0.688226 teacher_l1=0.000606 topk_boundary_loss=0.007835 teacher_recall=0.889752 causal_density=0.652216 target_group_coverage=0.758281 same_head_all_targets_hit=1.000000 rank_loss=0.126945 aggregation_loss=0.017421 negative_penalty=0.000194 soft_effective_blocks=173.501367 current_block_budget=256.000000 energy_mean=0.055060 energy_std=0.282386 lr=3.273308e-05 grad_norm=0.074702
step=14890 layers=19,23 seq_len=61913 skipped_length=0 loss=0.270599 teacher_kl=0.833856 teacher_l1=0.000770 topk_boundary_loss=0.008073 teacher_recall=0.894847 causal_density=0.652285 target_group_coverage=0.871328 same_head_all_targets_hit=1.000000 rank_loss=0.127127 aggregation_loss=0.018436 negative_penalty=0.000305 soft_effective_blocks=149.782841 current_block_budget=256.000000 energy_mean=0.056902 energy_std=0.327578 lr=3.271332e-05 grad_norm=0.101757
step=14900 layers=2,27 seq_len=62088 skipped_length=0 loss=0.240512 teacher_kl=0.623715 teacher_l1=0.000547 topk_boundary_loss=0.007901 teacher_recall=0.901686 causal_density=0.652129 target_group_coverage=0.671875 same_head_all_targets_hit=1.000000 rank_loss=0.131927 aggregation_loss=0.018232 negative_penalty=0.000258 soft_effective_blocks=173.948770 current_block_budget=256.000000 energy_mean=0.054664 energy_std=0.289777 lr=3.269356e-05 grad_norm=0.092932
step=14910 layers=6,22 seq_len=61820 skipped_length=0 loss=0.247494 teacher_kl=0.723412 teacher_l1=0.000679 topk_boundary_loss=0.008124 teacher_recall=0.887785 causal_density=0.652276 target_group_coverage=0.903021 same_head_all_targets_hit=1.000000 rank_loss=0.100543 aggregation_loss=0.054511 negative_penalty=0.000192 soft_effective_blocks=163.653726 current_block_budget=256.000000 energy_mean=0.055594 energy_std=0.290281 lr=3.267379e-05 grad_norm=0.059791
step=14920 layers=18,31 seq_len=57548 skipped_length=0 loss=0.277159 teacher_kl=0.778316 teacher_l1=0.000667 topk_boundary_loss=0.010848 teacher_recall=0.886281 causal_density=0.652238 target_group_coverage=0.863715 same_head_all_targets_hit=1.000000 rank_loss=0.099685 aggregation_loss=0.055099 negative_penalty=0.000327 soft_effective_blocks=175.331900 current_block_budget=256.000000 energy_mean=0.052200 energy_std=0.264251 lr=3.265402e-05 grad_norm=0.143302
step=14930 layers=4,7 seq_len=59517 skipped_length=0 loss=0.242156 teacher_kl=0.705717 teacher_l1=0.000604 topk_boundary_loss=0.007501 teacher_recall=0.903461 causal_density=0.652171 target_group_coverage=0.850469 same_head_all_targets_hit=0.950000 rank_loss=0.111947 aggregation_loss=0.036331 negative_penalty=0.000291 soft_effective_blocks=173.504770 current_block_budget=256.000000 energy_mean=0.052727 energy_std=0.291634 lr=3.263425e-05 grad_norm=0.064802
step=14940 layers=31,33 seq_len=55512 skipped_length=0 loss=0.258781 teacher_kl=0.672068 teacher_l1=0.000652 topk_boundary_loss=0.007631 teacher_recall=0.888133 causal_density=0.652319 target_group_coverage=0.909505 same_head_all_targets_hit=1.000000 rank_loss=0.161472 aggregation_loss=0.000000 negative_penalty=0.000215 soft_effective_blocks=159.542066 current_block_budget=256.000000 energy_mean=0.059610 energy_std=0.300874 lr=3.261448e-05 grad_norm=0.161972
step=14950 layers=0,7 seq_len=60560 skipped_length=0 loss=0.254873 teacher_kl=0.706597 teacher_l1=0.000630 topk_boundary_loss=0.007793 teacher_recall=0.895808 causal_density=0.652287 target_group_coverage=0.793359 same_head_all_targets_hit=1.000000 rank_loss=0.144161 aggregation_loss=0.000000 negative_penalty=0.000276 soft_effective_blocks=161.621364 current_block_budget=256.000000 energy_mean=0.056539 energy_std=0.295639 lr=3.259470e-05 grad_norm=0.084702
step=14960 layers=5,18 seq_len=53423 skipped_length=0 loss=0.247454 teacher_kl=0.710003 teacher_l1=0.000671 topk_boundary_loss=0.008106 teacher_recall=0.883583 causal_density=0.652250 target_group_coverage=0.791406 same_head_all_targets_hit=0.950000 rank_loss=0.104597 aggregation_loss=0.053227 negative_penalty=0.000246 soft_effective_blocks=169.780203 current_block_budget=256.000000 energy_mean=0.055096 energy_std=0.287090 lr=3.257492e-05 grad_norm=0.075142
step=14970 layers=25,31 seq_len=49912 skipped_length=0 loss=0.241031 teacher_kl=0.748458 teacher_l1=0.000720 topk_boundary_loss=0.007946 teacher_recall=0.880035 causal_density=0.652413 target_group_coverage=0.812656 same_head_all_targets_hit=1.000000 rank_loss=0.101120 aggregation_loss=0.017913 negative_penalty=0.000267 soft_effective_blocks=155.948769 current_block_budget=256.000000 energy_mean=0.059654 energy_std=0.309035 lr=3.255514e-05 grad_norm=0.064752
step=14980 layers=26,28 seq_len=60206 skipped_length=0 loss=0.254524 teacher_kl=0.719280 teacher_l1=0.000676 topk_boundary_loss=0.007705 teacher_recall=0.895148 causal_density=0.652287 target_group_coverage=0.805469 same_head_all_targets_hit=1.000000 rank_loss=0.134122 aggregation_loss=0.017913 negative_penalty=0.000361 soft_effective_blocks=154.555267 current_block_budget=256.000000 energy_mean=0.056995 energy_std=0.316471 lr=3.253536e-05 grad_norm=0.096080
step=14990 layers=10,30 seq_len=60889 skipped_length=0 loss=0.262107 teacher_kl=0.746151 teacher_l1=0.000686 topk_boundary_loss=0.008164 teacher_recall=0.888782 causal_density=0.652285 target_group_coverage=0.817031 same_head_all_targets_hit=1.000000 rank_loss=0.133806 aggregation_loss=0.018202 negative_penalty=0.000216 soft_effective_blocks=166.996707 current_block_budget=256.000000 energy_mean=0.056626 energy_std=0.276878 lr=3.251557e-05 grad_norm=0.069202
step=15000 layers=1,18 seq_len=60877 skipped_length=0 loss=0.261725 teacher_kl=0.695068 teacher_l1=0.000608 topk_boundary_loss=0.008520 teacher_recall=0.898210 causal_density=0.652117 target_group_coverage=0.850651 same_head_all_targets_hit=1.000000 rank_loss=0.148773 aggregation_loss=0.000000 negative_penalty=0.000244 soft_effective_blocks=180.096565 current_block_budget=256.000000 energy_mean=0.050767 energy_std=0.271213 lr=3.249578e-05 grad_norm=0.116408
[save] raw=/inspire/hdd/global_user/gexinmu-253108100065/Repos/fuyicheng_workshop/Innovator-lm-evaluation-hardness/x-attention-main/xattn/qwen_weights/conv_qwen3_boundary_v2/conv_kernel_7x7_qwen3_8b_boundary_v2_t065_s16_48k64k_bf16_step15000.pt
[save] ema=/inspire/hdd/global_user/gexinmu-253108100065/Repos/fuyicheng_workshop/Innovator-lm-evaluation-hardness/x-attention-main/xattn/qwen_weights/conv_qwen3_boundary_v2/conv_kernel_7x7_qwen3_8b_boundary_v2_t065_s16_48k64k_bf16_ema_step15000.pt
[save] state=/inspire/hdd/global_user/gexinmu-253108100065/Repos/fuyicheng_workshop/Innovator-lm-evaluation-hardness/x-attention-main/xattn/qwen_weights/conv_qwen3_boundary_v2/conv_kernel_7x7_qwen3_8b_boundary_v2_t065_s16_48k64k_bf16_train_state.pt
step=15010 layers=8,13 seq_len=52534 skipped_length=0 loss=0.248442 teacher_kl=0.709022 teacher_l1=0.000641 topk_boundary_loss=0.008163 teacher_recall=0.889699 causal_density=0.652296 target_group_coverage=0.822526 same_head_all_targets_hit=1.000000 rank_loss=0.127911 aggregation_loss=0.000000 negative_penalty=0.000167 soft_effective_blocks=168.535117 current_block_budget=256.000000 energy_mean=0.056553 energy_std=0.285884 lr=3.247599e-05 grad_norm=0.085174
step=15020 layers=17,18 seq_len=54536 skipped_length=0 loss=0.263025 teacher_kl=0.775006 teacher_l1=0.000693 topk_boundary_loss=0.008042 teacher_recall=0.897744 causal_density=0.652206 target_group_coverage=0.844219 same_head_all_targets_hit=1.000000 rank_loss=0.129530 aggregation_loss=0.018707 negative_penalty=0.000315 soft_effective_blocks=163.867310 current_block_budget=256.000000 energy_mean=0.053998 energy_std=0.296957 lr=3.245619e-05 grad_norm=0.111100
step=15030 layers=32,33 seq_len=56219 skipped_length=0 loss=0.251008 teacher_kl=0.701963 teacher_l1=0.000660 topk_boundary_loss=0.007671 teacher_recall=0.895599 causal_density=0.652326 target_group_coverage=0.800964 same_head_all_targets_hit=1.000000 rank_loss=0.133158 aggregation_loss=0.017628 negative_penalty=0.000261 soft_effective_blocks=157.951131 current_block_budget=256.000000 energy_mean=0.058527 energy_std=0.306321 lr=3.243640e-05 grad_norm=0.078255
step=15040 layers=10,20 seq_len=59005 skipped_length=0 loss=0.260368 teacher_kl=0.719911 teacher_l1=0.000669 topk_boundary_loss=0.007903 teacher_recall=0.894462 causal_density=0.652223 target_group_coverage=0.921484 same_head_all_targets_hit=1.000000 rank_loss=0.148527 aggregation_loss=0.000000 negative_penalty=0.000288 soft_effective_blocks=160.698563 current_block_budget=256.000000 energy_mean=0.056001 energy_std=0.307764 lr=3.241660e-05 grad_norm=0.096528
step=15050 layers=8,25 seq_len=58059 skipped_length=0 loss=0.275150 teacher_kl=0.803070 teacher_l1=0.000656 topk_boundary_loss=0.008360 teacher_recall=0.891689 causal_density=0.652181 target_group_coverage=0.817839 same_head_all_targets_hit=1.000000 rank_loss=0.146279 aggregation_loss=0.000000 negative_penalty=0.000229 soft_effective_blocks=178.933446 current_block_budget=256.000000 energy_mean=0.050554 energy_std=0.258785 lr=3.239680e-05 grad_norm=0.085905
step=15060 layers=1,22 seq_len=65131 skipped_length=0 loss=0.242647 teacher_kl=0.704113 teacher_l1=0.000662 topk_boundary_loss=0.007258 teacher_recall=0.902817 causal_density=0.652232 target_group_coverage=0.776736 same_head_all_targets_hit=0.900000 rank_loss=0.108681 aggregation_loss=0.054860 negative_penalty=0.000300 soft_effective_blocks=158.822573 current_block_budget=256.000000 energy_mean=0.057839 energy_std=0.313227 lr=3.237699e-05 grad_norm=0.083359
step=15070 layers=8,32 seq_len=57429 skipped_length=0 loss=0.228968 teacher_kl=0.647657 teacher_l1=0.000610 topk_boundary_loss=0.007548 teacher_recall=0.893056 causal_density=0.652348 target_group_coverage=0.864618 same_head_all_targets_hit=1.000000 rank_loss=0.096708 aggregation_loss=0.053483 negative_penalty=0.000216 soft_effective_blocks=170.416312 current_block_budget=256.000000 energy_mean=0.056306 energy_std=0.280085 lr=3.235719e-05 grad_norm=0.064689
step=15080 layers=5,22 seq_len=61330 skipped_length=0 loss=0.259487 teacher_kl=0.717279 teacher_l1=0.000678 topk_boundary_loss=0.008535 teacher_recall=0.894175 causal_density=0.652266 target_group_coverage=0.850990 same_head_all_targets_hit=0.950000 rank_loss=0.131708 aggregation_loss=0.018179 negative_penalty=0.000280 soft_effective_blocks=166.783229 current_block_budget=256.000000 energy_mean=0.056641 energy_std=0.298314 lr=3.233738e-05 grad_norm=0.106259
step=15090 layers=18,29 seq_len=51853 skipped_length=0 loss=0.265195 teacher_kl=0.750719 teacher_l1=0.000652 topk_boundary_loss=0.008082 teacher_recall=0.887794 causal_density=0.652202 target_group_coverage=0.800781 same_head_all_targets_hit=0.950000 rank_loss=0.146489 aggregation_loss=0.000000 negative_penalty=0.000210 soft_effective_blocks=170.235445 current_block_budget=256.000000 energy_mean=0.053891 energy_std=0.273559 lr=3.231757e-05 grad_norm=0.083800
step=15100 layers=20,25 seq_len=54872 skipped_length=0 loss=0.271937 teacher_kl=0.784471 teacher_l1=0.000716 topk_boundary_loss=0.008625 teacher_recall=0.894624 causal_density=0.652276 target_group_coverage=0.781250 same_head_all_targets_hit=1.000000 rank_loss=0.134463 aggregation_loss=0.018169 negative_penalty=0.000295 soft_effective_blocks=160.000088 current_block_budget=256.000000 energy_mean=0.055472 energy_std=0.302820 lr=3.229775e-05 grad_norm=0.113933
step=15110 layers=5,31 seq_len=62814 skipped_length=0 loss=0.217220 teacher_kl=0.587318 teacher_l1=0.000588 topk_boundary_loss=0.007182 teacher_recall=0.900620 causal_density=0.652377 target_group_coverage=0.811797 same_head_all_targets_hit=1.000000 rank_loss=0.096578 aggregation_loss=0.054732 negative_penalty=0.000268 soft_effective_blocks=156.185658 current_block_budget=256.000000 energy_mean=0.062469 energy_std=0.332952 lr=3.227794e-05 grad_norm=0.060998
step=15120 layers=12,22 seq_len=53757 skipped_length=0 loss=0.268266 teacher_kl=0.802947 teacher_l1=0.000740 topk_boundary_loss=0.008591 teacher_recall=0.884445 causal_density=0.652305 target_group_coverage=0.783637 same_head_all_targets_hit=0.950000 rank_loss=0.117072 aggregation_loss=0.035239 negative_penalty=0.000271 soft_effective_blocks=164.163445 current_block_budget=256.000000 energy_mean=0.054189 energy_std=0.276304 lr=3.225812e-05 grad_norm=0.058056
step=15130 layers=11,27 seq_len=55201 skipped_length=0 loss=0.241502 teacher_kl=0.637788 teacher_l1=0.000624 topk_boundary_loss=0.007765 teacher_recall=0.885721 causal_density=0.652334 target_group_coverage=0.883073 same_head_all_targets_hit=1.000000 rank_loss=0.139466 aggregation_loss=0.000000 negative_penalty=0.000219 soft_effective_blocks=169.001221 current_block_budget=256.000000 energy_mean=0.057742 energy_std=0.282339 lr=3.223830e-05 grad_norm=0.063891
step=15140 layers=26,33 seq_len=55778 skipped_length=0 loss=0.263716 teacher_kl=0.782387 teacher_l1=0.000724 topk_boundary_loss=0.007831 teacher_recall=0.887872 causal_density=0.652325 target_group_coverage=0.841406 same_head_all_targets_hit=0.950000 rank_loss=0.139437 aggregation_loss=0.000000 negative_penalty=0.000305 soft_effective_blocks=156.790765 current_block_budget=256.000000 energy_mean=0.057269 energy_std=0.300991 lr=3.221848e-05 grad_norm=0.082971
step=15150 layers=5,30 seq_len=65178 skipped_length=0 loss=0.259569 teacher_kl=0.762574 teacher_l1=0.000699 topk_boundary_loss=0.008690 teacher_recall=0.892696 causal_density=0.652271 target_group_coverage=0.857587 same_head_all_targets_hit=0.950000 rank_loss=0.104104 aggregation_loss=0.052630 negative_penalty=0.000229 soft_effective_blocks=168.685300 current_block_budget=256.000000 energy_mean=0.053590 energy_std=0.291900 lr=3.219865e-05 grad_norm=0.114738
step=15160 layers=2,14 seq_len=55030 skipped_length=0 loss=0.248287 teacher_kl=0.731978 teacher_l1=0.000655 topk_boundary_loss=0.007327 teacher_recall=0.901928 causal_density=0.652276 target_group_coverage=0.875625 same_head_all_targets_hit=1.000000 rank_loss=0.125567 aggregation_loss=0.017982 negative_penalty=0.000279 soft_effective_blocks=153.331985 current_block_budget=256.000000 energy_mean=0.059460 energy_std=0.313428 lr=3.217882e-05 grad_norm=0.074169
step=15170 layers=1,10 seq_len=57576 skipped_length=0 loss=0.262152 teacher_kl=0.737489 teacher_l1=0.000702 topk_boundary_loss=0.008134 teacher_recall=0.887378 causal_density=0.652326 target_group_coverage=0.842786 same_head_all_targets_hit=1.000000 rank_loss=0.136630 aggregation_loss=0.017754 negative_penalty=0.000288 soft_effective_blocks=161.310353 current_block_budget=256.000000 energy_mean=0.056570 energy_std=0.301172 lr=3.215900e-05 grad_norm=0.075327
step=15180 layers=21,28 seq_len=52554 skipped_length=0 loss=0.254326 teacher_kl=0.748830 teacher_l1=0.000666 topk_boundary_loss=0.008263 teacher_recall=0.900510 causal_density=0.652284 target_group_coverage=0.800521 same_head_all_targets_hit=1.000000 rank_loss=0.103786 aggregation_loss=0.054332 negative_penalty=0.000284 soft_effective_blocks=159.819402 current_block_budget=256.000000 energy_mean=0.055207 energy_std=0.286221 lr=3.213916e-05 grad_norm=0.111612
step=15190 layers=7,25 seq_len=56722 skipped_length=0 loss=0.262809 teacher_kl=0.747638 teacher_l1=0.000684 topk_boundary_loss=0.008827 teacher_recall=0.881807 causal_density=0.652210 target_group_coverage=0.898828 same_head_all_targets_hit=1.000000 rank_loss=0.133340 aggregation_loss=0.000000 negative_penalty=0.000226 soft_effective_blocks=177.353047 current_block_budget=256.000000 energy_mean=0.052599 energy_std=0.272149 lr=3.211933e-05 grad_norm=0.096048
step=15200 layers=1,19 seq_len=65287 skipped_length=0 loss=0.249688 teacher_kl=0.695558 teacher_l1=0.000611 topk_boundary_loss=0.007672 teacher_recall=0.896613 causal_density=0.652235 target_group_coverage=0.848698 same_head_all_targets_hit=1.000000 rank_loss=0.139901 aggregation_loss=0.000000 negative_penalty=0.000259 soft_effective_blocks=167.577277 current_block_budget=256.000000 energy_mean=0.058607 energy_std=0.309558 lr=3.209950e-05 grad_norm=0.088954
step=15210 layers=21,32 seq_len=60680 skipped_length=0 loss=0.253248 teacher_kl=0.698448 teacher_l1=0.000627 topk_boundary_loss=0.007824 teacher_recall=0.901762 causal_density=0.652178 target_group_coverage=0.875365 same_head_all_targets_hit=1.000000 rank_loss=0.135396 aggregation_loss=0.018452 negative_penalty=0.000253 soft_effective_blocks=167.309615 current_block_budget=256.000000 energy_mean=0.053535 energy_std=0.293080 lr=3.207966e-05 grad_norm=0.098451
step=15220 layers=9,31 seq_len=56294 skipped_length=0 loss=0.243926 teacher_kl=0.723963 teacher_l1=0.000634 topk_boundary_loss=0.007789 teacher_recall=0.892228 causal_density=0.652232 target_group_coverage=0.806224 same_head_all_targets_hit=1.000000 rank_loss=0.114261 aggregation_loss=0.017703 negative_penalty=0.000195 soft_effective_blocks=171.719087 current_block_budget=256.000000 energy_mean=0.053103 energy_std=0.270633 lr=3.205982e-05 grad_norm=0.067649
step=15230 layers=18,29 seq_len=55748 skipped_length=0 loss=0.258014 teacher_kl=0.745485 teacher_l1=0.000706 topk_boundary_loss=0.008587 teacher_recall=0.885651 causal_density=0.652294 target_group_coverage=0.783984 same_head_all_targets_hit=1.000000 rank_loss=0.121392 aggregation_loss=0.018458 negative_penalty=0.000357 soft_effective_blocks=158.277220 current_block_budget=256.000000 energy_mean=0.057427 energy_std=0.313789 lr=3.203998e-05 grad_norm=0.096894
step=15240 layers=24,33 seq_len=64869 skipped_length=0 loss=0.254444 teacher_kl=0.682153 teacher_l1=0.000594 topk_boundary_loss=0.008261 teacher_recall=0.888096 causal_density=0.652196 target_group_coverage=0.878776 same_head_all_targets_hit=1.000000 rank_loss=0.143328 aggregation_loss=0.000000 negative_penalty=0.000188 soft_effective_blocks=175.995192 current_block_budget=256.000000 energy_mean=0.053996 energy_std=0.279499 lr=3.202013e-05 grad_norm=0.068222
step=15250 layers=29,33 seq_len=63846 skipped_length=0 loss=0.265946 teacher_kl=0.769408 teacher_l1=0.000708 topk_boundary_loss=0.007878 teacher_recall=0.895298 causal_density=0.652304 target_group_coverage=0.687891 same_head_all_targets_hit=1.000000 rank_loss=0.145779 aggregation_loss=0.000000 negative_penalty=0.000281 soft_effective_blocks=164.628430 current_block_budget=256.000000 energy_mean=0.056963 energy_std=0.295882 lr=3.200029e-05 grad_norm=0.076146
[save] raw=/inspire/hdd/global_user/gexinmu-253108100065/Repos/fuyicheng_workshop/Innovator-lm-evaluation-hardness/x-attention-main/xattn/qwen_weights/conv_qwen3_boundary_v2/conv_kernel_7x7_qwen3_8b_boundary_v2_t065_s16_48k64k_bf16_step15250.pt
[save] ema=/inspire/hdd/global_user/gexinmu-253108100065/Repos/fuyicheng_workshop/Innovator-lm-evaluation-hardness/x-attention-main/xattn/qwen_weights/conv_qwen3_boundary_v2/conv_kernel_7x7_qwen3_8b_boundary_v2_t065_s16_48k64k_bf16_ema_step15250.pt
[save] state=/inspire/hdd/global_user/gexinmu-253108100065/Repos/fuyicheng_workshop/Innovator-lm-evaluation-hardness/x-attention-main/xattn/qwen_weights/conv_qwen3_boundary_v2/conv_kernel_7x7_qwen3_8b_boundary_v2_t065_s16_48k64k_bf16_train_state.pt
step=15260 layers=9,28 seq_len=57313 skipped_length=0 loss=0.257930 teacher_kl=0.755892 teacher_l1=0.000669 topk_boundary_loss=0.008389 teacher_recall=0.887479 causal_density=0.652213 target_group_coverage=0.876016 same_head_all_targets_hit=1.000000 rank_loss=0.121196 aggregation_loss=0.018704 negative_penalty=0.000262 soft_effective_blocks=172.389214 current_block_budget=256.000000 energy_mean=0.053990 energy_std=0.280244 lr=3.198044e-05 grad_norm=0.095844
step=15270 layers=3,19 seq_len=55254 skipped_length=0 loss=0.254140 teacher_kl=0.667515 teacher_l1=0.000626 topk_boundary_loss=0.007511 teacher_recall=0.898969 causal_density=0.652256 target_group_coverage=0.736719 same_head_all_targets_hit=1.000000 rank_loss=0.156480 aggregation_loss=0.000000 negative_penalty=0.000265 soft_effective_blocks=150.576776 current_block_budget=256.000000 energy_mean=0.059227 energy_std=0.339093 lr=3.196059e-05 grad_norm=0.089443
step=15280 layers=6,16 seq_len=64948 skipped_length=0 loss=0.250147 teacher_kl=0.725942 teacher_l1=0.000662 topk_boundary_loss=0.007272 teacher_recall=0.894562 causal_density=0.652251 target_group_coverage=0.795807 same_head_all_targets_hit=0.950000 rank_loss=0.131023 aggregation_loss=0.017708 negative_penalty=0.000297 soft_effective_blocks=165.996001 current_block_budget=256.000000 energy_mean=0.055369 energy_std=0.281277 lr=3.194074e-05 grad_norm=0.063993
step=15290 layers=17,30 seq_len=57546 skipped_length=0 loss=0.264002 teacher_kl=0.789621 teacher_l1=0.000688 topk_boundary_loss=0.008854 teacher_recall=0.884742 causal_density=0.652211 target_group_coverage=0.817535 same_head_all_targets_hit=1.000000 rank_loss=0.101886 aggregation_loss=0.054218 negative_penalty=0.000203 soft_effective_blocks=174.769599 current_block_budget=256.000000 energy_mean=0.050741 energy_std=0.261446 lr=3.192089e-05 grad_norm=0.071230
step=15300 layers=10,21 seq_len=59110 skipped_length=0 loss=0.243817 teacher_kl=0.644238 teacher_l1=0.000637 topk_boundary_loss=0.007316 teacher_recall=0.894718 causal_density=0.652315 target_group_coverage=0.761328 same_head_all_targets_hit=1.000000 rank_loss=0.147684 aggregation_loss=0.000000 negative_penalty=0.000313 soft_effective_blocks=156.927898 current_block_budget=256.000000 energy_mean=0.060313 energy_std=0.322419 lr=3.190103e-05 grad_norm=0.091191
step=15310 layers=4,7 seq_len=61058 skipped_length=0 loss=0.259841 teacher_kl=0.754181 teacher_l1=0.000662 topk_boundary_loss=0.007899 teacher_recall=0.895760 causal_density=0.652250 target_group_coverage=0.759983 same_head_all_targets_hit=1.000000 rank_loss=0.131561 aggregation_loss=0.018193 negative_penalty=0.000246 soft_effective_blocks=172.782050 current_block_budget=256.000000 energy_mean=0.053320 energy_std=0.275429 lr=3.188117e-05 grad_norm=0.072158
step=15320 layers=15,21 seq_len=56389 skipped_length=0 loss=0.252027 teacher_kl=0.716752 teacher_l1=0.000678 topk_boundary_loss=0.008130 teacher_recall=0.892895 causal_density=0.652273 target_group_coverage=0.869722 same_head_all_targets_hit=1.000000 rank_loss=0.117081 aggregation_loss=0.036730 negative_penalty=0.000239 soft_effective_blocks=153.171329 current_block_budget=256.000000 energy_mean=0.058735 energy_std=0.325417 lr=3.186131e-05 grad_norm=0.066038
step=15330 layers=20,34 seq_len=63758 skipped_length=0 loss=0.251753 teacher_kl=0.747971 teacher_l1=0.000638 topk_boundary_loss=0.007481 teacher_recall=0.892280 causal_density=0.652185 target_group_coverage=0.802734 same_head_all_targets_hit=0.950000 rank_loss=0.132787 aggregation_loss=0.000000 negative_penalty=0.000297 soft_effective_blocks=168.809722 current_block_budget=256.000000 energy_mean=0.054834 energy_std=0.293735 lr=3.184145e-05 grad_norm=0.068871
step=15340 layers=4,16 seq_len=60106 skipped_length=0 loss=0.264668 teacher_kl=0.684696 teacher_l1=0.000619 topk_boundary_loss=0.008936 teacher_recall=0.887640 causal_density=0.652283 target_group_coverage=0.898438 same_head_all_targets_hit=1.000000 rank_loss=0.150735 aggregation_loss=0.000000 negative_penalty=0.000228 soft_effective_blocks=175.815704 current_block_budget=256.000000 energy_mean=0.055164 energy_std=0.279767 lr=3.182159e-05 grad_norm=0.112432
step=15350 layers=31,33 seq_len=56141 skipped_length=0 loss=0.259294 teacher_kl=0.772196 teacher_l1=0.000697 topk_boundary_loss=0.008197 teacher_recall=0.891377 causal_density=0.652290 target_group_coverage=0.901953 same_head_all_targets_hit=1.000000 rank_loss=0.129739 aggregation_loss=0.000000 negative_penalty=0.000243 soft_effective_blocks=164.908110 current_block_budget=256.000000 energy_mean=0.055152 energy_std=0.278275 lr=3.180173e-05 grad_norm=0.086782
step=15360 layers=2,22 seq_len=56602 skipped_length=0 loss=0.245814 teacher_kl=0.679326 teacher_l1=0.000586 topk_boundary_loss=0.006935 teacher_recall=0.901545 causal_density=0.652170 target_group_coverage=0.850130 same_head_all_targets_hit=1.000000 rank_loss=0.147328 aggregation_loss=0.000000 negative_penalty=0.000333 soft_effective_blocks=162.467186 current_block_budget=256.000000 energy_mean=0.057391 energy_std=0.319686 lr=3.178186e-05 grad_norm=0.089188
step=15370 layers=9,19 seq_len=57321 skipped_length=0 loss=0.255934 teacher_kl=0.718478 teacher_l1=0.000674 topk_boundary_loss=0.009228 teacher_recall=0.887464 causal_density=0.652294 target_group_coverage=0.847578 same_head_all_targets_hit=0.950000 rank_loss=0.101117 aggregation_loss=0.054528 negative_penalty=0.000192 soft_effective_blocks=167.739724 current_block_budget=256.000000 energy_mean=0.055587 energy_std=0.286785 lr=3.176199e-05 grad_norm=0.126060
step=15380 layers=2,12 seq_len=61811 skipped_length=0 loss=0.252273 teacher_kl=0.742225 teacher_l1=0.000653 topk_boundary_loss=0.007536 teacher_recall=0.898214 causal_density=0.652229 target_group_coverage=0.787266 same_head_all_targets_hit=0.950000 rank_loss=0.119472 aggregation_loss=0.035715 negative_penalty=0.000336 soft_effective_blocks=160.432708 current_block_budget=256.000000 energy_mean=0.056141 energy_std=0.313619 lr=3.174212e-05 grad_norm=0.092684
step=15390 layers=11,20 seq_len=59718 skipped_length=0 loss=0.259877 teacher_kl=0.675452 teacher_l1=0.000624 topk_boundary_loss=0.009274 teacher_recall=0.896964 causal_density=0.652212 target_group_coverage=0.807266 same_head_all_targets_hit=1.000000 rank_loss=0.133257 aggregation_loss=0.017512 negative_penalty=0.000199 soft_effective_blocks=175.173665 current_block_budget=256.000000 energy_mean=0.054670 energy_std=0.275045 lr=3.172225e-05 grad_norm=0.148515
step=15400 layers=16,33 seq_len=52893 skipped_length=0 loss=0.258286 teacher_kl=0.722779 teacher_l1=0.000662 topk_boundary_loss=0.008321 teacher_recall=0.884291 causal_density=0.652329 target_group_coverage=0.856302 same_head_all_targets_hit=1.000000 rank_loss=0.131175 aggregation_loss=0.018223 negative_penalty=0.000199 soft_effective_blocks=169.143069 current_block_budget=256.000000 energy_mean=0.055108 energy_std=0.271463 lr=3.170238e-05 grad_norm=0.091754
step=15410 layers=8,9 seq_len=55093 skipped_length=0 loss=0.254867 teacher_kl=0.749728 teacher_l1=0.000681 topk_boundary_loss=0.008136 teacher_recall=0.896462 causal_density=0.652210 target_group_coverage=0.888047 same_head_all_targets_hit=1.000000 rank_loss=0.121477 aggregation_loss=0.017545 negative_penalty=0.000317 soft_effective_blocks=158.445619 current_block_budget=256.000000 energy_mean=0.055511 energy_std=0.318550 lr=3.168250e-05 grad_norm=0.101620
step=15420 layers=28,31 seq_len=52538 skipped_length=0 loss=0.250162 teacher_kl=0.700068 teacher_l1=0.000622 topk_boundary_loss=0.007263 teacher_recall=0.896546 causal_density=0.652181 target_group_coverage=0.864844 same_head_all_targets_hit=1.000000 rank_loss=0.137531 aggregation_loss=0.017956 negative_penalty=0.000315 soft_effective_blocks=161.130939 current_block_budget=256.000000 energy_mean=0.055371 energy_std=0.300928 lr=3.166262e-05 grad_norm=0.087631
step=15430 layers=16,32 seq_len=52861 skipped_length=0 loss=0.268404 teacher_kl=0.769771 teacher_l1=0.000686 topk_boundary_loss=0.008259 teacher_recall=0.887653 causal_density=0.652316 target_group_coverage=0.787109 same_head_all_targets_hit=1.000000 rank_loss=0.144715 aggregation_loss=0.000000 negative_penalty=0.000194 soft_effective_blocks=170.782257 current_block_budget=256.000000 energy_mean=0.055335 energy_std=0.271064 lr=3.164275e-05 grad_norm=0.072572
step=15440 layers=19,27 seq_len=61067 skipped_length=0 loss=0.242194 teacher_kl=0.719245 teacher_l1=0.000661 topk_boundary_loss=0.007611 teacher_recall=0.897852 causal_density=0.652212 target_group_coverage=0.861328 same_head_all_targets_hit=0.950000 rank_loss=0.114553 aggregation_loss=0.018602 negative_penalty=0.000248 soft_effective_blocks=165.477354 current_block_budget=256.000000 energy_mean=0.056209 energy_std=0.306992 lr=3.162287e-05 grad_norm=0.080025
step=15450 layers=22,26 seq_len=63230 skipped_length=0 loss=0.259356 teacher_kl=0.645426 teacher_l1=0.000585 topk_boundary_loss=0.010044 teacher_recall=0.901367 causal_density=0.652176 target_group_coverage=0.830859 same_head_all_targets_hit=1.000000 rank_loss=0.129462 aggregation_loss=0.017905 negative_penalty=0.000253 soft_effective_blocks=158.023667 current_block_budget=256.000000 energy_mean=0.056891 energy_std=0.315857 lr=3.160298e-05 grad_norm=0.125630
step=15460 layers=9,25 seq_len=53146 skipped_length=0 loss=0.250168 teacher_kl=0.705355 teacher_l1=0.000627 topk_boundary_loss=0.008721 teacher_recall=0.883515 causal_density=0.652216 target_group_coverage=0.904063 same_head_all_targets_hit=1.000000 rank_loss=0.116940 aggregation_loss=0.017567 negative_penalty=0.000246 soft_effective_blocks=178.904161 current_block_budget=256.000000 energy_mean=0.053331 energy_std=0.268479 lr=3.158310e-05 grad_norm=0.136527
step=15470 layers=10,24 seq_len=60334 skipped_length=0 loss=0.265888 teacher_kl=0.774527 teacher_l1=0.000681 topk_boundary_loss=0.008286 teacher_recall=0.889922 causal_density=0.652266 target_group_coverage=0.731641 same_head_all_targets_hit=1.000000 rank_loss=0.131592 aggregation_loss=0.017709 negative_penalty=0.000256 soft_effective_blocks=164.496977 current_block_budget=256.000000 energy_mean=0.054973 energy_std=0.300119 lr=3.156322e-05 grad_norm=0.083921
step=15480 layers=18,19 seq_len=62867 skipped_length=0 loss=0.250102 teacher_kl=0.711488 teacher_l1=0.000641 topk_boundary_loss=0.007630 teacher_recall=0.895121 causal_density=0.652239 target_group_coverage=0.785234 same_head_all_targets_hit=1.000000 rank_loss=0.129488 aggregation_loss=0.018439 negative_penalty=0.000272 soft_effective_blocks=168.465588 current_block_budget=256.000000 energy_mean=0.055458 energy_std=0.286444 lr=3.154333e-05 grad_norm=0.076558
step=15490 layers=1,15 seq_len=60787 skipped_length=0 loss=0.259963 teacher_kl=0.749584 teacher_l1=0.000674 topk_boundary_loss=0.008267 teacher_recall=0.897859 causal_density=0.652227 target_group_coverage=0.831719 same_head_all_targets_hit=1.000000 rank_loss=0.128110 aggregation_loss=0.017942 negative_penalty=0.000217 soft_effective_blocks=170.963440 current_block_budget=256.000000 energy_mean=0.053028 energy_std=0.277667 lr=3.152344e-05 grad_norm=0.092762
step=15500 layers=20,30 seq_len=59559 skipped_length=0 loss=0.251753 teacher_kl=0.701125 teacher_l1=0.000646 topk_boundary_loss=0.007980 teacher_recall=0.890164 causal_density=0.652256 target_group_coverage=0.865148 same_head_all_targets_hit=0.950000 rank_loss=0.130347 aggregation_loss=0.017989 negative_penalty=0.000289 soft_effective_blocks=162.312359 current_block_budget=256.000000 energy_mean=0.058038 energy_std=0.308360 lr=3.150355e-05 grad_norm=0.069462
[save] raw=/inspire/hdd/global_user/gexinmu-253108100065/Repos/fuyicheng_workshop/Innovator-lm-evaluation-hardness/x-attention-main/xattn/qwen_weights/conv_qwen3_boundary_v2/conv_kernel_7x7_qwen3_8b_boundary_v2_t065_s16_48k64k_bf16_step15500.pt
[save] ema=/inspire/hdd/global_user/gexinmu-253108100065/Repos/fuyicheng_workshop/Innovator-lm-evaluation-hardness/x-attention-main/xattn/qwen_weights/conv_qwen3_boundary_v2/conv_kernel_7x7_qwen3_8b_boundary_v2_t065_s16_48k64k_bf16_ema_step15500.pt
[save] state=/inspire/hdd/global_user/gexinmu-253108100065/Repos/fuyicheng_workshop/Innovator-lm-evaluation-hardness/x-attention-main/xattn/qwen_weights/conv_qwen3_boundary_v2/conv_kernel_7x7_qwen3_8b_boundary_v2_t065_s16_48k64k_bf16_train_state.pt
step=15510 layers=5,14 seq_len=50409 skipped_length=0 loss=0.236915 teacher_kl=0.657362 teacher_l1=0.000617 topk_boundary_loss=0.008693 teacher_recall=0.894667 causal_density=0.652250 target_group_coverage=0.847917 same_head_all_targets_hit=1.000000 rank_loss=0.114544 aggregation_loss=0.000000 negative_penalty=0.000267 soft_effective_blocks=166.060121 current_block_budget=256.000000 energy_mean=0.057265 energy_std=0.299712 lr=3.148366e-05 grad_norm=0.133489
step=15520 layers=3,24 seq_len=61768 skipped_length=0 loss=0.246083 teacher_kl=0.706057 teacher_l1=0.000637 topk_boundary_loss=0.007767 teacher_recall=0.900740 causal_density=0.652232 target_group_coverage=0.922656 same_head_all_targets_hit=1.000000 rank_loss=0.122347 aggregation_loss=0.018354 negative_penalty=0.000208 soft_effective_blocks=171.215353 current_block_budget=256.000000 energy_mean=0.054057 energy_std=0.287647 lr=3.146377e-05 grad_norm=0.089831
step=15530 layers=0,4 seq_len=62544 skipped_length=0 loss=0.279880 teacher_kl=0.820456 teacher_l1=0.000707 topk_boundary_loss=0.008352 teacher_recall=0.888303 causal_density=0.652291 target_group_coverage=0.787109 same_head_all_targets_hit=1.000000 rank_loss=0.149920 aggregation_loss=0.000000 negative_penalty=0.000327 soft_effective_blocks=159.151962 current_block_budget=256.000000 energy_mean=0.056201 energy_std=0.300262 lr=3.144388e-05 grad_norm=0.085121
step=15540 layers=13,30 seq_len=54301 skipped_length=0 loss=0.258008 teacher_kl=0.727450 teacher_l1=0.000721 topk_boundary_loss=0.008817 teacher_recall=0.887063 causal_density=0.652377 target_group_coverage=0.829688 same_head_all_targets_hit=1.000000 rank_loss=0.115716 aggregation_loss=0.035513 negative_penalty=0.000266 soft_effective_blocks=161.646953 current_block_budget=256.000000 energy_mean=0.059488 energy_std=0.301539 lr=3.142398e-05 grad_norm=0.097616
step=15550 layers=5,16 seq_len=61118 skipped_length=0 loss=0.269472 teacher_kl=0.697015 teacher_l1=0.000648 topk_boundary_loss=0.010672 teacher_recall=0.905374 causal_density=0.652243 target_group_coverage=0.832969 same_head_all_targets_hit=1.000000 rank_loss=0.117019 aggregation_loss=0.037170 negative_penalty=0.000286 soft_effective_blocks=156.981502 current_block_budget=256.000000 energy_mean=0.056488 energy_std=0.313579 lr=3.140408e-05 grad_norm=0.162083
step=15560 layers=7,29 seq_len=56425 skipped_length=0 loss=0.246781 teacher_kl=0.695549 teacher_l1=0.000651 topk_boundary_loss=0.007687 teacher_recall=0.886120 causal_density=0.652302 target_group_coverage=0.874609 same_head_all_targets_hit=1.000000 rank_loss=0.134860 aggregation_loss=0.000000 negative_penalty=0.000263 soft_effective_blocks=159.263647 current_block_budget=256.000000 energy_mean=0.058003 energy_std=0.299687 lr=3.138419e-05 grad_norm=0.110162
step=15570 layers=13,19 seq_len=59422 skipped_length=0 loss=0.257152 teacher_kl=0.748299 teacher_l1=0.000692 topk_boundary_loss=0.008007 teacher_recall=0.892784 causal_density=0.652316 target_group_coverage=0.857552 same_head_all_targets_hit=1.000000 rank_loss=0.127435 aggregation_loss=0.017382 negative_penalty=0.000246 soft_effective_blocks=163.804817 current_block_budget=256.000000 energy_mean=0.056717 energy_std=0.291235 lr=3.136429e-05 grad_norm=0.065387
step=15580 layers=4,9 seq_len=54849 skipped_length=0 loss=0.255600 teacher_kl=0.667999 teacher_l1=0.000621 topk_boundary_loss=0.008775 teacher_recall=0.892072 causal_density=0.652249 target_group_coverage=0.717057 same_head_all_targets_hit=0.950000 rank_loss=0.141932 aggregation_loss=0.000000 negative_penalty=0.000256 soft_effective_blocks=159.603069 current_block_budget=256.000000 energy_mean=0.057522 energy_std=0.317807 lr=3.134438e-05 grad_norm=0.101588
step=15590 layers=8,19 seq_len=60147 skipped_length=0 loss=0.263704 teacher_kl=0.795235 teacher_l1=0.000663 topk_boundary_loss=0.007762 teacher_recall=0.892081 causal_density=0.652188 target_group_coverage=0.742969 same_head_all_targets_hit=1.000000 rank_loss=0.129688 aggregation_loss=0.017890 negative_penalty=0.000240 soft_effective_blocks=180.677980 current_block_budget=256.000000 energy_mean=0.052752 energy_std=0.264947 lr=3.132448e-05 grad_norm=0.066009
step=15600 layers=13,34 seq_len=64764 skipped_length=0 loss=0.253596 teacher_kl=0.773669 teacher_l1=0.000656 topk_boundary_loss=0.007920 teacher_recall=0.896450 causal_density=0.652145 target_group_coverage=0.899661 same_head_all_targets_hit=1.000000 rank_loss=0.101077 aggregation_loss=0.054006 negative_penalty=0.000273 soft_effective_blocks=164.922862 current_block_budget=256.000000 energy_mean=0.052823 energy_std=0.298118 lr=3.130458e-05 grad_norm=0.080736
step=15610 layers=32,33 seq_len=55563 skipped_length=0 loss=0.230472 teacher_kl=0.620486 teacher_l1=0.000583 topk_boundary_loss=0.007866 teacher_recall=0.883451 causal_density=0.652289 target_group_coverage=0.752917 same_head_all_targets_hit=1.000000 rank_loss=0.116674 aggregation_loss=0.017713 negative_penalty=0.000259 soft_effective_blocks=178.513173 current_block_budget=256.000000 energy_mean=0.057744 energy_std=0.273305 lr=3.128467e-05 grad_norm=0.070596
step=15620 layers=8,23 seq_len=50478 skipped_length=0 loss=0.253910 teacher_kl=0.777428 teacher_l1=0.000719 topk_boundary_loss=0.007890 teacher_recall=0.890668 causal_density=0.652244 target_group_coverage=0.820391 same_head_all_targets_hit=1.000000 rank_loss=0.101120 aggregation_loss=0.053832 negative_penalty=0.000277 soft_effective_blocks=162.426667 current_block_budget=256.000000 energy_mean=0.054686 energy_std=0.298233 lr=3.126477e-05 grad_norm=0.078937
step=15630 layers=2,27 seq_len=63418 skipped_length=0 loss=0.242398 teacher_kl=0.673364 teacher_l1=0.000684 topk_boundary_loss=0.007068 teacher_recall=0.909882 causal_density=0.652339 target_group_coverage=0.881380 same_head_all_targets_hit=1.000000 rank_loss=0.133929 aggregation_loss=0.017791 negative_penalty=0.000305 soft_effective_blocks=143.786992 current_block_budget=256.000000 energy_mean=0.059343 energy_std=0.334736 lr=3.124486e-05 grad_norm=0.078441
step=15640 layers=32,35 seq_len=54684 skipped_length=0 loss=0.240723 teacher_kl=0.666859 teacher_l1=0.000584 topk_boundary_loss=0.007374 teacher_recall=0.893541 causal_density=0.652237 target_group_coverage=0.771224 same_head_all_targets_hit=1.000000 rank_loss=0.128384 aggregation_loss=0.018543 negative_penalty=0.000194 soft_effective_blocks=176.632278 current_block_budget=256.000000 energy_mean=0.056374 energy_std=0.276670 lr=3.122495e-05 grad_norm=0.078945
step=15650 layers=2,21 seq_len=53493 skipped_length=0 loss=0.251972 teacher_kl=0.688694 teacher_l1=0.000661 topk_boundary_loss=0.008418 teacher_recall=0.891002 causal_density=0.652321 target_group_coverage=0.800937 same_head_all_targets_hit=0.950000 rank_loss=0.128285 aggregation_loss=0.017254 negative_penalty=0.000287 soft_effective_blocks=157.063796 current_block_budget=256.000000 energy_mean=0.058324 energy_std=0.311208 lr=3.120504e-05 grad_norm=0.095381
step=15660 layers=30,32 seq_len=58817 skipped_length=0 loss=0.277063 teacher_kl=0.824424 teacher_l1=0.000733 topk_boundary_loss=0.008046 teacher_recall=0.894030 causal_density=0.652266 target_group_coverage=0.885156 same_head_all_targets_hit=1.000000 rank_loss=0.148316 aggregation_loss=0.000000 negative_penalty=0.000251 soft_effective_blocks=164.897832 current_block_budget=256.000000 energy_mean=0.055344 energy_std=0.292855 lr=3.118513e-05 grad_norm=0.083694
step=15670 layers=12,20 seq_len=62060 skipped_length=0 loss=0.264454 teacher_kl=0.726655 teacher_l1=0.000647 topk_boundary_loss=0.008680 teacher_recall=0.898229 causal_density=0.652220 target_group_coverage=0.801562 same_head_all_targets_hit=1.000000 rank_loss=0.143289 aggregation_loss=0.000000 negative_penalty=0.000274 soft_effective_blocks=172.430553 current_block_budget=256.000000 energy_mean=0.053001 energy_std=0.285590 lr=3.116522e-05 grad_norm=0.076605
step=15680 layers=1,28 seq_len=56163 skipped_length=0 loss=0.264193 teacher_kl=0.693838 teacher_l1=0.000668 topk_boundary_loss=0.008963 teacher_recall=0.896000 causal_density=0.652311 target_group_coverage=0.828125 same_head_all_targets_hit=1.000000 rank_loss=0.147289 aggregation_loss=0.000000 negative_penalty=0.000261 soft_effective_blocks=155.546671 current_block_budget=256.000000 energy_mean=0.059555 energy_std=0.310266 lr=3.114531e-05 grad_norm=0.141961
step=15690 layers=11,19 seq_len=57523 skipped_length=0 loss=0.253117 teacher_kl=0.717552 teacher_l1=0.000642 topk_boundary_loss=0.007818 teacher_recall=0.889853 causal_density=0.652219 target_group_coverage=0.865755 same_head_all_targets_hit=1.000000 rank_loss=0.138171 aggregation_loss=0.000000 negative_penalty=0.000283 soft_effective_blocks=167.727534 current_block_budget=256.000000 energy_mean=0.055922 energy_std=0.285787 lr=3.112539e-05 grad_norm=0.088275
step=15700 layers=22,35 seq_len=56302 skipped_length=0 loss=0.255651 teacher_kl=0.791796 teacher_l1=0.000692 topk_boundary_loss=0.008348 teacher_recall=0.895278 causal_density=0.652316 target_group_coverage=0.812630 same_head_all_targets_hit=1.000000 rank_loss=0.101595 aggregation_loss=0.036405 negative_penalty=0.000253 soft_effective_blocks=154.762689 current_block_budget=256.000000 energy_mean=0.056069 energy_std=0.317792 lr=3.110548e-05 grad_norm=0.092289
step=15710 layers=16,32 seq_len=54494 skipped_length=0 loss=0.249031 teacher_kl=0.730495 teacher_l1=0.000675 topk_boundary_loss=0.009068 teacher_recall=0.890271 causal_density=0.652300 target_group_coverage=0.816988 same_head_all_targets_hit=1.000000 rank_loss=0.088928 aggregation_loss=0.054071 negative_penalty=0.000238 soft_effective_blocks=158.926584 current_block_budget=256.000000 energy_mean=0.060388 energy_std=0.307430 lr=3.108556e-05 grad_norm=0.137037
step=15720 layers=10,19 seq_len=56511 skipped_length=0 loss=0.229620 teacher_kl=0.601077 teacher_l1=0.000583 topk_boundary_loss=0.007082 teacher_recall=0.901521 causal_density=0.652241 target_group_coverage=0.725260 same_head_all_targets_hit=1.000000 rank_loss=0.137936 aggregation_loss=0.000000 negative_penalty=0.000268 soft_effective_blocks=167.662617 current_block_budget=256.000000 energy_mean=0.059056 energy_std=0.303172 lr=3.106564e-05 grad_norm=0.074072
step=15730 layers=14,23 seq_len=55440 skipped_length=0 loss=0.256569 teacher_kl=0.840161 teacher_l1=0.000725 topk_boundary_loss=0.008831 teacher_recall=0.887322 causal_density=0.652257 target_group_coverage=0.823941 same_head_all_targets_hit=1.000000 rank_loss=0.084486 aggregation_loss=0.036653 negative_penalty=0.000270 soft_effective_blocks=168.628290 current_block_budget=256.000000 energy_mean=0.052127 energy_std=0.282161 lr=3.104572e-05 grad_norm=0.055696
step=15740 layers=16,23 seq_len=58378 skipped_length=0 loss=0.287608 teacher_kl=0.760899 teacher_l1=0.000676 topk_boundary_loss=0.010347 teacher_recall=0.882961 causal_density=0.652272 target_group_coverage=0.789062 same_head_all_targets_hit=1.000000 rank_loss=0.151091 aggregation_loss=0.000000 negative_penalty=0.000182 soft_effective_blocks=169.238925 current_block_budget=256.000000 energy_mean=0.055655 energy_std=0.287874 lr=3.102580e-05 grad_norm=0.157955
step=15750 layers=11,29 seq_len=53794 skipped_length=0 loss=0.244997 teacher_kl=0.691914 teacher_l1=0.000678 topk_boundary_loss=0.007479 teacher_recall=0.895060 causal_density=0.652347 target_group_coverage=0.891276 same_head_all_targets_hit=1.000000 rank_loss=0.135553 aggregation_loss=0.000000 negative_penalty=0.000304 soft_effective_blocks=155.669572 current_block_budget=256.000000 energy_mean=0.058864 energy_std=0.308251 lr=3.100588e-05 grad_norm=0.106320
[save] raw=/inspire/hdd/global_user/gexinmu-253108100065/Repos/fuyicheng_workshop/Innovator-lm-evaluation-hardness/x-attention-main/xattn/qwen_weights/conv_qwen3_boundary_v2/conv_kernel_7x7_qwen3_8b_boundary_v2_t065_s16_48k64k_bf16_step15750.pt
[save] ema=/inspire/hdd/global_user/gexinmu-253108100065/Repos/fuyicheng_workshop/Innovator-lm-evaluation-hardness/x-attention-main/xattn/qwen_weights/conv_qwen3_boundary_v2/conv_kernel_7x7_qwen3_8b_boundary_v2_t065_s16_48k64k_bf16_ema_step15750.pt
[save] state=/inspire/hdd/global_user/gexinmu-253108100065/Repos/fuyicheng_workshop/Innovator-lm-evaluation-hardness/x-attention-main/xattn/qwen_weights/conv_qwen3_boundary_v2/conv_kernel_7x7_qwen3_8b_boundary_v2_t065_s16_48k64k_bf16_train_state.pt
step=15760 layers=7,32 seq_len=53050 skipped_length=0 loss=0.235131 teacher_kl=0.636518 teacher_l1=0.000613 topk_boundary_loss=0.007876 teacher_recall=0.884737 causal_density=0.652340 target_group_coverage=0.791493 same_head_all_targets_hit=1.000000 rank_loss=0.112797 aggregation_loss=0.035730 negative_penalty=0.000226 soft_effective_blocks=157.557306 current_block_budget=256.000000 energy_mean=0.059138 energy_std=0.306447 lr=3.098596e-05 grad_norm=0.069617
step=15770 layers=6,28 seq_len=63544 skipped_length=0 loss=0.247190 teacher_kl=0.776305 teacher_l1=0.000662 topk_boundary_loss=0.007298 teacher_recall=0.901038 causal_density=0.652143 target_group_coverage=0.889844 same_head_all_targets_hit=0.950000 rank_loss=0.105255 aggregation_loss=0.036676 negative_penalty=0.000289 soft_effective_blocks=170.796272 current_block_budget=256.000000 energy_mean=0.053455 energy_std=0.289515 lr=3.096604e-05 grad_norm=0.074111
step=15780 layers=25,31 seq_len=63075 skipped_length=0 loss=0.250637 teacher_kl=0.723883 teacher_l1=0.000616 topk_boundary_loss=0.008549 teacher_recall=0.880582 causal_density=0.652170 target_group_coverage=0.811406 same_head_all_targets_hit=0.950000 rank_loss=0.114906 aggregation_loss=0.018740 negative_penalty=0.000217 soft_effective_blocks=177.767357 current_block_budget=256.000000 energy_mean=0.053506 energy_std=0.280270 lr=3.094611e-05 grad_norm=0.067801
step=15790 layers=1,10 seq_len=62136 skipped_length=0 loss=0.268467 teacher_kl=0.776558 teacher_l1=0.000707 topk_boundary_loss=0.007934 teacher_recall=0.901388 causal_density=0.652298 target_group_coverage=0.860938 same_head_all_targets_hit=1.000000 rank_loss=0.147453 aggregation_loss=0.000000 negative_penalty=0.000270 soft_effective_blocks=162.144574 current_block_budget=256.000000 energy_mean=0.057057 energy_std=0.304375 lr=3.092619e-05 grad_norm=0.083528
step=15800 layers=0,25 seq_len=60484 skipped_length=0 loss=0.256811 teacher_kl=0.739995 teacher_l1=0.000644 topk_boundary_loss=0.009443 teacher_recall=0.890424 causal_density=0.652156 target_group_coverage=0.832969 same_head_all_targets_hit=1.000000 rank_loss=0.086463 aggregation_loss=0.073421 negative_penalty=0.000225 soft_effective_blocks=173.262428 current_block_budget=256.000000 energy_mean=0.053749 energy_std=0.291705 lr=3.090626e-05 grad_norm=0.114271
step=15810 layers=3,28 seq_len=56308 skipped_length=0 loss=0.251519 teacher_kl=0.629198 teacher_l1=0.000621 topk_boundary_loss=0.008861 teacher_recall=0.906552 causal_density=0.652297 target_group_coverage=0.798021 same_head_all_targets_hit=1.000000 rank_loss=0.136341 aggregation_loss=0.017626 negative_penalty=0.000315 soft_effective_blocks=146.585418 current_block_budget=256.000000 energy_mean=0.059751 energy_std=0.333430 lr=3.088634e-05 grad_norm=0.160368
step=15820 layers=7,13 seq_len=51842 skipped_length=0 loss=0.269553 teacher_kl=0.820279 teacher_l1=0.000735 topk_boundary_loss=0.008929 teacher_recall=0.878678 causal_density=0.652334 target_group_coverage=0.800078 same_head_all_targets_hit=0.950000 rank_loss=0.103225 aggregation_loss=0.052409 negative_penalty=0.000224 soft_effective_blocks=172.960960 current_block_budget=256.000000 energy_mean=0.055131 energy_std=0.262221 lr=3.086641e-05 grad_norm=0.093282
step=15830 layers=10,12 seq_len=54950 skipped_length=0 loss=0.270382 teacher_kl=0.825261 teacher_l1=0.000700 topk_boundary_loss=0.008367 teacher_recall=0.896419 causal_density=0.652157 target_group_coverage=0.884201 same_head_all_targets_hit=1.000000 rank_loss=0.117843 aggregation_loss=0.035626 negative_penalty=0.000256 soft_effective_blocks=171.056265 current_block_budget=256.000000 energy_mean=0.052272 energy_std=0.287932 lr=3.084648e-05 grad_norm=0.073151
step=15840 layers=2,3 seq_len=57778 skipped_length=0 loss=0.235689 teacher_kl=0.606026 teacher_l1=0.000594 topk_boundary_loss=0.007592 teacher_recall=0.887285 causal_density=0.652333 target_group_coverage=0.868359 same_head_all_targets_hit=1.000000 rank_loss=0.132508 aggregation_loss=0.018018 negative_penalty=0.000270 soft_effective_blocks=159.779030 current_block_budget=256.000000 energy_mean=0.060077 energy_std=0.313282 lr=3.082655e-05 grad_norm=0.084949
step=15850 layers=29,33 seq_len=51729 skipped_length=0 loss=0.226902 teacher_kl=0.640154 teacher_l1=0.000610 topk_boundary_loss=0.007024 teacher_recall=0.894719 causal_density=0.652306 target_group_coverage=0.844063 same_head_all_targets_hit=0.950000 rank_loss=0.116983 aggregation_loss=0.017832 negative_penalty=0.000284 soft_effective_blocks=163.109135 current_block_budget=256.000000 energy_mean=0.058456 energy_std=0.300672 lr=3.080662e-05 grad_norm=0.088848
step=15860 layers=1,5 seq_len=63704 skipped_length=0 loss=0.253682 teacher_kl=0.785922 teacher_l1=0.000727 topk_boundary_loss=0.008268 teacher_recall=0.888163 causal_density=0.652248 target_group_coverage=0.827891 same_head_all_targets_hit=0.950000 rank_loss=0.100737 aggregation_loss=0.036665 negative_penalty=0.000245 soft_effective_blocks=159.288248 current_block_budget=256.000000 energy_mean=0.055241 energy_std=0.305423 lr=3.078669e-05 grad_norm=0.073302
step=15870 layers=12,24 seq_len=62514 skipped_length=0 loss=0.257908 teacher_kl=0.757895 teacher_l1=0.000646 topk_boundary_loss=0.008530 teacher_recall=0.878380 causal_density=0.652232 target_group_coverage=0.864844 same_head_all_targets_hit=1.000000 rank_loss=0.111555 aggregation_loss=0.036043 negative_penalty=0.000206 soft_effective_blocks=176.768533 current_block_budget=256.000000 energy_mean=0.054187 energy_std=0.263479 lr=3.076676e-05 grad_norm=0.061416
step=15880 layers=8,13 seq_len=49629 skipped_length=0 loss=0.265029 teacher_kl=0.729832 teacher_l1=0.000695 topk_boundary_loss=0.007763 teacher_recall=0.898141 causal_density=0.652380 target_group_coverage=0.814714 same_head_all_targets_hit=0.950000 rank_loss=0.155678 aggregation_loss=0.000000 negative_penalty=0.000309 soft_effective_blocks=160.278150 current_block_budget=256.000000 energy_mean=0.059965 energy_std=0.312660 lr=3.074683e-05 grad_norm=0.110748
step=15890 layers=17,26 seq_len=56569 skipped_length=0 loss=0.234165 teacher_kl=0.674376 teacher_l1=0.000633 topk_boundary_loss=0.007924 teacher_recall=0.894224 causal_density=0.652254 target_group_coverage=0.923594 same_head_all_targets_hit=0.950000 rank_loss=0.101178 aggregation_loss=0.035467 negative_penalty=0.000294 soft_effective_blocks=158.506210 current_block_budget=256.000000 energy_mean=0.057638 energy_std=0.321535 lr=3.072689e-05 grad_norm=0.084833
step=15900 layers=9,17 seq_len=53790 skipped_length=0 loss=0.266180 teacher_kl=0.791373 teacher_l1=0.000699 topk_boundary_loss=0.008515 teacher_recall=0.880318 causal_density=0.652259 target_group_coverage=0.840781 same_head_all_targets_hit=1.000000 rank_loss=0.117894 aggregation_loss=0.034295 negative_penalty=0.000223 soft_effective_blocks=175.367097 current_block_budget=256.000000 energy_mean=0.054532 energy_std=0.270819 lr=3.070696e-05 grad_norm=0.065220
step=15910 layers=2,5 seq_len=64625 skipped_length=0 loss=0.268953 teacher_kl=0.774557 teacher_l1=0.000698 topk_boundary_loss=0.008336 teacher_recall=0.895847 causal_density=0.652205 target_group_coverage=0.799453 same_head_all_targets_hit=1.000000 rank_loss=0.135903 aggregation_loss=0.017989 negative_penalty=0.000261 soft_effective_blocks=162.191387 current_block_budget=256.000000 energy_mean=0.054780 energy_std=0.311696 lr=3.068703e-05 grad_norm=0.133840
step=15920 layers=1,16 seq_len=60301 skipped_length=0 loss=0.253229 teacher_kl=0.721766 teacher_l1=0.000652 topk_boundary_loss=0.007548 teacher_recall=0.910148 causal_density=0.652206 target_group_coverage=0.896641 same_head_all_targets_hit=0.900000 rank_loss=0.125904 aggregation_loss=0.036002 negative_penalty=0.000303 soft_effective_blocks=155.811424 current_block_budget=256.000000 energy_mean=0.057934 energy_std=0.315913 lr=3.066709e-05 grad_norm=0.132312
step=15930 layers=14,17 seq_len=62641 skipped_length=0 loss=0.240727 teacher_kl=0.682635 teacher_l1=0.000645 topk_boundary_loss=0.007943 teacher_recall=0.879547 causal_density=0.652314 target_group_coverage=0.791467 same_head_all_targets_hit=1.000000 rank_loss=0.102288 aggregation_loss=0.053506 negative_penalty=0.000196 soft_effective_blocks=166.296161 current_block_budget=256.000000 energy_mean=0.056492 energy_std=0.288664 lr=3.064716e-05 grad_norm=0.077470
step=15940 layers=9,13 seq_len=62414 skipped_length=0 loss=0.258940 teacher_kl=0.757308 teacher_l1=0.000668 topk_boundary_loss=0.008595 teacher_recall=0.892412 causal_density=0.652272 target_group_coverage=0.851146 same_head_all_targets_hit=1.000000 rank_loss=0.120154 aggregation_loss=0.017809 negative_penalty=0.000275 soft_effective_blocks=169.850223 current_block_budget=256.000000 energy_mean=0.054545 energy_std=0.276577 lr=3.062722e-05 grad_norm=0.098021
step=15950 layers=21,26 seq_len=53301 skipped_length=0 loss=0.247165 teacher_kl=0.684558 teacher_l1=0.000641 topk_boundary_loss=0.008263 teacher_recall=0.891967 causal_density=0.652239 target_group_coverage=0.782813 same_head_all_targets_hit=1.000000 rank_loss=0.130567 aggregation_loss=0.000000 negative_penalty=0.000248 soft_effective_blocks=156.901886 current_block_budget=256.000000 energy_mean=0.057863 energy_std=0.319247 lr=3.060728e-05 grad_norm=0.110160
step=15960 layers=7,17 seq_len=57905 skipped_length=0 loss=0.263661 teacher_kl=0.739203 teacher_l1=0.000673 topk_boundary_loss=0.008415 teacher_recall=0.888663 causal_density=0.652271 target_group_coverage=0.892969 same_head_all_targets_hit=1.000000 rank_loss=0.142365 aggregation_loss=0.000000 negative_penalty=0.000248 soft_effective_blocks=167.486199 current_block_budget=256.000000 energy_mean=0.055629 energy_std=0.290409 lr=3.058734e-05 grad_norm=0.089922
step=15970 layers=6,22 seq_len=60743 skipped_length=0 loss=0.264332 teacher_kl=0.772176 teacher_l1=0.000655 topk_boundary_loss=0.008121 teacher_recall=0.893137 causal_density=0.652156 target_group_coverage=0.889523 same_head_all_targets_hit=0.950000 rank_loss=0.123837 aggregation_loss=0.036793 negative_penalty=0.000252 soft_effective_blocks=161.437302 current_block_budget=256.000000 energy_mean=0.053644 energy_std=0.295258 lr=3.056740e-05 grad_norm=0.098429
step=15980 layers=25,27 seq_len=51684 skipped_length=0 loss=0.253025 teacher_kl=0.710344 teacher_l1=0.000667 topk_boundary_loss=0.008013 teacher_recall=0.894770 causal_density=0.652305 target_group_coverage=0.850677 same_head_all_targets_hit=1.000000 rank_loss=0.121893 aggregation_loss=0.036765 negative_penalty=0.000266 soft_effective_blocks=169.620561 current_block_budget=256.000000 energy_mean=0.057752 energy_std=0.297981 lr=3.054747e-05 grad_norm=0.083584
step=15990 layers=30,34 seq_len=63919 skipped_length=0 loss=0.259486 teacher_kl=0.752890 teacher_l1=0.000648 topk_boundary_loss=0.008575 teacher_recall=0.875408 causal_density=0.652227 target_group_coverage=0.886589 same_head_all_targets_hit=0.950000 rank_loss=0.115022 aggregation_loss=0.035613 negative_penalty=0.000233 soft_effective_blocks=172.611220 current_block_budget=256.000000 energy_mean=0.055241 energy_std=0.287062 lr=3.052753e-05 grad_norm=0.083243
