key_block,initial_candidate_rank,learned_candidate_rank,removed,initial_score,learned_score,label_loss,token_losses,baseline_loss,utility
1,15,1,119,0.00034332275390625,0.0004650644841603935,1.0100003761033143,"[16.99187469482422, 8.22540732769994e-06, 8.34461570775602e-06, 3.40932747349143e-05, 3.815645217895508, 1.1492533683776855, 7.748573807475623e-06, 2.50339189733495e-06, 0.00048601735034026206, 0.08538330346345901, 4.768370445162873e-07, 7.152531907195225e-06, 1.1086402082582936e-05, 0.0003890234511345625, 0.14286090433597565, 5.125986263010418e-06, 8.344646857949556e-07, 0.00023016665363684297, 0.033685192465782166, 3.6954811548639555e-06, 9.405170567333698e-05, 1.7046782886609435e-05]",1.0117531000011142,0.0017527238977999016
3,166,127,119,0.00022983551025390625,0.00027752082678489387,1.006567137462515,"[16.948558807373047, 1.0251946150674485e-05, 9.65590606938349e-06, 3.564294092939235e-05, 3.7932071685791016, 1.1484206914901733, 7.986990567587782e-06, 2.264974000354414e-06, 0.0004661188868340105, 0.07649241387844086, 4.768370445162873e-07, 9.059865078597795e-06, 1.0490362910786644e-05, 0.00037043384509161115, 0.14285790920257568, 6.079655122448457e-06, 8.344646857949556e-07, 0.00021419614495243877, 0.03368484601378441, 4.6491513785440475e-06, 9.107174992095679e-05, 1.597391747054644e-05]",1.0117531000011142,0.005185962538599265
4,343,339,119,7.915496826171875e-05,9.680895891506225e-05,1.009261527695292,"[16.895030975341797, 1.1086402082582936e-05, 8.4638240878121e-06, 3.4450891689630225e-05, 3.9048166275024414, 1.1495425701141357, 8.22540732769994e-06, 2.7418097943154862e-06, 0.0005393957253545523, 0.07649186253547668, 4.768370445162873e-07, 7.152531907195225e-06, 1.0609570381348021e-05, 0.0003721021639648825, 0.14286907017230988, 5.125986263010418e-06, 8.344646857949556e-07, 0.00021228920377325267, 0.03368357568979263, 3.814689989667386e-06, 8.737658936297521e-05, 1.4781842764932662e-05]",1.0117531000011142,0.0024915723058220873
5,353,346,119,6.198883056640625e-05,7.993056351551786e-05,1.0081297434245136,"[16.893407821655273, 1.1205610462639015e-05, 9.417489309271332e-06, 3.302042750874534e-05, 3.887540340423584, 1.1593239307403564, 7.510157047363464e-06, 2.264974000354414e-06, 0.0005279577453620732, 0.07648048549890518, 3.576278118089249e-07, 7.867782187531702e-06, 1.0847986231965479e-05, 0.00035744477645494044, 0.12710411846637726, 5.125986263010418e-06, 7.152555099310121e-07, 0.00021836756786797196, 0.033686112612485886, 3.933898824470816e-06, 0.00010024998482549563, 1.5258672647178173e-05]",1.0117531000011142,0.0036233565766006226
6,320,319,119,0.00011730194091796875,0.00012989138485863805,1.009261527695292,"[16.895030975341797, 1.1086402082582936e-05, 8.4638240878121e-06, 3.4450891689630225e-05, 3.9048166275024414, 1.1495425701141357, 8.22540732769994e-06, 2.7418097943154862e-06, 0.0005393957253545523, 0.07649186253547668, 4.768370445162873e-07, 7.152531907195225e-06, 1.0609570381348021e-05, 0.0003721021639648825, 0.14286907017230988, 5.125986263010418e-06, 8.344646857949556e-07, 0.00021228920377325267, 0.03368357568979263, 3.814689989667386e-06, 8.737658936297521e-05, 1.4781842764932662e-05]",1.0117531000011142,0.0024915723058220873
7,185,162,119,0.0002117156982421875,0.0002454262867104262,1.0223317645727754,"[17.059505462646484, 1.0967194612021558e-05, 8.4638240878121e-06, 3.480850500636734e-05, 3.9063355922698975, 1.2353328466415405, 8.22540732769994e-06, 2.145764938177308e-06, 0.000482442817883566, 0.08538921177387238, 4.768370445162873e-07, 7.867782187531702e-06, 1.1086402082582936e-05, 0.00036173476837575436, 0.16040953993797302, 5.125986263010418e-06, 8.344646857949556e-07, 0.00022146634000819176, 0.04304809868335724, 4.0531076592742465e-06, 0.00010251473577227443, 1.585470999998506e-05]",1.0117531000011142,-0.010578664571661234
10,7,8,119,0.000347137451171875,0.0003858308191411197,1.010289952452961,"[16.99030876159668, 8.583032467868179e-06, 1.07287787614041e-05, 3.397406908334233e-05, 3.78279972076416, 1.1945245265960693, 7.152531907195225e-06, 2.264974000354414e-06, 0.0005062728887423873, 0.07648755609989166, 3.576278118089249e-07, 7.986990567587782e-06, 1.0490362910786644e-05, 0.00038818930624984205, 0.14285987615585327, 5.125986263010418e-06, 7.152555099310121e-07, 0.00021252757869660854, 0.03808410465717316, 4.6491513785440475e-06, 9.893881360767409e-05, 1.645074735279195e-05]",1.0117531000011142,0.001463147548153243
12,128,126,119,0.0002574920654296875,0.00027776265051215887,1.013559938752978,"[17.01259994506836, 8.702239938429557e-06, 8.4638240878121e-06, 3.4450891689630225e-05, 3.8221793174743652, 1.1958569288253784, 8.106198947643861e-06, 2.0265558760002023e-06, 0.000545472139492631, 0.08538571000099182, 4.768370445162873e-07, 7.867782187531702e-06, 1.0490362910786644e-05, 0.0003589939442463219, 0.1428644210100174, 5.364403477869928e-06, 8.344646857949556e-07, 0.00021801002731081098, 0.03809087350964546, 4.6491513785440475e-06, 0.00010871296399272978, 1.883488948806189e-05]",1.0117531000011142,-0.0018068387518637152
13,135,141,119,0.0002536773681640625,0.00026762112975120544,1.0151557303469294,"[16.984357833862305, 1.0609570381348021e-05, 8.34461570775602e-06, 3.2543604902457446e-05, 3.934908866882324, 1.1500604152679443, 7.510157047363464e-06, 2.50339189733495e-06, 0.0005171154043637216, 0.08622453361749649, 4.768370445162873e-07, 7.986990567587782e-06, 1.1086402082582936e-05, 0.00036090059438720345, 0.14286205172538757, 5.006777428206988e-06, 8.344646857949556e-07, 0.00023195437097456306, 0.03368484601378441, 3.933898824470816e-06, 0.0001110968878492713, 1.5616295058862306e-05]",1.0117531000011142,-0.0034026303458152274
14,229,230,119,0.00018405914306640625,0.00019542391237337142,1.0065143180990168,"[16.927902221679688, 8.583032467868179e-06, 9.417489309271332e-06, 3.325883881188929e-05, 3.8143677711486816, 1.149192214012146, 7.867782187531702e-06, 2.7418097943154862e-06, 0.000474936212413013, 0.08539019525051117, 3.576278118089249e-07, 7.271740287251305e-06, 1.1801649634435307e-05, 0.00037543877260759473, 0.12710285186767578, 4.768360213347478e-06, 8.344646857949556e-07, 0.0002169373765354976, 0.03808525204658508, 4.6491513785440475e-06, 0.00010024998482549563, 1.537788011773955e-05]",1.0117531000011142,0.005238781902097367
15,247,241,119,0.0001735687255859375,0.00018744205590337515,1.014493066582862,"[16.9278564453125, 1.1086402082582936e-05, 1.0847986231965479e-05, 3.6000557884108275e-05, 3.9324591159820557, 1.1859593391418457, 8.22540732769994e-06, 2.264974000354414e-06, 0.00047839165199548006, 0.08537520468235016, 4.768370445162873e-07, 7.748573807475623e-06, 9.894321920000948e-06, 0.0003833036171272397, 0.14285895228385925, 5.960446742392378e-06, 8.344646857949556e-07, 0.00021360022947192192, 0.04304341599345207, 3.933898824470816e-06, 0.00010740180005086586, 1.5020257706055418e-05]",1.0117531000011142,-0.002739966581747799
16,67,75,119,0.000301361083984375,0.0003188464033883065,1.0090516856624534,"[16.934545516967773, 9.775113539944869e-06, 8.583032467868179e-06, 3.528532761265524e-05, 3.9312148094177246, 1.0657315254211426, 7.510157047363464e-06, 2.50339189733495e-06, 0.0004978132783435285, 0.08536141365766525, 4.768370445162873e-07, 7.629365427419543e-06, 1.0967194612021558e-05, 0.00038723601028323174, 0.14286184310913086, 5.364403477869928e-06, 8.344646857949556e-07, 0.00023850933939684182, 0.03808146342635155, 3.6954811548639555e-06, 0.00010954733443213627, 1.4781842764932662e-05]",1.0117531000011142,0.002701414338660779
19,253,251,119,0.00016689300537109375,0.00018313848704565316,1.016543145218112,"[17.01691246032715, 1.0967194612021558e-05, 1.1086402082582936e-05, 3.528532761265524e-05, 3.9302961826324463, 1.1490765810012817, 7.867782187531702e-06, 2.7418097943154862e-06, 0.0005286726518534124, 0.08538658916950226, 4.768370445162873e-07, 7.867782187531702e-06, 1.0967194612021558e-05, 0.0003601856005843729, 0.14286410808563232, 5.722029527532868e-06, 9.536738616588991e-07, 0.00021371940965764225, 0.03808766230940819, 4.410734163684538e-06, 0.00010907054820563644, 1.5616295058862306e-05]",1.0117531000011142,-0.004790045216997774
20,220,229,119,0.00018787384033203125,0.00019709441403392702,1.0037889130984055,"[16.89195442199707, 9.179073458653875e-06, 9.417489309271332e-06, 3.40932747349143e-05, 3.8141863346099854, 1.1104001998901367, 7.748573807475623e-06, 2.264974000354414e-06, 0.000481132126878947, 0.09537652134895325, 4.768370445162873e-07, 7.748573807475623e-06, 1.07287787614041e-05, 0.0003766304289456457, 0.12709645926952362, 4.768360213347478e-06, 8.344646857949556e-07, 0.00021872512297704816, 0.04304775595664978, 4.0531076592742465e-06, 0.00011181206355104223, 1.4781842764932662e-05]",1.0117531000011142,0.007964186902708725
21,262,272,119,0.0001583099365234375,0.00016395955753978342,1.0134836792537307,"[17.018369674682617, 9.775113539944869e-06, 9.298280929215252e-06, 3.909988299710676e-05, 3.853020191192627, 1.1497070789337158, 7.867782187531702e-06, 2.264974000354414e-06, 0.00047958316281437874, 0.07576054334640503, 3.576278118089249e-07, 7.629365427419543e-06, 1.1086402082582936e-05, 0.0003587556129787117, 0.16042831540107727, 5.245195097813848e-06, 7.152555099310121e-07, 0.00021205084340181202, 0.03808422014117241, 4.6491513785440475e-06, 0.00010775939153973013, 1.4781842764932662e-05]",1.0117531000011142,-0.0017305792526165487
22,328,331,119,0.00010204315185546875,0.00010820006718859076,1.0100022433688103,"[16.99041175842285, 1.07287787614041e-05, 8.4638240878121e-06, 3.397406908334233e-05, 3.817625045776367, 1.1488120555877686, 7.510157047363464e-06, 2.264974000354414e-06, 0.000476246903417632, 0.0853898674249649, 4.768370445162873e-07, 7.152531907195225e-06, 1.0490362910786644e-05, 0.00034445550409145653, 0.14286081492900848, 5.364403477869928e-06, 8.344646857949556e-07, 0.00023040501400828362, 0.033684730529785156, 4.0531076592742465e-06, 0.0001070442158379592, 1.5616295058862306e-05]",1.0117531000011142,0.0017508566323038988
23,316,322,119,0.00012111663818359375,0.00012521595635917038,1.0134836792537307,"[17.018369674682617, 9.775113539944869e-06, 9.298280929215252e-06, 3.909988299710676e-05, 3.853020191192627, 1.1497070789337158, 7.867782187531702e-06, 2.264974000354414e-06, 0.00047958316281437874, 0.07576054334640503, 3.576278118089249e-07, 7.629365427419543e-06, 1.1086402082582936e-05, 0.0003587556129787117, 0.16042831540107727, 5.245195097813848e-06, 7.152555099310121e-07, 0.00021205084340181202, 0.03808422014117241, 4.6491513785440475e-06, 0.00010775939153973013, 1.4781842764932662e-05]",1.0117531000011142,-0.0017305792526165487
24,337,336,119,8.96453857421875e-05,0.00010035432933364064,1.0105729047325709,"[16.901771545410156, 1.0490362910786644e-05, 1.1086402082582936e-05, 3.361645576660521e-05, 3.934323310852051, 1.1491014957427979, 7.510157047363464e-06, 2.264974000354414e-06, 0.0004478881892282516, 0.08540070801973343, 4.768370445162873e-07, 7.271740287251305e-06, 1.0609570381348021e-05, 0.00034338299883529544, 0.12709781527519226, 5.245195097813848e-06, 8.344646857949556e-07, 0.00021801002731081098, 0.033685535192489624, 3.6954811548639555e-06, 0.00010752100206445903, 1.3589766240329482e-05]",1.0117531000011142,0.0011801952685432937
25,56,78,119,0.0003070831298828125,0.0003179931954946369,1.0130416204014885,"[16.98514747619629, 1.1205610462639015e-05, 8.34461570775602e-06, 3.814624506048858e-05, 3.9006967544555664, 1.1492222547531128, 7.390948667307384e-06, 2.50339189733495e-06, 0.0004758894501719624, 0.08539227396249771, 4.768370445162873e-07, 7.152531907195225e-06, 1.0490362910786644e-05, 0.00037150635034777224, 0.12709130346775055, 4.768360213347478e-06, 8.344646857949556e-07, 0.00021741411183029413, 0.03808525204658508, 4.6491513785440475e-06, 0.00010251473577227443, 1.7046782886609435e-05]",1.0117531000011142,-0.0012885204003743045
26,95,102,119,0.00028228759765625,0.00029743154300376773,1.0130416204014885,"[16.98514747619629, 1.1205610462639015e-05, 8.34461570775602e-06, 3.814624506048858e-05, 3.9006967544555664, 1.1492222547531128, 7.390948667307384e-06, 2.50339189733495e-06, 0.0004758894501719624, 0.08539227396249771, 4.768370445162873e-07, 7.152531907195225e-06, 1.0490362910786644e-05, 0.00037150635034777224, 0.12709130346775055, 4.768360213347478e-06, 8.344646857949556e-07, 0.00021741411183029413, 0.03808525204658508, 4.6491513785440475e-06, 0.00010251473577227443, 1.7046782886609435e-05]",1.0117531000011142,-0.0012885204003743045
27,16,30,119,0.00034332275390625,0.00035763593041338027,1.012052882692315,"[17.059551239013672, 9.536697689327411e-06, 8.4638240878121e-06, 3.516612196108326e-05, 3.883098602294922, 1.0657812356948853, 7.867782187531702e-06, 2.0265558760002023e-06, 0.0004489606071729213, 0.08537104725837708, 4.768370445162873e-07, 8.34461570775602e-06, 1.0609570381348021e-05, 0.0003406421164982021, 0.127096027135849, 5.364403477869928e-06, 8.344646857949556e-07, 0.00021371940965764225, 0.04304284602403641, 4.887569048150908e-06, 0.00010978573118336499, 1.5735502529423684e-05]",1.0117531000011142,-0.0002997826912007895
28,98,111,119,0.0002803802490234375,0.00028966451645828784,1.004854003409295,"[16.950088500976562, 9.536697689327411e-06, 9.417489309271332e-06, 3.302042750874534e-05, 3.8169548511505127, 1.101184368133545, 7.033323527139146e-06, 2.264974000354414e-06, 0.0004768426588270813, 0.07647573947906494, 4.768370445162873e-07, 7.033323527139146e-06, 9.894321920000948e-06, 0.0003829461056739092, 0.127108633518219, 5.125986263010418e-06, 8.344646857949556e-07, 0.0002181292074965313, 0.03368599712848663, 4.6491513785440475e-06, 0.00010775939153973013, 1.5020257706055418e-05]",1.0117531000011142,0.006899096591819198
29,298,293,119,0.0001354217529296875,0.0001510276779299602,1.009261527695292,"[16.895030975341797, 1.1086402082582936e-05, 8.4638240878121e-06, 3.4450891689630225e-05, 3.9048166275024414, 1.1495425701141357, 8.22540732769994e-06, 2.7418097943154862e-06, 0.0005393957253545523, 0.07649186253547668, 4.768370445162873e-07, 7.152531907195225e-06, 1.0609570381348021e-05, 0.0003721021639648825, 0.14286907017230988, 5.125986263010418e-06, 8.344646857949556e-07, 0.00021228920377325267, 0.03368357568979263, 3.814689989667386e-06, 8.737658936297521e-05, 1.4781842764932662e-05]",1.0117531000011142,0.0024915723058220873
31,307,303,119,0.00012969970703125,0.00014191951777320355,1.009261527695292,"[16.895030975341797, 1.1086402082582936e-05, 8.4638240878121e-06, 3.4450891689630225e-05, 3.9048166275024414, 1.1495425701141357, 8.22540732769994e-06, 2.7418097943154862e-06, 0.0005393957253545523, 0.07649186253547668, 4.768370445162873e-07, 7.152531907195225e-06, 1.0609570381348021e-05, 0.0003721021639648825, 0.14286907017230988, 5.125986263010418e-06, 8.344646857949556e-07, 0.00021228920377325267, 0.03368357568979263, 3.814689989667386e-06, 8.737658936297521e-05, 1.4781842764932662e-05]",1.0117531000011142,0.0024915723058220873
32,288,297,119,0.00014209747314453125,0.00014956107770558447,1.0134836792537307,"[17.018369674682617, 9.775113539944869e-06, 9.298280929215252e-06, 3.909988299710676e-05, 3.853020191192627, 1.1497070789337158, 7.867782187531702e-06, 2.264974000354414e-06, 0.00047958316281437874, 0.07576054334640503, 3.576278118089249e-07, 7.629365427419543e-06, 1.1086402082582936e-05, 0.0003587556129787117, 0.16042831540107727, 5.245195097813848e-06, 7.152555099310121e-07, 0.00021205084340181202, 0.03808422014117241, 4.6491513785440475e-06, 0.00010775939153973013, 1.4781842764932662e-05]",1.0117531000011142,-0.0017305792526165487
33,334,335,119,9.393692016601562e-05,0.00010228750034002587,1.0134836792537307,"[17.018369674682617, 9.775113539944869e-06, 9.298280929215252e-06, 3.909988299710676e-05, 3.853020191192627, 1.1497070789337158, 7.867782187531702e-06, 2.264974000354414e-06, 0.00047958316281437874, 0.07576054334640503, 3.576278118089249e-07, 7.629365427419543e-06, 1.1086402082582936e-05, 0.0003587556129787117, 0.16042831540107727, 5.245195097813848e-06, 7.152555099310121e-07, 0.00021205084340181202, 0.03808422014117241, 4.6491513785440475e-06, 0.00010775939153973013, 1.4781842764932662e-05]",1.0117531000011142,-0.0017305792526165487
34,225,228,119,0.00018596649169921875,0.00019725151651073247,1.0183041883637067,"[17.052825927734375, 1.1086402082582936e-05, 9.417489309271332e-06, 3.683499380713329e-05, 3.9327354431152344, 1.1494803428649902, 6.9141146923357155e-06, 2.264974000354414e-06, 0.0005055579822510481, 0.08539468795061111, 4.768370445162873e-07, 7.033323527139146e-06, 9.894321920000948e-06, 0.0003601856005843729, 0.14287930727005005, 5.125986263010418e-06, 8.344646857949556e-07, 0.00021872512297704816, 0.038084905594587326, 4.291525328881107e-06, 9.738924563862383e-05, 1.549708758830093e-05]",1.0117531000011142,-0.00655108836259255
35,93,104,119,0.0002841949462890625,0.00029514922061935067,1.0067106569041522,"[16.95586395263672, 9.65590606938349e-06, 9.298280929215252e-06, 3.516612196108326e-05, 3.8248510360717773, 1.1101194620132446, 7.152531907195225e-06, 2.7418097943154862e-06, 0.00047386385267600417, 0.08537290245294571, 4.768370445162873e-07, 7.748573807475623e-06, 1.0609570381348021e-05, 0.0003810394846368581, 0.1270991861820221, 5.006777428206988e-06, 7.152555099310121e-07, 0.0002150304353563115, 0.04304364696145058, 3.933898824470816e-06, 0.00010501786891836673, 1.680836794548668e-05]",1.0117531000011142,0.0050424430969620015
36,191,192,119,0.00020694732666015625,0.0002190984960179776,1.0133086084509946,"[17.059507369995117, 1.1324817933200393e-05, 1.07287787614041e-05, 3.6000557884108275e-05, 3.8834052085876465, 1.1015595197677612, 8.34461570775602e-06, 2.50339189733495e-06, 0.0005009111482650042, 0.08621983230113983, 4.768370445162873e-07, 7.271740287251305e-06, 9.894321920000948e-06, 0.00036125810584053397, 0.1271025389432907, 5.006777428206988e-06, 8.344646857949556e-07, 0.000219321038457565, 0.03368645906448364, 4.768360213347478e-06, 0.00011383838864276186, 1.597391747054644e-05]",1.0117531000011142,-0.001555508449880394
37,232,237,119,0.00018310546875,0.00019009919196832925,1.0106291389986486,"[16.998586654663086, 1.0013530300057027e-05, 1.07287787614041e-05, 3.6000557884108275e-05, 3.819861888885498, 1.1477656364440918, 7.033323527139146e-06, 2.7418097943154862e-06, 0.0005216429708525538, 0.08538384735584259, 4.768370445162873e-07, 7.867782187531702e-06, 1.1086402082582936e-05, 0.00034957972820848227, 0.1428503692150116, 5.602820692729438e-06, 8.344646857949556e-07, 0.0002195594133809209, 0.038090646266937256, 4.887569048150908e-06, 9.798523387871683e-05, 1.597391747054644e-05]",1.0117531000011142,0.00112396100246559
38,344,344,119,7.915496826171875e-05,8.408603025600314e-05,1.007995884690021,"[16.825132369995117, 9.059865078597795e-06, 1.0847986231965479e-05, 3.4689302992774174e-05, 3.9335694313049316, 1.149572491645813, 7.867782187531702e-06, 2.264974000354414e-06, 0.0004752936656586826, 0.08538888394832611, 4.768370445162873e-07, 8.106198947643861e-06, 1.1086402082582936e-05, 0.00038187362952157855, 0.1428678333759308, 5.364403477869928e-06, 8.344646857949556e-07, 0.0002172949316445738, 0.038085367530584335, 4.6491513785440475e-06, 0.00010668662434909493, 1.6689160474925302e-05]",1.0117531000011142,0.003757215311093187
39,350,353,119,6.580352783203125e-05,6.830256461398676e-05,1.009261527695292,"[16.895030975341797, 1.1086402082582936e-05, 8.4638240878121e-06, 3.4450891689630225e-05, 3.9048166275024414, 1.1495425701141357, 8.22540732769994e-06, 2.7418097943154862e-06, 0.0005393957253545523, 0.07649186253547668, 4.768370445162873e-07, 7.152531907195225e-06, 1.0609570381348021e-05, 0.0003721021639648825, 0.14286907017230988, 5.125986263010418e-06, 8.344646857949556e-07, 0.00021228920377325267, 0.03368357568979263, 3.814689989667386e-06, 8.737658936297521e-05, 1.4781842764932662e-05]",1.0117531000011142,0.0024915723058220873
40,358,358,119,3.743171691894531e-05,3.9334110624622554e-05,1.009261527695292,"[16.895030975341797, 1.1086402082582936e-05, 8.4638240878121e-06, 3.4450891689630225e-05, 3.9048166275024414, 1.1495425701141357, 8.22540732769994e-06, 2.7418097943154862e-06, 0.0005393957253545523, 0.07649186253547668, 4.768370445162873e-07, 7.152531907195225e-06, 1.0609570381348021e-05, 0.0003721021639648825, 0.14286907017230988, 5.125986263010418e-06, 8.344646857949556e-07, 0.00021228920377325267, 0.03368357568979263, 3.814689989667386e-06, 8.737658936297521e-05, 1.4781842764932662e-05]",1.0117531000011142,0.0024915723058220873
41,357,357,119,4.291534423828125e-05,4.539442670647986e-05,1.00832442569129,"[16.955854415893555, 1.0609570381348021e-05, 9.775113539944869e-06, 3.45700973412022e-05, 3.8256278038024902, 1.1498072147369385, 7.271740287251305e-06, 2.50339189733495e-06, 0.00046850196667946875, 0.08540694415569305, 4.768370445162873e-07, 7.748573807475623e-06, 9.894321920000948e-06, 0.000348268891684711, 0.12710632383823395, 5.364403477869928e-06, 9.536738616588991e-07, 0.00021908267808612436, 0.03808674216270447, 4.6491513785440475e-06, 0.00010287232726113871, 1.537788011773955e-05]",1.0117531000011142,0.0034286743098241868
42,355,356,119,6.031990051269531e-05,6.345698784571141e-05,1.009261527695292,"[16.895030975341797, 1.1086402082582936e-05, 8.4638240878121e-06, 3.4450891689630225e-05, 3.9048166275024414, 1.1495425701141357, 8.22540732769994e-06, 2.7418097943154862e-06, 0.0005393957253545523, 0.07649186253547668, 4.768370445162873e-07, 7.152531907195225e-06, 1.0609570381348021e-05, 0.0003721021639648825, 0.14286907017230988, 5.125986263010418e-06, 8.344646857949556e-07, 0.00021228920377325267, 0.03368357568979263, 3.814689989667386e-06, 8.737658936297521e-05, 1.4781842764932662e-05]",1.0117531000011142,0.0024915723058220873
43,340,340,119,8.296966552734375e-05,9.140405745711178e-05,1.013559938752978,"[17.01259994506836, 8.702239938429557e-06, 8.4638240878121e-06, 3.4450891689630225e-05, 3.8221793174743652, 1.1958569288253784, 8.106198947643861e-06, 2.0265558760002023e-06, 0.000545472139492631, 0.08538571000099182, 4.768370445162873e-07, 7.867782187531702e-06, 1.0490362910786644e-05, 0.0003589939442463219, 0.1428644210100174, 5.364403477869928e-06, 8.344646857949556e-07, 0.00021801002731081098, 0.03809087350964546, 4.6491513785440475e-06, 0.00010871296399272978, 1.883488948806189e-05]",1.0117531000011142,-0.0018068387518637152
44,172,183,119,0.00022411346435546875,0.00023198623966891319,1.0087086462493176,"[17.011072158813477, 1.0013530300057027e-05, 9.536697689327411e-06, 3.862306402879767e-05, 3.8177406787872314, 1.1108946800231934, 8.22540732769994e-06, 2.7418097943154862e-06, 0.0005136600811965764, 0.08539216965436935, 4.768370445162873e-07, 8.106198947643861e-06, 1.0967194612021558e-05, 0.0003716255014296621, 0.12709929049015045, 5.125986263010418e-06, 7.152555099310121e-07, 0.00021181246847845614, 0.03808112069964409, 4.6491513785440475e-06, 9.929640509653836e-05, 1.4543427823809907e-05]",1.0117531000011142,0.0030444537517966275
45,244,242,119,0.00017452239990234375,0.0001873242435976863,1.0115323047644127,"[17.012630462646484, 1.0847986231965479e-05, 9.298280929215252e-06, 3.4450891689630225e-05, 3.8205466270446777, 1.1494717597961426, 7.510157047363464e-06, 2.50339189733495e-06, 0.0004451475979294628, 0.0757281631231308, 4.768370445162873e-07, 7.152531907195225e-06, 9.894321920000948e-06, 0.00036042393185198307, 0.16042719781398773, 6.318072337307967e-06, 7.152555099310121e-07, 0.00020466140995267779, 0.03368645906448364, 4.410734163684538e-06, 0.00010001159535022452, 1.6212332411669195e-05]",1.0117531000011142,0.0002207952367014876
46,118,124,119,0.00026702880859375,0.00027946408954449,1.0063217087745526,"[16.872102737426758, 8.702239938429557e-06, 8.583032467868179e-06, 3.3854863431770355e-05, 3.8178110122680664, 1.1859408617019653, 6.6756979322235566e-06, 2.264974000354414e-06, 0.0004634975048247725, 0.08538790047168732, 4.768370445162873e-07, 7.152531907195225e-06, 9.894321920000948e-06, 0.00037377048283815384, 0.14286287128925323, 6.079655122448457e-06, 8.344646857949556e-07, 0.0002343380037928, 0.03368496149778366, 4.0531076592742465e-06, 0.00011252723925281316, 1.4543427823809907e-05]",1.0117531000011142,0.005431391226561555
47,145,154,119,0.00024318695068359375,0.0002530271594878286,1.008927028625697,"[17.033870697021484, 8.34461570775602e-06, 8.4638240878121e-06, 3.397406908334233e-05, 3.8134641647338867, 1.1112546920776367, 7.390948667307384e-06, 2.7418097943154862e-06, 0.0005259322933852673, 0.07573335617780685, 4.768370445162873e-07, 8.106198947643861e-06, 9.894321920000948e-06, 0.0003551805857568979, 0.12709635496139526, 6.079655122448457e-06, 8.344646857949556e-07, 0.00019905969384126365, 0.03368634358048439, 4.6491513785440475e-06, 0.00010096516780322418, 1.6927575416048057e-05]",1.0117531000011142,0.0028260713754171274
48,286,287,119,0.00014400482177734375,0.00015517642896156758,1.009261527695292,"[16.895030975341797, 1.1086402082582936e-05, 8.4638240878121e-06, 3.4450891689630225e-05, 3.9048166275024414, 1.1495425701141357, 8.22540732769994e-06, 2.7418097943154862e-06, 0.0005393957253545523, 0.07649186253547668, 4.768370445162873e-07, 7.152531907195225e-06, 1.0609570381348021e-05, 0.0003721021639648825, 0.14286907017230988, 5.125986263010418e-06, 8.344646857949556e-07, 0.00021228920377325267, 0.03368357568979263, 3.814689989667386e-06, 8.737658936297521e-05, 1.4781842764932662e-05]",1.0117531000011142,0.0024915723058220873
49,233,238,119,0.00018310546875,0.00019009594689123333,1.0149824563494834,"[16.99038314819336, 8.702239938429557e-06, 1.07287787614041e-05, 3.361645576660521e-05, 3.934037446975708, 1.1483417749404907, 7.748573807475623e-06, 2.7418097943154862e-06, 0.000507464399561286, 0.0853591114282608, 4.768370445162873e-07, 7.867782187531702e-06, 1.0490362910786644e-05, 0.00037722624256275594, 0.12712174654006958, 5.364403477869928e-06, 7.152555099310121e-07, 0.00021789084712509066, 0.04304901137948036, 3.6954811548639555e-06, 0.00011157367407577112, 1.549708758830093e-05]",1.0117531000011142,-0.0032293563483691834
50,319,321,119,0.00011777877807617188,0.00012656921171583235,1.009929349203741,"[16.99040985107422, 1.0609570381348021e-05, 9.894321920000948e-06, 3.361645576660521e-05, 3.825035810470581, 1.149495244026184, 7.867782187531702e-06, 2.264974000354414e-06, 0.0004752936656586826, 0.07573036849498749, 4.768370445162873e-07, 7.390948667307384e-06, 1.07287787614041e-05, 0.00033420699764974415, 0.1428575962781906, 6.198863957251888e-06, 8.344646857949556e-07, 0.0001984637783607468, 0.0336843840777874, 4.6491513785440475e-06, 0.00011431517486926168, 1.5616295058862306e-05]",1.0117531000011142,0.0018237507973732914
51,263,267,119,0.00015735626220703125,0.00016812572721391916,1.0131112332778789,"[16.927894592285156, 9.65590606938349e-06, 8.4638240878121e-06, 3.6477376852417365e-05, 3.897822380065918, 1.1951687335968018, 8.22540732769994e-06, 2.7418097943154862e-06, 0.0004720765573438257, 0.08537739515304565, 4.768370445162873e-07, 7.986990567587782e-06, 9.894321920000948e-06, 0.00033361115492880344, 0.14285822212696075, 5.8412379075889476e-06, 8.344646857949556e-07, 0.0002338612830499187, 0.03808456286787987, 4.0531076592742465e-06, 9.011816291604191e-05, 1.6927575416048057e-05]",1.0117531000011142,-0.0013581332767647059
52,122,108,119,0.000263214111328125,0.000293606222840026,1.0154524786339503,"[17.0111083984375, 1.0967194612021558e-05, 9.536697689327411e-06, 3.397406908334233e-05, 3.931900978088379, 1.1494537591934204, 7.271740287251305e-06, 2.7418097943154862e-06, 0.0005158047424629331, 0.08541055768728256, 4.768370445162873e-07, 7.271740287251305e-06, 9.536697689327411e-06, 0.00036113892565481365, 0.12709856033325195, 4.887569048150908e-06, 8.344646857949556e-07, 0.00020752183627337217, 0.03368645906448364, 3.933898824470816e-06, 0.00010501786891836673, 1.490105023549404e-05]",1.0117531000011142,-0.0036993786328360923
57,104,109,119,0.0002765655517578125,0.00029286323115229607,1.0171357582309135,"[17.018362045288086, 9.417489309271332e-06, 8.4638240878121e-06, 3.862306402879767e-05, 3.9048805236816406, 1.1861306428909302, 8.106198947643861e-06, 2.0265558760002023e-06, 0.0004686211177613586, 0.08539074659347534, 4.768370445162873e-07, 7.629365427419543e-06, 9.894321920000948e-06, 0.00037651124875992537, 0.14285945892333984, 6.437280717364047e-06, 8.344646857949556e-07, 0.00021050144277978688, 0.03808674216270447, 4.6491513785440475e-06, 0.00010954733443213627, 1.4781842764932662e-05]",1.0117531000011142,-0.005382658229799331
58,136,142,119,0.0002536773681640625,0.0002668019733391702,1.009392750765882,"[16.990358352661133, 9.65590606938349e-06, 8.583032467868179e-06, 3.4927710657939315e-05, 3.815276622772217, 1.1491926908493042, 7.629365427419543e-06, 2.50339189733495e-06, 0.0004764852055814117, 0.08539129048585892, 3.576278118089249e-07, 7.867782187531702e-06, 1.1086402082582936e-05, 0.00034195298212580383, 0.12710663676261902, 5.125986263010418e-06, 8.344646857949556e-07, 0.00021443451987579465, 0.03808547928929329, 4.0531076592742465e-06, 8.737658936297521e-05, 1.6569954823353328e-05]",1.0117531000011142,0.0023603492352322064
59,238,240,119,0.00017833709716796875,0.0001877920440165326,1.0116430719800333,"[16.95585823059082, 8.583032467868179e-06, 1.0847986231965479e-05, 3.7431014789035544e-05, 3.9321041107177734, 1.1102443933486938, 7.986990567587782e-06, 3.099436753473128e-06, 0.0004732680681627244, 0.07572750002145767, 4.768370445162873e-07, 7.748573807475623e-06, 1.1086402082582936e-05, 0.00036173476837575436, 0.14285822212696075, 5.602820692729438e-06, 8.344646857949556e-07, 0.00021228920377325267, 0.03808456286787987, 4.291525328881107e-06, 0.00011038171214750037, 1.490105023549404e-05]",1.0117531000011142,0.00011002802108084353
60,266,265,119,0.00015544891357421875,0.00017040420789271593,1.0121111558544322,"[17.060989379882812, 9.179073458653875e-06, 9.775113539944869e-06, 3.373566141817719e-05, 3.827744245529175, 1.110086441040039, 6.6756979322235566e-06, 2.7418097943154862e-06, 0.0004935238393954933, 0.08539074659347534, 4.768370445162873e-07, 7.748573807475623e-06, 1.0967194612021558e-05, 0.0003680505615193397, 0.14285977184772491, 5.602820692729438e-06, 9.536738616588991e-07, 0.00021550717065110803, 0.03808605298399925, 3.933898824470816e-06, 0.00010418349120300263, 1.5735502529423684e-05]",1.0117531000011142,-0.0003580558533180511
62,17,13,119,0.00034332275390625,0.00037374551175162196,1.0124347117118864,"[17.01841926574707, 1.1086402082582936e-05, 9.417489309271332e-06, 3.1709168979432434e-05, 3.876394748687744, 1.1111654043197632, 7.390948667307384e-06, 2.7418097943154862e-06, 0.0004668337933253497, 0.08538176864385605, 4.768370445162873e-07, 7.748573807475623e-06, 1.0490362910786644e-05, 0.0003629264247138053, 0.14286546409130096, 4.887569048150908e-06, 8.344646857949556e-07, 0.0002165798214264214, 0.03808467835187912, 3.933898824470816e-06, 0.00010013079008786008, 1.5139465176616795e-05]",1.0117531000011142,-0.0006816117107721897
64,35,36,119,0.0003223419189453125,0.0003474139957688749,1.008028638907322,"[16.929386138916016, 8.22540732769994e-06, 9.179073458653875e-06, 3.290122185717337e-05, 3.814201831817627, 1.1858266592025757, 7.271740287251305e-06, 2.7418097943154862e-06, 0.0004984090337529778, 0.07572606205940247, 3.576278118089249e-07, 8.22540732769994e-06, 1.0609570381348021e-05, 0.0004015354788862169, 0.1271062195301056, 5.125986263010418e-06, 7.152555099310121e-07, 0.00021860594279132783, 0.04304501786828041, 4.6491513785440475e-06, 0.00011419598013162613, 1.537788011773955e-05]",1.0117531000011142,0.0037244610937920974
66,105,116,119,0.0002765655517578125,0.0002876717480830848,1.0125015790384644,"[17.00446128845215, 8.583032467868179e-06, 1.0847986231965479e-05, 3.349725011503324e-05, 3.8118019104003906, 1.186172604560852, 8.940656698541716e-06, 2.7418097943154862e-06, 0.0004881620698142797, 0.08539161831140518, 4.768370445162873e-07, 7.748573807475623e-06, 1.0609570381348021e-05, 0.0003703146940097213, 0.1428680419921875, 5.125986263010418e-06, 8.344646857949556e-07, 0.0002138386043952778, 0.04304535686969757, 4.0531076592742465e-06, 0.00011169286881340668, 1.645074735279195e-05]",1.0117531000011142,-0.0007484790373502026
67,216,220,119,0.00018978118896484375,0.00020114739891141653,1.0126809119796911,"[17.052845001220703, 9.894321920000948e-06, 9.298280929215252e-06, 3.361645576660521e-05, 3.867588996887207, 1.1110893487930298, 7.629365427419543e-06, 2.7418097943154862e-06, 0.0004761277523357421, 0.08538231998682022, 3.576278118089249e-07, 7.152531907195225e-06, 1.1086402082582936e-05, 0.0003761537664104253, 0.12710925936698914, 5.722029527532868e-06, 7.152555099310121e-07, 0.0002181292074965313, 0.03368599712848663, 4.0531076592742465e-06, 0.00010096516780322418, 1.549708758830093e-05]",1.0117531000011142,-0.0009278119785769423
68,179,188,119,0.00021648406982421875,0.00022445389186032116,1.0066427894429018,"[16.9714298248291, 9.179073458653875e-06, 1.0967194612021558e-05, 3.361645576660521e-05, 3.812692880630493, 1.1101994514465332, 8.821448318485636e-06, 2.264974000354414e-06, 0.00047350639943033457, 0.08535703271627426, 3.576278118089249e-07, 7.748573807475623e-06, 9.894321920000948e-06, 0.00038068200228735805, 0.12710285186767578, 5.006777428206988e-06, 7.152555099310121e-07, 0.00021395778458099812, 0.03808066248893738, 3.6954811548639555e-06, 0.0001006075763143599, 1.764281842042692e-05]",1.0117531000011142,0.0051103105582124275
69,261,262,119,0.00015926361083984375,0.00017320386541541666,1.0116631074008973,"[16.97777557373047, 1.07287787614041e-05, 1.0847986231965479e-05, 3.3378044463461265e-05, 3.9397664070129395, 1.1012243032455444, 7.271740287251305e-06, 2.264974000354414e-06, 0.0004899493651464581, 0.07575004547834396, 3.576278118089249e-07, 7.867782187531702e-06, 1.0490362910786644e-05, 0.0003759154351428151, 0.12709267437458038, 5.125986263010418e-06, 8.344646857949556e-07, 0.000205018965061754, 0.03368484601378441, 4.0531076592742465e-06, 0.00011383838864276186, 1.6569954823353328e-05]",1.0117531000011142,8.999260021691491e-05
74,106,110,119,0.0002765655517578125,0.00029273395193740726,1.0045244152414134,"[16.92203140258789, 9.775113539944869e-06, 9.775113539944869e-06, 3.349725011503324e-05, 3.8185300827026367, 1.1010392904281616, 7.986990567587782e-06, 2.50339189733495e-06, 0.00045313104055821896, 0.07572561502456665, 3.576278118089249e-07, 7.033323527139146e-06, 1.0609570381348021e-05, 0.0003623305819928646, 0.14285419881343842, 5.364403477869928e-06, 8.344646857949556e-07, 0.00023982033599168062, 0.038084905594587326, 5.006777428206988e-06, 0.00010692501382436603, 1.6689160474925302e-05]",1.0117531000011142,0.007228684759700732
75,154,164,119,0.00023651123046875,0.00024471053620800376,1.0140348109613186,"[16.830907821655273, 9.059865078597795e-06, 9.417489309271332e-06, 3.349725011503324e-05, 4.050593852996826, 1.185041069984436, 8.34461570775602e-06, 2.7418097943154862e-06, 0.0004948345012962818, 0.0757305920124054, 4.768370445162873e-07, 8.106198947643861e-06, 1.0490362910786644e-05, 0.000366263062460348, 0.12712174654006958, 4.887569048150908e-06, 7.152555099310121e-07, 0.00021407696476671845, 0.03808697313070297, 4.0531076592742465e-06, 0.00010024998482549563, 1.6569954823353328e-05]",1.0117531000011142,-0.002281710960204464
76,291,301,119,0.0001392364501953125,0.00014405867841560394,1.0134836792537307,"[17.018369674682617, 9.775113539944869e-06, 9.298280929215252e-06, 3.909988299710676e-05, 3.853020191192627, 1.1497070789337158, 7.867782187531702e-06, 2.264974000354414e-06, 0.00047958316281437874, 0.07576054334640503, 3.576278118089249e-07, 7.629365427419543e-06, 1.1086402082582936e-05, 0.0003587556129787117, 0.16042831540107727, 5.245195097813848e-06, 7.152555099310121e-07, 0.00021205084340181202, 0.03808422014117241, 4.6491513785440475e-06, 0.00010775939153973013, 1.4781842764932662e-05]",1.0117531000011142,-0.0017305792526165487
77,346,347,119,7.534027099609375e-05,7.949724385980517e-05,1.0231495952606648,"[17.115346908569336, 1.0371154530730564e-05, 9.894321920000948e-06, 3.3854863431770355e-05, 3.940077781677246, 1.1862246990203857, 7.986990567587782e-06, 2.264974000354414e-06, 0.0004997196956537664, 0.08539063483476639, 3.576278118089249e-07, 7.867782187531702e-06, 9.894321920000948e-06, 0.0003810394846368581, 0.14285460114479065, 5.364403477869928e-06, 5.960462772236497e-07, 0.00022659118985757232, 0.03808146342635155, 4.6491513785440475e-06, 9.965400386136025e-05, 1.490105023549404e-05]",1.0117531000011142,-0.011396495259550665
78,342,345,119,8.058547973632812e-05,8.290341793326661e-05,1.0185650412510758,"[17.052804946899414, 1.1324817933200393e-05, 8.4638240878121e-06, 3.814624506048858e-05, 3.9379804134368896, 1.1500130891799927, 8.22540732769994e-06, 2.264974000354414e-06, 0.0004974558250978589, 0.08540081232786179, 4.768370445162873e-07, 7.033323527139146e-06, 1.0967194612021558e-05, 0.0003586364327929914, 0.1428593546152115, 5.8412379075889476e-06, 7.152555099310121e-07, 0.00020716428116429597, 0.03808743134140968, 3.933898824470816e-06, 0.00010740180005086586, 1.680836794548668e-05]",1.0117531000011142,-0.0068119412499616505
79,356,355,119,5.626678466796875e-05,6.354085053317249e-05,1.0047433772690562,"[16.90323829650879, 9.179073458653875e-06, 1.0847986231965479e-05, 3.504691630951129e-05, 3.8275790214538574, 1.1103415489196777, 7.390948667307384e-06, 2.0265558760002023e-06, 0.0004732680681627244, 0.08539041876792908, 4.768370445162873e-07, 7.867782187531702e-06, 1.0490362910786644e-05, 0.0003420721332076937, 0.1428639143705368, 5.483612312673358e-06, 9.536738616588991e-07, 0.00021443451987579465, 0.03368864953517914, 4.6491513785440475e-06, 0.00011252723925281316, 1.5735502529423684e-05]",1.0117531000011142,0.007009722732058021
80,160,179,119,0.00023365020751953125,0.0002392017049714923,1.0151280543350005,"[17.012537002563477, 1.0490362910786644e-05, 8.4638240878121e-06, 3.6954195820726454e-05, 3.8681249618530273, 1.1953657865524292, 7.748573807475623e-06, 2.50339189733495e-06, 0.00046492734691128135, 0.0853840708732605, 4.768370445162873e-07, 8.583032467868179e-06, 1.0490362910786644e-05, 0.00037496211007237434, 0.1271030604839325, 5.006777428206988e-06, 7.152555099310121e-07, 0.00020990552729927003, 0.043043073266744614, 4.0531076592742465e-06, 9.893881360767409e-05, 1.5020257706055418e-05]",1.0117531000011142,-0.0033749543338863486
81,294,295,119,0.00013828277587890625,0.00014996710524428636,1.0134836792537307,"[17.018369674682617, 9.775113539944869e-06, 9.298280929215252e-06, 3.909988299710676e-05, 3.853020191192627, 1.1497070789337158, 7.867782187531702e-06, 2.264974000354414e-06, 0.00047958316281437874, 0.07576054334640503, 3.576278118089249e-07, 7.629365427419543e-06, 1.1086402082582936e-05, 0.0003587556129787117, 0.16042831540107727, 5.245195097813848e-06, 7.152555099310121e-07, 0.00021205084340181202, 0.03808422014117241, 4.6491513785440475e-06, 0.00010775939153973013, 1.4781842764932662e-05]",1.0117531000011142,-0.0017305792526165487
82,114,128,119,0.0002689361572265625,0.0002772425068542361,1.0127955938109598,"[17.05280303955078, 8.4638240878121e-06, 8.4638240878121e-06, 3.71926071238704e-05, 3.821495771408081, 1.148431420326233, 7.986990567587782e-06, 2.264974000354414e-06, 0.0005398723296821117, 0.07650091499090195, 4.768370445162873e-07, 7.510157047363464e-06, 1.0609570381348021e-05, 0.0003586364327929914, 0.14285564422607422, 5.006777428206988e-06, 7.152555099310121e-07, 0.00021824838768225163, 0.03808077424764633, 4.887569048150908e-06, 0.00011038171214750037, 1.4781842764932662e-05]",1.0117531000011142,-0.0010424938098456682
83,269,275,119,0.0001544952392578125,0.00016189432062674314,1.0134836792537307,"[17.018369674682617, 9.775113539944869e-06, 9.298280929215252e-06, 3.909988299710676e-05, 3.853020191192627, 1.1497070789337158, 7.867782187531702e-06, 2.264974000354414e-06, 0.00047958316281437874, 0.07576054334640503, 3.576278118089249e-07, 7.629365427419543e-06, 1.1086402082582936e-05, 0.0003587556129787117, 0.16042831540107727, 5.245195097813848e-06, 7.152555099310121e-07, 0.00021205084340181202, 0.03808422014117241, 4.6491513785440475e-06, 0.00010775939153973013, 1.4781842764932662e-05]",1.0117531000011142,-0.0017305792526165487
84,318,324,119,0.000118255615234375,0.00012384918227326125,1.009261527695292,"[16.895030975341797, 1.1086402082582936e-05, 8.4638240878121e-06, 3.4450891689630225e-05, 3.9048166275024414, 1.1495425701141357, 8.22540732769994e-06, 2.7418097943154862e-06, 0.0005393957253545523, 0.07649186253547668, 4.768370445162873e-07, 7.152531907195225e-06, 1.0609570381348021e-05, 0.0003721021639648825, 0.14286907017230988, 5.125986263010418e-06, 8.344646857949556e-07, 0.00021228920377325267, 0.03368357568979263, 3.814689989667386e-06, 8.737658936297521e-05, 1.4781842764932662e-05]",1.0117531000011142,0.0024915723058220873
85,333,338,119,9.441375732421875e-05,9.777637751540169e-05,1.010087990569616,"[16.895042419433594, 1.0490362910786644e-05, 1.07287787614041e-05, 3.528532761265524e-05, 3.873969554901123, 1.196094274520874, 8.583032467868179e-06, 2.0265558760002023e-06, 0.000476246903417632, 0.08536622673273087, 4.768370445162873e-07, 7.748573807475623e-06, 1.1086402082582936e-05, 0.0003723404952324927, 0.12711356580257416, 6.6756979322235566e-06, 9.536738616588991e-07, 0.0002388668799540028, 0.0430484414100647, 3.933898824470816e-06, 9.989239333663136e-05, 1.597391747054644e-05]",1.0117531000011142,0.001665109431498113
86,348,350,119,6.67572021484375e-05,7.180094689829275e-05,1.010087990569616,"[16.895042419433594, 1.0490362910786644e-05, 1.07287787614041e-05, 3.528532761265524e-05, 3.873969554901123, 1.196094274520874, 8.583032467868179e-06, 2.0265558760002023e-06, 0.000476246903417632, 0.08536622673273087, 4.768370445162873e-07, 7.748573807475623e-06, 1.1086402082582936e-05, 0.0003723404952324927, 0.12711356580257416, 6.6756979322235566e-06, 9.536738616588991e-07, 0.0002388668799540028, 0.0430484414100647, 3.933898824470816e-06, 9.989239333663136e-05, 1.597391747054644e-05]",1.0117531000011142,0.001665109431498113
87,314,320,119,0.00012302398681640625,0.00012693600729107857,1.0101048313507797,"[16.936119079589844, 9.894321920000948e-06, 9.536697689327411e-06, 3.397406908334233e-05, 3.92362642288208, 1.110713243484497, 7.867782187531702e-06, 2.264974000354414e-06, 0.00045849301386624575, 0.08537279814481735, 4.768370445162873e-07, 8.22540732769994e-06, 9.894321920000948e-06, 0.0003718638326972723, 0.1271112561225891, 6.437280717364047e-06, 8.344646857949556e-07, 0.0002308817347511649, 0.03808410465717316, 4.887569048150908e-06, 0.00010764019680209458, 1.6212332411669195e-05]",1.0117531000011142,0.0016482686503345167
88,345,342,119,7.62939453125e-05,8.552009239792824e-05,1.0056203614702885,"[16.830862045288086, 9.059865078597795e-06, 1.07287787614041e-05, 3.45700973412022e-05, 3.930495262145996, 1.1111589670181274, 7.986990567587782e-06, 2.50339189733495e-06, 0.00048530244384892285, 0.084660105407238, 4.768370445162873e-07, 7.390948667307384e-06, 9.894321920000948e-06, 0.00037889453233219683, 0.12710905075073242, 4.887569048150908e-06, 8.344646857949556e-07, 0.0002146728802472353, 0.03808112069964409, 4.768360213347478e-06, 9.440929716220126e-05, 1.5020257706055418e-05]",1.0117531000011142,0.006132738530825632
89,142,147,119,0.000247955322265625,0.0002623612235765904,1.0109480282926908,"[16.93678092956543, 1.0847986231965479e-05, 1.0847986231965479e-05, 3.433168603805825e-05, 3.931079864501953, 1.1097960472106934, 7.390948667307384e-06, 2.264974000354414e-06, 0.0005061537376604974, 0.08537936210632324, 4.768370445162873e-07, 7.867782187531702e-06, 9.894321920000948e-06, 0.00034374051028862596, 0.14286381006240845, 5.006777428206988e-06, 8.344646857949556e-07, 0.0002051381452474743, 0.0336843840777874, 4.6491513785440475e-06, 0.00010823617776622996, 1.4543427823809907e-05]",1.0117531000011142,0.0008050717084233661
90,26,38,119,0.0003299713134765625,0.00034653101465664804,1.0132095737589955,"[16.948532104492188, 8.583032467868179e-06, 9.417489309271332e-06, 3.611976353568025e-05, 3.934792995452881, 1.1494101285934448, 7.510157047363464e-06, 2.50339189733495e-06, 0.00045015214709565043, 0.07572826743125916, 3.576278118089249e-07, 7.867782187531702e-06, 9.894321920000948e-06, 0.00036066226311959326, 0.14286184310913086, 5.006777428206988e-06, 8.344646857949556e-07, 0.00018904806347563863, 0.0380815789103508, 3.4570634852570947e-06, 9.655486064730212e-05, 1.5735502529423684e-05]",1.0117531000011142,-0.0014564737578812714
91,61,62,119,0.00030517578125,0.00032897471101023257,1.0089316751323503,"[16.893417358398438, 9.059865078597795e-06, 1.0967194612021558e-05, 3.2782016205601394e-05, 3.8966825008392334, 1.1484310626983643, 7.390948667307384e-06, 2.264974000354414e-06, 0.0004961451631970704, 0.07572617381811142, 3.576278118089249e-07, 7.152531907195225e-06, 1.0609570381348021e-05, 0.00037520044133998454, 0.14285987615585327, 6.437280717364047e-06, 8.344646857949556e-07, 0.0002138386043952778, 0.03808525204658508, 4.0531076592742465e-06, 0.00010048838157672435, 1.7046782886609435e-05]",1.0117531000011142,0.002821424868763911
93,174,176,119,0.0002231597900390625,0.00023981065896805376,1.0130439409289471,"[16.94190216064453, 8.34461570775602e-06, 1.07287787614041e-05, 3.45700973412022e-05, 3.929095506668091, 1.149117350578308, 7.271740287251305e-06, 2.264974000354414e-06, 0.00047386385267600417, 0.08464454859495163, 3.576278118089249e-07, 7.033323527139146e-06, 1.0490362910786644e-05, 0.0003545847721397877, 0.14286597073078156, 4.410734163684538e-06, 8.344646857949556e-07, 0.00021217002358753234, 0.03808502107858658, 3.933898824470816e-06, 0.00010918975021922961, 1.6093124941107817e-05]",1.0117531000011142,-0.001290840927832937
94,168,177,119,0.0002288818359375,0.00023978961689863354,1.0110277403250465,"[16.94190788269043, 1.1086402082582936e-05, 1.0847986231965479e-05, 3.313963316031732e-05, 3.8422718048095703, 1.1952400207519531, 7.033323527139146e-06, 2.50339189733495e-06, 0.0004814896092284471, 0.0853840708732605, 4.768370445162873e-07, 7.271740287251305e-06, 9.894321920000948e-06, 0.00035768310772255063, 0.14286081492900848, 4.887569048150908e-06, 7.152555099310121e-07, 0.00021252757869660854, 0.033686574548482895, 3.6954811548639555e-06, 9.989239333663136e-05, 1.597391747054644e-05]",1.0117531000011142,0.0007253596760676828
95,267,273,119,0.00015544891357421875,0.00016339738795068115,1.006762518431091,"[17.018409729003906, 8.702239938429557e-06, 8.34461570775602e-06, 3.731181277544238e-05, 3.8172550201416016, 1.065598964691162, 6.6756979322235566e-06, 2.264974000354414e-06, 0.000521523819770664, 0.08538976311683655, 4.768370445162873e-07, 7.271740287251305e-06, 1.0847986231965479e-05, 0.00037222131504677236, 0.12710873782634735, 5.125986263010418e-06, 8.344646857949556e-07, 0.00021264675888232887, 0.03368507698178291, 4.887569048150908e-06, 0.00011336160969221964, 1.5616295058862306e-05]",1.0117531000011142,0.004990581570023078
96,302,302,119,0.000133514404296875,0.00014399188512470573,1.010403720353121,"[16.93610382080078, 8.702239938429557e-06, 8.34461570775602e-06, 3.373566141817719e-05, 3.930941104888916, 1.1099746227264404, 7.629365427419543e-06, 2.50339189733495e-06, 0.0004932855372317135, 0.08538778871297836, 4.768370445162873e-07, 7.033323527139146e-06, 1.1086402082582936e-05, 0.00037293630884960294, 0.12709088623523712, 5.006777428206988e-06, 8.344646857949556e-07, 0.0002261144545627758, 0.038083989173173904, 4.410734163684538e-06, 0.00010108436981681734, 1.645074735279195e-05]",1.0117531000011142,0.0013493796479930875
97,177,184,119,0.00021839141845703125,0.00023032336321193725,1.0134836792537307,"[17.018369674682617, 9.775113539944869e-06, 9.298280929215252e-06, 3.909988299710676e-05, 3.853020191192627, 1.1497070789337158, 7.867782187531702e-06, 2.264974000354414e-06, 0.00047958316281437874, 0.07576054334640503, 3.576278118089249e-07, 7.629365427419543e-06, 1.1086402082582936e-05, 0.0003587556129787117, 0.16042831540107727, 5.245195097813848e-06, 7.152555099310121e-07, 0.00021205084340181202, 0.03808422014117241, 4.6491513785440475e-06, 0.00010775939153973013, 1.4781842764932662e-05]",1.0117531000011142,-0.0017305792526165487
98,107,86,119,0.000274658203125,0.00030955762485973537,1.014811312338439,"[16.95010757446289, 1.0967194612021558e-05, 1.0847986231965479e-05, 3.3854863431770355e-05, 3.9378082752227783, 1.1860929727554321, 6.6756979322235566e-06, 2.50339189733495e-06, 0.0005141366855241358, 0.08537903428077698, 3.576278118089249e-07, 7.629365427419543e-06, 1.0490362910786644e-05, 0.0003411188081372529, 0.12710705399513245, 5.125986263010418e-06, 7.152555099310121e-07, 0.00021073981770314276, 0.038080547004938126, 4.6491513785440475e-06, 9.798523387871683e-05, 1.5616295058862306e-05]",1.0117531000011142,-0.0030582123373248393
105,57,54,119,0.0003070831298828125,0.00033401313703507185,1.00476491631031,"[16.886167526245117, 1.07287787614041e-05, 8.4638240878121e-06, 3.755022044060752e-05, 3.8220314979553223, 1.1491339206695557, 8.106198947643861e-06, 2.264974000354414e-06, 0.0004994813934899867, 0.08539216965436935, 3.576278118089249e-07, 7.152531907195225e-06, 9.894321920000948e-06, 0.000362807244528085, 0.1271325647830963, 5.722029527532868e-06, 7.152555099310121e-07, 0.00020096666412428021, 0.03369003161787987, 3.933898824470816e-06, 0.00010644822759786621, 1.585470999998506e-05]",1.0117531000011142,0.006988183690804117
114,110,121,119,0.000270843505859375,0.0002824404218699783,1.009417731759656,"[17.011079788208008, 8.702239938429557e-06, 8.583032467868179e-06, 3.528532761265524e-05, 3.8138067722320557, 1.1112382411956787, 7.152531907195225e-06, 2.50339189733495e-06, 0.00045170116936787963, 0.07573114335536957, 4.768370445162873e-07, 6.556489552167477e-06, 9.775113539944869e-06, 0.00036149643710814416, 0.1604091227054596, 4.410734163684538e-06, 9.536738616588991e-07, 0.00023052419419400394, 0.033687956631183624, 4.768360213347478e-06, 8.892617915989831e-05, 1.5258672647178173e-05]",1.0117531000011142,0.002335368241458191
115,226,212,119,0.00018596649169921875,0.00020652309467550367,1.009261527695292,"[16.895030975341797, 1.1086402082582936e-05, 8.4638240878121e-06, 3.4450891689630225e-05, 3.9048166275024414, 1.1495425701141357, 8.22540732769994e-06, 2.7418097943154862e-06, 0.0005393957253545523, 0.07649186253547668, 4.768370445162873e-07, 7.152531907195225e-06, 1.0609570381348021e-05, 0.0003721021639648825, 0.14286907017230988, 5.125986263010418e-06, 8.344646857949556e-07, 0.00021228920377325267, 0.03368357568979263, 3.814689989667386e-06, 8.737658936297521e-05, 1.4781842764932662e-05]",1.0117531000011142,0.0024915723058220873
120,86,94,119,0.0002880096435546875,0.00030430269544012845,1.013768104655226,"[17.00446891784668, 9.536697689327411e-06, 1.0847986231965479e-05, 3.45700973412022e-05, 3.8668947219848633, 1.1507359743118286, 7.986990567587782e-06, 2.264974000354414e-06, 0.000529149197973311, 0.08537892252206802, 4.768370445162873e-07, 7.748573807475623e-06, 9.894321920000948e-06, 0.00036113892565481365, 0.16041705012321472, 4.410734163684538e-06, 7.152555099310121e-07, 0.0002162222663173452, 0.033684615045785904, 3.933898824470816e-06, 0.00010334911348763853, 1.585470999998506e-05]",1.0117531000011142,-0.0020150046541118627
121,111,125,119,0.000270843505859375,0.0002787465928122401,1.0129234225096608,"[17.018362045288086, 1.2278481335670222e-05, 1.1205610462639015e-05, 3.766942609217949e-05, 3.8133256435394287, 1.1958448886871338, 7.986990567587782e-06, 2.264974000354414e-06, 0.0004742213059216738, 0.08539238572120667, 4.768370445162873e-07, 7.986990567587782e-06, 1.07287787614041e-05, 0.0003418338019400835, 0.12710705399513245, 5.960446742392378e-06, 8.344646857949556e-07, 0.00020323118951637298, 0.04304787144064903, 3.933898824470816e-06, 0.00010108436981681734, 1.3708974620385561e-05]",1.0117531000011142,-0.0011703225085466507
122,272,278,119,0.000152587890625,0.00016015683650039136,1.010087990569616,"[16.895042419433594, 1.0490362910786644e-05, 1.07287787614041e-05, 3.528532761265524e-05, 3.873969554901123, 1.196094274520874, 8.583032467868179e-06, 2.0265558760002023e-06, 0.000476246903417632, 0.08536622673273087, 4.768370445162873e-07, 7.748573807475623e-06, 1.1086402082582936e-05, 0.0003723404952324927, 0.12711356580257416, 6.6756979322235566e-06, 9.536738616588991e-07, 0.0002388668799540028, 0.0430484414100647, 3.933898824470816e-06, 9.989239333663136e-05, 1.597391747054644e-05]",1.0117531000011142,0.001665109431498113
123,304,314,119,0.0001316070556640625,0.00013575787306763232,1.0134836792537307,"[17.018369674682617, 9.775113539944869e-06, 9.298280929215252e-06, 3.909988299710676e-05, 3.853020191192627, 1.1497070789337158, 7.867782187531702e-06, 2.264974000354414e-06, 0.00047958316281437874, 0.07576054334640503, 3.576278118089249e-07, 7.629365427419543e-06, 1.1086402082582936e-05, 0.0003587556129787117, 0.16042831540107727, 5.245195097813848e-06, 7.152555099310121e-07, 0.00021205084340181202, 0.03808422014117241, 4.6491513785440475e-06, 0.00010775939153973013, 1.4781842764932662e-05]",1.0117531000011142,-0.0017305792526165487
124,347,348,119,7.152557373046875e-05,7.948357961140573e-05,1.009261527695292,"[16.895030975341797, 1.1086402082582936e-05, 8.4638240878121e-06, 3.4450891689630225e-05, 3.9048166275024414, 1.1495425701141357, 8.22540732769994e-06, 2.7418097943154862e-06, 0.0005393957253545523, 0.07649186253547668, 4.768370445162873e-07, 7.152531907195225e-06, 1.0609570381348021e-05, 0.0003721021639648825, 0.14286907017230988, 5.125986263010418e-06, 8.344646857949556e-07, 0.00021228920377325267, 0.03368357568979263, 3.814689989667386e-06, 8.737658936297521e-05, 1.4781842764932662e-05]",1.0117531000011142,0.0024915723058220873
125,150,157,119,0.000240325927734375,0.0002512765349820256,1.0135247611551987,"[17.026735305786133, 9.059865078597795e-06, 9.536697689327411e-06, 3.5523738915799186e-05, 3.937114715576172, 1.0660560131072998, 7.867782187531702e-06, 2.264974000354414e-06, 0.0005060345865786076, 0.08539599925279617, 4.768370445162873e-07, 7.867782187531702e-06, 1.1086402082582936e-05, 0.00036042393185198307, 0.14286452531814575, 5.602820692729438e-06, 8.344646857949556e-07, 0.00021181246847845614, 0.0380859412252903, 3.6954811548639555e-06, 0.00010525626566959545, 1.490105023549404e-05]",1.0117531000011142,-0.0017716611540845584
126,41,48,119,0.000316619873046875,0.00033612133120186627,1.0221006263102068,"[17.110153198242188, 8.34461570775602e-06, 9.536697689327411e-06, 3.5523738915799186e-05, 3.932971715927124, 1.195603609085083, 7.629365427419543e-06, 2.50339189733495e-06, 0.0005044856225140393, 0.08538100123405457, 4.768370445162873e-07, 7.152531907195225e-06, 1.07287787614041e-05, 0.0003669780562631786, 0.12710978090763092, 5.364403477869928e-06, 8.344646857949556e-07, 0.00021717573690693825, 0.03368542343378067, 3.933898824470816e-06, 0.0001134808044298552, 1.490105023549404e-05]",1.0117531000011142,-0.010347526309092636
129,205,206,119,0.00019550323486328125,0.0002118971897289157,1.009261527695292,"[16.895030975341797, 1.1086402082582936e-05, 8.4638240878121e-06, 3.4450891689630225e-05, 3.9048166275024414, 1.1495425701141357, 8.22540732769994e-06, 2.7418097943154862e-06, 0.0005393957253545523, 0.07649186253547668, 4.768370445162873e-07, 7.152531907195225e-06, 1.0609570381348021e-05, 0.0003721021639648825, 0.14286907017230988, 5.125986263010418e-06, 8.344646857949556e-07, 0.00021228920377325267, 0.03368357568979263, 3.814689989667386e-06, 8.737658936297521e-05, 1.4781842764932662e-05]",1.0117531000011142,0.0024915723058220873
130,74,88,119,0.00029754638671875,0.00030619758763350546,1.0062048392969236,"[16.934539794921875, 1.1086402082582936e-05, 8.34461570775602e-06, 3.40932747349143e-05, 3.7553257942199707, 1.1947826147079468, 7.629365427419543e-06, 2.264974000354414e-06, 0.00047958316281437874, 0.08538363128900528, 4.768370445162873e-07, 7.152531907195225e-06, 1.0609570381348021e-05, 0.00038771264371462166, 0.1270962506532669, 5.364403477869928e-06, 7.152555099310121e-07, 0.00021431533969007432, 0.03808410465717316, 3.576272320060525e-06, 0.00010477947944309562, 1.6569954823353328e-05]",1.0117531000011142,0.005548260704190566
131,239,246,119,0.0001773834228515625,0.00018580981122795492,1.009261527695292,"[16.895030975341797, 1.1086402082582936e-05, 8.4638240878121e-06, 3.4450891689630225e-05, 3.9048166275024414, 1.1495425701141357, 8.22540732769994e-06, 2.7418097943154862e-06, 0.0005393957253545523, 0.07649186253547668, 4.768370445162873e-07, 7.152531907195225e-06, 1.0609570381348021e-05, 0.0003721021639648825, 0.14286907017230988, 5.125986263010418e-06, 8.344646857949556e-07, 0.00021228920377325267, 0.03368357568979263, 3.814689989667386e-06, 8.737658936297521e-05, 1.4781842764932662e-05]",1.0117531000011142,0.0024915723058220873
132,273,279,119,0.000152587890625,0.0001593582856003195,1.0110613920057754,"[16.86540412902832, 8.583032467868179e-06, 8.4638240878121e-06, 3.421248038648628e-05, 3.9306674003601074, 1.1848361492156982, 8.22540732769994e-06, 2.264974000354414e-06, 0.0004862556525040418, 0.08463019877672195, 4.768370445162873e-07, 7.152531907195225e-06, 1.0609570381348021e-05, 0.00035375059815123677, 0.14286917448043823, 5.483612312673358e-06, 8.344646857949556e-07, 0.0002146728802472353, 0.03368576616048813, 4.6491513785440475e-06, 9.738924563862383e-05, 1.4781842764932662e-05]",1.0117531000011142,0.0006917079953387972
133,327,327,119,0.00010967254638671875,0.00011626884952420369,1.009261527695292,"[16.895030975341797, 1.1086402082582936e-05, 8.4638240878121e-06, 3.4450891689630225e-05, 3.9048166275024414, 1.1495425701141357, 8.22540732769994e-06, 2.7418097943154862e-06, 0.0005393957253545523, 0.07649186253547668, 4.768370445162873e-07, 7.152531907195225e-06, 1.0609570381348021e-05, 0.0003721021639648825, 0.14286907017230988, 5.125986263010418e-06, 8.344646857949556e-07, 0.00021228920377325267, 0.03368357568979263, 3.814689989667386e-06, 8.737658936297521e-05, 1.4781842764932662e-05]",1.0117531000011142,0.0024915723058220873
134,252,252,119,0.0001678466796875,0.00018144634668715298,1.0098849436355202,"[16.950040817260742, 1.0847986231965479e-05, 1.07287787614041e-05, 3.3378044463461265e-05, 3.9338011741638184, 1.0660195350646973, 7.271740287251305e-06, 2.264974000354414e-06, 0.0004744596080854535, 0.08539643883705139, 4.768370445162873e-07, 7.748573807475623e-06, 1.1086402082582936e-05, 0.0003418338019400835, 0.1428566724061966, 5.125986263010418e-06, 9.536738616588991e-07, 0.00024005869636312127, 0.0380859412252903, 4.768360213347478e-06, 0.00010024998482549563, 1.6927575416048057e-05]",1.0117531000011142,0.0018681563655940092
136,11,23,119,0.0003452301025390625,0.0003650579019449651,1.013016168949114,"[17.061721801757812, 1.07287787614041e-05, 8.4638240878121e-06, 3.3854863431770355e-05, 3.828242778778076, 1.1112048625946045, 8.106198947643861e-06, 2.264974000354414e-06, 0.0004996005445718765, 0.08538264781236649, 4.768370445162873e-07, 8.106198947643861e-06, 1.07287787614041e-05, 0.0003694805200211704, 0.1604357361793518, 5.602820692729438e-06, 8.344646857949556e-07, 0.00021669900161214173, 0.038080889731645584, 4.0531076592742465e-06, 9.381330892210826e-05, 1.4185804502631072e-05]",1.0117531000011142,-0.001263068947999768
138,126,134,119,0.0002593994140625,0.0002724055666476488,1.013559938752978,"[17.01259994506836, 8.702239938429557e-06, 8.4638240878121e-06, 3.4450891689630225e-05, 3.8221793174743652, 1.1958569288253784, 8.106198947643861e-06, 2.0265558760002023e-06, 0.000545472139492631, 0.08538571000099182, 4.768370445162873e-07, 7.867782187531702e-06, 1.0490362910786644e-05, 0.0003589939442463219, 0.1428644210100174, 5.364403477869928e-06, 8.344646857949556e-07, 0.00021801002731081098, 0.03809087350964546, 4.6491513785440475e-06, 0.00010871296399272978, 1.883488948806189e-05]",1.0117531000011142,-0.0018068387518637152
139,206,211,119,0.00019550323486328125,0.0002069196489173919,1.0137757086268484,"[16.94196891784668, 9.059865078597795e-06, 1.0847986231965479e-05, 3.683499380713329e-05, 3.9272217750549316, 1.1495224237442017, 7.629365427419543e-06, 2.50339189733495e-06, 0.00046171018038876355, 0.08462844789028168, 4.768370445162873e-07, 7.748573807475623e-06, 9.894321920000948e-06, 0.00033706706017255783, 0.16040872037410736, 5.245195097813848e-06, 7.152555099310121e-07, 0.000226472009671852, 0.03808502107858658, 4.410734163684538e-06, 9.369411418447271e-05, 1.597391747054644e-05]",1.0117531000011142,-0.0020226086257342235
140,223,235,119,0.000186920166015625,0.00019350140064489096,1.009261527695292,"[16.895030975341797, 1.1086402082582936e-05, 8.4638240878121e-06, 3.4450891689630225e-05, 3.9048166275024414, 1.1495425701141357, 8.22540732769994e-06, 2.7418097943154862e-06, 0.0005393957253545523, 0.07649186253547668, 4.768370445162873e-07, 7.152531907195225e-06, 1.0609570381348021e-05, 0.0003721021639648825, 0.14286907017230988, 5.125986263010418e-06, 8.344646857949556e-07, 0.00021228920377325267, 0.03368357568979263, 3.814689989667386e-06, 8.737658936297521e-05, 1.4781842764932662e-05]",1.0117531000011142,0.0024915723058220873
141,330,330,119,9.965896606445312e-05,0.00010831090185092762,1.009261527695292,"[16.895030975341797, 1.1086402082582936e-05, 8.4638240878121e-06, 3.4450891689630225e-05, 3.9048166275024414, 1.1495425701141357, 8.22540732769994e-06, 2.7418097943154862e-06, 0.0005393957253545523, 0.07649186253547668, 4.768370445162873e-07, 7.152531907195225e-06, 1.0609570381348021e-05, 0.0003721021639648825, 0.14286907017230988, 5.125986263010418e-06, 8.344646857949556e-07, 0.00021228920377325267, 0.03368357568979263, 3.814689989667386e-06, 8.737658936297521e-05, 1.4781842764932662e-05]",1.0117531000011142,0.0024915723058220873
142,282,289,119,0.00014591217041015625,0.00015386322047561407,1.009261527695292,"[16.895030975341797, 1.1086402082582936e-05, 8.4638240878121e-06, 3.4450891689630225e-05, 3.9048166275024414, 1.1495425701141357, 8.22540732769994e-06, 2.7418097943154862e-06, 0.0005393957253545523, 0.07649186253547668, 4.768370445162873e-07, 7.152531907195225e-06, 1.0609570381348021e-05, 0.0003721021639648825, 0.14286907017230988, 5.125986263010418e-06, 8.344646857949556e-07, 0.00021228920377325267, 0.03368357568979263, 3.814689989667386e-06, 8.737658936297521e-05, 1.4781842764932662e-05]",1.0117531000011142,0.0024915723058220873
143,276,263,119,0.00014972686767578125,0.0001730389049043879,1.009261527695292,"[16.895030975341797, 1.1086402082582936e-05, 8.4638240878121e-06, 3.4450891689630225e-05, 3.9048166275024414, 1.1495425701141357, 8.22540732769994e-06, 2.7418097943154862e-06, 0.0005393957253545523, 0.07649186253547668, 4.768370445162873e-07, 7.152531907195225e-06, 1.0609570381348021e-05, 0.0003721021639648825, 0.14286907017230988, 5.125986263010418e-06, 8.344646857949556e-07, 0.00021228920377325267, 0.03368357568979263, 3.814689989667386e-06, 8.737658936297521e-05, 1.4781842764932662e-05]",1.0117531000011142,0.0024915723058220873
151,87,67,119,0.0002880096435546875,0.000324955559335649,1.0036998088050382,"[16.8876895904541, 1.07287787614041e-05, 8.583032467868179e-06, 3.397406908334233e-05, 3.814967393875122, 1.1111475229263306, 8.22540732769994e-06, 2.50339189733495e-06, 0.0004670721245929599, 0.08538801223039627, 4.768370445162873e-07, 7.271740287251305e-06, 9.894321920000948e-06, 0.0003672163875307888, 0.1428646296262741, 5.602820692729438e-06, 7.152555099310121e-07, 0.00021431533969007432, 0.03808846324682236, 3.933898824470816e-06, 9.476689592702314e-05, 1.490105023549404e-05]",1.0117531000011142,0.008053291196076007
158,75,31,119,0.00029754638671875,0.00035689695505425334,1.0190557701689769,"[17.025754928588867, 8.4638240878121e-06, 9.417489309271332e-06, 3.349725011503324e-05, 3.9304137229919434, 1.1953802108764648, 7.510157047363464e-06, 2.264974000354414e-06, 0.0005432083853520453, 0.08539413660764694, 4.768370445162873e-07, 7.986990567587782e-06, 9.894321920000948e-06, 0.00037508129025809467, 0.14285853505134583, 5.602820692729438e-06, 7.152555099310121e-07, 0.00021586472576018423, 0.038090988993644714, 4.0531076592742465e-06, 9.48860906646587e-05, 1.549708758830093e-05]",1.0117531000011142,-0.007302670167862679
159,124,113,119,0.0002613067626953125,0.0002887803711928427,1.012805351914458,"[16.99858283996582, 8.4638240878121e-06, 8.4638240878121e-06, 3.71926071238704e-05, 3.9017398357391357, 1.1095713376998901, 6.9141146923357155e-06, 2.264974000354414e-06, 0.0004752936656586826, 0.08465670794248581, 4.768370445162873e-07, 7.748573807475623e-06, 1.0490362910786644e-05, 0.00036745471879839897, 0.14285244047641754, 5.602820692729438e-06, 9.536738616588991e-07, 0.0002150304353563115, 0.04304330423474312, 3.814689989667386e-06, 0.00010561384988250211, 1.549708758830093e-05]",1.0117531000011142,-0.0010522519133437935
160,292,266,119,0.0001392364501953125,0.00016842577315401286,1.0179420384072686,"[17.115327835083008, 9.298280929215252e-06, 1.07287787614041e-05, 3.361645576660521e-05, 3.9310386180877686, 1.1011916399002075, 7.867782187531702e-06, 2.50339189733495e-06, 0.0004680253332480788, 0.07573379576206207, 4.768370445162873e-07, 7.867782187531702e-06, 9.775113539944869e-06, 0.0003844952443614602, 0.1271064281463623, 5.602820692729438e-06, 8.344646857949556e-07, 0.00021419614495243877, 0.0430426187813282, 4.0531076592742465e-06, 0.00010883215873036534, 1.5735502529423684e-05]",1.0117531000011142,-0.006188938406154421
161,157,163,119,0.0002346038818359375,0.0002452855696901679,1.007977787918962,"[16.996307373046875, 7.510157047363464e-06, 8.4638240878121e-06, 3.373566141817719e-05, 3.820404529571533, 1.1113160848617554, 7.390948667307384e-06, 2.264974000354414e-06, 0.0005125877796672285, 0.08539238572120667, 4.768370445162873e-07, 7.152531907195225e-06, 9.894321920000948e-06, 0.00037329382030293345, 0.12709812819957733, 4.529942543740617e-06, 8.344646857949556e-07, 0.00021801002731081098, 0.0336843840777874, 4.887569048150908e-06, 0.00010144196130568162, 1.597391747054644e-05]",1.0117531000011142,0.0037753120821522046
162,170,166,119,0.000225067138671875,0.0002442460390739143,1.0190889063380526,"[17.11533546447754, 9.179073458653875e-06, 9.298280929215252e-06, 3.7431014789035544e-05, 3.9302868843078613, 1.1111226081848145, 8.4638240878121e-06, 2.7418097943154862e-06, 0.0004755319678224623, 0.08538132905960083, 4.768370445162873e-07, 7.510157047363464e-06, 1.1086402082582936e-05, 0.00036614391137845814, 0.14286018908023834, 6.6756979322235566e-06, 8.344646857949556e-07, 0.00022480344341602176, 0.03368507698178291, 4.6491513785440475e-06, 0.00010489867418073118, 1.4662635294371285e-05]",1.0117531000011142,-0.007335806336938422
165,147,148,119,0.00024127960205078125,0.00026030096341855824,1.0145258174464764,"[17.052837371826172, 8.702239938429557e-06, 7.629365427419543e-06, 3.516612196108326e-05, 3.823143482208252, 1.1955957412719727, 7.867782187531702e-06, 2.0265558760002023e-06, 0.0005279577453620732, 0.07647684216499329, 4.768370445162873e-07, 7.986990567587782e-06, 1.0490362910786644e-05, 0.0003873551613651216, 0.1271212249994278, 5.125986263010418e-06, 8.344646857949556e-07, 0.0002134810492862016, 0.04304924234747887, 4.6491513785440475e-06, 0.00010942813969450071, 1.490105023549404e-05]",1.0117531000011142,-0.002772717445362227
166,62,79,119,0.00030517578125,0.00031694481731392443,1.003488808909124,"[16.886165618896484, 1.07287787614041e-05, 1.0847986231965479e-05, 3.4927710657939315e-05, 3.8116724491119385, 1.1112699508666992, 7.629365427419543e-06, 2.264974000354414e-06, 0.0004981707315891981, 0.08538932353258133, 4.768370445162873e-07, 7.867782187531702e-06, 1.0609570381348021e-05, 0.00038425691309385, 0.1428615301847458, 5.722029527532868e-06, 8.344646857949556e-07, 0.0002115741081070155, 0.03808766230940819, 4.6491513785440475e-06, 0.00010072677832795307, 1.597391747054644e-05]",1.0117531000011142,0.008264291091990117
167,193,195,119,0.00020599365234375,0.0002176085254177451,1.0134836792537307,"[17.018369674682617, 9.775113539944869e-06, 9.298280929215252e-06, 3.909988299710676e-05, 3.853020191192627, 1.1497070789337158, 7.867782187531702e-06, 2.264974000354414e-06, 0.00047958316281437874, 0.07576054334640503, 3.576278118089249e-07, 7.629365427419543e-06, 1.1086402082582936e-05, 0.0003587556129787117, 0.16042831540107727, 5.245195097813848e-06, 7.152555099310121e-07, 0.00021205084340181202, 0.03808422014117241, 4.6491513785440475e-06, 0.00010775939153973013, 1.4781842764932662e-05]",1.0117531000011142,-0.0017305792526165487
168,242,247,119,0.00017642974853515625,0.00018543607438914478,1.0134836792537307,"[17.018369674682617, 9.775113539944869e-06, 9.298280929215252e-06, 3.909988299710676e-05, 3.853020191192627, 1.1497070789337158, 7.867782187531702e-06, 2.264974000354414e-06, 0.00047958316281437874, 0.07576054334640503, 3.576278118089249e-07, 7.629365427419543e-06, 1.1086402082582936e-05, 0.0003587556129787117, 0.16042831540107727, 5.245195097813848e-06, 7.152555099310121e-07, 0.00021205084340181202, 0.03808422014117241, 4.6491513785440475e-06, 0.00010775939153973013, 1.4781842764932662e-05]",1.0117531000011142,-0.0017305792526165487
169,321,323,119,0.00011682510375976562,0.0001243890292244032,1.0128696829091992,"[17.0734920501709, 1.0013530300057027e-05, 9.775113539944869e-06, 3.433168603805825e-05, 3.8144805431365967, 1.1100267171859741, 8.4638240878121e-06, 2.50339189733495e-06, 0.00048160876031033695, 0.08538242429494858, 4.768370445162873e-07, 7.986990567587782e-06, 9.775113539944869e-06, 0.00035684893373399973, 0.16041146218776703, 5.125986263010418e-06, 8.344646857949556e-07, 0.00020811776630580425, 0.03808559477329254, 4.410734163684538e-06, 9.83428253675811e-05, 1.5616295058862306e-05]",1.0117531000011142,-0.0011165829080850287
170,289,283,119,0.00014209747314453125,0.00015628966502845287,1.0044498750256914,"[16.94853973388672, 1.1086402082582936e-05, 8.4638240878121e-06, 3.7788631743751466e-05, 3.7752816677093506, 1.1108393669128418, 7.271740287251305e-06, 2.264974000354414e-06, 0.000510204816237092, 0.08537191897630692, 4.768370445162873e-07, 8.106198947643861e-06, 9.894321920000948e-06, 0.000380324519937858, 0.14286328852176666, 6.079655122448457e-06, 8.344646857949556e-07, 0.0002060916303889826, 0.03368507698178291, 4.410734163684538e-06, 0.0001081169830285944, 1.4781842764932662e-05]",1.0117531000011142,0.007303224975422795
171,24,34,119,0.000331878662109375,0.0003478818398434669,1.0130416204014885,"[16.98514747619629, 1.1205610462639015e-05, 8.34461570775602e-06, 3.814624506048858e-05, 3.9006967544555664, 1.1492222547531128, 7.390948667307384e-06, 2.50339189733495e-06, 0.0004758894501719624, 0.08539227396249771, 4.768370445162873e-07, 7.152531907195225e-06, 1.0490362910786644e-05, 0.00037150635034777224, 0.12709130346775055, 4.768360213347478e-06, 8.344646857949556e-07, 0.00021741411183029413, 0.03808525204658508, 4.6491513785440475e-06, 0.00010251473577227443, 1.7046782886609435e-05]",1.0117531000011142,-0.0012885204003743045
172,71,63,119,0.0002994537353515625,0.00032846431713551283,1.0035083520174133,"[16.887632369995117, 9.775113539944869e-06, 1.0847986231965479e-05, 3.3854863431770355e-05, 3.8155107498168945, 1.1108059883117676, 7.390948667307384e-06, 2.50339189733495e-06, 0.0005061537376604974, 0.08538209646940231, 4.768370445162873e-07, 7.986990567587782e-06, 1.1086402082582936e-05, 0.00035529976594261825, 0.1428520232439041, 5.483612312673358e-06, 8.344646857949556e-07, 0.0002307625545654446, 0.03368645906448364, 4.291525328881107e-06, 0.00011038171214750037, 1.6927575416048057e-05]",1.0117531000011142,0.008244747983700895
174,250,248,119,0.0001697540283203125,0.00018532951071392745,1.009261527695292,"[16.895030975341797, 1.1086402082582936e-05, 8.4638240878121e-06, 3.4450891689630225e-05, 3.9048166275024414, 1.1495425701141357, 8.22540732769994e-06, 2.7418097943154862e-06, 0.0005393957253545523, 0.07649186253547668, 4.768370445162873e-07, 7.152531907195225e-06, 1.0609570381348021e-05, 0.0003721021639648825, 0.14286907017230988, 5.125986263010418e-06, 8.344646857949556e-07, 0.00021228920377325267, 0.03368357568979263, 3.814689989667386e-06, 8.737658936297521e-05, 1.4781842764932662e-05]",1.0117531000011142,0.0024915723058220873
175,283,286,119,0.00014495849609375,0.00015538914885837585,1.019140212638056,"[17.059532165527344, 1.07287787614041e-05, 1.0847986231965479e-05, 3.9219088648678735e-05, 3.9345312118530273, 1.1593905687332153, 8.34461570775602e-06, 2.264974000354414e-06, 0.00047958316281437874, 0.08538494259119034, 4.768370445162873e-07, 7.390948667307384e-06, 9.894321920000948e-06, 0.00038556772051379085, 0.1428644210100174, 5.483612312673358e-06, 8.344646857949556e-07, 0.0002119316632160917, 0.03809007257223129, 4.6491513785440475e-06, 9.715084888739511e-05, 1.6927575416048057e-05]",1.0117531000011142,-0.007387112636941806
176,305,312,119,0.0001316070556640625,0.0001371389807900414,1.0163653199272253,"[17.129430770874023, 1.0371154530730564e-05, 8.34461570775602e-06, 3.58813522325363e-05, 3.8680481910705566, 1.1106626987457275, 7.271740287251305e-06, 1.9073468138230965e-06, 0.0005094899097457528, 0.08539512008428574, 3.576278118089249e-07, 7.390948667307384e-06, 9.894321920000948e-06, 0.0003599472693167627, 0.1271127313375473, 5.245195097813848e-06, 7.152555099310121e-07, 0.00021288513380568475, 0.03808169439435005, 4.0531076592742465e-06, 0.00011717586312443018, 1.490105023549404e-05]",1.0117531000011142,-0.004612219926111161
177,352,352,119,6.437301635742188e-05,7.02107063261792e-05,1.009261527695292,"[16.895030975341797, 1.1086402082582936e-05, 8.4638240878121e-06, 3.4450891689630225e-05, 3.9048166275024414, 1.1495425701141357, 8.22540732769994e-06, 2.7418097943154862e-06, 0.0005393957253545523, 0.07649186253547668, 4.768370445162873e-07, 7.152531907195225e-06, 1.0609570381348021e-05, 0.0003721021639648825, 0.14286907017230988, 5.125986263010418e-06, 8.344646857949556e-07, 0.00021228920377325267, 0.03368357568979263, 3.814689989667386e-06, 8.737658936297521e-05, 1.4781842764932662e-05]",1.0117531000011142,0.0024915723058220873
178,339,341,119,8.58306884765625e-05,8.951660856837407e-05,1.009261527695292,"[16.895030975341797, 1.1086402082582936e-05, 8.4638240878121e-06, 3.4450891689630225e-05, 3.9048166275024414, 1.1495425701141357, 8.22540732769994e-06, 2.7418097943154862e-06, 0.0005393957253545523, 0.07649186253547668, 4.768370445162873e-07, 7.152531907195225e-06, 1.0609570381348021e-05, 0.0003721021639648825, 0.14286907017230988, 5.125986263010418e-06, 8.344646857949556e-07, 0.00021228920377325267, 0.03368357568979263, 3.814689989667386e-06, 8.737658936297521e-05, 1.4781842764932662e-05]",1.0117531000011142,0.0024915723058220873
179,354,354,119,6.198883056640625e-05,6.824178854003549e-05,1.0175598156366836,"[17.102703094482422, 9.775113539944869e-06, 1.07287787614041e-05, 3.480850500636734e-05, 3.9041218757629395, 1.1010891199111938, 7.629365427419543e-06, 2.50339189733495e-06, 0.00048685140791349113, 0.09619596600532532, 4.768370445162873e-07, 7.748573807475623e-06, 9.894321920000948e-06, 0.0003554189461283386, 0.1428539901971817, 4.6491513785440475e-06, 8.344646857949556e-07, 0.00020668754586949944, 0.03808479383587837, 4.6491513785440475e-06, 0.00011085849109804258, 1.3589766240329482e-05]",1.0117531000011142,-0.005806715635569448
180,295,300,119,0.0001373291015625,0.00014448024739976972,0.999852576930142,"[16.823719024658203, 8.4638240878121e-06, 8.34461570775602e-06, 3.397406908334233e-05, 3.8145124912261963, 1.1017236709594727, 6.9141146923357155e-06, 2.264974000354414e-06, 0.00048160876031033695, 0.08538691699504852, 4.768370445162873e-07, 7.629365427419543e-06, 1.1086402082582936e-05, 0.0003644755925051868, 0.12709635496139526, 5.125986263010418e-06, 8.344646857949556e-07, 0.0002109781780745834, 0.04304695874452591, 4.6491513785440475e-06, 0.00010740180005086586, 1.7046782886609435e-05]",1.0117531000011142,0.011900523070972224
181,284,282,119,0.00014495849609375,0.0001579997770022601,1.009261527695292,"[16.895030975341797, 1.1086402082582936e-05, 8.4638240878121e-06, 3.4450891689630225e-05, 3.9048166275024414, 1.1495425701141357, 8.22540732769994e-06, 2.7418097943154862e-06, 0.0005393957253545523, 0.07649186253547668, 4.768370445162873e-07, 7.152531907195225e-06, 1.0609570381348021e-05, 0.0003721021639648825, 0.14286907017230988, 5.125986263010418e-06, 8.344646857949556e-07, 0.00021228920377325267, 0.03368357568979263, 3.814689989667386e-06, 8.737658936297521e-05, 1.4781842764932662e-05]",1.0117531000011142,0.0024915723058220873
182,162,160,119,0.00023174285888671875,0.00024947867495939136,1.0198152159434917,"[17.061765670776367, 1.0609570381348021e-05, 1.1086402082582936e-05, 3.433168603805825e-05, 3.9458866119384766, 1.186018943786621, 7.629365427419543e-06, 2.264974000354414e-06, 0.0005349873681552708, 0.07572992891073227, 4.768370445162873e-07, 8.34461570775602e-06, 1.0847986231965479e-05, 0.00037674958002753556, 0.12711083889007568, 5.006777428206988e-06, 8.344646857949556e-07, 0.00021824838768225163, 0.038085710257291794, 4.6491513785440475e-06, 9.715084888739511e-05, 1.3828182090946939e-05]",1.0117531000011142,-0.00806211594237749
183,165,171,119,0.0002307891845703125,0.000241898451349698,1.0130416204014885,"[16.98514747619629, 1.1205610462639015e-05, 8.34461570775602e-06, 3.814624506048858e-05, 3.9006967544555664, 1.1492222547531128, 7.390948667307384e-06, 2.50339189733495e-06, 0.0004758894501719624, 0.08539227396249771, 4.768370445162873e-07, 7.152531907195225e-06, 1.0490362910786644e-05, 0.00037150635034777224, 0.12709130346775055, 4.768360213347478e-06, 8.344646857949556e-07, 0.00021741411183029413, 0.03808525204658508, 4.6491513785440475e-06, 0.00010251473577227443, 1.7046782886609435e-05]",1.0117531000011142,-0.0012885204003743045
184,317,317,119,0.00012063980102539062,0.00013319878780748695,1.009261527695292,"[16.895030975341797, 1.1086402082582936e-05, 8.4638240878121e-06, 3.4450891689630225e-05, 3.9048166275024414, 1.1495425701141357, 8.22540732769994e-06, 2.7418097943154862e-06, 0.0005393957253545523, 0.07649186253547668, 4.768370445162873e-07, 7.152531907195225e-06, 1.0609570381348021e-05, 0.0003721021639648825, 0.14286907017230988, 5.125986263010418e-06, 8.344646857949556e-07, 0.00021228920377325267, 0.03368357568979263, 3.814689989667386e-06, 8.737658936297521e-05, 1.4781842764932662e-05]",1.0117531000011142,0.0024915723058220873
185,230,233,119,0.00018405914306640625,0.00019367225468158722,1.0134836792537307,"[17.018369674682617, 9.775113539944869e-06, 9.298280929215252e-06, 3.909988299710676e-05, 3.853020191192627, 1.1497070789337158, 7.867782187531702e-06, 2.264974000354414e-06, 0.00047958316281437874, 0.07576054334640503, 3.576278118089249e-07, 7.629365427419543e-06, 1.1086402082582936e-05, 0.0003587556129787117, 0.16042831540107727, 5.245195097813848e-06, 7.152555099310121e-07, 0.00021205084340181202, 0.03808422014117241, 4.6491513785440475e-06, 0.00010775939153973013, 1.4781842764932662e-05]",1.0117531000011142,-0.0017305792526165487
186,243,244,119,0.00017642974853515625,0.00018662051297724247,1.014886457522801,"[17.05284309387207, 9.298280929215252e-06, 8.34461570775602e-06, 3.3854863431770355e-05, 3.815580368041992, 1.1958696842193604, 7.986990567587782e-06, 2.50339189733495e-06, 0.0004741021548397839, 0.08539336919784546, 3.576278118089249e-07, 8.106198947643861e-06, 1.07287787614041e-05, 0.00034874555421993136, 0.1428700089454651, 4.887569048150908e-06, 7.152555099310121e-07, 0.0002422039397060871, 0.03368403762578964, 4.172316494077677e-06, 8.987976616481319e-05, 1.5616295058862306e-05]",1.0117531000011142,-0.0031333575216867526
187,311,307,119,0.00012493133544921875,0.0001413745922036469,1.0134836792537307,"[17.018369674682617, 9.775113539944869e-06, 9.298280929215252e-06, 3.909988299710676e-05, 3.853020191192627, 1.1497070789337158, 7.867782187531702e-06, 2.264974000354414e-06, 0.00047958316281437874, 0.07576054334640503, 3.576278118089249e-07, 7.629365427419543e-06, 1.1086402082582936e-05, 0.0003587556129787117, 0.16042831540107727, 5.245195097813848e-06, 7.152555099310121e-07, 0.00021205084340181202, 0.03808422014117241, 4.6491513785440475e-06, 0.00010775939153973013, 1.4781842764932662e-05]",1.0117531000011142,-0.0017305792526165487
188,237,223,119,0.000179290771484375,0.00019985360268037766,1.0134836792537307,"[17.018369674682617, 9.775113539944869e-06, 9.298280929215252e-06, 3.909988299710676e-05, 3.853020191192627, 1.1497070789337158, 7.867782187531702e-06, 2.264974000354414e-06, 0.00047958316281437874, 0.07576054334640503, 3.576278118089249e-07, 7.629365427419543e-06, 1.1086402082582936e-05, 0.0003587556129787117, 0.16042831540107727, 5.245195097813848e-06, 7.152555099310121e-07, 0.00021205084340181202, 0.03808422014117241, 4.6491513785440475e-06, 0.00010775939153973013, 1.4781842764932662e-05]",1.0117531000011142,-0.0017305792526165487
189,90,4,119,0.000286102294921875,0.00040260693640448153,1.0130416204014885,"[16.98514747619629, 1.1205610462639015e-05, 8.34461570775602e-06, 3.814624506048858e-05, 3.9006967544555664, 1.1492222547531128, 7.390948667307384e-06, 2.50339189733495e-06, 0.0004758894501719624, 0.08539227396249771, 4.768370445162873e-07, 7.152531907195225e-06, 1.0490362910786644e-05, 0.00037150635034777224, 0.12709130346775055, 4.768360213347478e-06, 8.344646857949556e-07, 0.00021741411183029413, 0.03808525204658508, 4.6491513785440475e-06, 0.00010251473577227443, 1.7046782886609435e-05]",1.0117531000011142,-0.0012885204003743045
196,204,182,119,0.00019741058349609375,0.00023578570107929409,1.0092931725284664,"[16.950054168701172, 1.0847986231965479e-05, 9.894321920000948e-06, 3.504691630951129e-05, 3.850719451904297, 1.1493021249771118, 7.748573807475623e-06, 2.50339189733495e-06, 0.000527123745996505, 0.0764896497130394, 4.768370445162873e-07, 7.033323527139146e-06, 9.894321920000948e-06, 0.00036066226311959326, 0.14286121726036072, 5.245195097813848e-06, 8.344646857949556e-07, 0.00023338454775512218, 0.033685535192489624, 3.933898824470816e-06, 0.00010752100206445903, 1.549708758830093e-05]",1.0117531000011142,0.0024599274726477827
198,123,57,119,0.000263214111328125,0.0003330362669657916,1.0136577261483135,"[17.054302215576172, 8.702239938429557e-06, 8.4638240878121e-06, 3.4450891689630225e-05, 3.817223072052002, 1.1860164403915405, 6.9141146923357155e-06, 2.50339189733495e-06, 0.000479344860650599, 0.07646491378545761, 4.768370445162873e-07, 8.22540732769994e-06, 1.1086402082582936e-05, 0.0003713871701620519, 0.12710453569889069, 5.245195097813848e-06, 7.152555099310121e-07, 0.00021419614495243877, 0.03808502107858658, 3.6954811548639555e-06, 0.00010227633902104571, 1.6093124941107817e-05]",1.0117531000011142,-0.0019046261471993287
206,139,114,119,0.0002498626708984375,0.00028854465926997364,1.0134836792537307,"[17.018369674682617, 9.775113539944869e-06, 9.298280929215252e-06, 3.909988299710676e-05, 3.853020191192627, 1.1497070789337158, 7.867782187531702e-06, 2.264974000354414e-06, 0.00047958316281437874, 0.07576054334640503, 3.576278118089249e-07, 7.629365427419543e-06, 1.1086402082582936e-05, 0.0003587556129787117, 0.16042831540107727, 5.245195097813848e-06, 7.152555099310121e-07, 0.00021205084340181202, 0.03808422014117241, 4.6491513785440475e-06, 0.00010775939153973013, 1.4781842764932662e-05]",1.0117531000011142,-0.0017305792526165487
213,27,27,119,0.0003299713134765625,0.0003614952729549259,1.008543181692377,"[16.93456268310547, 9.775113539944869e-06, 1.0967194612021558e-05, 3.397406908334233e-05, 3.8802073001861572, 1.1104973554611206, 8.106198947643861e-06, 2.50339189733495e-06, 0.00046695294440723956, 0.09622173756361008, 4.768370445162873e-07, 7.271740287251305e-06, 9.894321920000948e-06, 0.0003578022588044405, 0.1271105259656906, 5.125986263010418e-06, 9.536738616588991e-07, 0.0002181292074965313, 0.03808674216270447, 4.6491513785440475e-06, 0.00011216964776394889, 1.490105023549404e-05]",1.0117531000011142,0.0032099183087370697
214,76,85,119,0.00029754638671875,0.0003120957699138671,1.0161182735836498,"[17.052867889404297, 8.583032467868179e-06, 9.65590606938349e-06, 3.8265450712060556e-05, 3.885280132293701, 1.1488744020462036, 8.106198947643861e-06, 2.7418097943154862e-06, 0.00046302087139338255, 0.08538461476564407, 4.768370445162873e-07, 7.748573807475623e-06, 1.2040065485052764e-05, 0.00035851728171110153, 0.14284881949424744, 6.079655122448457e-06, 8.344646857949556e-07, 0.0002184867626056075, 0.038082268089056015, 4.6491513785440475e-06, 0.00011073929636040702, 1.3947389561508317e-05]",1.0117531000011142,-0.004365173582535631
215,315,306,119,0.00012302398681640625,0.00014139515405986458,1.0142377029768594,"[17.059484481811523, 9.775113539944869e-06, 9.536697689327411e-06, 3.421248038648628e-05, 3.810819387435913, 1.186110019683838, 8.106198947643861e-06, 2.264974000354414e-06, 0.0004646890447475016, 0.08538307994604111, 3.576278118089249e-07, 8.22540732769994e-06, 1.1086402082582936e-05, 0.0003703146940097213, 0.12710516154766083, 5.960446742392378e-06, 8.344646857949556e-07, 0.00023862851958256215, 0.04304330423474312, 4.6491513785440475e-06, 9.83428253675811e-05, 1.7046782886609435e-05]",1.0117531000011142,-0.002484602975745265
216,112,112,119,0.000270843505859375,0.00028953628498129547,1.0093017400538222,"[16.99703598022461, 8.34461570775602e-06, 9.298280929215252e-06, 3.71926071238704e-05, 3.8995554447174072, 1.0658576488494873, 7.152531907195225e-06, 2.50339189733495e-06, 0.00047338721924461424, 0.07572981715202332, 4.768370445162873e-07, 8.106198947643861e-06, 1.1086402082582936e-05, 0.00037424711626954377, 0.12710075080394745, 5.006777428206988e-06, 8.344646857949556e-07, 0.00021395778458099812, 0.03808605298399925, 4.6491513785440475e-06, 0.00010072677832795307, 1.5616295058862306e-05]",1.0117531000011142,0.0024513599472919534
220,271,254,119,0.00015354156494140625,0.00017729702813085169,1.015526860995723,"[16.997802734375, 1.0847986231965479e-05, 1.07287787614041e-05, 3.71926071238704e-05, 3.9358484745025635, 1.1491789817810059, 8.22540732769994e-06, 2.50339189733495e-06, 0.0005059154354967177, 0.07649649679660797, 4.768370445162873e-07, 7.271740287251305e-06, 9.775113539944869e-06, 0.00037222131504677236, 0.14286349713802338, 6.079655122448457e-06, 8.344646857949556e-07, 0.0002343380037928, 0.0380815789103508, 4.6491513785440475e-06, 9.131014667218551e-05, 1.680836794548668e-05]",1.0117531000011142,-0.00377376099460891
221,207,217,119,0.00019550323486328125,0.00020505071734078228,1.0062331656912316,"[16.9152774810791, 8.4638240878121e-06, 1.0847986231965479e-05, 3.373566141817719e-05, 3.8143680095672607, 1.1494921445846558, 7.629365427419543e-06, 2.50339189733495e-06, 0.0004979324294254184, 0.07573015242815018, 4.768370445162873e-07, 7.033323527139146e-06, 1.0847986231965479e-05, 0.00037305548903532326, 0.14285419881343842, 5.364403477869928e-06, 8.344646857949556e-07, 0.0002343380037928, 0.03808502107858658, 4.6491513785440475e-06, 0.00010823617776622996, 1.6689160474925302e-05]",1.0117531000011142,0.005519934309882624
222,326,325,119,0.0001125335693359375,0.0001221103739226237,1.0147904093729752,"[17.011030197143555, 9.179073458653875e-06, 7.510157047363464e-06, 3.40932747349143e-05, 3.937075138092041, 1.1097038984298706, 7.748573807475623e-06, 2.264974000354414e-06, 0.00047338721924461424, 0.08538877218961716, 4.768370445162873e-07, 7.867782187531702e-06, 1.0490362910786644e-05, 0.00035482310340739787, 0.14286142587661743, 5.125986263010418e-06, 7.152555099310121e-07, 0.00021991695393808186, 0.038088809698820114, 4.887569048150908e-06, 8.725739462533966e-05, 1.5020257706055418e-05]",1.0117531000011142,-0.0030373093718609745
223,325,326,119,0.00011348724365234375,0.00012155484728282318,1.009261527695292,"[16.895030975341797, 1.1086402082582936e-05, 8.4638240878121e-06, 3.4450891689630225e-05, 3.9048166275024414, 1.1495425701141357, 8.22540732769994e-06, 2.7418097943154862e-06, 0.0005393957253545523, 0.07649186253547668, 4.768370445162873e-07, 7.152531907195225e-06, 1.0609570381348021e-05, 0.0003721021639648825, 0.14286907017230988, 5.125986263010418e-06, 8.344646857949556e-07, 0.00021228920377325267, 0.03368357568979263, 3.814689989667386e-06, 8.737658936297521e-05, 1.4781842764932662e-05]",1.0117531000011142,0.0024915723058220873
224,338,337,119,8.916854858398438e-05,9.819019760470837e-05,1.0139255995424399,"[17.052839279174805, 9.179073458653875e-06, 9.298280929215252e-06, 3.576214658096433e-05, 3.814984083175659, 1.1955732107162476, 8.22540732769994e-06, 2.50339189733495e-06, 0.0005142558366060257, 0.07648877054452896, 4.768370445162873e-07, 8.106198947643861e-06, 1.07287787614041e-05, 0.0003591130953282118, 0.12709760665893555, 6.079655122448457e-06, 7.152555099310121e-07, 0.00021181246847845614, 0.03808513656258583, 4.0531076592742465e-06, 9.846202738117427e-05, 1.6331539882230572e-05]",1.0117531000011142,-0.002172499541325701
225,322,310,119,0.00011682510375976562,0.00013843605120200664,1.0142957209844574,"[16.99033546447754, 9.179073458653875e-06, 9.417489309271332e-06, 3.58813522325363e-05, 3.9956324100494385, 1.0655845403671265, 7.390948667307384e-06, 2.264974000354414e-06, 0.0005191409145481884, 0.07573015242815018, 4.768370445162873e-07, 7.748573807475623e-06, 9.775113539944869e-06, 0.00038378025055862963, 0.1428552269935608, 5.364403477869928e-06, 8.344646857949556e-07, 0.00021240839851088822, 0.043043531477451324, 4.0531076592742465e-06, 0.00010001159535022452, 1.680836794548668e-05]",1.0117531000011142,-0.0025426209833432356
232,175,131,119,0.00022220611572265625,0.00027586452779360116,1.017441938989655,"[16.99707794189453, 9.059865078597795e-06, 9.417489309271332e-06, 3.8265450712060556e-05, 3.9331719875335693, 1.194750428199768, 7.986990567587782e-06, 2.50339189733495e-06, 0.0004808938247151673, 0.07647904753684998, 4.768370445162873e-07, 7.152531907195225e-06, 1.1086402082582936e-05, 0.0003868784988299012, 0.142853781580925, 5.125986263010418e-06, 9.536738616588991e-07, 0.00021884430316276848, 0.03808387368917465, 3.933898824470816e-06, 0.00010632903286023065, 1.6689160474925302e-05]",1.0117531000011142,-0.005688838988540779
233,6,5,119,0.0003490447998046875,0.0004018843756057322,1.0088038682776785,"[16.93605613708496, 9.298280929215252e-06, 8.22540732769994e-06, 3.540453326422721e-05, 3.856128692626953, 1.1496225595474243, 7.629365427419543e-06, 2.264974000354414e-06, 0.0005005536950193346, 0.08538395911455154, 4.768370445162873e-07, 7.986990567587782e-06, 1.0967194612021558e-05, 0.00037579628406092525, 0.12710516154766083, 4.887569048150908e-06, 8.344646857949556e-07, 0.00021288513380568475, 0.03809110447764397, 4.6491513785440475e-06, 0.00010072677832795307, 1.490105023549404e-05]",1.0117531000011142,0.0029492317234356413
258,58,43,119,0.0003070831298828125,0.00034332420909777284,1.0097206847741982,"[16.93604278564453, 1.07287787614041e-05, 1.0490362910786644e-05, 3.4450891689630225e-05, 3.830299139022827, 1.1956185102462769, 7.629365427419543e-06, 2.50339189733495e-06, 0.0004913791781291366, 0.08538680523633957, 4.768370445162873e-07, 8.106198947643861e-06, 1.0847986231965479e-05, 0.00037245964631438255, 0.12710370123386383, 6.437280717364047e-06, 9.536738616588991e-07, 0.00023469554434996098, 0.03809018433094025, 4.0531076592742465e-06, 0.00010239553375868127, 1.6331539882230572e-05]",1.0117531000011142,0.0020324152269159956
259,65,69,119,0.0003032684326171875,0.0003235746989957988,1.0174139541758067,"[17.059505462646484, 8.4638240878121e-06, 1.1086402082582936e-05, 3.504691630951129e-05, 3.9315826892852783, 1.111243724822998, 7.033323527139146e-06, 2.0265558760002023e-06, 0.0004800597671419382, 0.0853704959154129, 4.768370445162873e-07, 7.271740287251305e-06, 1.0490362910786644e-05, 0.00036542891757562757, 0.1604224294424057, 5.483612312673358e-06, 7.152555099310121e-07, 0.00023183519078884274, 0.03368576616048813, 4.0531076592742465e-06, 0.00010907054820563644, 1.7881233361549675e-05]",1.0117531000011142,-0.005660854174692531
260,214,214,119,0.00019168853759765625,0.00020641778246499598,1.0162912788267136,"[17.016891479492188, 1.0967194612021558e-05, 9.417489309271332e-06, 3.731181277544238e-05, 3.8768415451049805, 1.1861883401870728, 8.34461570775602e-06, 2.7418097943154862e-06, 0.0005144941387698054, 0.09621264040470123, 4.768370445162873e-07, 8.940656698541716e-06, 9.894321920000948e-06, 0.0003719830128829926, 0.142867311835289, 6.079655122448457e-06, 7.152555099310121e-07, 0.0002169373765354976, 0.03808823600411415, 4.887569048150908e-06, 0.00010072677832795307, 1.4662635294371285e-05]",1.0117531000011142,-0.0045381788255993705
261,221,216,119,0.00018787384033203125,0.0002053698117379099,1.0089441020675942,"[16.990365982055664, 8.34461570775602e-06, 8.34461570775602e-06, 3.373566141817719e-05, 3.778779983520508, 1.1491590738296509, 8.34461570775602e-06, 2.0265558760002023e-06, 0.0004999579978175461, 0.09622520208358765, 4.768370445162873e-07, 8.106198947643861e-06, 9.775113539944869e-06, 0.000359351426595822, 0.14288385212421417, 5.364403477869928e-06, 7.152555099310121e-07, 0.00021431533969007432, 0.03808547928929329, 4.0531076592742465e-06, 9.202533692587167e-05, 1.5735502529423684e-05]",1.0117531000011142,0.0028089979335199633
262,96,93,119,0.00028228759765625,0.0003046303172595799,1.0118853984665541,"[16.942005157470703, 1.0847986231965479e-05, 1.07287787614041e-05, 3.5523738915799186e-05, 3.903085708618164, 1.1487090587615967, 8.22540732769994e-06, 2.50339189733495e-06, 0.000527123745996505, 0.08539140224456787, 4.768370445162873e-07, 7.748573807475623e-06, 1.0847986231965479e-05, 0.000376034586224705, 0.1428590565919876, 5.8412379075889476e-06, 8.344646857949556e-07, 0.00021205084340181202, 0.03809133172035217, 4.6491513785440475e-06, 0.00010752100206445903, 1.6093124941107817e-05]",1.0117531000011142,-0.0001322984654399395
265,28,19,119,0.0003299713134765625,0.0003679264918901026,1.0073661849925615,"[16.99863624572754, 1.0132738680113107e-05, 8.34461570775602e-06, 3.313963316031732e-05, 3.7810781002044678, 1.1097497940063477, 8.22540732769994e-06, 2.264974000354414e-06, 0.00047291061491705477, 0.085395447909832, 4.768370445162873e-07, 9.059865078597795e-06, 9.894321920000948e-06, 0.0003522014303598553, 0.14287836849689484, 5.364403477869928e-06, 8.344646857949556e-07, 0.00021395778458099812, 0.04304981231689453, 4.6491513785440475e-06, 0.00011991735664196312, 1.6927575416048057e-05]",1.0117531000011142,0.004386915008552705
266,44,47,119,0.0003147125244140625,0.0003381214046385139,1.0112917443849172,"[16.900766372680664, 8.940656698541716e-06, 1.0847986231965479e-05, 3.4450891689630225e-05, 3.9412918090820312, 1.1483526229858398, 6.6756979322235566e-06, 2.50339189733495e-06, 0.0004898302140645683, 0.07574230432510376, 4.768370445162873e-07, 7.748573807475623e-06, 1.0967194612021558e-05, 0.0003810394846368581, 0.14287103712558746, 6.556489552167477e-06, 8.344646857949556e-07, 0.00021908267808612436, 0.03809018433094025, 4.6491513785440475e-06, 0.00010346830822527409, 1.597391747054644e-05]",1.0117531000011142,0.00046135561619697896
267,151,152,119,0.00023937225341796875,0.0002542956208344549,1.009261527695292,"[16.895030975341797, 1.1086402082582936e-05, 8.4638240878121e-06, 3.4450891689630225e-05, 3.9048166275024414, 1.1495425701141357, 8.22540732769994e-06, 2.7418097943154862e-06, 0.0005393957253545523, 0.07649186253547668, 4.768370445162873e-07, 7.152531907195225e-06, 1.0609570381348021e-05, 0.0003721021639648825, 0.14286907017230988, 5.125986263010418e-06, 8.344646857949556e-07, 0.00021228920377325267, 0.03368357568979263, 3.814689989667386e-06, 8.737658936297521e-05, 1.4781842764932662e-05]",1.0117531000011142,0.0024915723058220873
268,274,261,119,0.000152587890625,0.00017374071467202157,1.0173719614520669,"[17.02569580078125, 1.07287787614041e-05, 9.775113539944869e-06, 3.421248038648628e-05, 3.9346442222595215, 1.1493043899536133, 7.510157047363464e-06, 2.50339189733495e-06, 0.0004768426588270813, 0.0853816568851471, 4.768370445162873e-07, 9.059865078597795e-06, 1.0609570381348021e-05, 0.00035422726068645716, 0.14285966753959656, 5.960446742392378e-06, 7.152555099310121e-07, 0.00019333878299221396, 0.04304889962077141, 3.933898824470816e-06, 0.00011205045302631333, 1.6569954823353328e-05]",1.0117531000011142,-0.005618861450952695
269,198,198,119,0.00020313262939453125,0.0002154948451789096,1.0035157775842911,"[16.775880813598633, 1.0490362910786644e-05, 8.4638240878121e-06, 3.2543604902457446e-05, 3.8670687675476074, 1.1492409706115723, 7.510157047363464e-06, 2.264974000354414e-06, 0.00046850196667946875, 0.08538559824228287, 4.768370445162873e-07, 8.702239938429557e-06, 9.894321920000948e-06, 0.00036173476837575436, 0.16042213141918182, 4.172316494077677e-06, 8.344646857949556e-07, 0.00021431533969007432, 0.03808720037341118, 4.291525328881107e-06, 0.00011181206355104223, 1.5616295058862306e-05]",1.0117531000011142,0.008237322416823067
270,324,299,119,0.00011587142944335938,0.0001446403912268579,1.0177803819151967,"[17.046987533569336, 8.702239938429557e-06, 1.1086402082582936e-05, 3.8265450712060556e-05, 3.932251214981079, 1.1487890481948853, 8.106198947643861e-06, 2.264974000354414e-06, 0.0004654039512388408, 0.08538877218961716, 4.768370445162873e-07, 8.106198947643861e-06, 1.07287787614041e-05, 0.0003277718205936253, 0.1428539901971817, 5.364403477869928e-06, 8.344646857949556e-07, 0.0001958416833076626, 0.03368507698178291, 3.933898824470816e-06, 0.00011121608258690685, 1.4662635294371285e-05]",1.0117531000011142,-0.006027281914082527
271,68,45,119,0.000301361083984375,0.00034282912383787334,1.016279291831004,"[17.047042846679688, 1.0847986231965479e-05, 1.0847986231965479e-05, 3.3378044463461265e-05, 3.9336535930633545, 1.1098824739456177, 6.794906312279636e-06, 2.0265558760002023e-06, 0.0004737447015941143, 0.08538056910037994, 4.768370445162873e-07, 7.867782187531702e-06, 1.0490362910786644e-05, 0.00033122775494121015, 0.14285564422607422, 5.125986263010418e-06, 8.344646857949556e-07, 0.00021801002731081098, 0.03808387368917465, 4.6491513785440475e-06, 0.00011419598013162613, 1.490105023549404e-05]",1.0117531000011142,-0.004526191829889781
277,133,89,119,0.000255584716796875,0.00030594837153330445,1.0077658607693096,"[16.934555053710938, 1.1086402082582936e-05, 1.07287787614041e-05, 3.4450891689630225e-05, 3.7839601039886475, 1.1944304704666138, 7.033323527139146e-06, 2.50339189733495e-06, 0.000476246903417632, 0.07571810483932495, 4.768370445162873e-07, 7.152531907195225e-06, 9.894321920000948e-06, 0.00033825874561443925, 0.14285294711589813, 6.079655122448457e-06, 8.344646857949556e-07, 0.00021431533969007432, 0.03808731585741043, 4.172316494077677e-06, 0.00010489867418073118, 1.680836794548668e-05]",1.0117531000011142,0.003987239231804551
278,22,11,119,0.0003337860107421875,0.00037596008041873574,1.0088413725691845,"[16.90076446533203, 1.07287787614041e-05, 9.894321920000948e-06, 3.397406908334233e-05, 3.9363579750061035, 1.1094298362731934, 7.510157047363464e-06, 2.50339189733495e-06, 0.0005109196645207703, 0.0764860063791275, 4.768370445162873e-07, 7.867782187531702e-06, 1.0490362910786644e-05, 0.0003856868715956807, 0.12710832059383392, 5.006777428206988e-06, 8.344646857949556e-07, 0.0002146728802472353, 0.04304775595664978, 4.0531076592742465e-06, 9.63164638960734e-05, 1.490105023549404e-05]",1.0117531000011142,0.0029117274319296893
279,210,181,119,0.000194549560546875,0.00023844410316087306,1.0082066472017033,"[16.879501342773438, 1.0609570381348021e-05, 9.417489309271332e-06, 3.4927710657939315e-05, 3.9399118423461914, 1.0760469436645508, 7.271740287251305e-06, 2.7418097943154862e-06, 0.00045694399159401655, 0.08536294102668762, 2.3841855067985307e-07, 7.748573807475623e-06, 9.894321920000948e-06, 0.0003516055876389146, 0.16041186451911926, 4.6491513785440475e-06, 9.536738616588991e-07, 0.0002053765201708302, 0.03808066248893738, 4.0531076592742465e-06, 0.00010978573118336499, 1.4424220353248529e-05]",1.0117531000011142,0.003546452799410904
280,36,2,119,0.0003223419189453125,0.0004415854928083718,1.0199791712672612,"[17.066919326782227, 8.34461570775602e-06, 9.65590606938349e-06, 3.302042750874534e-05, 3.939629077911377, 1.185498833656311, 7.748573807475623e-06, 2.50339189733495e-06, 0.0004892344586551189, 0.08538374304771423, 4.768370445162873e-07, 7.748573807475623e-06, 1.1086402082582936e-05, 0.00038771264371462166, 0.12710118293762207, 5.245195097813848e-06, 8.344646857949556e-07, 0.00022396916756406426, 0.033685535192489624, 4.0531076592742465e-06, 0.00011669908417388797, 1.5735502529423684e-05]",1.0117531000011142,-0.00822607126614705
303,108,99,119,0.000274658203125,0.00030089032952673733,1.0227003617306836,"[17.115339279174805, 1.07287787614041e-05, 9.298280929215252e-06, 3.766942609217949e-05, 3.9319515228271484, 1.1941263675689697, 8.106198947643861e-06, 2.50339189733495e-06, 0.00047636605449952185, 0.07574065029621124, 4.768370445162873e-07, 7.867782187531702e-06, 9.536697689327411e-06, 0.0004010588163509965, 0.14285843074321747, 4.768360213347478e-06, 9.536738616588991e-07, 0.00021741411183029413, 0.03808456286787987, 4.0531076592742465e-06, 0.0001006075763143599, 1.5735502529423684e-05]",1.0117531000011142,-0.01094726172956939
304,137,136,119,0.0002536773681640625,0.00027223388315178454,1.008819906903713,"[16.99034309387207, 8.702239938429557e-06, 8.583032467868179e-06, 3.528532761265524e-05, 3.8149776458740234, 1.1110954284667969, 7.510157047363464e-06, 2.7418097943154862e-06, 0.00044610086479224265, 0.09541326016187668, 4.768370445162873e-07, 7.748573807475623e-06, 1.0609570381348021e-05, 0.0003887851198669523, 0.1428510993719101, 6.079655122448457e-06, 8.344646857949556e-07, 0.0002338612830499187, 0.03808066248893738, 4.0531076592742465e-06, 9.846202738117427e-05, 1.6927575416048057e-05]",1.0117531000011142,0.0029331930974012543
305,152,159,119,0.00023937225341796875,0.0002494950022082776,1.009768137617388,"[17.04758644104004, 1.0847986231965479e-05, 8.4638240878121e-06, 3.480850500636734e-05, 3.8174448013305664, 1.1112416982650757, 8.106198947643861e-06, 2.7418097943154862e-06, 0.0005465444410219789, 0.07649539411067963, 4.768370445162873e-07, 7.986990567587782e-06, 9.894321920000948e-06, 0.00037102968781255186, 0.1270991861820221, 5.960446742392378e-06, 8.344646857949556e-07, 0.00021443451987579465, 0.03368242457509041, 4.6491513785440475e-06, 0.00010692501382436603, 1.537788011773955e-05]",1.0117531000011142,0.001984962383726252
306,331,328,119,9.584426879882812e-05,0.00011240150342928246,1.0180520543377336,"[17.004480361938477, 1.0132738680113107e-05, 9.298280929215252e-06, 3.755022044060752e-05, 3.97499680519104, 1.1500394344329834, 7.986990567587782e-06, 2.0265558760002023e-06, 0.000476246903417632, 0.08538374304771423, 3.576278118089249e-07, 7.867782187531702e-06, 1.1086402082582936e-05, 0.0003700763627421111, 0.1428615301847458, 5.364403477869928e-06, 8.344646857949556e-07, 0.00021514961554203182, 0.0380859412252903, 3.6954811548639555e-06, 0.0001230164198204875, 1.6689160474925302e-05]",1.0117531000011142,-0.006298954336619422
307,53,66,119,0.000308990478515625,0.0003256188938394189,1.000391621012444,"[16.873634338378906, 9.417489309271332e-06, 8.34461570775602e-06, 3.3854863431770355e-05, 3.817788600921631, 1.0653764009475708, 7.629365427419543e-06, 2.50339189733495e-06, 0.0004530118894763291, 0.08539161831140518, 4.768370445162873e-07, 7.033323527139146e-06, 9.894321920000948e-06, 0.00037091050762683153, 0.1270936131477356, 5.960446742392378e-06, 8.344646857949556e-07, 0.00021431533969007432, 0.038086626678705215, 3.6954811548639555e-06, 0.00010001159535022452, 1.6569954823353328e-05]",1.0117531000011142,0.011361478988670237
308,83,59,119,0.0002918243408203125,0.00033165872446261346,1.013559938752978,"[17.01259994506836, 8.702239938429557e-06, 8.4638240878121e-06, 3.4450891689630225e-05, 3.8221793174743652, 1.1958569288253784, 8.106198947643861e-06, 2.0265558760002023e-06, 0.000545472139492631, 0.08538571000099182, 4.768370445162873e-07, 7.867782187531702e-06, 1.0490362910786644e-05, 0.0003589939442463219, 0.1428644210100174, 5.364403477869928e-06, 8.344646857949556e-07, 0.00021801002731081098, 0.03809087350964546, 4.6491513785440475e-06, 0.00010871296399272978, 1.883488948806189e-05]",1.0117531000011142,-0.0018068387518637152
313,173,168,119,0.00022411346435546875,0.00024369677703361958,1.0088828784387724,"[16.921913146972656, 8.702239938429557e-06, 8.4638240878121e-06, 3.45700973412022e-05, 3.8518357276916504, 1.1490659713745117, 7.510157047363464e-06, 2.50339189733495e-06, 0.0004956685588695109, 0.08537279814481735, 4.768370445162873e-07, 7.152531907195225e-06, 1.1205610462639015e-05, 0.00040082051418721676, 0.1428694874048233, 5.364403477869928e-06, 7.152555099310121e-07, 0.0002138386043952778, 0.04304284602403641, 4.0531076592742465e-06, 0.00010680581908673048, 1.549708758830093e-05]",1.0117531000011142,0.002870221562341735
314,169,173,119,0.00022792816162109375,0.000241097979596816,1.013559938752978,"[17.01259994506836, 8.702239938429557e-06, 8.4638240878121e-06, 3.4450891689630225e-05, 3.8221793174743652, 1.1958569288253784, 8.106198947643861e-06, 2.0265558760002023e-06, 0.000545472139492631, 0.08538571000099182, 4.768370445162873e-07, 7.867782187531702e-06, 1.0490362910786644e-05, 0.0003589939442463219, 0.1428644210100174, 5.364403477869928e-06, 8.344646857949556e-07, 0.00021801002731081098, 0.03809087350964546, 4.6491513785440475e-06, 0.00010871296399272978, 1.883488948806189e-05]",1.0117531000011142,-0.0018068387518637152
315,245,249,119,0.00017452239990234375,0.00018511025700718164,1.0134836792537307,"[17.018369674682617, 9.775113539944869e-06, 9.298280929215252e-06, 3.909988299710676e-05, 3.853020191192627, 1.1497070789337158, 7.867782187531702e-06, 2.264974000354414e-06, 0.00047958316281437874, 0.07576054334640503, 3.576278118089249e-07, 7.629365427419543e-06, 1.1086402082582936e-05, 0.0003587556129787117, 0.16042831540107727, 5.245195097813848e-06, 7.152555099310121e-07, 0.00021205084340181202, 0.03808422014117241, 4.6491513785440475e-06, 0.00010775939153973013, 1.4781842764932662e-05]",1.0117531000011142,-0.0017305792526165487
316,296,288,119,0.0001373291015625,0.00015396119852084666,1.0118413903039347,"[16.94938087463379, 9.894321920000948e-06, 9.775113539944869e-06, 3.421248038648628e-05, 3.9337384700775146, 1.109721302986145, 7.152531907195225e-06, 2.50339189733495e-06, 0.000485183292767033, 0.08538702130317688, 4.768370445162873e-07, 9.059865078597795e-06, 9.894321920000948e-06, 0.00038354191929101944, 0.14286381006240845, 6.079655122448457e-06, 7.152555099310121e-07, 0.00023409964342135936, 0.038084905594587326, 4.0531076592742465e-06, 0.00011872540198964998, 1.883488948806189e-05]",1.0117531000011142,-8.829030282053729e-05
317,45,56,119,0.0003147125244140625,0.0003338198293931782,1.015148037765698,"[16.997041702270508, 8.583032467868179e-06, 9.417489309271332e-06, 3.421248038648628e-05, 3.929218292236328, 1.1490668058395386, 7.748573807475623e-06, 2.264974000354414e-06, 0.0004772001120727509, 0.07572252303361893, 4.768370445162873e-07, 7.748573807475623e-06, 1.1086402082582936e-05, 0.00037746457383036613, 0.14284107089042664, 5.483612312673358e-06, 8.344646857949556e-07, 0.00021228920377325267, 0.03808169439435005, 4.0531076592742465e-06, 0.00011097769311163574, 1.490105023549404e-05]",1.0117531000011142,-0.003394937764583883
318,42,12,119,0.000316619873046875,0.00037551269633695483,1.0088874825050906,"[16.955848693847656, 8.4638240878121e-06, 1.0847986231965479e-05, 3.433168603805825e-05, 3.885021209716797, 1.111104130744934, 8.22540732769994e-06, 2.50339189733495e-06, 0.0004627825692296028, 0.085395447909832, 3.576278118089249e-07, 7.271740287251305e-06, 1.0490362910786644e-05, 0.0003672163875307888, 0.12710338830947876, 4.887569048150908e-06, 8.344646857949556e-07, 0.00022623363474849612, 0.029789643362164497, 4.0531076592742465e-06, 9.881961887003854e-05, 1.4781842764932662e-05]",1.0117531000011142,0.0028656174960235425
320,34,29,119,0.000324249267578125,0.0003593766305129975,1.0108833358056843,"[16.95586395263672, 9.059865078597795e-06, 8.583032467868179e-06, 3.6238969187252223e-05, 3.9010634422302246, 1.1099390983581543, 7.986990567587782e-06, 2.50339189733495e-06, 0.0004761277523357421, 0.08538801223039627, 4.768370445162873e-07, 7.986990567587782e-06, 9.775113539944869e-06, 0.0003805628512054682, 0.1428552269935608, 5.125986263010418e-06, 8.344646857949556e-07, 0.00020549570035655051, 0.04304284602403641, 4.6491513785440475e-06, 0.00010835537250386551, 1.7046782886609435e-05]",1.0117531000011142,0.0008697641954298341
321,50,61,119,0.0003108978271484375,0.00032996261143125594,1.0202754086852404,"[17.115325927734375, 8.22540732769994e-06, 8.34461570775602e-06, 3.838465272565372e-05, 3.9366683959960938, 1.1097337007522583, 7.986990567587782e-06, 2.264974000354414e-06, 0.0004462200158741325, 0.08462472259998322, 3.576278118089249e-07, 7.271740287251305e-06, 9.894321920000948e-06, 0.0003413571394048631, 0.1604035496711731, 5.364403477869928e-06, 8.344646857949556e-07, 0.00021371940965764225, 0.03808456286787987, 3.933898824470816e-06, 0.0001070442158379592, 1.6927575416048057e-05]",1.0117531000011142,-0.008522308684126179
322,188,190,119,0.0002079010009765625,0.00021983875194564462,1.0128421058784005,"[16.948619842529297, 1.0609570381348021e-05, 8.4638240878121e-06, 3.504691630951129e-05, 3.900634527206421, 1.185870885848999, 7.271740287251305e-06, 2.50339189733495e-06, 0.0004661188868340105, 0.08539632707834244, 4.768370445162873e-07, 7.748573807475623e-06, 1.1205610462639015e-05, 0.00033861625706776977, 0.12709760665893555, 4.529942543740617e-06, 8.344646857949556e-07, 0.0002076410164590925, 0.03368496149778366, 4.0531076592742465e-06, 0.00010013079008786008, 1.6927575416048057e-05]",1.0117531000011142,-0.001089005877286331
323,259,258,119,0.00016117095947265625,0.0001747094647726044,1.0233077643330262,"[16.990327835083008, 9.179073458653875e-06, 8.4638240878121e-06, 3.40932747349143e-05, 3.9903125762939453, 1.2734198570251465, 7.390948667307384e-06, 2.264974000354414e-06, 0.00047052756417542696, 0.0764821395277977, 4.768370445162873e-07, 8.106198947643861e-06, 1.0490362910786644e-05, 0.0003849719068966806, 0.1428631842136383, 5.364403477869928e-06, 8.344646857949556e-07, 0.0002115741081070155, 0.038085367530584335, 4.6491513785440475e-06, 0.00010561384988250211, 1.585470999998506e-05]",1.0117531000011142,-0.01155466433191199
324,218,225,119,0.0001888275146484375,0.00019879196770489216,1.0123922989219885,"[17.012601852416992, 9.298280929215252e-06, 9.894321920000948e-06, 3.433168603805825e-05, 3.811582088470459, 1.1852202415466309, 6.794906312279636e-06, 2.264974000354414e-06, 0.00046659549116156995, 0.0853852704167366, 4.768370445162873e-07, 7.748573807475623e-06, 9.894321920000948e-06, 0.00038485272671096027, 0.14286556839942932, 5.8412379075889476e-06, 8.344646857949556e-07, 0.0002320735511602834, 0.033684615045785904, 4.6491513785440475e-06, 0.00010013079008786008, 1.5258672647178173e-05]",1.0117531000011142,-0.0006391989208742732
325,312,292,119,0.00012493133544921875,0.00015204408555291593,1.0105253713835198,"[16.99854278564453, 9.298280929215252e-06, 8.34461570775602e-06, 3.3854863431770355e-05, 3.816005229949951, 1.1493998765945435, 7.867782187531702e-06, 2.50339189733495e-06, 0.00045849301386624575, 0.08538307994604111, 4.768370445162873e-07, 7.033323527139146e-06, 9.894321920000948e-06, 0.00038842763751745224, 0.14286205172538757, 4.768360213347478e-06, 8.344646857949556e-07, 0.00022766382608097047, 0.03808731585741043, 5.006777428206988e-06, 9.667406266089529e-05, 1.6689160474925302e-05]",1.0117531000011142,0.001227728617594348
349,32,25,119,0.0003261566162109375,0.0003622841031756252,1.0177852181147438,"[17.047595977783203, 8.583032467868179e-06, 9.417489309271332e-06, 3.480850500636734e-05, 3.884873151779175, 1.195631504058838, 8.22540732769994e-06, 2.0265558760002023e-06, 0.00047469791024923325, 0.08536797761917114, 4.768370445162873e-07, 7.748573807475623e-06, 9.894321920000948e-06, 0.00036352223833091557, 0.1428554356098175, 5.364403477869928e-06, 8.344646857949556e-07, 0.00021896349790040404, 0.03368507698178291, 4.0531076592742465e-06, 0.0001003691868390888, 1.6689160474925302e-05]",1.0117531000011142,-0.006032118113629581
351,138,135,119,0.0002536773681640625,0.0002724046935327351,1.0055858316607358,"[16.941911697387695, 8.4638240878121e-06, 8.34461570775602e-06, 3.421248038648628e-05, 3.8119966983795166, 1.1110321283340454, 7.152531907195225e-06, 2.50339189733495e-06, 0.0004755319678224623, 0.07572352141141891, 4.768370445162873e-07, 7.867782187531702e-06, 9.894321920000948e-06, 0.0003716255014296621, 0.14285843074321747, 5.602820692729438e-06, 7.152555099310121e-07, 0.00021669900161214173, 0.038085367530584335, 4.410734163684538e-06, 0.00011014331539627165, 1.680836794548668e-05]",1.0117531000011142,0.006167268340378396
352,91,90,119,0.000286102294921875,0.0003058305592276156,1.008791082368333,"[16.997087478637695, 1.0132738680113107e-05, 8.583032467868179e-06, 3.504691630951129e-05, 3.848605155944824, 1.1099516153335571, 8.22540732769994e-06, 2.264974000354414e-06, 0.0004592079494614154, 0.07572595030069351, 3.576278118089249e-07, 8.106198947643861e-06, 9.894321920000948e-06, 0.0003610197745729238, 0.12710432708263397, 6.437280717364047e-06, 8.344646857949556e-07, 0.0002134810492862016, 0.033685535192489624, 4.0531076592742465e-06, 9.941560711013153e-05, 1.6689160474925302e-05]",1.0117531000011142,0.0029620176327811443
353,72,72,119,0.0002994537353515625,0.0003219653735868633,1.003939172377541,"[16.955839157104492, 9.417489309271332e-06, 9.536697689327411e-06, 3.659658250398934e-05, 3.8167169094085693, 1.0666249990463257, 8.22540732769994e-06, 2.7418097943154862e-06, 0.0005138983833603561, 0.08538384735584259, 4.768370445162873e-07, 7.867782187531702e-06, 1.1086402082582936e-05, 0.0003718638326972723, 0.12710370123386383, 5.245195097813848e-06, 8.344646857949556e-07, 0.00020144341397099197, 0.03368484601378441, 4.6491513785440475e-06, 0.0001062098381225951, 1.823885577323381e-05]",1.0117531000011142,0.007813927623573136
358,163,161,119,0.00023174285888671875,0.00024807872250676155,1.0112339820894674,"[16.990337371826172, 9.775113539944869e-06, 9.298280929215252e-06, 3.361645576660521e-05, 3.8178963661193848, 1.1861988306045532, 7.748573807475623e-06, 2.264974000354414e-06, 0.0004631400224752724, 0.08623175323009491, 4.768370445162873e-07, 8.702239938429557e-06, 1.0847986231965479e-05, 0.0003844952443614602, 0.12711556255817413, 5.125986263010418e-06, 9.536738616588991e-07, 0.00021896349790040404, 0.03809167817234993, 4.6491513785440475e-06, 0.00010108436981681734, 1.490105023549404e-05]",1.0117531000011142,0.000519117911646827
359,148,151,119,0.00024127960205078125,0.0002556599210947752,1.0149675317504587,"[16.99858856201172, 1.0251946150674485e-05, 8.4638240878121e-06, 3.45700973412022e-05, 3.8788037300109863, 1.1849360466003418, 7.629365427419543e-06, 2.264974000354414e-06, 0.0005368936690501869, 0.08465002477169037, 5.960462772236497e-07, 7.033323527139146e-06, 1.0490362910786644e-05, 0.00037043384509161115, 0.14287962019443512, 5.8412379075889476e-06, 8.344646857949556e-07, 0.00021705655672121793, 0.03808387368917465, 3.6954811548639555e-06, 0.00011121608258690685, 1.6569954823353328e-05]",1.0117531000011142,-0.0032144317493445485
360,200,209,119,0.00020122528076171875,0.00020933493215125054,1.0085272166792085,"[16.886140823364258, 8.583032467868179e-06, 9.536697689327411e-06, 3.683499380713329e-05, 3.8427388668060303, 1.1861546039581299, 6.9141146923357155e-06, 2.7418097943154862e-06, 0.000446696620201692, 0.08539129048585892, 3.576278118089249e-07, 7.748573807475623e-06, 1.1086402082582936e-05, 0.0003694805200211704, 0.1428605020046234, 5.006777428206988e-06, 8.344646857949556e-07, 0.00021181246847845614, 0.043048784136772156, 4.6491513785440475e-06, 0.00012265883560758084, 1.8954096958623268e-05]",1.0117531000011142,0.0032258833219056537
361,332,332,119,9.584426879882812e-05,0.00010669352923287079,1.0128236712679226,"[17.004474639892578, 9.179073458653875e-06, 8.583032467868179e-06, 3.7788631743751466e-05, 3.9045488834381104, 1.1101328134536743, 7.867782187531702e-06, 2.264974000354414e-06, 0.0005214046686887741, 0.07572627812623978, 4.768370445162873e-07, 7.390948667307384e-06, 9.894321920000948e-06, 0.0003541081096045673, 0.14287981390953064, 5.364403477869928e-06, 7.152555099310121e-07, 0.00023266946664080024, 0.043047983199357986, 4.6491513785440475e-06, 9.250213042832911e-05, 1.549708758830093e-05]",1.0117531000011142,-0.0010705712668084288
362,254,257,119,0.00016498565673828125,0.000174831657204777,1.009261527695292,"[16.895030975341797, 1.1086402082582936e-05, 8.4638240878121e-06, 3.4450891689630225e-05, 3.9048166275024414, 1.1495425701141357, 8.22540732769994e-06, 2.7418097943154862e-06, 0.0005393957253545523, 0.07649186253547668, 4.768370445162873e-07, 7.152531907195225e-06, 1.0609570381348021e-05, 0.0003721021639648825, 0.14286907017230988, 5.125986263010418e-06, 8.344646857949556e-07, 0.00021228920377325267, 0.03368357568979263, 3.814689989667386e-06, 8.737658936297521e-05, 1.4781842764932662e-05]",1.0117531000011142,0.0024915723058220873
363,235,213,119,0.00018024444580078125,0.0002064497530227527,1.012589203696171,"[16.927852630615234, 9.894321920000948e-06, 1.0847986231965479e-05, 3.6238969187252223e-05, 3.9326438903808594, 1.1488404273986816, 8.34461570775602e-06, 2.7418097943154862e-06, 0.0005359405186027288, 0.08539194613695145, 4.768370445162873e-07, 7.629365427419543e-06, 1.0967194612021558e-05, 0.0003393312799744308, 0.14285863935947418, 5.125986263010418e-06, 7.152555099310121e-07, 0.00020072828920092434, 0.03808628395199776, 3.6954811548639555e-06, 9.941560711013153e-05, 1.6569954823353328e-05]",1.0117531000011142,-0.0008361036950568224
366,47,46,119,0.00031280517578125,0.00034097375464625657,1.009037416583014,"[17.012582778930664, 8.583032467868179e-06, 1.0967194612021558e-05, 3.397406908334233e-05, 3.812175750732422, 1.111107587814331, 7.390948667307384e-06, 2.7418097943154862e-06, 0.0005042473785579205, 0.0757332444190979, 4.768370445162873e-07, 7.867782187531702e-06, 1.0490362910786644e-05, 0.0003675738989841193, 0.14286287128925323, 6.556489552167477e-06, 8.344646857949556e-07, 0.0002343380037928, 0.043048784136772156, 4.6491513785440475e-06, 9.440929716220126e-05, 1.7046782886609435e-05]",1.0117531000011142,0.0027156834181001344
368,146,144,119,0.0002422332763671875,0.00026482719113118947,1.0207491788388396,"[17.00445556640625, 1.0490362910786644e-05, 7.629365427419543e-06, 3.373566141817719e-05, 3.9893572330474854, 1.1950911283493042, 7.867782187531702e-06, 2.264974000354414e-06, 0.00047100416850298643, 0.08537837862968445, 4.768370445162873e-07, 7.986990567587782e-06, 9.65590606938349e-06, 0.0003828269545920193, 0.142853781580925, 5.245195097813848e-06, 7.152555099310121e-07, 0.00020752183627337217, 0.038080889731645584, 3.6954811548639555e-06, 9.810443589231e-05, 1.5735502529423684e-05]",1.0117531000011142,-0.008996078837725463
369,8,24,119,0.000347137451171875,0.0003648891288321465,1.0181057795890225,"[17.05288314819336, 9.775113539944869e-06, 1.0847986231965479e-05, 3.71926071238704e-05, 3.9053590297698975, 1.1858323812484741, 7.986990567587782e-06, 2.264974000354414e-06, 0.0004338276921771467, 0.07648567855358124, 4.768370445162873e-07, 7.867782187531702e-06, 1.0847986231965479e-05, 0.0003457663697190583, 0.14285646378993988, 5.364403477869928e-06, 8.344646857949556e-07, 0.00021824838768225163, 0.033689454197883606, 4.0531076592742465e-06, 0.00010907054820563644, 1.6569954823353328e-05]",1.0117531000011142,-0.006352679587908305
370,127,117,119,0.0002593994140625,0.0002853783080354333,1.009261527695292,"[16.895030975341797, 1.1086402082582936e-05, 8.4638240878121e-06, 3.4450891689630225e-05, 3.9048166275024414, 1.1495425701141357, 8.22540732769994e-06, 2.7418097943154862e-06, 0.0005393957253545523, 0.07649186253547668, 4.768370445162873e-07, 7.152531907195225e-06, 1.0609570381348021e-05, 0.0003721021639648825, 0.14286907017230988, 5.125986263010418e-06, 8.344646857949556e-07, 0.00021228920377325267, 0.03368357568979263, 3.814689989667386e-06, 8.737658936297521e-05, 1.4781842764932662e-05]",1.0117531000011142,0.0024915723058220873
397,171,172,119,0.000225067138671875,0.0002412719331914559,1.0090298548070187,"[17.040258407592773, 9.417489309271332e-06, 8.4638240878121e-06, 3.421248038648628e-05, 3.8107457160949707, 1.1098395586013794, 6.437280717364047e-06, 2.7418097943154862e-06, 0.0005208089714869857, 0.07572750002145767, 3.576278118089249e-07, 7.152531907195225e-06, 9.894321920000948e-06, 0.0003411188081372529, 0.12711545825004578, 6.318072337307967e-06, 8.344646857949556e-07, 0.00021240839851088822, 0.033685192465782166, 4.768360213347478e-06, 0.00010322991875000298, 1.680836794548668e-05]",1.0117531000011142,0.0027232451940955027
398,69,83,119,0.000301361083984375,0.0003132341953460127,1.0132898713585001,"[16.99854850769043, 8.4638240878121e-06, 9.536697689327411e-06, 3.755022044060752e-05, 3.9327232837677, 1.110020637512207, 7.748573807475623e-06, 2.50339189733495e-06, 0.0004752936656586826, 0.08462931960821152, 4.768370445162873e-07, 7.152531907195225e-06, 9.65590606938349e-06, 0.00037353215157054365, 0.12709446251392365, 5.364403477869928e-06, 8.344646857949556e-07, 0.00021801002731081098, 0.03808467835187912, 4.6491513785440475e-06, 0.00010096516780322418, 1.4543427823809907e-05]",1.0117531000011142,-0.0015367713573859465
399,59,52,119,0.0003070831298828125,0.0003341756237205118,1.0169150275569232,"[17.024309158325195, 8.22540732769994e-06, 1.0847986231965479e-05, 3.349725011503324e-05, 3.939055919647217, 1.1494290828704834, 7.629365427419543e-06, 2.264974000354414e-06, 0.00048375347978435457, 0.08540070801973343, 4.768370445162873e-07, 8.34461570775602e-06, 1.0609570381348021e-05, 0.0003703146940097213, 0.14285646378993988, 5.006777428206988e-06, 8.344646857949556e-07, 0.00022766382608097047, 0.02978559397161007, 3.576272320060525e-06, 0.00010561384988250211, 1.5020257706055418e-05]",1.0117531000011142,-0.0051619275558090205
404,248,245,119,0.0001735687255859375,0.00018643226940184832,1.009261527695292,"[16.895030975341797, 1.1086402082582936e-05, 8.4638240878121e-06, 3.4450891689630225e-05, 3.9048166275024414, 1.1495425701141357, 8.22540732769994e-06, 2.7418097943154862e-06, 0.0005393957253545523, 0.07649186253547668, 4.768370445162873e-07, 7.152531907195225e-06, 1.0609570381348021e-05, 0.0003721021639648825, 0.14286907017230988, 5.125986263010418e-06, 8.344646857949556e-07, 0.00021228920377325267, 0.03368357568979263, 3.814689989667386e-06, 8.737658936297521e-05, 1.4781842764932662e-05]",1.0117531000011142,0.0024915723058220873
405,144,155,119,0.000244140625,0.0002515976084396243,1.0139738951620167,"[17.05281639099121, 8.702239938429557e-06, 9.417489309271332e-06, 3.4689302992774174e-05, 3.8176732063293457, 1.1851019859313965, 6.9141146923357155e-06, 2.50339189733495e-06, 0.0004773192631546408, 0.08539129048585892, 4.768370445162873e-07, 8.940656698541716e-06, 9.775113539944869e-06, 0.0003599472693167627, 0.12709718942642212, 6.079655122448457e-06, 7.152555099310121e-07, 0.00021264675888232887, 0.038083530962467194, 4.6491513785440475e-06, 0.00010442188795423135, 1.490105023549404e-05]",1.0117531000011142,-0.0022207951609025667
406,306,309,119,0.0001316070556640625,0.0001394709397573024,1.0112328491423221,"[17.066944122314453, 1.0967194612021558e-05, 8.4638240878121e-06, 3.659658250398934e-05, 3.7795023918151855, 1.1488347053527832, 7.510157047363464e-06, 2.264974000354414e-06, 0.0004751745145767927, 0.08538713306188583, 3.576278118089249e-07, 7.867782187531702e-06, 9.894321920000948e-06, 0.0003592322755139321, 0.1271095722913742, 6.198863957251888e-06, 8.344646857949556e-07, 0.00021514961554203182, 0.03808766230940819, 4.0531076592742465e-06, 9.77468371274881e-05, 1.4781842764932662e-05]",1.0117531000011142,0.0005202508587920374
407,277,280,119,0.00014972686767578125,0.0001585806894581765,1.0112328491423221,"[17.066944122314453, 1.0967194612021558e-05, 8.4638240878121e-06, 3.659658250398934e-05, 3.7795023918151855, 1.1488347053527832, 7.510157047363464e-06, 2.264974000354414e-06, 0.0004751745145767927, 0.08538713306188583, 3.576278118089249e-07, 7.867782187531702e-06, 9.894321920000948e-06, 0.0003592322755139321, 0.1271095722913742, 6.198863957251888e-06, 8.344646857949556e-07, 0.00021514961554203182, 0.03808766230940819, 4.0531076592742465e-06, 9.77468371274881e-05, 1.4781842764932662e-05]",1.0117531000011142,0.0005202508587920374
408,240,239,119,0.0001773834228515625,0.00018964859191328287,1.0209539960248486,"[17.136003494262695, 1.0847986231965479e-05, 8.583032467868179e-06, 3.325883881188929e-05, 3.9329843521118164, 1.1111983060836792, 7.510157047363464e-06, 2.7418097943154862e-06, 0.0005169962532818317, 0.08538658916950226, 4.768370445162873e-07, 7.867782187531702e-06, 1.1801649634435307e-05, 0.00036590558011084795, 0.1604241579771042, 6.198863957251888e-06, 8.344646857949556e-07, 0.00021181246847845614, 0.03368542343378067, 4.6491513785440475e-06, 0.00010096516780322418, 1.5139465176616795e-05]",1.0117531000011142,-0.009200896023734417
409,60,42,119,0.0003070831298828125,0.000343741150572896,1.0151925040383234,"[17.052833557128906, 1.0013530300057027e-05, 9.298280929215252e-06, 3.7431014789035544e-05, 3.8691301345825195, 1.149082064628601, 6.9141146923357155e-06, 2.7418097943154862e-06, 0.0004776767164003104, 0.0853886678814888, 4.768370445162873e-07, 7.390948667307384e-06, 1.07287787614041e-05, 0.0003408804477658123, 0.14285801351070404, 5.364403477869928e-06, 8.344646857949556e-07, 0.0002177716523874551, 0.03368507698178291, 4.887569048150908e-06, 0.0001102625101339072, 1.490105023549404e-05]",1.0117531000011142,-0.003439404037209215
413,18,18,119,0.00034332275390625,0.0003688190772663802,1.0207491788388396,"[17.00445556640625, 1.0490362910786644e-05, 7.629365427419543e-06, 3.373566141817719e-05, 3.9893572330474854, 1.1950911283493042, 7.867782187531702e-06, 2.264974000354414e-06, 0.00047100416850298643, 0.08537837862968445, 4.768370445162873e-07, 7.986990567587782e-06, 9.65590606938349e-06, 0.0003828269545920193, 0.142853781580925, 5.245195097813848e-06, 7.152555099310121e-07, 0.00020752183627337217, 0.038080889731645584, 3.6954811548639555e-06, 9.810443589231e-05, 1.5735502529423684e-05]",1.0117531000011142,-0.008996078837725463
414,12,10,119,0.0003452301025390625,0.00037799141136929393,1.008715899893182,"[16.965686798095703, 1.0847986231965479e-05, 1.1205610462639015e-05, 3.4450891689630225e-05, 3.8191685676574707, 1.1489357948303223, 6.9141146923357155e-06, 2.7418097943154862e-06, 0.00047434045700356364, 0.07573755085468292, 4.768370445162873e-07, 7.867782187531702e-06, 9.775113539944869e-06, 0.00040058218291960657, 0.14285480976104736, 6.079655122448457e-06, 7.152555099310121e-07, 0.0002008474839385599, 0.038085710257291794, 3.6954811548639555e-06, 9.524368942948058e-05, 1.4781842764932662e-05]",1.0117531000011142,0.003037200107932181
416,38,26,119,0.0003204345703125,0.0003620469360612333,1.015483376585957,"[17.032365798950195, 9.417489309271332e-06, 8.4638240878121e-06, 3.433168603805825e-05, 3.8763606548309326, 1.1852614879608154, 8.702239938429557e-06, 2.7418097943154862e-06, 0.00047255316167138517, 0.0846325010061264, 4.768370445162873e-07, 7.986990567587782e-06, 9.775113539944869e-06, 0.000341476290486753, 0.12709404528141022, 5.125986263010418e-06, 7.152555099310121e-07, 0.0002138386043952778, 0.033684153109788895, 3.814689989667386e-06, 0.00010179955279454589, 1.4424220353248529e-05]",1.0117531000011142,-0.0037302765848428177
442,115,118,119,0.0002689361572265625,0.0002835065533872694,1.0144355135798548,"[16.96429443359375, 8.34461570775602e-06, 1.0847986231965479e-05, 3.85038583772257e-05, 3.936319589614868, 1.149342656135559, 8.702239938429557e-06, 2.7418097943154862e-06, 0.00045849301386624575, 0.08539260923862457, 3.576278118089249e-07, 7.748573807475623e-06, 9.894321920000948e-06, 0.00040141629870049655, 0.14285533130168915, 5.125986263010418e-06, 8.344646857949556e-07, 0.0002004899288294837, 0.03809121996164322, 3.6954811548639555e-06, 0.00011288482346571982, 1.537788011773955e-05]",1.0117531000011142,-0.002682413578740661
443,153,158,119,0.0002384185791015625,0.00025018773158080876,1.0072320999071849,"[16.98514747619629, 8.583032467868179e-06, 8.34461570775602e-06, 3.4927710657939315e-05, 3.816840410232544, 1.1097676753997803, 7.510157047363464e-06, 2.0265558760002023e-06, 0.00044586253352463245, 0.08535867184400558, 4.768370445162873e-07, 8.106198947643861e-06, 1.1086402082582936e-05, 0.00034397884155623615, 0.12709949910640717, 5.8412379075889476e-06, 9.536738616588991e-07, 0.00021669900161214173, 0.033688995987176895, 4.0531076592742465e-06, 8.916457591112703e-05, 1.585470999998506e-05]",1.0117531000011142,0.004521000093929306
444,164,167,119,0.00023174285888671875,0.0002437504444969818,1.0112593244573675,"[16.980295181274414, 1.0967194612021558e-05, 9.536697689327411e-06, 3.349725011503324e-05, 3.905305862426758, 1.110222339630127, 7.390948667307384e-06, 2.50339189733495e-06, 0.0004839917819481343, 0.08538691699504852, 4.768370445162873e-07, 7.271740287251305e-06, 1.0490362910786644e-05, 0.0003763920976780355, 0.12710075080394745, 5.364403477869928e-06, 7.152555099310121e-07, 0.00022849810193292797, 0.03808777406811714, 4.6491513785440475e-06, 0.00010895135346800089, 1.5616295058862306e-05]",1.0117531000011142,0.0004937755437466329
445,51,58,119,0.0003108978271484375,0.00033303015516139567,1.0086641724696945,"[16.887619018554688, 9.65590606938349e-06, 8.34461570775602e-06, 3.40932747349143e-05, 3.940546751022339, 1.1105698347091675, 7.390948667307384e-06, 2.7418097943154862e-06, 0.00047386385267600417, 0.08538713306188583, 5.960462772236497e-07, 8.106198947643861e-06, 9.894321920000948e-06, 0.0003856868715956807, 0.12711818516254425, 5.125986263010418e-06, 8.344646857949556e-07, 0.00021288513380568475, 0.038081005215644836, 3.576272320060525e-06, 0.00011002412065863609, 1.7046782886609435e-05]",1.0117531000011142,0.0030889275314196496
449,129,129,119,0.0002574920654296875,0.00027706840774044394,1.0047428482806942,"[16.93455696105957, 8.702239938429557e-06, 8.583032467868179e-06, 3.516612196108326e-05, 3.817885398864746, 1.1096928119659424, 7.390948667307384e-06, 2.0265558760002023e-06, 0.00047505536349490285, 0.07572473585605621, 3.576278118089249e-07, 7.033323527139146e-06, 1.0490362910786644e-05, 0.00038235029205679893, 0.12711629271507263, 5.125986263010418e-06, 8.344646857949556e-07, 0.00021371940965764225, 0.038081005215644836, 4.0531076592742465e-06, 0.00010883215873036534, 1.5735502529423684e-05]",1.0117531000011142,0.007010251720420024
451,23,40,119,0.0003337860107421875,0.000344564818078652,1.0096954797850464,"[17.060998916625977, 1.0490362910786644e-05, 9.179073458653875e-06, 3.421248038648628e-05, 3.839099407196045, 1.0657856464385986, 7.152531907195225e-06, 2.50339189733495e-06, 0.00048530244384892285, 0.08538297563791275, 3.576278118089249e-07, 8.22540732769994e-06, 1.0609570381348021e-05, 0.0003412379592191428, 0.1271156668663025, 5.006777428206988e-06, 8.344646857949556e-07, 0.00020037073409184813, 0.03368599712848663, 3.6954811548639555e-06, 9.810443589231e-05, 1.4662635294371285e-05]",1.0117531000011142,0.0020576202160678125
452,268,268,119,0.00015544891357421875,0.0001680810091784224,1.009261527695292,"[16.895030975341797, 1.1086402082582936e-05, 8.4638240878121e-06, 3.4450891689630225e-05, 3.9048166275024414, 1.1495425701141357, 8.22540732769994e-06, 2.7418097943154862e-06, 0.0005393957253545523, 0.07649186253547668, 4.768370445162873e-07, 7.152531907195225e-06, 1.0609570381348021e-05, 0.0003721021639648825, 0.14286907017230988, 5.125986263010418e-06, 8.344646857949556e-07, 0.00021228920377325267, 0.03368357568979263, 3.814689989667386e-06, 8.737658936297521e-05, 1.4781842764932662e-05]",1.0117531000011142,0.0024915723058220873
453,192,194,119,0.00020694732666015625,0.00021767019643448293,1.009261527695292,"[16.895030975341797, 1.1086402082582936e-05, 8.4638240878121e-06, 3.4450891689630225e-05, 3.9048166275024414, 1.1495425701141357, 8.22540732769994e-06, 2.7418097943154862e-06, 0.0005393957253545523, 0.07649186253547668, 4.768370445162873e-07, 7.152531907195225e-06, 1.0609570381348021e-05, 0.0003721021639648825, 0.14286907017230988, 5.125986263010418e-06, 8.344646857949556e-07, 0.00021228920377325267, 0.03368357568979263, 3.814689989667386e-06, 8.737658936297521e-05, 1.4781842764932662e-05]",1.0117531000011142,0.0024915723058220873
454,116,95,119,0.0002689361572265625,0.00030408366001211107,1.013559938752978,"[17.01259994506836, 8.702239938429557e-06, 8.4638240878121e-06, 3.4450891689630225e-05, 3.8221793174743652, 1.1958569288253784, 8.106198947643861e-06, 2.0265558760002023e-06, 0.000545472139492631, 0.08538571000099182, 4.768370445162873e-07, 7.867782187531702e-06, 1.0490362910786644e-05, 0.0003589939442463219, 0.1428644210100174, 5.364403477869928e-06, 8.344646857949556e-07, 0.00021801002731081098, 0.03809087350964546, 4.6491513785440475e-06, 0.00010871296399272978, 1.883488948806189e-05]",1.0117531000011142,-0.0018068387518637152
458,1,17,119,0.000354766845703125,0.0003707187424879521,1.009261527695292,"[16.895030975341797, 1.1086402082582936e-05, 8.4638240878121e-06, 3.4450891689630225e-05, 3.9048166275024414, 1.1495425701141357, 8.22540732769994e-06, 2.7418097943154862e-06, 0.0005393957253545523, 0.07649186253547668, 4.768370445162873e-07, 7.152531907195225e-06, 1.0609570381348021e-05, 0.0003721021639648825, 0.14286907017230988, 5.125986263010418e-06, 8.344646857949556e-07, 0.00021228920377325267, 0.03368357568979263, 3.814689989667386e-06, 8.737658936297521e-05, 1.4781842764932662e-05]",1.0117531000011142,0.0024915723058220873
459,155,153,119,0.00023651123046875,0.00025317235849797726,1.0193565913214633,"[16.98503303527832, 8.583032467868179e-06, 8.583032467868179e-06, 3.528532761265524e-05, 4.043970108032227, 1.1494039297103882, 8.821448318485636e-06, 2.264974000354414e-06, 0.0004586121649481356, 0.08539643883705139, 4.768370445162873e-07, 7.390948667307384e-06, 9.894321920000948e-06, 0.0003847335756290704, 0.12711314857006073, 4.768360213347478e-06, 8.344646857949556e-07, 0.00019214690837543458, 0.03368150442838669, 4.6491513785440475e-06, 0.00010549465514486656, 1.4305012882687151e-05]",1.0117531000011142,-0.007603491320349098
460,46,65,119,0.0003147125244140625,0.00032575507066212595,1.0056706433174982,"[16.887659072875977, 1.1086402082582936e-05, 9.65590606938349e-06, 3.981510963058099e-05, 3.815051794052124, 1.149488091468811, 7.390948667307384e-06, 2.264974000354414e-06, 0.00046039948938414454, 0.08538023382425308, 3.576278118089249e-07, 7.986990567587782e-06, 9.536697689327411e-06, 0.00038258862332440913, 0.1428559571504593, 5.125986263010418e-06, 8.344646857949556e-07, 0.0002157455455744639, 0.04304569959640503, 4.0531076592742465e-06, 0.00010227633902104571, 1.4185804502631072e-05]",1.0117531000011142,0.0060824566836159555
461,222,219,119,0.00018787384033203125,0.00020193732052575797,1.011996043069623,"[17.115345001220703, 1.2397689715726301e-05, 8.583032467868179e-06, 3.313963316031732e-05, 3.814072370529175, 1.1011042594909668, 8.702239938429557e-06, 2.264974000354414e-06, 0.00048029806930571795, 0.0854216068983078, 4.768370445162873e-07, 7.867782187531702e-06, 8.821448318485636e-06, 0.00036066226311959326, 0.11299335956573486, 5.125986263010418e-06, 8.344646857949556e-07, 0.0002329078270122409, 0.03368576616048813, 3.6954811548639555e-06, 0.0001102625101339072, 1.4543427823809907e-05]",1.0117531000011142,-0.00024294306850891623
462,140,140,119,0.0002498626708984375,0.0002678746241144836,1.0131798803860812,"[17.00446128845215, 1.0847986231965479e-05, 9.417489309271332e-06, 3.373566141817719e-05, 3.8835668563842773, 1.1483845710754395, 6.437280717364047e-06, 2.0265558760002023e-06, 0.0004700509598478675, 0.07573191821575165, 4.768370445162873e-07, 7.390948667307384e-06, 1.1086402082582936e-05, 0.0003589939442463219, 0.1428593546152115, 5.960446742392378e-06, 8.344646857949556e-07, 0.00022623363474849612, 0.03368496149778366, 3.933898824470816e-06, 0.00010549465514486656, 1.549708758830093e-05]",1.0117531000011142,-0.001426780384967019
487,167,175,119,0.00022983551025390625,0.00024072156520560384,1.009261527695292,"[16.895030975341797, 1.1086402082582936e-05, 8.4638240878121e-06, 3.4450891689630225e-05, 3.9048166275024414, 1.1495425701141357, 8.22540732769994e-06, 2.7418097943154862e-06, 0.0005393957253545523, 0.07649186253547668, 4.768370445162873e-07, 7.152531907195225e-06, 1.0609570381348021e-05, 0.0003721021639648825, 0.14286907017230988, 5.125986263010418e-06, 8.344646857949556e-07, 0.00021228920377325267, 0.03368357568979263, 3.814689989667386e-06, 8.737658936297521e-05, 1.4781842764932662e-05]",1.0117531000011142,0.0024915723058220873
488,278,277,119,0.000148773193359375,0.00016034043801482767,1.009261527695292,"[16.895030975341797, 1.1086402082582936e-05, 8.4638240878121e-06, 3.4450891689630225e-05, 3.9048166275024414, 1.1495425701141357, 8.22540732769994e-06, 2.7418097943154862e-06, 0.0005393957253545523, 0.07649186253547668, 4.768370445162873e-07, 7.152531907195225e-06, 1.0609570381348021e-05, 0.0003721021639648825, 0.14286907017230988, 5.125986263010418e-06, 8.344646857949556e-07, 0.00021228920377325267, 0.03368357568979263, 3.814689989667386e-06, 8.737658936297521e-05, 1.4781842764932662e-05]",1.0117531000011142,0.0024915723058220873
489,194,199,119,0.00020599365234375,0.0002141326549462974,1.009261527695292,"[16.895030975341797, 1.1086402082582936e-05, 8.4638240878121e-06, 3.4450891689630225e-05, 3.9048166275024414, 1.1495425701141357, 8.22540732769994e-06, 2.7418097943154862e-06, 0.0005393957253545523, 0.07649186253547668, 4.768370445162873e-07, 7.152531907195225e-06, 1.0609570381348021e-05, 0.0003721021639648825, 0.14286907017230988, 5.125986263010418e-06, 8.344646857949556e-07, 0.00021228920377325267, 0.03368357568979263, 3.814689989667386e-06, 8.737658936297521e-05, 1.4781842764932662e-05]",1.0117531000011142,0.0024915723058220873
490,212,203,119,0.00019359588623046875,0.00021333644690457731,1.0148592705238932,"[17.01259422302246, 9.179073458653875e-06, 1.07287787614041e-05, 3.40932747349143e-05, 3.8680291175842285, 1.1944456100463867, 6.794906312279636e-06, 2.50339189733495e-06, 0.00047291061491705477, 0.08539271354675293, 4.768370445162873e-07, 7.152531907195225e-06, 9.894321920000948e-06, 0.00036793138133361936, 0.12710285186767578, 5.364403477869928e-06, 9.536738616588991e-07, 0.0002087136817863211, 0.03808031603693962, 4.887569048150908e-06, 0.00010263393050990999, 1.490105023549404e-05]",1.0117531000011142,-0.0031061705227790615
497,270,269,119,0.0001544952392578125,0.00016710702038835734,1.009261527695292,"[16.895030975341797, 1.1086402082582936e-05, 8.4638240878121e-06, 3.4450891689630225e-05, 3.9048166275024414, 1.1495425701141357, 8.22540732769994e-06, 2.7418097943154862e-06, 0.0005393957253545523, 0.07649186253547668, 4.768370445162873e-07, 7.152531907195225e-06, 1.0609570381348021e-05, 0.0003721021639648825, 0.14286907017230988, 5.125986263010418e-06, 8.344646857949556e-07, 0.00021228920377325267, 0.03368357568979263, 3.814689989667386e-06, 8.737658936297521e-05, 1.4781842764932662e-05]",1.0117531000011142,0.0024915723058220873
498,219,227,119,0.0001888275146484375,0.00019745742611121386,1.009261527695292,"[16.895030975341797, 1.1086402082582936e-05, 8.4638240878121e-06, 3.4450891689630225e-05, 3.9048166275024414, 1.1495425701141357, 8.22540732769994e-06, 2.7418097943154862e-06, 0.0005393957253545523, 0.07649186253547668, 4.768370445162873e-07, 7.152531907195225e-06, 1.0609570381348021e-05, 0.0003721021639648825, 0.14286907017230988, 5.125986263010418e-06, 8.344646857949556e-07, 0.00021228920377325267, 0.03368357568979263, 3.814689989667386e-06, 8.737658936297521e-05, 1.4781842764932662e-05]",1.0117531000011142,0.0024915723058220873
499,275,271,119,0.00015163421630859375,0.0001649941405048594,1.009261527695292,"[16.895030975341797, 1.1086402082582936e-05, 8.4638240878121e-06, 3.4450891689630225e-05, 3.9048166275024414, 1.1495425701141357, 8.22540732769994e-06, 2.7418097943154862e-06, 0.0005393957253545523, 0.07649186253547668, 4.768370445162873e-07, 7.152531907195225e-06, 1.0609570381348021e-05, 0.0003721021639648825, 0.14286907017230988, 5.125986263010418e-06, 8.344646857949556e-07, 0.00021228920377325267, 0.03368357568979263, 3.814689989667386e-06, 8.737658936297521e-05, 1.4781842764932662e-05]",1.0117531000011142,0.0024915723058220873
500,13,21,119,0.0003452301025390625,0.0003664589603431523,1.0182674817562878,"[17.033843994140625, 1.0967194612021558e-05, 1.0847986231965479e-05, 3.528532761265524e-05, 3.934607982635498, 1.1862379312515259, 7.510157047363464e-06, 2.7418097943154862e-06, 0.0005303407087922096, 0.07573235780000687, 3.576278118089249e-07, 7.033323527139146e-06, 1.1086402082582936e-05, 0.0003511289251036942, 0.12709425389766693, 5.960446742392378e-06, 7.152555099310121e-07, 0.00021860594279132783, 0.043048784136772156, 4.6491513785440475e-06, 0.00010656742961145937, 1.549708758830093e-05]",1.0117531000011142,-0.006514381755173604
505,9,22,119,0.000347137451171875,0.0003663453389890492,1.0132745925694373,"[16.950111389160156, 9.298280929215252e-06, 9.65590606938349e-06, 3.8265450712060556e-05, 3.9351978302001953, 1.1498887538909912, 7.152531907195225e-06, 2.264974000354414e-06, 0.0004724340105894953, 0.08539009094238281, 4.768370445162873e-07, 8.22540732769994e-06, 1.0609570381348021e-05, 0.00037651124875992537, 0.1271171271800995, 5.364403477869928e-06, 7.152555099310121e-07, 0.00021491125517059118, 0.043047644197940826, 4.0531076592742465e-06, 0.00011276562872808427, 1.549708758830093e-05]",1.0117531000011142,-0.001521492568323124
506,158,156,119,0.0002346038818359375,0.0002513698418624699,1.009261527695292,"[16.895030975341797, 1.1086402082582936e-05, 8.4638240878121e-06, 3.4450891689630225e-05, 3.9048166275024414, 1.1495425701141357, 8.22540732769994e-06, 2.7418097943154862e-06, 0.0005393957253545523, 0.07649186253547668, 4.768370445162873e-07, 7.152531907195225e-06, 1.0609570381348021e-05, 0.0003721021639648825, 0.14286907017230988, 5.125986263010418e-06, 8.344646857949556e-07, 0.00021228920377325267, 0.03368357568979263, 3.814689989667386e-06, 8.737658936297521e-05, 1.4781842764932662e-05]",1.0117531000011142,0.0024915723058220873
507,234,224,119,0.0001811981201171875,0.0001993439655052498,1.0168336717342599,"[17.016883850097656, 1.0013530300057027e-05, 8.583032467868179e-06, 3.349725011503324e-05, 3.9901630878448486, 1.109747290611267, 7.390948667307384e-06, 2.264974000354414e-06, 0.0005082983989268541, 0.07572296261787415, 4.768370445162873e-07, 7.986990567587782e-06, 1.0967194612021558e-05, 0.0003430254873819649, 0.14284540712833405, 5.364403477869928e-06, 9.536738616588991e-07, 0.0002299282787134871, 0.0336843840777874, 4.0531076592742465e-06, 0.00010632903286023065, 1.4662635294371285e-05]",1.0117531000011142,-0.005080571733145689
508,79,84,119,0.0002956390380859375,0.0003127916425000876,1.009261527695292,"[16.895030975341797, 1.1086402082582936e-05, 8.4638240878121e-06, 3.4450891689630225e-05, 3.9048166275024414, 1.1495425701141357, 8.22540732769994e-06, 2.7418097943154862e-06, 0.0005393957253545523, 0.07649186253547668, 4.768370445162873e-07, 7.152531907195225e-06, 1.0609570381348021e-05, 0.0003721021639648825, 0.14286907017230988, 5.125986263010418e-06, 8.344646857949556e-07, 0.00021228920377325267, 0.03368357568979263, 3.814689989667386e-06, 8.737658936297521e-05, 1.4781842764932662e-05]",1.0117531000011142,0.0024915723058220873
535,2,9,119,0.000354766845703125,0.00038192153442651033,1.0192940873749359,"[17.052892684936523, 1.07287787614041e-05, 1.07287787614041e-05, 3.421248038648628e-05, 3.90360426902771, 1.1947803497314453, 8.22540732769994e-06, 2.50339189733495e-06, 0.0004471732536330819, 0.09537478536367416, 4.768370445162873e-07, 7.629365427419543e-06, 1.0609570381348021e-05, 0.0003873551613651216, 0.14286896586418152, 6.079655122448457e-06, 8.344646857949556e-07, 0.00021550717065110803, 0.03368449956178665, 4.887569048150908e-06, 0.00010144196130568162, 1.597391747054644e-05]",1.0117531000011142,-0.007540987373821695
542,224,231,119,0.000186920166015625,0.00019424365018494427,1.0101193921073455,"[17.046281814575195, 1.0609570381348021e-05, 9.417489309271332e-06, 3.373566141817719e-05, 3.814723491668701, 1.0763767957687378, 7.271740287251305e-06, 2.50339189733495e-06, 0.0005380851216614246, 0.08538582175970078, 4.768370445162873e-07, 7.152531907195225e-06, 9.894321920000948e-06, 0.0003873551613651216, 0.16041705012321472, 4.887569048150908e-06, 7.152555099310121e-07, 0.00021300431399140507, 0.038083989173173904, 4.6491513785440475e-06, 0.00011193125828867778, 1.597391747054644e-05]",1.0117531000011142,0.00163370789376871
543,329,329,119,0.00010204315185546875,0.00010950151045108214,1.0056706433174982,"[16.887659072875977, 1.1086402082582936e-05, 9.65590606938349e-06, 3.981510963058099e-05, 3.815051794052124, 1.149488091468811, 7.390948667307384e-06, 2.264974000354414e-06, 0.00046039948938414454, 0.08538023382425308, 3.576278118089249e-07, 7.986990567587782e-06, 9.536697689327411e-06, 0.00038258862332440913, 0.1428559571504593, 5.125986263010418e-06, 8.344646857949556e-07, 0.0002157455455744639, 0.04304569959640503, 4.0531076592742465e-06, 0.00010227633902104571, 1.4185804502631072e-05]",1.0117531000011142,0.0060824566836159555
544,287,294,119,0.00014400482177734375,0.00015068038192112,1.009261527695292,"[16.895030975341797, 1.1086402082582936e-05, 8.4638240878121e-06, 3.4450891689630225e-05, 3.9048166275024414, 1.1495425701141357, 8.22540732769994e-06, 2.7418097943154862e-06, 0.0005393957253545523, 0.07649186253547668, 4.768370445162873e-07, 7.152531907195225e-06, 1.0609570381348021e-05, 0.0003721021639648825, 0.14286907017230988, 5.125986263010418e-06, 8.344646857949556e-07, 0.00021228920377325267, 0.03368357568979263, 3.814689989667386e-06, 8.737658936297521e-05, 1.4781842764932662e-05]",1.0117531000011142,0.0024915723058220873
545,231,218,119,0.00018405914306640625,0.00020464758563321084,1.0147301464442855,"[17.059585571289062, 8.583032467868179e-06, 8.4638240878121e-06, 3.421248038648628e-05, 3.886082410812378, 1.1108301877975464, 7.390948667307384e-06, 2.264974000354414e-06, 0.0004577780782710761, 0.08535812795162201, 4.768370445162873e-07, 7.986990567587782e-06, 9.65590606938349e-06, 0.0003768687602132559, 0.14286205172538757, 5.602820692729438e-06, 7.152555099310121e-07, 0.0002181292074965313, 0.0380815789103508, 4.887569048150908e-06, 0.00010430268594063818, 1.597391747054644e-05]",1.0117531000011142,-0.002977046443171316
549,29,39,119,0.0003299713134765625,0.0003452374949119985,1.010320750321721,"[16.941965103149414, 9.179073458653875e-06, 8.4638240878121e-06, 3.4450891689630225e-05, 3.901466131210327, 1.1111242771148682, 8.4638240878121e-06, 2.0265558760002023e-06, 0.0004520586517173797, 0.0853932648897171, 3.576278118089249e-07, 8.940656698541716e-06, 9.894321920000948e-06, 0.0003424296446610242, 0.14285863935947418, 4.887569048150908e-06, 8.344646857949556e-07, 0.00019274283840786666, 0.043044786900281906, 3.814689989667386e-06, 0.00010787858627736568, 1.7881233361549675e-05]",1.0117531000011142,0.0014323496793930968
550,100,106,119,0.000278472900390625,0.0002941057609859854,1.009261527695292,"[16.895030975341797, 1.1086402082582936e-05, 8.4638240878121e-06, 3.4450891689630225e-05, 3.9048166275024414, 1.1495425701141357, 8.22540732769994e-06, 2.7418097943154862e-06, 0.0005393957253545523, 0.07649186253547668, 4.768370445162873e-07, 7.152531907195225e-06, 1.0609570381348021e-05, 0.0003721021639648825, 0.14286907017230988, 5.125986263010418e-06, 8.344646857949556e-07, 0.00021228920377325267, 0.03368357568979263, 3.814689989667386e-06, 8.737658936297521e-05, 1.4781842764932662e-05]",1.0117531000011142,0.0024915723058220873
551,19,35,119,0.0003376007080078125,0.00034774199593812227,1.0108913611375747,"[17.016904830932617, 9.298280929215252e-06, 9.775113539944869e-06, 3.862306402879767e-05, 3.8196704387664795, 1.1494568586349487, 7.748573807475623e-06, 2.50339189733495e-06, 0.0004625442670658231, 0.07572826743125916, 3.576278118089249e-07, 7.867782187531702e-06, 9.65590606938349e-06, 0.0003778220561798662, 0.14286546409130096, 5.364403477869928e-06, 8.344646857949556e-07, 0.00023266946664080024, 0.03368622809648514, 3.6954811548639555e-06, 0.00011252723925281316, 1.6569954823353328e-05]",1.0117531000011142,0.0008617388635394629
552,236,232,119,0.00018024444580078125,0.00019380384765099734,1.0094861066792837,"[16.9500789642334, 1.07287787614041e-05, 1.0847986231965479e-05, 3.480850500636734e-05, 3.841794013977051, 1.149186372756958, 7.390948667307384e-06, 2.264974000354414e-06, 0.0004814896092284471, 0.0853930413722992, 3.576278118089249e-07, 7.748573807475623e-06, 1.1086402082582936e-05, 0.0003880701260641217, 0.14286431670188904, 5.364403477869928e-06, 8.344646857949556e-07, 0.00020632999076042324, 0.03808479383587837, 3.6954811548639555e-06, 0.00010549465514486656, 1.6331539882230572e-05]",1.0117531000011142,0.002266993321830446
553,101,107,119,0.000278472900390625,0.00029395640012808144,1.0101851703577929,"[16.99713897705078, 8.34461570775602e-06, 9.417489309271332e-06, 3.4689302992774174e-05, 3.8150837421417236, 1.1486618518829346, 7.271740287251305e-06, 2.50339189733495e-06, 0.00047910655848681927, 0.085386261343956, 4.768370445162873e-07, 8.583032467868179e-06, 1.1205610462639015e-05, 0.00034731553751043975, 0.14287465810775757, 4.6491513785440475e-06, 8.344646857949556e-07, 0.00020168177434243262, 0.033684153109788895, 5.006777428206988e-06, 0.00010895135346800089, 1.4066597032069694e-05]",1.0117531000011142,0.0015679296433213086
562,14,15,119,0.0003452301025390625,0.0003720216336660087,1.0088953588621465,"[16.963247299194336, 9.298280929215252e-06, 8.4638240878121e-06, 3.504691630951129e-05, 3.869661808013916, 1.1109037399291992, 7.629365427419543e-06, 2.264974000354414e-06, 0.0004766043566633016, 0.08539096266031265, 4.768370445162873e-07, 7.629365427419543e-06, 1.1801649634435307e-05, 0.0004032037395518273, 0.1270928829908371, 6.437280717364047e-06, 8.344646857949556e-07, 0.00021217002358753234, 0.03808559477329254, 4.291525328881107e-06, 0.00011264643399044871, 1.680836794548668e-05]",1.0117531000011142,0.00285774113896764
571,113,105,119,0.000270843505859375,0.0002943237777799368,1.0049374324212863,"[16.95586395263672, 8.4638240878121e-06, 1.07287787614041e-05, 3.4689302992774174e-05, 3.784830093383789, 1.1010658740997314, 7.867782187531702e-06, 2.264974000354414e-06, 0.0005061537376604974, 0.084630087018013, 4.768370445162873e-07, 7.867782187531702e-06, 1.1086402082582936e-05, 0.0003623305819928646, 0.14286008477210999, 6.318072337307967e-06, 7.152555099310121e-07, 0.0002153879904653877, 0.038085825741291046, 3.933898824470816e-06, 9.381330892210826e-05, 1.549708758830093e-05]",1.0117531000011142,0.006815667579827878
578,63,71,119,0.00030517578125,0.000322608626447618,1.0207430664210413,"[17.102760314941406, 8.821448318485636e-06, 1.0847986231965479e-05, 3.433168603805825e-05, 3.9413294792175293, 1.1490832567214966, 8.4638240878121e-06, 2.50339189733495e-06, 0.0004601611872203648, 0.08537323027849197, 4.768370445162873e-07, 7.867782187531702e-06, 1.0609570381348021e-05, 0.0003779412363655865, 0.1428615301847458, 5.364403477869928e-06, 7.152555099310121e-07, 0.0002138386043952778, 0.033685535192489624, 3.933898824470816e-06, 9.274052717955783e-05, 1.549708758830093e-05]",1.0117531000011142,-0.008989966419927109
579,94,101,119,0.0002841949462890625,0.0002989773347508162,1.009261527695292,"[16.895030975341797, 1.1086402082582936e-05, 8.4638240878121e-06, 3.4450891689630225e-05, 3.9048166275024414, 1.1495425701141357, 8.22540732769994e-06, 2.7418097943154862e-06, 0.0005393957253545523, 0.07649186253547668, 4.768370445162873e-07, 7.152531907195225e-06, 1.0609570381348021e-05, 0.0003721021639648825, 0.14286907017230988, 5.125986263010418e-06, 8.344646857949556e-07, 0.00021228920377325267, 0.03368357568979263, 3.814689989667386e-06, 8.737658936297521e-05, 1.4781842764932662e-05]",1.0117531000011142,0.0024915723058220873
580,33,49,119,0.0003261566162109375,0.00033573232940398157,1.0171535864741528,"[17.115320205688477, 9.179073458653875e-06, 8.583032467868179e-06, 3.433168603805825e-05, 3.9096078872680664, 1.101369857788086, 7.033323527139146e-06, 2.264974000354414e-06, 0.00047505536349490285, 0.0846610888838768, 4.768370445162873e-07, 8.106198947643861e-06, 9.894321920000948e-06, 0.0003327769518364221, 0.12709666788578033, 5.125986263010418e-06, 9.536738616588991e-07, 0.00021395778458099812, 0.03808433189988136, 4.410734163684538e-06, 0.00011216964776394889, 1.4543427823809907e-05]",1.0117531000011142,-0.00540048647303859
581,203,201,119,0.0001983642578125,0.00021375475625973195,1.0171535864741528,"[17.115320205688477, 9.179073458653875e-06, 8.583032467868179e-06, 3.433168603805825e-05, 3.9096078872680664, 1.101369857788086, 7.033323527139146e-06, 2.264974000354414e-06, 0.00047505536349490285, 0.0846610888838768, 4.768370445162873e-07, 8.106198947643861e-06, 9.894321920000948e-06, 0.0003327769518364221, 0.12709666788578033, 5.125986263010418e-06, 9.536738616588991e-07, 0.00021395778458099812, 0.03808433189988136, 4.410734163684538e-06, 0.00011216964776394889, 1.4543427823809907e-05]",1.0117531000011142,-0.00540048647303859
583,37,44,119,0.0003223419189453125,0.0003431318327784538,1.0171535864741528,"[17.115320205688477, 9.179073458653875e-06, 8.583032467868179e-06, 3.433168603805825e-05, 3.9096078872680664, 1.101369857788086, 7.033323527139146e-06, 2.264974000354414e-06, 0.00047505536349490285, 0.0846610888838768, 4.768370445162873e-07, 8.106198947643861e-06, 9.894321920000948e-06, 0.0003327769518364221, 0.12709666788578033, 5.125986263010418e-06, 9.536738616588991e-07, 0.00021395778458099812, 0.03808433189988136, 4.410734163684538e-06, 0.00011216964776394889, 1.4543427823809907e-05]",1.0117531000011142,-0.00540048647303859
586,211,210,119,0.000194549560546875,0.00020736736769322306,1.0154138561287027,"[16.990463256835938, 1.0847986231965479e-05, 8.4638240878121e-06, 3.4689302992774174e-05, 3.9892311096191406, 1.1097724437713623, 6.9141146923357155e-06, 2.0265558760002023e-06, 0.0004764852055814117, 0.07571810483932495, 4.768370445162873e-07, 7.748573807475623e-06, 9.894321920000948e-06, 0.0003738896339200437, 0.14285790920257568, 5.125986263010418e-06, 8.344646857949556e-07, 0.00021514961554203182, 0.029788948595523834, 4.0531076592742465e-06, 9.881961887003854e-05, 1.764281842042692e-05]",1.0117531000011142,-0.003660756127588538
587,186,196,119,0.0002117156982421875,0.0002173087268602103,1.0137003076255269,"[17.00448226928711, 8.4638240878121e-06, 8.583032467868179e-06, 3.790783375734463e-05, 3.8801770210266113, 1.1491607427597046, 7.390948667307384e-06, 2.264974000354414e-06, 0.0004737447015941143, 0.08539161831140518, 4.768370445162873e-07, 7.152531907195225e-06, 1.0490362910786644e-05, 0.0003480305604171008, 0.1428566724061966, 5.483612312673358e-06, 8.344646857949556e-07, 0.00022718709078617394, 0.038084447383880615, 4.0531076592742465e-06, 9.703165414975956e-05, 1.490105023549404e-05]",1.0117531000011142,-0.0019472076244126946
588,349,349,119,6.67572021484375e-05,7.203913264675066e-05,1.009261527695292,"[16.895030975341797, 1.1086402082582936e-05, 8.4638240878121e-06, 3.4450891689630225e-05, 3.9048166275024414, 1.1495425701141357, 8.22540732769994e-06, 2.7418097943154862e-06, 0.0005393957253545523, 0.07649186253547668, 4.768370445162873e-07, 7.152531907195225e-06, 1.0609570381348021e-05, 0.0003721021639648825, 0.14286907017230988, 5.125986263010418e-06, 8.344646857949556e-07, 0.00021228920377325267, 0.03368357568979263, 3.814689989667386e-06, 8.737658936297521e-05, 1.4781842764932662e-05]",1.0117531000011142,0.0024915723058220873
589,341,343,119,8.153915405273438e-05,8.517730748280883e-05,1.0207491788388396,"[17.00445556640625, 1.0490362910786644e-05, 7.629365427419543e-06, 3.373566141817719e-05, 3.9893572330474854, 1.1950911283493042, 7.867782187531702e-06, 2.264974000354414e-06, 0.00047100416850298643, 0.08537837862968445, 4.768370445162873e-07, 7.986990567587782e-06, 9.65590606938349e-06, 0.0003828269545920193, 0.142853781580925, 5.245195097813848e-06, 7.152555099310121e-07, 0.00020752183627337217, 0.038080889731645584, 3.6954811548639555e-06, 9.810443589231e-05, 1.5735502529423684e-05]",1.0117531000011142,-0.008996078837725463
590,351,351,119,6.532669067382812e-05,7.14371053618379e-05,1.009261527695292,"[16.895030975341797, 1.1086402082582936e-05, 8.4638240878121e-06, 3.4450891689630225e-05, 3.9048166275024414, 1.1495425701141357, 8.22540732769994e-06, 2.7418097943154862e-06, 0.0005393957253545523, 0.07649186253547668, 4.768370445162873e-07, 7.152531907195225e-06, 1.0609570381348021e-05, 0.0003721021639648825, 0.14286907017230988, 5.125986263010418e-06, 8.344646857949556e-07, 0.00021228920377325267, 0.03368357568979263, 3.814689989667386e-06, 8.737658936297521e-05, 1.4781842764932662e-05]",1.0117531000011142,0.0024915723058220873
591,257,259,119,0.000164031982421875,0.0001746995549183339,1.0158989553249904,"[17.01836395263672, 1.0847986231965479e-05, 1.07287787614041e-05, 3.4450891689630225e-05, 3.934755802154541, 1.1492279767990112, 7.748573807475623e-06, 2.50339189733495e-06, 0.00047434045700356364, 0.08538023382425308, 4.768370445162873e-07, 8.702239938429557e-06, 1.1086402082582936e-05, 0.00032848684350028634, 0.1271103173494339, 5.006777428206988e-06, 8.344646857949556e-07, 0.00023827097902540118, 0.033684615045785904, 4.6491513785440475e-06, 9.929640509653836e-05, 1.6689160474925302e-05]",1.0117531000011142,-0.004145855323876235
592,92,100,119,0.000286102294921875,0.0002991832443512976,1.0207491788388396,"[17.00445556640625, 1.0490362910786644e-05, 7.629365427419543e-06, 3.373566141817719e-05, 3.9893572330474854, 1.1950911283493042, 7.867782187531702e-06, 2.264974000354414e-06, 0.00047100416850298643, 0.08537837862968445, 4.768370445162873e-07, 7.986990567587782e-06, 9.65590606938349e-06, 0.0003828269545920193, 0.142853781580925, 5.245195097813848e-06, 7.152555099310121e-07, 0.00020752183627337217, 0.038080889731645584, 3.6954811548639555e-06, 9.810443589231e-05, 1.5735502529423684e-05]",1.0117531000011142,-0.008996078837725463
593,77,80,119,0.00029754638671875,0.00031430067610926926,1.0066825387249052,"[16.936063766479492, 9.894321920000948e-06, 8.4638240878121e-06, 3.3378044463461265e-05, 3.8190526962280273, 1.1490416526794434, 7.510157047363464e-06, 2.50339189733495e-06, 0.0004362108593340963, 0.07646425068378448, 4.768370445162873e-07, 8.106198947643861e-06, 9.894321920000948e-06, 0.0003475538978818804, 0.1270991861820221, 5.8412379075889476e-06, 7.152555099310121e-07, 0.00021824838768225163, 0.0380859412252903, 4.0531076592742465e-06, 0.0001006075763143599, 1.490105023549404e-05]",1.0117531000011142,0.005070561276208974
594,54,73,119,0.000308990478515625,0.0003201087820343673,1.009261527695292,"[16.895030975341797, 1.1086402082582936e-05, 8.4638240878121e-06, 3.4450891689630225e-05, 3.9048166275024414, 1.1495425701141357, 8.22540732769994e-06, 2.7418097943154862e-06, 0.0005393957253545523, 0.07649186253547668, 4.768370445162873e-07, 7.152531907195225e-06, 1.0609570381348021e-05, 0.0003721021639648825, 0.14286907017230988, 5.125986263010418e-06, 8.344646857949556e-07, 0.00021228920377325267, 0.03368357568979263, 3.814689989667386e-06, 8.737658936297521e-05, 1.4781842764932662e-05]",1.0117531000011142,0.0024915723058220873
595,293,290,119,0.0001392364501953125,0.00015309976879507303,1.015522526323113,"[17.038833618164062, 8.821448318485636e-06, 9.417489309271332e-06, 3.099393507000059e-05, 3.9346792697906494, 1.1100167036056519, 7.867782187531702e-06, 2.7418097943154862e-06, 0.0005206898204050958, 0.07572174817323685, 4.768370445162873e-07, 7.748573807475623e-06, 1.0967194612021558e-05, 0.00035851728171110153, 0.14285564422607422, 5.364403477869928e-06, 7.152555099310121e-07, 0.00021431533969007432, 0.03808479383587837, 3.933898824470816e-06, 0.0001045410826918669, 1.6689160474925302e-05]",1.0117531000011142,-0.0037694263219987256
596,120,132,119,0.0002651214599609375,0.00027375711943022907,1.016281226329914,"[17.028173446655273, 1.07287787614041e-05, 1.0847986231965479e-05, 3.433168603805825e-05, 3.9288671016693115, 1.1493306159973145, 7.986990567587782e-06, 2.264974000354414e-06, 0.0004751745145767927, 0.08538559824228287, 4.768370445162873e-07, 7.271740287251305e-06, 1.0490362910786644e-05, 0.00036137725692242384, 0.12709876894950867, 6.079655122448457e-06, 8.344646857949556e-07, 0.0002008474839385599, 0.03808043152093887, 4.6491513785440475e-06, 0.00010084597306558862, 1.680836794548668e-05]",1.0117531000011142,-0.004528126328799731
597,280,284,119,0.0001468658447265625,0.00015622800856363028,1.009261527695292,"[16.895030975341797, 1.1086402082582936e-05, 8.4638240878121e-06, 3.4450891689630225e-05, 3.9048166275024414, 1.1495425701141357, 8.22540732769994e-06, 2.7418097943154862e-06, 0.0005393957253545523, 0.07649186253547668, 4.768370445162873e-07, 7.152531907195225e-06, 1.0609570381348021e-05, 0.0003721021639648825, 0.14286907017230988, 5.125986263010418e-06, 8.344646857949556e-07, 0.00021228920377325267, 0.03368357568979263, 3.814689989667386e-06, 8.737658936297521e-05, 1.4781842764932662e-05]",1.0117531000011142,0.0024915723058220873
598,255,256,119,0.00016498565673828125,0.00017502516857348382,1.0137003076255269,"[17.00448226928711, 8.4638240878121e-06, 8.583032467868179e-06, 3.790783375734463e-05, 3.8801770210266113, 1.1491607427597046, 7.390948667307384e-06, 2.264974000354414e-06, 0.0004737447015941143, 0.08539161831140518, 4.768370445162873e-07, 7.152531907195225e-06, 1.0490362910786644e-05, 0.0003480305604171008, 0.1428566724061966, 5.483612312673358e-06, 8.344646857949556e-07, 0.00022718709078617394, 0.038084447383880615, 4.0531076592742465e-06, 9.703165414975956e-05, 1.490105023549404e-05]",1.0117531000011142,-0.0019472076244126946
599,256,260,119,0.00016498565673828125,0.00017460151866544038,1.0110847179893663,"[16.934593200683594, 8.940656698541716e-06, 9.536697689327411e-06, 3.4689302992774174e-05, 3.931842803955078, 1.1098146438598633, 7.629365427419543e-06, 2.264974000354414e-06, 0.0004748170613311231, 0.08539676666259766, 4.768370445162873e-07, 7.748573807475623e-06, 9.894321920000948e-06, 0.0003502947511151433, 0.1428574025630951, 5.125986263010418e-06, 7.152555099310121e-07, 0.00023183519078884274, 0.038086626678705215, 4.887569048150908e-06, 0.00010859376925509423, 1.490105023549404e-05]",1.0117531000011142,0.0006683820117479033
600,178,170,119,0.00021839141845703125,0.0002424443227937445,1.0099778487998181,"[16.934595108032227, 8.4638240878121e-06, 9.775113539944869e-06, 3.40932747349143e-05, 3.889850616455078, 1.1099157333374023, 7.510157047363464e-06, 2.50339189733495e-06, 0.0004934046883136034, 0.08539118617773056, 4.768370445162873e-07, 7.033323527139146e-06, 9.894321920000948e-06, 0.0003412379592191428, 0.16040882468223572, 5.125986263010418e-06, 8.344646857949556e-07, 0.00021240839851088822, 0.03808422014117241, 3.933898824470816e-06, 0.00011395759065635502, 1.6331539882230572e-05]",1.0117531000011142,0.0017752512012960686
605,97,91,119,0.00028228759765625,0.00030557005084119737,1.009465114592677,"[16.929384231567383, 8.4638240878121e-06, 8.583032467868179e-06, 3.373566141817719e-05, 3.872457981109619, 1.148418664932251, 8.4638240878121e-06, 2.50339189733495e-06, 0.0005199749139137566, 0.07573479413986206, 4.768370445162873e-07, 7.152531907195225e-06, 1.1801649634435307e-05, 0.0003401654539629817, 0.14285005629062653, 6.318072337307967e-06, 9.536738616588991e-07, 0.00021789084712509066, 0.03808525204658508, 3.6954811548639555e-06, 0.00011634149996098131, 1.5020257706055418e-05]",1.0117531000011142,0.002287985408437221
607,264,264,119,0.000156402587890625,0.00017173982632812113,1.0070909436814708,"[16.91057777404785, 8.4638240878121e-06, 8.34461570775602e-06, 3.4450891689630225e-05, 3.774712085723877, 1.1952534914016724, 8.22540732769994e-06, 2.50339189733495e-06, 0.00044050050200894475, 0.07572672516107559, 4.768370445162873e-07, 7.986990567587782e-06, 9.894321920000948e-06, 0.00036161558819003403, 0.16041044890880585, 5.8412379075889476e-06, 8.344646857949556e-07, 0.00021371940965764225, 0.038087088614702225, 4.887569048150908e-06, 0.00010918975021922961, 1.6212332411669195e-05]",1.0117531000011142,0.004662156319643396
608,134,139,119,0.000255584716796875,0.00026938962400890887,1.0120210183834735,"[16.986780166625977, 8.34461570775602e-06, 9.65590606938349e-06, 3.373566141817719e-05, 3.8997042179107666, 1.1103904247283936, 8.22540732769994e-06, 2.50339189733495e-06, 0.0004761277523357421, 0.08538319170475006, 5.960462772236497e-07, 7.867782187531702e-06, 1.1086402082582936e-05, 0.0003418338019400835, 0.1428624540567398, 4.768360213347478e-06, 8.344646857949556e-07, 0.0002320735511602834, 0.03808628395199776, 4.6491513785440475e-06, 9.738924563862383e-05, 1.597391747054644e-05]",1.0117531000011142,-0.000267918382359289
609,88,74,119,0.0002880096435546875,0.0003189865092281252,1.0157321842840732,"[17.11532211303711, 1.0847986231965479e-05, 9.298280929215252e-06, 3.397406908334233e-05, 3.8521006107330322, 1.1110793352127075, 7.986990567587782e-06, 2.264974000354414e-06, 0.00045885046711191535, 0.08539731055498123, 4.768370445162873e-07, 7.986990567587782e-06, 9.894321920000948e-06, 0.0003713871701620519, 0.14286255836486816, 5.364403477869928e-06, 7.152555099310121e-07, 0.00021169328829273582, 0.038086168467998505, 3.6954811548639555e-06, 0.00010835537250386551, 1.7165990357170813e-05]",1.0117531000011142,-0.003979084282959011
617,55,60,119,0.000308990478515625,0.0003310783940833062,1.020788706040481,"[17.052860260009766, 8.4638240878121e-06, 1.0847986231965479e-05, 3.361645576660521e-05, 3.9371767044067383, 1.1948450803756714, 7.867782187531702e-06, 2.7418097943154862e-06, 0.00044824567157775164, 0.0853784829378128, 4.768370445162873e-07, 7.390948667307384e-06, 1.0490362910786644e-05, 0.00032264748006127775, 0.1428530514240265, 5.125986263010418e-06, 7.152555099310121e-07, 0.00021514961554203182, 0.04304604232311249, 3.933898824470816e-06, 9.881961887003854e-05, 1.537788011773955e-05]",1.0117531000011142,-0.009035606039366817
623,39,64,119,0.0003185272216796875,0.0003276282222941518,1.006786390267166,"[16.893388748168945, 9.059865078597795e-06, 9.298280929215252e-06, 3.4689302992774174e-05, 3.8788981437683105, 1.110163688659668, 7.033323527139146e-06, 2.264974000354414e-06, 0.0004797023138962686, 0.08463490754365921, 4.768370445162873e-07, 7.986990567587782e-06, 1.0609570381348021e-05, 0.00037043384509161115, 0.14285708963871002, 6.079655122448457e-06, 8.344646857949556e-07, 0.00021443451987579465, 0.03808387368917465, 4.0531076592742465e-06, 0.00010263393050990999, 1.4543427823809907e-05]",1.0117531000011142,0.004966709733948083
624,249,253,119,0.000171661376953125,0.00018142892804462463,1.0039044811095024,"[16.95000648498535, 8.583032467868179e-06, 8.583032467868179e-06, 3.6477376852417365e-05, 3.8182404041290283, 1.0657432079315186, 7.867782187531702e-06, 2.0265558760002023e-06, 0.000523430178873241, 0.08538307994604111, 4.768370445162873e-07, 8.940656698541716e-06, 1.1086402082582936e-05, 0.00036816971260122955, 0.12710684537887573, 4.529942543740617e-06, 8.344646857949556e-07, 0.00021717573690693825, 0.03808651491999626, 3.933898824470816e-06, 0.00011395759065635502, 1.597391747054644e-05]",1.0117531000011142,0.007848618891611814
625,196,208,119,0.0002040863037109375,0.0002098051190841943,1.0143344346124545,"[16.990379333496094, 1.0609570381348021e-05, 8.4638240878121e-06, 3.755022044060752e-05, 3.947145938873291, 1.1102585792541504, 7.748573807475623e-06, 2.264974000354414e-06, 0.000447530735982582, 0.08538428694009781, 4.768370445162873e-07, 7.867782187531702e-06, 1.0490362910786644e-05, 0.00035982808913104236, 0.1428840607404709, 5.722029527532868e-06, 8.344646857949556e-07, 0.00019798702851403505, 0.03808639943599701, 4.0531076592742465e-06, 0.00010084597306558862, 1.6689160474925302e-05]",1.0117531000011142,-0.002581334611340358
626,335,334,119,9.34600830078125e-05,0.00010231351188849658,1.0150224836248987,"[17.052839279174805, 8.34461570775602e-06, 8.4638240878121e-06, 3.397406908334233e-05, 3.819812297821045, 1.1959658861160278, 8.106198947643861e-06, 2.264974000354414e-06, 0.0004969792207702994, 0.0953807458281517, 3.576278118089249e-07, 7.629365427419543e-06, 1.1086402082582936e-05, 0.00037651124875992537, 0.1271006464958191, 6.079655122448457e-06, 8.344646857949556e-07, 0.00021979777375236154, 0.03808077424764633, 4.887569048150908e-06, 0.00011431517486926168, 1.537788011773955e-05]",1.0117531000011142,-0.003269383623784483
627,159,165,119,0.0002346038818359375,0.00024463917361572385,1.009137412427164,"[17.01104736328125, 1.0490362910786644e-05, 9.417489309271332e-06, 3.7431014789035544e-05, 3.8111696243286133, 1.1111640930175781, 7.867782187531702e-06, 2.264974000354414e-06, 0.0004744596080854535, 0.0853852704167366, 3.576278118089249e-07, 7.629365427419543e-06, 1.1205610462639015e-05, 0.00039283663500100374, 0.14286410808563232, 4.887569048150908e-06, 7.152555099310121e-07, 0.0002302858338225633, 0.038085825741291046, 4.6491513785440475e-06, 9.798523387871683e-05, 1.4305012882687151e-05]",1.0117531000011142,0.002615687573950254
628,84,92,119,0.0002918243408203125,0.0003054153057746589,1.0070908226167345,"[16.927852630615234, 1.0967194612021558e-05, 8.34461570775602e-06, 3.4450891689630225e-05, 3.8162424564361572, 1.14866042137146, 7.986990567587782e-06, 2.50339189733495e-06, 0.0005391574813984334, 0.0853816568851471, 4.768370445162873e-07, 7.748573807475623e-06, 1.0490362910786644e-05, 0.00033456450910307467, 0.14285388588905334, 5.364403477869928e-06, 7.152555099310121e-07, 0.00021598390594590455, 0.033687036484479904, 4.0531076592742465e-06, 0.00012170527770649642, 1.549708758830093e-05]",1.0117531000011142,0.004662277384379632
631,197,197,119,0.0002040863037109375,0.00021673775336239487,1.009261527695292,"[16.895030975341797, 1.1086402082582936e-05, 8.4638240878121e-06, 3.4450891689630225e-05, 3.9048166275024414, 1.1495425701141357, 8.22540732769994e-06, 2.7418097943154862e-06, 0.0005393957253545523, 0.07649186253547668, 4.768370445162873e-07, 7.152531907195225e-06, 1.0609570381348021e-05, 0.0003721021639648825, 0.14286907017230988, 5.125986263010418e-06, 8.344646857949556e-07, 0.00021228920377325267, 0.03368357568979263, 3.814689989667386e-06, 8.737658936297521e-05, 1.4781842764932662e-05]",1.0117531000011142,0.0024915723058220873
632,130,143,119,0.0002574920654296875,0.0002654601412359625,1.0089052478375244,"[16.998613357543945, 1.07287787614041e-05, 8.4638240878121e-06, 3.421248038648628e-05, 3.8184149265289307, 1.1112420558929443, 7.271740287251305e-06, 2.264974000354414e-06, 0.0004912600270472467, 0.08537914603948593, 4.768370445162873e-07, 8.106198947643861e-06, 9.894321920000948e-06, 0.00035589560866355896, 0.14287103712558746, 5.364403477869928e-06, 7.152555099310121e-07, 0.00024041623692028224, 0.03808456286787987, 4.0531076592742465e-06, 0.00011550712952157483, 1.5735502529423684e-05]",1.0117531000011142,0.002847852163589737
633,251,255,119,0.0001697540283203125,0.00017627200577408075,1.009261527695292,"[16.895030975341797, 1.1086402082582936e-05, 8.4638240878121e-06, 3.4450891689630225e-05, 3.9048166275024414, 1.1495425701141357, 8.22540732769994e-06, 2.7418097943154862e-06, 0.0005393957253545523, 0.07649186253547668, 4.768370445162873e-07, 7.152531907195225e-06, 1.0609570381348021e-05, 0.0003721021639648825, 0.14286907017230988, 5.125986263010418e-06, 8.344646857949556e-07, 0.00021228920377325267, 0.03368357568979263, 3.814689989667386e-06, 8.737658936297521e-05, 1.4781842764932662e-05]",1.0117531000011142,0.0024915723058220873
634,310,316,119,0.00012683868408203125,0.00013383028272073716,1.009261527695292,"[16.895030975341797, 1.1086402082582936e-05, 8.4638240878121e-06, 3.4450891689630225e-05, 3.9048166275024414, 1.1495425701141357, 8.22540732769994e-06, 2.7418097943154862e-06, 0.0005393957253545523, 0.07649186253547668, 4.768370445162873e-07, 7.152531907195225e-06, 1.0609570381348021e-05, 0.0003721021639648825, 0.14286907017230988, 5.125986263010418e-06, 8.344646857949556e-07, 0.00021228920377325267, 0.03368357568979263, 3.814689989667386e-06, 8.737658936297521e-05, 1.4781842764932662e-05]",1.0117531000011142,0.0024915723058220873
635,265,276,119,0.000156402587890625,0.00016188448353204876,1.0207491788388396,"[17.00445556640625, 1.0490362910786644e-05, 7.629365427419543e-06, 3.373566141817719e-05, 3.9893572330474854, 1.1950911283493042, 7.867782187531702e-06, 2.264974000354414e-06, 0.00047100416850298643, 0.08537837862968445, 4.768370445162873e-07, 7.986990567587782e-06, 9.65590606938349e-06, 0.0003828269545920193, 0.142853781580925, 5.245195097813848e-06, 7.152555099310121e-07, 0.00020752183627337217, 0.038080889731645584, 3.6954811548639555e-06, 9.810443589231e-05, 1.5735502529423684e-05]",1.0117531000011142,-0.008996078837725463
636,290,285,119,0.00014209747314453125,0.0001558318908791989,1.009261527695292,"[16.895030975341797, 1.1086402082582936e-05, 8.4638240878121e-06, 3.4450891689630225e-05, 3.9048166275024414, 1.1495425701141357, 8.22540732769994e-06, 2.7418097943154862e-06, 0.0005393957253545523, 0.07649186253547668, 4.768370445162873e-07, 7.152531907195225e-06, 1.0609570381348021e-05, 0.0003721021639648825, 0.14286907017230988, 5.125986263010418e-06, 8.344646857949556e-07, 0.00021228920377325267, 0.03368357568979263, 3.814689989667386e-06, 8.737658936297521e-05, 1.4781842764932662e-05]",1.0117531000011142,0.0024915723058220873
638,10,16,119,0.000347137451171875,0.00037082054768688977,1.0072876370052304,"[16.936092376708984, 1.07287787614041e-05, 1.0967194612021558e-05, 3.576214658096433e-05, 3.823615789413452, 1.1487629413604736, 8.4638240878121e-06, 2.264974000354414e-06, 0.0004748170613311231, 0.0853896513581276, 4.768370445162873e-07, 7.271740287251305e-06, 1.1801649634435307e-05, 0.0003781795676331967, 0.1271110475063324, 6.198863957251888e-06, 8.344646857949556e-07, 0.00019905969384126365, 0.03808731585741043, 5.006777428206988e-06, 0.00010048838157672435, 1.6569954823353328e-05]",1.0117531000011142,0.0044654629958837955
640,117,119,119,0.0002689361572265625,0.0002830805315170437,1.0103522674090186,"[17.018325805664062, 8.583032467868179e-06, 8.583032467868179e-06, 3.373566141817719e-05, 3.8181142807006836, 1.1491444110870361, 6.794906312279636e-06, 2.264974000354414e-06, 0.0004752936656586826, 0.07573898881673813, 4.768370445162873e-07, 7.629365427419543e-06, 1.0490362910786644e-05, 0.00034231049357913435, 0.1271093636751175, 5.125986263010418e-06, 7.152555099310121e-07, 0.0002019201492657885, 0.03808651491999626, 4.172316494077677e-06, 0.0001070442158379592, 1.537788011773955e-05]",1.0117531000011142,0.0014008325920955578
641,217,222,119,0.00018978118896484375,0.00020080797548871487,1.01062782033044,"[16.929384231567383, 8.702239938429557e-06, 9.417489309271332e-06, 3.4689302992774174e-05, 3.8416614532470703, 1.1951676607131958, 7.748573807475623e-06, 2.264974000354414e-06, 0.0004745787591673434, 0.08539578318595886, 4.768370445162873e-07, 7.271740287251305e-06, 1.07287787614041e-05, 0.00037245964631438255, 0.1428561508655548, 5.364403477869928e-06, 9.536738616588991e-07, 0.00021181246847845614, 0.038081809878349304, 3.6954811548639555e-06, 9.989239333663136e-05, 1.490105023549404e-05]",1.0117531000011142,0.0011252796706742174
642,201,215,119,0.0002002716064453125,0.0002062642015516758,1.009261527695292,"[16.895030975341797, 1.1086402082582936e-05, 8.4638240878121e-06, 3.4450891689630225e-05, 3.9048166275024414, 1.1495425701141357, 8.22540732769994e-06, 2.7418097943154862e-06, 0.0005393957253545523, 0.07649186253547668, 4.768370445162873e-07, 7.152531907195225e-06, 1.0609570381348021e-05, 0.0003721021639648825, 0.14286907017230988, 5.125986263010418e-06, 8.344646857949556e-07, 0.00021228920377325267, 0.03368357568979263, 3.814689989667386e-06, 8.737658936297521e-05, 1.4781842764932662e-05]",1.0117531000011142,0.0024915723058220873
643,308,313,119,0.00012874603271484375,0.00013626822328660637,1.0148750620134954,"[17.059547424316406, 9.179073458653875e-06, 1.07287787614041e-05, 3.7431014789035544e-05, 3.8175642490386963, 1.186452031135559, 7.748573807475623e-06, 2.50339189733495e-06, 0.0004687402688432485, 0.07648976147174835, 4.768370445162873e-07, 8.22540732769994e-06, 1.168244216387393e-05, 0.0003535122668836266, 0.1428767293691635, 6.437280717364047e-06, 8.344646857949556e-07, 0.00021836756786797196, 0.04304809868335724, 4.0531076592742465e-06, 0.00011693747364915907, 1.6212332411669195e-05]",1.0117531000011142,-0.003121962012381241
644,260,270,119,0.00016117095947265625,0.00016639576642774045,1.0186443415314272,"[17.06691551208496, 8.583032467868179e-06, 1.0371154530730564e-05, 3.302042750874534e-05, 3.9305419921875, 1.1494741439819336, 8.22540732769994e-06, 2.264974000354414e-06, 0.0004911408759653568, 0.08541931211948395, 3.576278118089249e-07, 7.867782187531702e-06, 1.0967194612021558e-05, 0.00036554806865751743, 0.14286039769649506, 5.364403477869928e-06, 9.536738616588991e-07, 0.00021217002358753234, 0.0336868055164814, 4.291525328881107e-06, 9.989239333663136e-05, 1.6331539882230572e-05]",1.0117531000011142,-0.006891241530313064
645,336,333,119,9.34600830078125e-05,0.00010391309479018673,1.0081104493034652,"[16.893430709838867, 8.583032467868179e-06, 8.583032467868179e-06, 3.4927710657939315e-05, 3.8171494007110596, 1.195190668106079, 8.106198947643861e-06, 2.264974000354414e-06, 0.0005265279905870557, 0.0853932648897171, 4.768370445162873e-07, 7.390948667307384e-06, 1.0967194612021558e-05, 0.00037245964631438255, 0.1428566724061966, 5.602820692729438e-06, 8.344646857949556e-07, 0.00024029705673456192, 0.04304935410618782, 4.0531076592742465e-06, 0.00011216964776394889, 1.6569954823353328e-05]",1.0117531000011142,0.003642650697649019
646,73,82,119,0.0002994537353515625,0.0003134483122266829,1.00539056749041,"[16.86536407470703, 9.179073458653875e-06, 9.417489309271332e-06, 3.40932747349143e-05, 3.8843297958374023, 1.1012680530548096, 8.22540732769994e-06, 1.9073468138230965e-06, 0.00047469791024923325, 0.08539479225873947, 4.768370445162873e-07, 7.867782187531702e-06, 1.1920858014491387e-05, 0.00037531962152570486, 0.14286670088768005, 6.198863957251888e-06, 9.536738616588991e-07, 0.00021491125517059118, 0.03808456286787987, 4.887569048150908e-06, 0.0001113352773245424, 1.3112935448589269e-05]",1.0117531000011142,0.0063625325107041775
648,20,28,119,0.0003376007080078125,0.0003604773955885321,1.0104406999370523,"[16.948627471923828, 1.168244216387393e-05, 1.0847986231965479e-05, 3.528532761265524e-05, 3.817826747894287, 1.19562566280365, 7.986990567587782e-06, 2.50339189733495e-06, 0.0004913791781291366, 0.08539479225873947, 4.768370445162873e-07, 7.867782187531702e-06, 1.1205610462639015e-05, 0.00033468366018496454, 0.14286121726036072, 5.722029527532868e-06, 8.344646857949556e-07, 0.00021717573690693825, 0.038082268089056015, 4.6491513785440475e-06, 0.00011812942830147222, 1.680836794548668e-05]",1.0117531000011142,0.0013124000640618583
650,149,150,119,0.00024127960205078125,0.0002586272021289915,1.004655341695473,"[16.941978454589844, 1.0132738680113107e-05, 9.417489309271332e-06, 3.45700973412022e-05, 3.8154945373535156, 1.1110451221466064, 8.106198947643861e-06, 2.0265558760002023e-06, 0.00047600860125385225, 0.07572362571954727, 4.768370445162873e-07, 8.702239938429557e-06, 9.894321920000948e-06, 0.0003721021639648825, 0.12710653245449066, 6.079655122448457e-06, 8.344646857949556e-07, 0.00021455370006151497, 0.029786288738250732, 4.6491513785440475e-06, 0.00010918975021922961, 1.6212332411669195e-05]",1.0117531000011142,0.007097758305641078
651,52,70,119,0.0003108978271484375,0.0003230558359064162,1.0056706433174982,"[16.887659072875977, 1.1086402082582936e-05, 9.65590606938349e-06, 3.981510963058099e-05, 3.815051794052124, 1.149488091468811, 7.390948667307384e-06, 2.264974000354414e-06, 0.00046039948938414454, 0.08538023382425308, 3.576278118089249e-07, 7.986990567587782e-06, 9.536697689327411e-06, 0.00038258862332440913, 0.1428559571504593, 5.125986263010418e-06, 8.344646857949556e-07, 0.0002157455455744639, 0.04304569959640503, 4.0531076592742465e-06, 0.00010227633902104571, 1.4185804502631072e-05]",1.0117531000011142,0.0060824566836159555
652,180,185,119,0.00021648406982421875,0.00022718960826750845,1.009261527695292,"[16.895030975341797, 1.1086402082582936e-05, 8.4638240878121e-06, 3.4450891689630225e-05, 3.9048166275024414, 1.1495425701141357, 8.22540732769994e-06, 2.7418097943154862e-06, 0.0005393957253545523, 0.07649186253547668, 4.768370445162873e-07, 7.152531907195225e-06, 1.0609570381348021e-05, 0.0003721021639648825, 0.14286907017230988, 5.125986263010418e-06, 8.344646857949556e-07, 0.00021228920377325267, 0.03368357568979263, 3.814689989667386e-06, 8.737658936297521e-05, 1.4781842764932662e-05]",1.0117531000011142,0.0024915723058220873
653,215,207,119,0.00019168853759765625,0.00021110844681970775,1.009261527695292,"[16.895030975341797, 1.1086402082582936e-05, 8.4638240878121e-06, 3.4450891689630225e-05, 3.9048166275024414, 1.1495425701141357, 8.22540732769994e-06, 2.7418097943154862e-06, 0.0005393957253545523, 0.07649186253547668, 4.768370445162873e-07, 7.152531907195225e-06, 1.0609570381348021e-05, 0.0003721021639648825, 0.14286907017230988, 5.125986263010418e-06, 8.344646857949556e-07, 0.00021228920377325267, 0.03368357568979263, 3.814689989667386e-06, 8.737658936297521e-05, 1.4781842764932662e-05]",1.0117531000011142,0.0024915723058220873
662,40,41,119,0.0003185272216796875,0.0003443383320700377,1.0092687729439314,"[16.9226131439209, 1.0967194612021558e-05, 8.34461570775602e-06, 3.313963316031732e-05, 3.8177332878112793, 1.195976972579956, 7.390948667307384e-06, 1.9073468138230965e-06, 0.0004624251159839332, 0.08538734912872314, 4.768370445162873e-07, 7.748573807475623e-06, 9.775113539944869e-06, 0.0003665013937279582, 0.1428629755973816, 5.125986263010418e-06, 8.344646857949556e-07, 0.00021217002358753234, 0.03808456286787987, 4.172316494077677e-06, 0.00010787858627736568, 1.585470999998506e-05]",1.0117531000011142,0.0024843270571828224
669,131,138,119,0.0002574920654296875,0.0002701103512663394,1.0056706433174982,"[16.887659072875977, 1.1086402082582936e-05, 9.65590606938349e-06, 3.981510963058099e-05, 3.815051794052124, 1.149488091468811, 7.390948667307384e-06, 2.264974000354414e-06, 0.00046039948938414454, 0.08538023382425308, 3.576278118089249e-07, 7.986990567587782e-06, 9.536697689327411e-06, 0.00038258862332440913, 0.1428559571504593, 5.125986263010418e-06, 8.344646857949556e-07, 0.0002157455455744639, 0.04304569959640503, 4.0531076592742465e-06, 0.00010227633902104571, 1.4185804502631072e-05]",1.0117531000011142,0.0060824566836159555
670,109,122,119,0.0002727508544921875,0.00028143334202468395,1.0106125574333604,"[16.927885055541992, 1.07287787614041e-05, 9.536697689327411e-06, 3.8265450712060556e-05, 3.9371440410614014, 1.100856065750122, 7.629365427419543e-06, 2.264974000354414e-06, 0.0004664763400796801, 0.08538253605365753, 4.768370445162873e-07, 7.271740287251305e-06, 1.1086402082582936e-05, 0.0003618539194576442, 0.14286410808563232, 5.960446742392378e-06, 8.344646857949556e-07, 0.00021801002731081098, 0.038086168467998505, 5.006777428206988e-06, 9.715084888739511e-05, 1.5735502529423684e-05]",1.0117531000011142,0.001140542567753755
671,241,243,119,0.0001773834228515625,0.00018676373292692006,1.0170087127053555,"[17.075035095214844, 1.0490362910786644e-05, 9.298280929215252e-06, 3.397406908334233e-05, 3.9304661750793457, 1.1010210514068604, 7.986990567587782e-06, 2.7418097943154862e-06, 0.0005175919504836202, 0.08539840579032898, 4.768370445162873e-07, 7.867782187531702e-06, 1.07287787614041e-05, 0.0003631647559814155, 0.1428687572479248, 5.125986263010418e-06, 7.152555099310121e-07, 0.0002169373765354976, 0.038084447383880615, 4.6491513785440475e-06, 0.00011038171214750037, 1.5616295058862306e-05]",1.0117531000011142,-0.0052556127042413525
672,182,187,119,0.00021457672119140625,0.00022529395937453955,1.007746521508254,"[16.950077056884766, 8.22540732769994e-06, 9.536697689327411e-06, 3.45700973412022e-05, 3.8760151863098145, 1.1104069948196411, 7.629365427419543e-06, 2.50339189733495e-06, 0.0004757702990900725, 0.07572484761476517, 4.768370445162873e-07, 7.629365427419543e-06, 9.65590606938349e-06, 0.00038747431244701147, 0.1271049529314041, 5.125986263010418e-06, 7.152555099310121e-07, 0.00022635281493421644, 0.02978871762752533, 5.125986263010418e-06, 0.00010895135346800089, 1.597391747054644e-05]",1.0117531000011142,0.0040065784928602355
673,121,130,119,0.0002651214599609375,0.00027637387393042445,1.0056706433174982,"[16.887659072875977, 1.1086402082582936e-05, 9.65590606938349e-06, 3.981510963058099e-05, 3.815051794052124, 1.149488091468811, 7.390948667307384e-06, 2.264974000354414e-06, 0.00046039948938414454, 0.08538023382425308, 3.576278118089249e-07, 7.986990567587782e-06, 9.536697689327411e-06, 0.00038258862332440913, 0.1428559571504593, 5.125986263010418e-06, 8.344646857949556e-07, 0.0002157455455744639, 0.04304569959640503, 4.0531076592742465e-06, 0.00010227633902104571, 1.4185804502631072e-05]",1.0117531000011142,0.0060824566836159555
674,64,53,119,0.00030517578125,0.0003341088304296136,1.0056706433174982,"[16.887659072875977, 1.1086402082582936e-05, 9.65590606938349e-06, 3.981510963058099e-05, 3.815051794052124, 1.149488091468811, 7.390948667307384e-06, 2.264974000354414e-06, 0.00046039948938414454, 0.08538023382425308, 3.576278118089249e-07, 7.986990567587782e-06, 9.536697689327411e-06, 0.00038258862332440913, 0.1428559571504593, 5.125986263010418e-06, 8.344646857949556e-07, 0.0002157455455744639, 0.04304569959640503, 4.0531076592742465e-06, 0.00010227633902104571, 1.4185804502631072e-05]",1.0117531000011142,0.0060824566836159555
678,125,137,119,0.0002613067626953125,0.0002713617868721485,1.009261527695292,"[16.895030975341797, 1.1086402082582936e-05, 8.4638240878121e-06, 3.4450891689630225e-05, 3.9048166275024414, 1.1495425701141357, 8.22540732769994e-06, 2.7418097943154862e-06, 0.0005393957253545523, 0.07649186253547668, 4.768370445162873e-07, 7.152531907195225e-06, 1.0609570381348021e-05, 0.0003721021639648825, 0.14286907017230988, 5.125986263010418e-06, 8.344646857949556e-07, 0.00021228920377325267, 0.03368357568979263, 3.814689989667386e-06, 8.737658936297521e-05, 1.4781842764932662e-05]",1.0117531000011142,0.0024915723058220873
679,227,234,119,0.0001850128173828125,0.00019360629084985703,1.009261527695292,"[16.895030975341797, 1.1086402082582936e-05, 8.4638240878121e-06, 3.4450891689630225e-05, 3.9048166275024414, 1.1495425701141357, 8.22540732769994e-06, 2.7418097943154862e-06, 0.0005393957253545523, 0.07649186253547668, 4.768370445162873e-07, 7.152531907195225e-06, 1.0609570381348021e-05, 0.0003721021639648825, 0.14286907017230988, 5.125986263010418e-06, 8.344646857949556e-07, 0.00021228920377325267, 0.03368357568979263, 3.814689989667386e-06, 8.737658936297521e-05, 1.4781842764932662e-05]",1.0117531000011142,0.0024915723058220873
680,228,236,119,0.0001850128173828125,0.00019099685596302152,1.009261527695292,"[16.895030975341797, 1.1086402082582936e-05, 8.4638240878121e-06, 3.4450891689630225e-05, 3.9048166275024414, 1.1495425701141357, 8.22540732769994e-06, 2.7418097943154862e-06, 0.0005393957253545523, 0.07649186253547668, 4.768370445162873e-07, 7.152531907195225e-06, 1.0609570381348021e-05, 0.0003721021639648825, 0.14286907017230988, 5.125986263010418e-06, 8.344646857949556e-07, 0.00021228920377325267, 0.03368357568979263, 3.814689989667386e-06, 8.737658936297521e-05, 1.4781842764932662e-05]",1.0117531000011142,0.0024915723058220873
681,303,304,119,0.000133514404296875,0.0001418611645931378,1.0056706433174982,"[16.887659072875977, 1.1086402082582936e-05, 9.65590606938349e-06, 3.981510963058099e-05, 3.815051794052124, 1.149488091468811, 7.390948667307384e-06, 2.264974000354414e-06, 0.00046039948938414454, 0.08538023382425308, 3.576278118089249e-07, 7.986990567587782e-06, 9.536697689327411e-06, 0.00038258862332440913, 0.1428559571504593, 5.125986263010418e-06, 8.344646857949556e-07, 0.0002157455455744639, 0.04304569959640503, 4.0531076592742465e-06, 0.00010227633902104571, 1.4185804502631072e-05]",1.0117531000011142,0.0060824566836159555
682,181,186,119,0.0002155303955078125,0.0002259043831145391,1.009261527695292,"[16.895030975341797, 1.1086402082582936e-05, 8.4638240878121e-06, 3.4450891689630225e-05, 3.9048166275024414, 1.1495425701141357, 8.22540732769994e-06, 2.7418097943154862e-06, 0.0005393957253545523, 0.07649186253547668, 4.768370445162873e-07, 7.152531907195225e-06, 1.0609570381348021e-05, 0.0003721021639648825, 0.14286907017230988, 5.125986263010418e-06, 8.344646857949556e-07, 0.00021228920377325267, 0.03368357568979263, 3.814689989667386e-06, 8.737658936297521e-05, 1.4781842764932662e-05]",1.0117531000011142,0.0024915723058220873
683,80,87,119,0.000293731689453125,0.000307393551338464,1.009261527695292,"[16.895030975341797, 1.1086402082582936e-05, 8.4638240878121e-06, 3.4450891689630225e-05, 3.9048166275024414, 1.1495425701141357, 8.22540732769994e-06, 2.7418097943154862e-06, 0.0005393957253545523, 0.07649186253547668, 4.768370445162873e-07, 7.152531907195225e-06, 1.0609570381348021e-05, 0.0003721021639648825, 0.14286907017230988, 5.125986263010418e-06, 8.344646857949556e-07, 0.00021228920377325267, 0.03368357568979263, 3.814689989667386e-06, 8.737658936297521e-05, 1.4781842764932662e-05]",1.0117531000011142,0.0024915723058220873
686,279,274,119,0.000148773193359375,0.0001627845485927537,1.0056706433174982,"[16.887659072875977, 1.1086402082582936e-05, 9.65590606938349e-06, 3.981510963058099e-05, 3.815051794052124, 1.149488091468811, 7.390948667307384e-06, 2.264974000354414e-06, 0.00046039948938414454, 0.08538023382425308, 3.576278118089249e-07, 7.986990567587782e-06, 9.536697689327411e-06, 0.00038258862332440913, 0.1428559571504593, 5.125986263010418e-06, 8.344646857949556e-07, 0.0002157455455744639, 0.04304569959640503, 4.0531076592742465e-06, 0.00010227633902104571, 1.4185804502631072e-05]",1.0117531000011142,0.0060824566836159555
687,99,115,119,0.0002803802490234375,0.00028784494497813284,1.013021555031429,"[17.046998977661133, 8.702239938429557e-06, 8.4638240878121e-06, 3.755022044060752e-05, 3.92195987701416, 1.0656991004943848, 7.510157047363464e-06, 2.50339189733495e-06, 0.00045885046711191535, 0.08539599925279617, 3.576278118089249e-07, 7.867782187531702e-06, 1.1086402082582936e-05, 0.0003426679759286344, 0.127114936709404, 5.364403477869928e-06, 7.152555099310121e-07, 0.00021109737281221896, 0.03808433189988136, 4.0531076592742465e-06, 9.965400386136025e-05, 1.4543427823809907e-05]",1.0117531000011142,-0.0012684550303148079
688,300,305,119,0.00013446807861328125,0.00014167830522637814,1.009261527695292,"[16.895030975341797, 1.1086402082582936e-05, 8.4638240878121e-06, 3.4450891689630225e-05, 3.9048166275024414, 1.1495425701141357, 8.22540732769994e-06, 2.7418097943154862e-06, 0.0005393957253545523, 0.07649186253547668, 4.768370445162873e-07, 7.152531907195225e-06, 1.0609570381348021e-05, 0.0003721021639648825, 0.14286907017230988, 5.125986263010418e-06, 8.344646857949556e-07, 0.00021228920377325267, 0.03368357568979263, 3.814689989667386e-06, 8.737658936297521e-05, 1.4781842764932662e-05]",1.0117531000011142,0.0024915723058220873
689,309,315,119,0.00012874603271484375,0.00013571378076449037,1.009261527695292,"[16.895030975341797, 1.1086402082582936e-05, 8.4638240878121e-06, 3.4450891689630225e-05, 3.9048166275024414, 1.1495425701141357, 8.22540732769994e-06, 2.7418097943154862e-06, 0.0005393957253545523, 0.07649186253547668, 4.768370445162873e-07, 7.152531907195225e-06, 1.0609570381348021e-05, 0.0003721021639648825, 0.14286907017230988, 5.125986263010418e-06, 8.344646857949556e-07, 0.00021228920377325267, 0.03368357568979263, 3.814689989667386e-06, 8.737658936297521e-05, 1.4781842764932662e-05]",1.0117531000011142,0.0024915723058220873
690,281,291,119,0.0001468658447265625,0.00015266974514815956,1.0092209549022497,"[17.04020118713379, 9.298280929215252e-06, 8.34461570775602e-06, 3.290122185717337e-05, 3.815136432647705, 1.1098175048828125, 7.033323527139146e-06, 2.264974000354414e-06, 0.00045098623377270997, 0.07572352141141891, 4.768370445162873e-07, 7.390948667307384e-06, 1.07287787614041e-05, 0.0003564914222806692, 0.12709718942642212, 4.887569048150908e-06, 7.152555099310121e-07, 0.00019405389321036637, 0.03368599712848663, 4.0531076592742465e-06, 9.452849917579442e-05, 1.5020257706055418e-05]",1.0117531000011142,0.002532145098864458
691,301,298,119,0.00013446807861328125,0.00014946765440981835,1.009261527695292,"[16.895030975341797, 1.1086402082582936e-05, 8.4638240878121e-06, 3.4450891689630225e-05, 3.9048166275024414, 1.1495425701141357, 8.22540732769994e-06, 2.7418097943154862e-06, 0.0005393957253545523, 0.07649186253547668, 4.768370445162873e-07, 7.152531907195225e-06, 1.0609570381348021e-05, 0.0003721021639648825, 0.14286907017230988, 5.125986263010418e-06, 8.344646857949556e-07, 0.00021228920377325267, 0.03368357568979263, 3.814689989667386e-06, 8.737658936297521e-05, 1.4781842764932662e-05]",1.0117531000011142,0.0024915723058220873
698,48,50,119,0.00031280517578125,0.00033511719084344804,1.0102054302249868,"[16.955860137939453, 1.0847986231965479e-05, 9.536697689327411e-06, 3.421248038648628e-05, 3.9040699005126953, 1.10135018825531, 7.629365427419543e-06, 2.264974000354414e-06, 0.0005012686015106738, 0.08538483828306198, 4.768370445162873e-07, 8.22540732769994e-06, 9.894321920000948e-06, 0.0003632839070633054, 0.14287754893302917, 5.483612312673358e-06, 8.344646857949556e-07, 0.0002060916303889826, 0.03368496149778366, 5.006777428206988e-06, 0.0001102625101339072, 1.6569954823353328e-05]",1.0117531000011142,0.0015476697761274139
717,102,98,119,0.000278472900390625,0.0003017359704244882,1.011314124746628,"[16.950111389160156, 8.583032467868179e-06, 9.298280929215252e-06, 3.421248038648628e-05, 3.817714214324951, 1.1959480047225952, 8.22540732769994e-06, 2.50339189733495e-06, 0.00047362555051222444, 0.08538976311683655, 3.576278118089249e-07, 7.271740287251305e-06, 1.1086402082582936e-05, 0.00035601475974544883, 0.16041643917560577, 5.125986263010418e-06, 8.344646857949556e-07, 0.00021419614495243877, 0.038081347942352295, 4.887569048150908e-06, 9.762764238985255e-05, 1.5735502529423684e-05]",1.0117531000011142,0.000438975254486218
724,199,202,119,0.00020313262939453125,0.00021369653404690325,1.0056706433174982,"[16.887659072875977, 1.1086402082582936e-05, 9.65590606938349e-06, 3.981510963058099e-05, 3.815051794052124, 1.149488091468811, 7.390948667307384e-06, 2.264974000354414e-06, 0.00046039948938414454, 0.08538023382425308, 3.576278118089249e-07, 7.986990567587782e-06, 9.536697689327411e-06, 0.00038258862332440913, 0.1428559571504593, 5.125986263010418e-06, 8.344646857949556e-07, 0.0002157455455744639, 0.04304569959640503, 4.0531076592742465e-06, 0.00010227633902104571, 1.4185804502631072e-05]",1.0117531000011142,0.0060824566836159555
725,213,221,119,0.00019359588623046875,0.00020095806394238025,1.0056706433174982,"[16.887659072875977, 1.1086402082582936e-05, 9.65590606938349e-06, 3.981510963058099e-05, 3.815051794052124, 1.149488091468811, 7.390948667307384e-06, 2.264974000354414e-06, 0.00046039948938414454, 0.08538023382425308, 3.576278118089249e-07, 7.986990567587782e-06, 9.536697689327411e-06, 0.00038258862332440913, 0.1428559571504593, 5.125986263010418e-06, 8.344646857949556e-07, 0.0002157455455744639, 0.04304569959640503, 4.0531076592742465e-06, 0.00010227633902104571, 1.4185804502631072e-05]",1.0117531000011142,0.0060824566836159555
726,299,308,119,0.0001354217529296875,0.00014132610522210598,1.009261527695292,"[16.895030975341797, 1.1086402082582936e-05, 8.4638240878121e-06, 3.4450891689630225e-05, 3.9048166275024414, 1.1495425701141357, 8.22540732769994e-06, 2.7418097943154862e-06, 0.0005393957253545523, 0.07649186253547668, 4.768370445162873e-07, 7.152531907195225e-06, 1.0609570381348021e-05, 0.0003721021639648825, 0.14286907017230988, 5.125986263010418e-06, 8.344646857949556e-07, 0.00021228920377325267, 0.03368357568979263, 3.814689989667386e-06, 8.737658936297521e-05, 1.4781842764932662e-05]",1.0117531000011142,0.0024915723058220873
727,313,318,119,0.0001239776611328125,0.00013238537940196693,1.0056706433174982,"[16.887659072875977, 1.1086402082582936e-05, 9.65590606938349e-06, 3.981510963058099e-05, 3.815051794052124, 1.149488091468811, 7.390948667307384e-06, 2.264974000354414e-06, 0.00046039948938414454, 0.08538023382425308, 3.576278118089249e-07, 7.986990567587782e-06, 9.536697689327411e-06, 0.00038258862332440913, 0.1428559571504593, 5.125986263010418e-06, 8.344646857949556e-07, 0.0002157455455744639, 0.04304569959640503, 4.0531076592742465e-06, 0.00010227633902104571, 1.4185804502631072e-05]",1.0117531000011142,0.0060824566836159555
728,183,189,119,0.000213623046875,0.0002230952522950247,1.0056706433174982,"[16.887659072875977, 1.1086402082582936e-05, 9.65590606938349e-06, 3.981510963058099e-05, 3.815051794052124, 1.149488091468811, 7.390948667307384e-06, 2.264974000354414e-06, 0.00046039948938414454, 0.08538023382425308, 3.576278118089249e-07, 7.986990567587782e-06, 9.536697689327411e-06, 0.00038258862332440913, 0.1428559571504593, 5.125986263010418e-06, 8.344646857949556e-07, 0.0002157455455744639, 0.04304569959640503, 4.0531076592742465e-06, 0.00010227633902104571, 1.4185804502631072e-05]",1.0117531000011142,0.0060824566836159555
729,132,133,119,0.0002574920654296875,0.00027256039902567863,1.0049655307935423,"[16.948589324951172, 9.894321920000948e-06, 8.583032467868179e-06, 3.838465272565372e-05, 3.8182196617126465, 1.0748742818832397, 7.510157047363464e-06, 2.264974000354414e-06, 0.0004580163804348558, 0.08538997918367386, 4.768370445162873e-07, 8.106198947643861e-06, 1.0490362910786644e-05, 0.00035279724397696555, 0.14284881949424744, 5.364403477869928e-06, 8.344646857949556e-07, 0.00021514961554203182, 0.03809075802564621, 4.0531076592742465e-06, 9.119095193454996e-05, 1.5735502529423684e-05]",1.0117531000011142,0.006787569207571842
730,3,20,119,0.000354766845703125,0.0003666719712782651,1.0157423464430855,"[17.0111141204834, 8.34461570775602e-06, 1.07287787614041e-05, 3.790783375734463e-05, 3.928759813308716, 1.1484241485595703, 9.179073458653875e-06, 2.7418097943154862e-06, 0.0005368936690501869, 0.0757458433508873, 3.576278118089249e-07, 6.437280717364047e-06, 9.894321920000948e-06, 0.0003582789213396609, 0.14286835491657257, 5.125986263010418e-06, 8.344646857949556e-07, 0.0002195594133809209, 0.03808777406811714, 3.933898824470816e-06, 0.00010549465514486656, 1.585470999998506e-05]",1.0117531000011142,-0.003989246441971295
731,202,204,119,0.00019931793212890625,0.00021217572793830186,1.0056706433174982,"[16.887659072875977, 1.1086402082582936e-05, 9.65590606938349e-06, 3.981510963058099e-05, 3.815051794052124, 1.149488091468811, 7.390948667307384e-06, 2.264974000354414e-06, 0.00046039948938414454, 0.08538023382425308, 3.576278118089249e-07, 7.986990567587782e-06, 9.536697689327411e-06, 0.00038258862332440913, 0.1428559571504593, 5.125986263010418e-06, 8.344646857949556e-07, 0.0002157455455744639, 0.04304569959640503, 4.0531076592742465e-06, 0.00010227633902104571, 1.4185804502631072e-05]",1.0117531000011142,0.0060824566836159555
732,189,191,119,0.0002079010009765625,0.00021960459707770497,1.009261527695292,"[16.895030975341797, 1.1086402082582936e-05, 8.4638240878121e-06, 3.4450891689630225e-05, 3.9048166275024414, 1.1495425701141357, 8.22540732769994e-06, 2.7418097943154862e-06, 0.0005393957253545523, 0.07649186253547668, 4.768370445162873e-07, 7.152531907195225e-06, 1.0609570381348021e-05, 0.0003721021639648825, 0.14286907017230988, 5.125986263010418e-06, 8.344646857949556e-07, 0.00021228920377325267, 0.03368357568979263, 3.814689989667386e-06, 8.737658936297521e-05, 1.4781842764932662e-05]",1.0117531000011142,0.0024915723058220873
733,161,174,119,0.000232696533203125,0.00024102315364871174,1.0122385513325194,"[16.99041175842285, 9.059865078597795e-06, 9.417489309271332e-06, 3.218599158572033e-05, 3.905186891555786, 1.1103700399398804, 7.390948667307384e-06, 2.7418097943154862e-06, 0.0005277194431982934, 0.08538953959941864, 4.768370445162873e-07, 7.748573807475623e-06, 1.07287787614041e-05, 0.0003669780562631786, 0.14286060631275177, 5.722029527532868e-06, 8.344646857949556e-07, 0.00023183519078884274, 0.033684615045785904, 3.814689989667386e-06, 0.00011312322021694854, 1.490105023549404e-05]",1.0117531000011142,-0.0004854513314052067
734,297,296,119,0.00013637542724609375,0.00014987069880589843,1.009261527695292,"[16.895030975341797, 1.1086402082582936e-05, 8.4638240878121e-06, 3.4450891689630225e-05, 3.9048166275024414, 1.1495425701141357, 8.22540732769994e-06, 2.7418097943154862e-06, 0.0005393957253545523, 0.07649186253547668, 4.768370445162873e-07, 7.152531907195225e-06, 1.0609570381348021e-05, 0.0003721021639648825, 0.14286907017230988, 5.125986263010418e-06, 8.344646857949556e-07, 0.00021228920377325267, 0.03368357568979263, 3.814689989667386e-06, 8.737658936297521e-05, 1.4781842764932662e-05]",1.0117531000011142,0.0024915723058220873
735,81,96,119,0.000293731689453125,0.0003032725362572819,1.0084921299852723,"[17.00601577758789, 1.0847986231965479e-05, 9.775113539944869e-06, 3.5523738915799186e-05, 3.811713218688965, 1.1110901832580566, 6.9141146923357155e-06, 2.50339189733495e-06, 0.0005193791585043073, 0.07575412839651108, 4.768370445162873e-07, 7.986990567587782e-06, 1.0967194612021558e-05, 0.00035148640745319426, 0.14286255836486816, 6.9141146923357155e-06, 7.152555099310121e-07, 0.00021324267436284572, 0.038087546825408936, 3.6954811548639555e-06, 0.00010740180005086586, 1.5616295058862306e-05]",1.0117531000011142,0.003260970015841913
736,258,250,119,0.000164031982421875,0.00018439585983287543,1.009261527695292,"[16.895030975341797, 1.1086402082582936e-05, 8.4638240878121e-06, 3.4450891689630225e-05, 3.9048166275024414, 1.1495425701141357, 8.22540732769994e-06, 2.7418097943154862e-06, 0.0005393957253545523, 0.07649186253547668, 4.768370445162873e-07, 7.152531907195225e-06, 1.0609570381348021e-05, 0.0003721021639648825, 0.14286907017230988, 5.125986263010418e-06, 8.344646857949556e-07, 0.00021228920377325267, 0.03368357568979263, 3.814689989667386e-06, 8.737658936297521e-05, 1.4781842764932662e-05]",1.0117531000011142,0.0024915723058220873
743,30,32,119,0.0003299713134765625,0.0003529012610670179,1.0056706433174982,"[16.887659072875977, 1.1086402082582936e-05, 9.65590606938349e-06, 3.981510963058099e-05, 3.815051794052124, 1.149488091468811, 7.390948667307384e-06, 2.264974000354414e-06, 0.00046039948938414454, 0.08538023382425308, 3.576278118089249e-07, 7.986990567587782e-06, 9.536697689327411e-06, 0.00038258862332440913, 0.1428559571504593, 5.125986263010418e-06, 8.344646857949556e-07, 0.0002157455455744639, 0.04304569959640503, 4.0531076592742465e-06, 0.00010227633902104571, 1.4185804502631072e-05]",1.0117531000011142,0.0060824566836159555
753,4,6,119,0.000354766845703125,0.00038943442632444203,1.0079444979670702,"[16.999303817749023, 1.0609570381348021e-05, 9.536697689327411e-06, 3.480850500636734e-05, 3.8133316040039062, 1.11037278175354, 8.106198947643861e-06, 2.50339189733495e-06, 0.0004596845537889749, 0.08535747230052948, 4.768370445162873e-07, 7.152531907195225e-06, 1.168244216387393e-05, 0.0003401654539629817, 0.12710274755954742, 5.364403477869928e-06, 8.344646857949556e-07, 0.00020668754586949944, 0.03808525204658508, 4.0531076592742465e-06, 0.00010716341057559475, 1.645074735279195e-05]",1.0117531000011142,0.003808602034043984
769,25,37,119,0.000331878662109375,0.0003472389071248472,1.012517132317201,"[16.986082077026367, 8.34461570775602e-06, 1.1086402082582936e-05, 3.421248038648628e-05, 3.8993184566497803, 1.1477859020233154, 7.271740287251305e-06, 2.7418097943154862e-06, 0.00047159992391243577, 0.07573512196540833, 3.576278118089249e-07, 7.748573807475623e-06, 1.1086402082582936e-05, 0.00037174468161538243, 0.1270950883626938, 5.602820692729438e-06, 8.344646857949556e-07, 0.00021514961554203182, 0.03808720037341118, 4.6491513785440475e-06, 0.00010382589971413836, 1.680836794548668e-05]",1.0117531000011142,-0.0007640323160869045
770,143,146,119,0.000247955322265625,0.00026238185819238424,1.016440993333726,"[17.059497833251953, 1.1086402082582936e-05, 8.4638240878121e-06, 3.480850500636734e-05, 3.900790214538574, 1.1486656665802002, 7.510157047363464e-06, 2.0265558760002023e-06, 0.0004943578969687223, 0.08624662458896637, 4.768370445162873e-07, 7.152531907195225e-06, 1.1086402082582936e-05, 0.00036816971260122955, 0.1271204948425293, 5.125986263010418e-06, 9.536738616588991e-07, 0.00021610308613162488, 0.038086626678705215, 4.0531076592742465e-06, 0.00010644822759786621, 1.6569954823353328e-05]",1.0117531000011142,-0.00468789333261177
771,82,97,119,0.000293731689453125,0.0003028858336620033,1.0081565580008436,"[16.927858352661133, 8.4638240878121e-06, 8.34461570775602e-06, 3.4927710657939315e-05, 3.883777618408203, 1.1109732389450073, 8.583032467868179e-06, 2.264974000354414e-06, 0.000519617460668087, 0.08539019525051117, 4.768370445162873e-07, 7.748573807475623e-06, 9.894321920000948e-06, 0.0003430254873819649, 0.12709225714206696, 5.602820692729438e-06, 8.344646857949556e-07, 0.0002294515579706058, 0.04304547235369682, 4.887569048150908e-06, 0.00010835537250386551, 1.4662635294371285e-05]",1.0117531000011142,0.0035965420002705972
772,285,281,119,0.00014495849609375,0.00015816072118468583,1.0029538975564378,"[16.936155319213867, 1.0609570381348021e-05, 9.536697689327411e-06, 3.3854863431770355e-05, 3.8146042823791504, 1.0659104585647583, 7.986990567587782e-06, 2.0265558760002023e-06, 0.0005036516231484711, 0.08622158318758011, 4.768370445162873e-07, 8.106198947643861e-06, 9.775113539944869e-06, 0.00036197309964336455, 0.12711524963378906, 5.364403477869928e-06, 7.152555099310121e-07, 0.0002181292074965313, 0.03368911147117615, 4.0531076592742465e-06, 9.870042413240299e-05, 1.4781842764932662e-05]",1.0117531000011142,0.008799202444676357
773,119,120,119,0.00026702880859375,0.0002828448195941746,1.0127019978082656,"[16.934545516967773, 1.0847986231965479e-05, 8.4638240878121e-06, 3.3378044463461265e-05, 3.9074535369873047, 1.1952214241027832, 8.4638240878121e-06, 2.264974000354414e-06, 0.000479344860650599, 0.07572418451309204, 3.576278118089249e-07, 7.867782187531702e-06, 9.894321920000948e-06, 0.000398198957554996, 0.12709656357765198, 6.9141146923357155e-06, 8.344646857949556e-07, 0.00021765247220173478, 0.03808628395199776, 3.6954811548639555e-06, 0.00011038171214750037, 1.7881233361549675e-05]",1.0117531000011142,-0.0009488978071514609
777,89,76,119,0.0002880096435546875,0.00031846199999563396,1.0192941182510977,"[17.025760650634766, 9.298280929215252e-06, 7.510157047363464e-06, 3.361645576660521e-05, 4.045231819152832, 1.1099674701690674, 7.390948667307384e-06, 2.0265558760002023e-06, 0.0004401430196594447, 0.08538307994604111, 4.768370445162873e-07, 7.629365427419543e-06, 1.0967194612021558e-05, 0.00037102968781255186, 0.12711229920387268, 5.960446742392378e-06, 7.152555099310121e-07, 0.00021205084340181202, 0.029789527878165245, 4.6491513785440475e-06, 9.691245941212401e-05, 1.537788011773955e-05]",1.0117531000011142,-0.007541018249983544
779,49,51,119,0.00031280517578125,0.0003343612770549953,1.0171535864741528,"[17.115320205688477, 9.179073458653875e-06, 8.583032467868179e-06, 3.433168603805825e-05, 3.9096078872680664, 1.101369857788086, 7.033323527139146e-06, 2.264974000354414e-06, 0.00047505536349490285, 0.0846610888838768, 4.768370445162873e-07, 8.106198947643861e-06, 9.894321920000948e-06, 0.0003327769518364221, 0.12709666788578033, 5.125986263010418e-06, 9.536738616588991e-07, 0.00021395778458099812, 0.03808433189988136, 4.410734163684538e-06, 0.00011216964776394889, 1.4543427823809907e-05]",1.0117531000011142,-0.00540048647303859
780,103,103,119,0.000278472900390625,0.0002954872325062752,1.011314124746628,"[16.950111389160156, 8.583032467868179e-06, 9.298280929215252e-06, 3.421248038648628e-05, 3.817714214324951, 1.1959480047225952, 8.22540732769994e-06, 2.50339189733495e-06, 0.00047362555051222444, 0.08538976311683655, 3.576278118089249e-07, 7.271740287251305e-06, 1.1086402082582936e-05, 0.00035601475974544883, 0.16041643917560577, 5.125986263010418e-06, 8.344646857949556e-07, 0.00021419614495243877, 0.038081347942352295, 4.887569048150908e-06, 9.762764238985255e-05, 1.5735502529423684e-05]",1.0117531000011142,0.000438975254486218
781,208,205,119,0.00019550323486328125,0.00021202047355473042,1.011314124746628,"[16.950111389160156, 8.583032467868179e-06, 9.298280929215252e-06, 3.421248038648628e-05, 3.817714214324951, 1.1959480047225952, 8.22540732769994e-06, 2.50339189733495e-06, 0.00047362555051222444, 0.08538976311683655, 3.576278118089249e-07, 7.271740287251305e-06, 1.1086402082582936e-05, 0.00035601475974544883, 0.16041643917560577, 5.125986263010418e-06, 8.344646857949556e-07, 0.00021419614495243877, 0.038081347942352295, 4.887569048150908e-06, 9.762764238985255e-05, 1.5735502529423684e-05]",1.0117531000011142,0.000438975254486218
782,195,178,119,0.00020503997802734375,0.000239542598137632,1.011314124746628,"[16.950111389160156, 8.583032467868179e-06, 9.298280929215252e-06, 3.421248038648628e-05, 3.817714214324951, 1.1959480047225952, 8.22540732769994e-06, 2.50339189733495e-06, 0.00047362555051222444, 0.08538976311683655, 3.576278118089249e-07, 7.271740287251305e-06, 1.1086402082582936e-05, 0.00035601475974544883, 0.16041643917560577, 5.125986263010418e-06, 8.344646857949556e-07, 0.00021419614495243877, 0.038081347942352295, 4.887569048150908e-06, 9.762764238985255e-05, 1.5735502529423684e-05]",1.0117531000011142,0.000438975254486218
791,5,3,119,0.0003528594970703125,0.00043575692689046264,1.0086962031901614,"[17.00457191467285, 1.0609570381348021e-05, 9.536697689327411e-06, 3.40932747349143e-05, 3.825129747390747, 1.1097805500030518, 6.6756979322235566e-06, 2.264974000354414e-06, 0.00047874910524114966, 0.08536075800657272, 4.768370445162873e-07, 7.986990567587782e-06, 1.0609570381348021e-05, 0.00038092033355496824, 0.12710243463516235, 6.079655122448457e-06, 7.152555099310121e-07, 0.00021479207498487085, 0.03808525204658508, 4.887569048150908e-06, 0.000102037942269817, 1.537788011773955e-05]",1.0117531000011142,0.0030568968109527805
808,156,149,119,0.00023651123046875,0.0002600344887468964,1.011314124746628,"[16.950111389160156, 8.583032467868179e-06, 9.298280929215252e-06, 3.421248038648628e-05, 3.817714214324951, 1.1959480047225952, 8.22540732769994e-06, 2.50339189733495e-06, 0.00047362555051222444, 0.08538976311683655, 3.576278118089249e-07, 7.271740287251305e-06, 1.1086402082582936e-05, 0.00035601475974544883, 0.16041643917560577, 5.125986263010418e-06, 8.344646857949556e-07, 0.00021419614495243877, 0.038081347942352295, 4.887569048150908e-06, 9.762764238985255e-05, 1.5735502529423684e-05]",1.0117531000011142,0.000438975254486218
809,78,81,119,0.00029754638671875,0.0003139791660942137,1.0189433665339502,"[17.11400604248047, 8.4638240878121e-06, 9.298280929215252e-06, 3.540453326422721e-05, 3.9297285079956055, 1.111138105392456, 7.986990567587782e-06, 2.50339189733495e-06, 0.0005049622268415987, 0.09538464993238449, 4.768370445162873e-07, 7.867782187531702e-06, 1.1801649634435307e-05, 0.00036161558819003403, 0.1271117776632309, 5.006777428206988e-06, 7.152555099310121e-07, 0.00021705655672121793, 0.0380859412252903, 4.410734163684538e-06, 0.00010489867418073118, 1.6569954823353328e-05]",1.0117531000011142,-0.007190266532836054
810,43,33,119,0.000316619873046875,0.00035274215042591095,1.0138233739408675,"[17.018360137939453, 8.4638240878121e-06, 8.34461570775602e-06, 3.3854863431770355e-05, 3.8219525814056396, 1.1961774826049805, 8.34461570775602e-06, 2.264974000354414e-06, 0.0004966217675246298, 0.08537859469652176, 4.768370445162873e-07, 7.986990567587782e-06, 9.894321920000948e-06, 0.0003761537664104253, 0.14286483824253082, 6.079655122448457e-06, 8.344646857949556e-07, 0.0002146728802472353, 0.038085367530584335, 4.410734163684538e-06, 9.989239333663136e-05, 1.6927575416048057e-05]",1.0117531000011142,-0.002070273939753342
815,85,77,119,0.0002918243408203125,0.0003183216613251716,1.0189433665339502,"[17.11400604248047, 8.4638240878121e-06, 9.298280929215252e-06, 3.540453326422721e-05, 3.9297285079956055, 1.111138105392456, 7.986990567587782e-06, 2.50339189733495e-06, 0.0005049622268415987, 0.09538464993238449, 4.768370445162873e-07, 7.867782187531702e-06, 1.1801649634435307e-05, 0.00036161558819003403, 0.1271117776632309, 5.006777428206988e-06, 7.152555099310121e-07, 0.00021705655672121793, 0.0380859412252903, 4.410734163684538e-06, 0.00010489867418073118, 1.6569954823353328e-05]",1.0117531000011142,-0.007190266532836054
817,209,200,119,0.00019550323486328125,0.00021377718076109886,1.0110380050677825,"[16.963241577148438, 1.07287787614041e-05, 8.583032467868179e-06, 3.766942609217949e-05, 3.9005627632141113, 1.111399531364441, 8.702239938429557e-06, 2.50339189733495e-06, 0.000518664310220629, 0.08539009094238281, 4.768370445162873e-07, 8.821448318485636e-06, 1.07287787614041e-05, 0.00033241944038309157, 0.14286111295223236, 6.079655122448457e-06, 8.344646857949556e-07, 0.00023123928986024112, 0.038086168467998505, 4.6491513785440475e-06, 9.703165414975956e-05, 1.5735502529423684e-05]",1.0117531000011142,0.0007150949333316614
818,70,68,119,0.000301361083984375,0.00032492069294676185,1.0056706433174982,"[16.887659072875977, 1.1086402082582936e-05, 9.65590606938349e-06, 3.981510963058099e-05, 3.815051794052124, 1.149488091468811, 7.390948667307384e-06, 2.264974000354414e-06, 0.00046039948938414454, 0.08538023382425308, 3.576278118089249e-07, 7.986990567587782e-06, 9.536697689327411e-06, 0.00038258862332440913, 0.1428559571504593, 5.125986263010418e-06, 8.344646857949556e-07, 0.0002157455455744639, 0.04304569959640503, 4.0531076592742465e-06, 0.00010227633902104571, 1.4185804502631072e-05]",1.0117531000011142,0.0060824566836159555
825,176,180,119,0.00022220611572265625,0.00023891922319307923,1.011314124746628,"[16.950111389160156, 8.583032467868179e-06, 9.298280929215252e-06, 3.421248038648628e-05, 3.817714214324951, 1.1959480047225952, 8.22540732769994e-06, 2.50339189733495e-06, 0.00047362555051222444, 0.08538976311683655, 3.576278118089249e-07, 7.271740287251305e-06, 1.1086402082582936e-05, 0.00035601475974544883, 0.16041643917560577, 5.125986263010418e-06, 8.344646857949556e-07, 0.00021419614495243877, 0.038081347942352295, 4.887569048150908e-06, 9.762764238985255e-05, 1.5735502529423684e-05]",1.0117531000011142,0.000438975254486218
826,190,193,119,0.0002079010009765625,0.000218659988604486,1.0121115864646102,"[16.873628616333008, 8.22540732769994e-06, 1.0847986231965479e-05, 3.40932747349143e-05, 3.900341510772705, 1.2355973720550537, 8.106198947643861e-06, 2.50339189733495e-06, 0.0005228344234637916, 0.08539380878210068, 4.768370445162873e-07, 7.748573807475623e-06, 1.1205610462639015e-05, 0.00038413776201196015, 0.12710139155387878, 5.722029527532868e-06, 9.536738616588991e-07, 0.00021884430316276848, 0.043047644197940826, 3.6954811548639555e-06, 0.00011014331539627165, 1.5020257706055418e-05]",1.0117531000011142,-0.00035848646349601054
827,323,311,119,0.0001163482666015625,0.00013731836224906147,1.011314124746628,"[16.950111389160156, 8.583032467868179e-06, 9.298280929215252e-06, 3.421248038648628e-05, 3.817714214324951, 1.1959480047225952, 8.22540732769994e-06, 2.50339189733495e-06, 0.00047362555051222444, 0.08538976311683655, 3.576278118089249e-07, 7.271740287251305e-06, 1.1086402082582936e-05, 0.00035601475974544883, 0.16041643917560577, 5.125986263010418e-06, 8.344646857949556e-07, 0.00021419614495243877, 0.038081347942352295, 4.887569048150908e-06, 9.762764238985255e-05, 1.5735502529423684e-05]",1.0117531000011142,0.000438975254486218
828,141,123,119,0.0002498626708984375,0.00027959211729466915,1.0093249664195127,"[16.879499435424805, 1.1086402082582936e-05, 9.775113539944869e-06, 3.683499380713329e-05, 3.872345447540283, 1.1856684684753418, 7.510157047363464e-06, 2.264974000354414e-06, 0.0004592079494614154, 0.08539260923862457, 4.768370445162873e-07, 8.22540732769994e-06, 9.894321920000948e-06, 0.00040070133400149643, 0.14287465810775757, 5.483612312673358e-06, 8.344646857949556e-07, 0.0002138386043952778, 0.03808628395199776, 4.6491513785440475e-06, 9.595887240720913e-05, 1.5616295058862306e-05]",1.0117531000011142,0.0024281335816014327
863,184,169,119,0.000213623046875,0.00024359796952921897,1.011314124746628,"[16.950111389160156, 8.583032467868179e-06, 9.298280929215252e-06, 3.421248038648628e-05, 3.817714214324951, 1.1959480047225952, 8.22540732769994e-06, 2.50339189733495e-06, 0.00047362555051222444, 0.08538976311683655, 3.576278118089249e-07, 7.271740287251305e-06, 1.1086402082582936e-05, 0.00035601475974544883, 0.16041643917560577, 5.125986263010418e-06, 8.344646857949556e-07, 0.00021419614495243877, 0.038081347942352295, 4.887569048150908e-06, 9.762764238985255e-05, 1.5735502529423684e-05]",1.0117531000011142,0.000438975254486218
865,31,7,119,0.0003299713134765625,0.0003867560881190002,1.0137177971053524,"[17.004465103149414, 8.583032467868179e-06, 1.0967194612021558e-05, 3.266281055402942e-05, 3.895383834838867, 1.148423194885254, 7.390948667307384e-06, 2.264974000354414e-06, 0.00046528480015695095, 0.07572539895772934, 4.768370445162873e-07, 7.271740287251305e-06, 9.894321920000948e-06, 0.00037448544753715396, 0.14285874366760254, 4.768360213347478e-06, 8.344646857949556e-07, 0.0002119316632160917, 0.03368496149778366, 3.6954811548639555e-06, 9.357491217087954e-05, 1.6212332411669195e-05]",1.0117531000011142,-0.001964697104238189
870,66,55,119,0.0003032684326171875,0.00033397835795767605,1.0056706433174982,"[16.887659072875977, 1.1086402082582936e-05, 9.65590606938349e-06, 3.981510963058099e-05, 3.815051794052124, 1.149488091468811, 7.390948667307384e-06, 2.264974000354414e-06, 0.00046039948938414454, 0.08538023382425308, 3.576278118089249e-07, 7.986990567587782e-06, 9.536697689327411e-06, 0.00038258862332440913, 0.1428559571504593, 5.125986263010418e-06, 8.344646857949556e-07, 0.0002157455455744639, 0.04304569959640503, 4.0531076592742465e-06, 0.00010227633902104571, 1.4185804502631072e-05]",1.0117531000011142,0.0060824566836159555
872,246,226,119,0.00017452239990234375,0.0001984866539714858,1.009261527695292,"[16.895030975341797, 1.1086402082582936e-05, 8.4638240878121e-06, 3.4450891689630225e-05, 3.9048166275024414, 1.1495425701141357, 8.22540732769994e-06, 2.7418097943154862e-06, 0.0005393957253545523, 0.07649186253547668, 4.768370445162873e-07, 7.152531907195225e-06, 1.0609570381348021e-05, 0.0003721021639648825, 0.14286907017230988, 5.125986263010418e-06, 8.344646857949556e-07, 0.00021228920377325267, 0.03368357568979263, 3.814689989667386e-06, 8.737658936297521e-05, 1.4781842764932662e-05]",1.0117531000011142,0.0024915723058220873
873,187,145,119,0.00021076202392578125,0.0002630303497426212,1.0081565580008436,"[16.927858352661133, 8.4638240878121e-06, 8.34461570775602e-06, 3.4927710657939315e-05, 3.883777618408203, 1.1109732389450073, 8.583032467868179e-06, 2.264974000354414e-06, 0.000519617460668087, 0.08539019525051117, 4.768370445162873e-07, 7.748573807475623e-06, 9.894321920000948e-06, 0.0003430254873819649, 0.12709225714206696, 5.602820692729438e-06, 8.344646857949556e-07, 0.0002294515579706058, 0.04304547235369682, 4.887569048150908e-06, 0.00010835537250386551, 1.4662635294371285e-05]",1.0117531000011142,0.0035965420002705972
909,21,14,119,0.000335693359375,0.0003737078804988414,1.0087237624923815,"[16.948673248291016, 1.0609570381348021e-05, 8.4638240878121e-06, 3.862306402879767e-05, 3.81265926361084, 1.1493302583694458, 8.22540732769994e-06, 2.264974000354414e-06, 0.0004789874074049294, 0.07649252563714981, 4.768370445162873e-07, 7.867782187531702e-06, 1.0490362910786644e-05, 0.0003665013937279582, 0.16042599081993103, 4.410734163684538e-06, 8.344646857949556e-07, 0.00022182388056535274, 0.04304935410618782, 4.0531076592742465e-06, 0.00011216964776394889, 1.6331539882230572e-05]",1.0117531000011142,0.003029337508732688
