key_block,initial_candidate_rank,learned_candidate_rank,removed,initial_score,learned_score,label_loss,token_losses,baseline_loss,utility
62,5,8,464,0.00104522705078125,0.0009480154258199036,0.9068747107905272,"[16.17742919921875, 0.00044467096449807286, 0.022305557504296303, 0.0002735478919930756, 0.7507509589195251, 1.1951185464859009, 0.001647425931878388, 0.0013047285610809922, 0.04531634971499443, 0.7617844939231873, 0.0051121944561600685, 0.007099401671439409, 0.00027783826226368546, 0.07990045100450516, 0.2641950845718384, 0.0005228344234637916, 0.0011369676794856787, 0.11660752445459366, 0.5151580572128296, 0.0004048719711136073, 0.004192017484456301, 0.0002609150833450258]",0.9074945885407611,0.000619877750233977
64,91,99,464,0.000804901123046875,0.0006608551484532654,0.9096317022525578,"[16.23161506652832, 0.0004472924047149718, 0.02168014459311962, 0.0002671123365871608, 0.7309736013412476, 1.1950229406356812, 0.0016731324139982462, 0.0011999557027593255, 0.045814432203769684, 0.7625948786735535, 0.005148130003362894, 0.006486551836133003, 0.0002775999018922448, 0.079518161714077, 0.2569316327571869, 0.0005256939912214875, 0.00112160702701658, 0.11264406889677048, 0.5530279874801636, 0.0004587313160300255, 0.004206025041639805, 0.0002627027570270002]",0.9074945885407611,-0.002137113711796701
65,155,176,464,0.000652313232421875,0.000493760802783072,0.9087667856352213,"[16.19430923461914, 0.000446696620201692, 0.021804139018058777, 0.00027259447961114347, 0.7489540576934814, 1.1945239305496216, 0.0016733704833313823, 0.0012456761905923486, 0.045799627900123596, 0.7620742321014404, 0.005183708854019642, 0.006501474883407354, 0.0002774807217065245, 0.07981900870800018, 0.26513686776161194, 0.0005175919504836202, 0.0011176775442436337, 0.10497801005840302, 0.5533221364021301, 0.0004538459761533886, 0.00419617211446166, 0.00026174934464506805]",0.9074945885407611,-0.0012721970944601368
66,171,200,464,0.00061798095703125,0.0004460735071916133,0.9072193663662553,"[16.196264266967773, 0.00044383687782101333, 0.022034121677279472, 0.0002711643755901605, 0.7505517601966858, 1.1969878673553467, 0.0016855093417689204, 0.001312824198976159, 0.04599661007523537, 0.7620189785957336, 0.005101995076984167, 0.006320131942629814, 0.0002783149539027363, 0.0792231634259224, 0.26446834206581116, 0.0005228344234637916, 0.0010403940686956048, 0.10494827479124069, 0.5146300792694092, 0.00044824567157775164, 0.004016310442239046, 0.0002610342635307461]",0.9074945885407611,0.0002752221745058181
67,130,156,464,0.000713348388671875,0.0005383733077906072,0.9077690975378077,"[16.2091007232666, 0.00039986721822060645, 0.022335518151521683, 0.00027616979787126184, 0.744763195514679, 1.1949509382247925, 0.001681939116679132, 0.0011605439940467477, 0.04043930768966675, 0.7616525888442993, 0.004644677042961121, 0.006454691290855408, 0.00027414379292167723, 0.07978158444166183, 0.2644972503185272, 0.0005273620481602848, 0.0011385156540200114, 0.11613224446773529, 0.5159851908683777, 0.000447530735982582, 0.004013460595160723, 0.0002627027570270002]",0.9074945885407611,-0.00027450899704650755
68,70,77,464,0.0008697509765625,0.0007079775677993894,0.9092112211576684,"[16.15580940246582, 0.00040391870425082743, 0.02236337773501873, 0.00027569307712838054, 0.7460039258003235, 1.2061257362365723, 0.001510670525021851, 0.0013667537132278085, 0.04558928310871124, 0.8218434453010559, 0.005011852830648422, 0.00635164137929678, 0.00027426297310739756, 0.07140909135341644, 0.2555437982082367, 0.0005222387262620032, 0.0011211306555196643, 0.10342288017272949, 0.5530211925506592, 0.00041214076918549836, 0.004027945920825005, 0.00023648326168768108]",0.9074945885407611,-0.0017166326169072432
71,1,12,464,0.00106048583984375,0.0009075372945517302,0.9095505277311365,"[16.22367286682129, 0.0003968881501350552, 0.021691109985113144, 0.00027295202016830444, 0.7401058077812195, 1.2195228338241577, 0.0016875325236469507, 0.001311990898102522, 0.0456354096531868, 0.7620877027511597, 0.0050934553146362305, 0.007426630239933729, 0.00027998341829515994, 0.07963760942220688, 0.26340365409851074, 0.0005290300468914211, 0.0011210116790607572, 0.11570833623409271, 0.5157899260520935, 0.00044848397374153137, 0.0040250965394079685, 0.0002632986579556018]",0.9074945885407611,-0.0020559391903753887
75,26,29,464,0.000972747802734375,0.0008515591034665704,0.9082496034309522,"[16.182363510131836, 0.00045074793160893023, 0.02234460972249508, 0.00027569307712838054, 0.7579113841056824, 1.195113182067871, 0.0016648017335683107, 0.001189835020340979, 0.04553734511137009, 0.7620525360107422, 0.005026441998779774, 0.006483945995569229, 0.0002812943421304226, 0.07253115624189377, 0.29505860805511475, 0.0005326044629327953, 0.0011704268399626017, 0.11189907044172287, 0.514741063117981, 0.00040522945346310735, 0.0041993772611021996, 0.0002584123576525599]",0.9074945885407611,-0.0007550148901910303
76,175,178,464,0.0006103515625,0.0004908653208985925,0.9059855858636596,"[16.148534774780273, 0.00039521988946944475, 0.02205674536526203, 0.00027164106722921133, 0.7307565212249756, 1.1945934295654297, 0.0016845572972670197, 0.0013160386588424444, 0.041060421615839005, 0.8106061220169067, 0.005096301902085543, 0.006318947300314903, 0.00027843413408845663, 0.07915664464235306, 0.26310113072395325, 0.0005164004978723824, 0.0011524471919983625, 0.10379894077777863, 0.5160800814628601, 0.00045694399159401655, 0.004192017484456301, 0.00025912740966305137]",0.9074945885407611,0.001509002677101523
77,166,163,464,0.000629425048828125,0.0005230954848229885,0.9104043156826678,"[16.17365837097168, 0.00043930893298238516, 0.021838080137968063, 0.0002759314374998212, 0.7444078922271729, 1.194648027420044, 0.0016323111485689878, 0.00134222989436239, 0.04507855325937271, 0.8203575611114502, 0.00507957860827446, 0.007406869437545538, 0.0002746204845607281, 0.0795690193772316, 0.2646322250366211, 0.0005346299149096012, 0.0011449456214904785, 0.1082279160618782, 0.5534670948982239, 0.0004085659747943282, 0.0042104171589016914, 0.00026079590315930545]",0.9074945885407611,-0.002909727141906626
78,16,10,464,0.00101470947265625,0.0009340654360130429,0.9045464267176364,"[16.147693634033203, 0.0004451475979294628, 0.021944094449281693, 0.0002673506969586015, 0.7301583290100098, 1.195231318473816, 0.001679201959632337, 0.0011868583969771862, 0.04539450258016586, 0.7615473866462708, 0.004976979922503233, 0.006525043863803148, 0.00027843413408845663, 0.0798678770661354, 0.2640942931175232, 0.0005220004240982234, 0.001148994080722332, 0.11642652004957199, 0.5157421231269836, 0.0004462200158741325, 0.004189049359411001, 0.00025602878304198384]",0.9074945885407611,0.0029481618231247397
79,54,30,464,0.00091552734375,0.0008362027583643794,0.9041242885736707,"[16.149513244628906, 0.00044955636258237064, 0.021713273599743843, 0.0002728328399825841, 0.7301884293556213, 1.210357904434204, 0.0016847953666001558, 0.0013427060330286622, 0.045172564685344696, 0.7617015838623047, 0.00497520063072443, 0.007115499582141638, 0.00027164106722921133, 0.07147657126188278, 0.26295459270477295, 0.0005191409145481884, 0.0011256556026637554, 0.10336031764745712, 0.5114796161651611, 0.0003972456615883857, 0.004397128242999315, 0.0002648479712661356]",0.9074945885407611,0.0033702999670904843
80,188,186,464,0.000576019287109375,0.00047753070248290896,0.9084921522060706,"[16.16775131225586, 0.0004514628672040999, 0.022507918998599052, 0.0003066784702241421, 0.7393205761909485, 1.2200559377670288, 0.0016529004788026214, 0.0013178244698792696, 0.041485950350761414, 0.8096917867660522, 0.005088829901069403, 0.006559388712048531, 0.0002774807217065245, 0.07959500700235367, 0.26412659883499146, 0.000514851592015475, 0.0010143141262233257, 0.10461516678333282, 0.5157758593559265, 0.00044526674901135266, 0.004011916927993298, 0.0002603192115202546]",0.9074945885407611,-0.0009975636653094533
81,131,145,464,0.000713348388671875,0.0005606626509688795,0.9078051624607972,"[16.159759521484375, 0.00044347942457534373, 0.022250762209296227, 0.000266278104390949, 0.7591696977615356, 1.1949622631072998, 0.0016701571876183152, 0.0013175864005461335, 0.04067225754261017, 0.7615821361541748, 0.005075783468782902, 0.006568863056600094, 0.00027414379292167723, 0.07983111590147018, 0.2642955780029297, 0.0005284343496896327, 0.001134705264121294, 0.11738527566194534, 0.5496052503585815, 0.0004447901446837932, 0.00421267282217741, 0.0002628219372127205]",0.9074945885407611,-0.00031057392003608353
83,96,153,464,0.00079345703125,0.0005489315371960402,0.9070405786544804,"[16.176374435424805, 0.0004503904783632606, 0.021910740062594414, 0.00027736154152080417, 0.7572150230407715, 1.193660020828247, 0.001683367183431983, 0.001190430368296802, 0.045702606439590454, 0.7620223164558411, 0.005073885433375835, 0.006596693769097328, 0.00024911639047786593, 0.07964134961366653, 0.26454731822013855, 0.0005038899253122509, 0.0011373248416930437, 0.11634831875562668, 0.5153895020484924, 0.0004539651272352785, 0.004206381272524595, 0.00025829317746683955]",0.9074945885407611,0.00045400988628074845
84,73,110,464,0.00086212158203125,0.0006327479495666921,0.9128290586390491,"[16.241031646728516, 0.000398198957554996, 0.022582978010177612, 0.00027509720530360937, 0.7572450041770935, 1.2079529762268066, 0.0016959820641204715, 0.0011787617113441229, 0.04522497579455376, 0.8194547891616821, 0.005095234606415033, 0.0065565467812120914, 0.0002796259068418294, 0.07981009036302567, 0.2666184604167938, 0.00054058717796579, 0.0011680454481393099, 0.10511312633752823, 0.5151576995849609, 0.0004051103023812175, 0.004194391425698996, 0.00025996167096309364]",0.9074945885407611,-0.005334470098287913
85,58,75,464,0.00090789794921875,0.000712034641765058,0.9129010692413431,"[16.260597229003906, 0.0004051103023812175, 0.02242504432797432, 0.0002698534226510674, 0.7579816579818726, 1.2059580087661743, 0.0016399280866608024, 0.0011887634173035622, 0.045453283935785294, 0.7619873285293579, 0.0052745467983186245, 0.007163909263908863, 0.000284154579276219, 0.07994414120912552, 0.2935207188129425, 0.0005131834768690169, 0.00113589596003294, 0.11700994521379471, 0.5163793563842773, 0.0004047528200317174, 0.004029252100735903, 0.0002574589161667973]",0.9074945885407611,-0.005406480700581917
89,28,45,464,0.00096893310546875,0.0007923199445940554,0.9076869415201311,"[16.177330017089844, 0.00044967554276809096, 0.022153176367282867, 0.00027366707217879593, 0.730978786945343, 1.1949251890182495, 0.001677297754213214, 0.0011832863092422485, 0.045147381722927094, 0.7740839123725891, 0.005044115241616964, 0.007157754618674517, 0.0002775999018922448, 0.07947620749473572, 0.29136860370635986, 0.0005261705373413861, 0.0011177966371178627, 0.1162157654762268, 0.5150421857833862, 0.0004059444472659379, 0.004016191698610783, 0.0002619877050165087]",0.9074945885407611,-0.00019235297936992524
91,50,58,464,0.00092315673828125,0.000758304086048156,0.9082242948153924,"[16.180376052856445, 0.0004362108593340963, 0.021848110482096672, 0.0002656822034623474, 0.7457008361816406, 1.1947996616363525, 0.0016975292237475514, 0.001341158407740295, 0.040737494826316833, 0.8095682859420776, 0.0051754070445895195, 0.006464995909482241, 0.0002766464895103127, 0.07958399504423141, 0.26519080996513367, 0.0005246216314844787, 0.0011379201896488667, 0.1053490862250328, 0.51572585105896, 0.0004463391669560224, 0.004027352202683687, 0.00026043839170597494]",0.9074945885407611,-0.0007297062746312033
94,25,25,464,0.0009765625,0.0008573790546506643,0.9039360924057704,"[16.176971435546875, 0.00039962888695299625, 0.022456983104348183, 0.00027771908207796514, 0.6961422562599182, 1.1953814029693604, 0.0016755126416683197, 0.001321276999078691, 0.04476102814078331, 0.7617489695549011, 0.005026560742408037, 0.006565428804606199, 0.00028081765049137175, 0.07850508391857147, 0.2659302055835724, 0.0005162813467904925, 0.0010937429033219814, 0.10772155225276947, 0.5151285529136658, 0.00040415700641460717, 0.004019516054540873, 0.00026592056383378804]",0.9074945885407611,0.0035584961349907074
95,10,13,464,0.00103759765625,0.0009068146464414895,0.9066057136713591,"[16.206525802612305, 0.0004514628672040999, 0.022039253264665604, 0.00027497802511788905, 0.7577873468399048, 1.1954436302185059, 0.0016978861531242728, 0.0013097288319841027, 0.04470357298851013, 0.7612537741661072, 0.005104248411953449, 0.007115381304174662, 0.00027533553657121956, 0.07842506468296051, 0.23688019812107086, 0.0005334384622983634, 0.0011094611836597323, 0.10504744946956635, 0.5146602392196655, 0.00040749352774582803, 0.004019397310912609, 0.00026055757189169526]",0.9074945885407611,0.0008888748694020343
97,46,81,464,0.000926971435546875,0.0006978989113122225,0.9120351173478412,"[16.201562881469727, 0.0003995097358711064, 0.022466307505965233, 0.0002712835557758808, 0.7372948527336121, 1.2091352939605713, 0.0016598032088950276, 0.0013237770181149244, 0.045495085418224335, 0.8098695874214172, 0.005152043886482716, 0.0064210533164441586, 0.000277123210253194, 0.0800798237323761, 0.26465556025505066, 0.000538680877070874, 0.0011491130571812391, 0.10562005639076233, 0.5664849281311035, 0.00045658653834834695, 0.004196765832602978, 0.00026246439665555954]",0.9074945885407611,-0.004540528807080002
98,136,219,464,0.000690460205078125,0.000406821898650378,0.9089020279101202,"[16.223350524902344, 0.00045074793160893023, 0.022562231868505478, 0.0002731903805397451, 0.7506036162376404, 1.2169724702835083, 0.0016500442288815975, 0.0013459203764796257, 0.041836876422166824, 0.7618996500968933, 0.005094523075968027, 0.007117629982531071, 0.0002723561483435333, 0.07273657619953156, 0.2546238899230957, 0.0005364171229302883, 0.0011432785540819168, 0.11250101029872894, 0.5159611701965332, 0.0004567056894302368, 0.004194153938442469, 0.0002616301644593477]",0.9074945885407611,-0.0014074393693590537
112,66,65,464,0.000873565673828125,0.0007495635654777288,0.9086644819604275,"[16.218402862548828, 0.00040165462996810675, 0.02195330709218979, 0.00027450130437500775, 0.7466157078742981, 1.1941829919815063, 0.0016771787777543068, 0.0011938833631575108, 0.04465922713279724, 0.7634435892105103, 0.005022883880883455, 0.006561520509421825, 0.00027378625236451626, 0.08002029359340668, 0.2651185691356659, 0.0005298641044646502, 0.001142445020377636, 0.11780984699726105, 0.5165945291519165, 0.00045193947153165936, 0.004029370378702879, 0.0002586507180240005]",0.9074945885407611,-0.0011698934196663346
115,22,68,464,0.0009918212890625,0.0007416625157929957,0.9031834916412745,"[16.17425537109375, 0.0004372832481749356, 0.022331319749355316, 0.0002731903805397451, 0.6959457397460938, 1.1924060583114624, 0.0016578990034759045, 0.001188525347970426, 0.04578733071684837, 0.7623683214187622, 0.005069734528660774, 0.006490934174507856, 0.00027652730932459235, 0.07072902470827103, 0.2644251585006714, 0.0005174727994017303, 0.0011431594612076879, 0.10427238792181015, 0.5155452489852905, 0.00044610086479224265, 0.00420875521376729, 0.00026127262390218675]",0.9074945885407611,0.004311096899486611
116,62,142,464,0.00087738037109375,0.0005676313885487616,0.9082795425598637,"[16.227230072021484, 0.0004447901446837932, 0.02163371630012989, 0.00026806574896909297, 0.7375435829162598, 1.2063604593276978, 0.001654209685511887, 0.0011812621960416436, 0.04543517157435417, 0.7626038789749146, 0.005082069430500269, 0.0065673235803842545, 0.00027771908207796514, 0.07789842039346695, 0.2637997567653656, 0.0005295066512189806, 0.0011185110779479146, 0.1034526601433754, 0.5143920183181763, 0.0004011779965367168, 0.0040144105441868305, 0.0002611534437164664]",0.9074945885407611,-0.0007849540191025017
124,135,139,464,0.000701904296875,0.0005697146989405155,0.9095924708711788,"[16.210037231445312, 0.00039736481267027557, 0.022063974291086197, 0.00027092601521871984, 0.748543381690979, 1.2065069675445557, 0.0016780118457973003, 0.0013604442356154323, 0.045812156051397324, 0.7620242834091187, 0.004994179122149944, 0.006493894848972559, 0.0002774807217065245, 0.07120972126722336, 0.26491570472717285, 0.0005156855913810432, 0.0010345588671043515, 0.1049804762005806, 0.5530003309249878, 0.0004549183649942279, 0.004201632924377918, 0.0002610342635307461]",0.9074945885407611,-0.002097882330417633
125,209,225,464,0.00052642822265625,0.0003915356064680964,0.9048754843123871,"[16.138376235961914, 0.0004469349514693022, 0.021715139970183372, 0.0002731903805397451, 0.7581813931465149, 1.195710301399231, 0.001662064460106194, 0.0013542537344619632, 0.04079929739236832, 0.7620940804481506, 0.00468157883733511, 0.006446992512792349, 0.00027450130437500775, 0.08002788573503494, 0.26488205790519714, 0.0005258131423033774, 0.0011356578906998038, 0.10833435505628586, 0.5156230926513672, 0.00043990471749566495, 0.004013935569673777, 0.0002619877050165087]",0.9074945885407611,0.0026191042283740806
126,109,103,464,0.000762939453125,0.0006453777314163744,0.9126929589309095,"[16.224449157714844, 0.00044764988706447184, 0.022172413766384125, 0.000271521887043491, 0.7305704355239868, 1.219620943069458, 0.0016530195716768503, 0.0013452060520648956, 0.04579222574830055, 0.8101816177368164, 0.005120496731251478, 0.006589824799448252, 0.0002774807217065245, 0.07987745106220245, 0.2633700370788574, 0.0005191409145481884, 0.0011212497483938932, 0.10780984908342361, 0.5532000660896301, 0.0004040378553327173, 0.004220151342451572, 0.00023112009512260556]",0.9074945885407611,-0.005198370390148366
127,59,41,464,0.000904083251953125,0.0008059812826104462,0.9112387565877395,"[16.236772537231445, 0.0004477690381463617, 0.022410240024328232, 0.00027366707217879593, 0.7587905526161194, 1.1978530883789062, 0.0016708712792024016, 0.001320919836871326, 0.04545237123966217, 0.7623683214187622, 0.005098436959087849, 0.00630153389647603, 0.00027700403006747365, 0.07914937287569046, 0.26423022150993347, 0.0005264088395051658, 0.0011211306555196643, 0.10571648180484772, 0.5527323484420776, 0.0004539651272352785, 0.004028539638966322, 0.00025686301523819566]",0.9074945885407611,-0.0037441680469783023
128,36,31,464,0.000946044921875,0.0008347138646058738,0.9091049138012088,"[16.214834213256836, 0.00044705410255119205, 0.022552791982889175, 0.0002681849291548133, 0.7447630167007446, 1.1954162120819092, 0.0017188312485814095, 0.0013486584648489952, 0.04055367037653923, 0.7614743709564209, 0.005033558700233698, 0.00731669832020998, 0.00027164106722921133, 0.07144371420145035, 0.29440388083457947, 0.0005265279905870557, 0.0011730464175343513, 0.11704111844301224, 0.5150324106216431, 0.0004029654082842171, 0.004024384077638388, 0.0002611534437164664]",0.9074945885407611,-0.001610325260447687
129,79,78,464,0.000843048095703125,0.0007056790054775774,0.9056078047989021,"[16.178335189819336, 0.0004015354788862169, 0.021973948925733566, 0.0002708068350329995, 0.738512396812439, 1.1955256462097168, 0.0017033604672178626, 0.0012007892364636064, 0.04424462839961052, 0.7617537379264832, 0.005023120902478695, 0.006426383275538683, 0.0002766464895103127, 0.0781225860118866, 0.26433584094047546, 0.000525217386893928, 0.0011366104008629918, 0.10368084162473679, 0.5150661468505859, 0.00040665941196493804, 0.00418774364516139, 0.0002618685248307884]",0.9074945885407611,0.0018867837418590216
130,179,217,464,0.000598907470703125,0.00041734776459634304,0.9054918145993724,"[16.149259567260742, 0.0003999863693024963, 0.021958205848932266, 0.0002719986077863723, 0.7486395835876465, 1.2107478380203247, 0.001658970140852034, 0.001214600750245154, 0.04550602287054062, 0.7610740065574646, 0.005088711157441139, 0.007086263038218021, 0.00027724236133508384, 0.07094291597604752, 0.26497918367385864, 0.0005164004978723824, 0.0011374439345672727, 0.10992106050252914, 0.5154047012329102, 0.00044919890933670104, 0.0040228404104709625, 0.0002631794777698815]",0.9074945885407611,0.0020027739413887025
131,102,136,464,0.0007781982421875,0.0005729591939598322,0.9118458336729831,"[16.249019622802734, 0.00040534863364882767, 0.02189662866294384, 0.00027414379292167723, 0.7508883476257324, 1.1960514783859253, 0.0016795588890090585, 0.0011887634173035622, 0.04486121982336044, 0.8098034858703613, 0.005189638584852219, 0.006528952158987522, 0.0002746204845607281, 0.07810670882463455, 0.2642879784107208, 0.0005224770284257829, 0.0011231550015509129, 0.1082974523305893, 0.5155261754989624, 0.000408327643526718, 0.004013341851532459, 0.0002609150833450258]",0.9074945885407611,-0.004351245132221959
133,3,19,464,0.0010528564453125,0.0008743635844439268,0.9063545520898928,"[16.183734893798828, 0.00044955636258237064, 0.021870853379368782, 0.0002703301142901182, 0.7458446025848389, 1.1949442625045776, 0.0016955060418695211, 0.001353539526462555, 0.04551946371793747, 0.7619369626045227, 0.005082069430500269, 0.007106148637831211, 0.00027366707217879593, 0.0778886079788208, 0.2651602625846863, 0.0005389191792346537, 0.001166735659353435, 0.10469773411750793, 0.5153225660324097, 0.00045253525604493916, 0.004227392375469208, 0.00026353701832704246]",0.9074945885407611,0.0011400364508683536
138,94,97,464,0.000797271728515625,0.0006681422237306833,0.9105284064664209,"[16.226408004760742, 0.00044252615771256387, 0.022366642951965332, 0.0002712835557758808, 0.739538311958313, 1.1953849792480469, 0.0016527815023437142, 0.0011823337990790606, 0.040392711758613586, 0.760245680809021, 0.005052655003964901, 0.007446390576660633, 0.00028046013903804123, 0.08122551441192627, 0.285724401473999, 0.0005187834613025188, 0.0011210116790607572, 0.10447181761264801, 0.5529980659484863, 0.0004524161049630493, 0.0041909487918019295, 0.00025722055579535663]",0.9074945885407611,-0.0030338179256597098
139,195,223,464,0.000553131103515625,0.00040161103243008256,0.9107108338225358,"[16.209022521972656, 0.0003895000845659524, 0.02197849750518799, 0.0002747396647464484, 0.7488934993743896, 1.2053542137145996, 0.0016934829764068127, 0.0013463966315612197, 0.042012691497802734, 0.7621907591819763, 0.005188452545553446, 0.006512252613902092, 0.0002787916746456176, 0.07081498205661774, 0.29470762610435486, 0.0005362979718483984, 0.0011385156540200114, 0.10539167374372482, 0.5532439351081848, 0.0004033228906337172, 0.004003130830824375, 0.00026306029758416116]",0.9074945885407611,-0.0032162452817746656
140,78,100,464,0.00084686279296875,0.0006588203250430524,0.9071503997349116,"[16.173643112182617, 0.0004067785630468279, 0.022023627534508705, 0.00026639728457666934, 0.7487221956253052, 1.2047724723815918, 0.0016645636642351747, 0.0011837625643238425, 0.04064936563372612, 0.7630430459976196, 0.004452078603208065, 0.006535702850669622, 0.0003084660565946251, 0.07133183628320694, 0.29195812344551086, 0.000527123745996505, 0.0011063652345910668, 0.10473176091909409, 0.5152546167373657, 0.0004555141495075077, 0.00401037372648716, 0.0002615109842736274]",0.9074945885407611,0.0003441888058495213
141,27,64,464,0.000972747802734375,0.000749590341001749,0.910973236636809,"[16.256694793701172, 0.0003971264814026654, 0.022384827956557274, 0.00027092601521871984, 0.7578449845314026, 1.2222434282302856, 0.0016934829764068127, 0.0011897159274667501, 0.045362263917922974, 0.7617756724357605, 0.005147300194948912, 0.006534399930387735, 0.00027426297310739756, 0.0695713460445404, 0.2641552686691284, 0.000522357877343893, 0.0010899323970079422, 0.10425595939159393, 0.5151026248931885, 0.00046302087139338255, 0.004204006865620613, 0.0002335037279408425]",0.9074945885407611,-0.0034786480960478094
142,122,182,464,0.000736236572265625,0.0004837427113670856,0.9070587888127193,"[16.209123611450195, 0.00039617318543605506, 0.02204158529639244, 0.0002774807217065245, 0.7299203872680664, 1.1976029872894287, 0.0016413562698289752, 0.001311871805228293, 0.04590791463851929, 0.7605629563331604, 0.005044708028435707, 0.006336478982120752, 0.0002748588449321687, 0.07986479252576828, 0.26431936025619507, 0.000532008707523346, 0.0011366104008629918, 0.10853917896747589, 0.5157431960105896, 0.0004483648226596415, 0.004011204931885004, 0.0002562671434134245]",0.9074945885407611,0.0004357997280418635
143,6,62,464,0.00104522705078125,0.0007516584591940045,0.9107068673249821,"[16.20134162902832, 0.00040284625720232725, 0.02310602180659771, 0.00027497802511788905, 0.7461676597595215, 1.2204573154449463, 0.0016467118402943015, 0.0011888825101777911, 0.04541363939642906, 0.7618878483772278, 0.00508017186075449, 0.006584851071238518, 0.00027533553657121956, 0.07995371520519257, 0.2643451690673828, 0.0005314130103215575, 0.0011391110019758344, 0.10424843430519104, 0.5666025876998901, 0.0004568248405121267, 0.004183351527899504, 0.00026258357684127986]",0.9074945885407611,-0.0032122787842209233
156,23,356,464,0.0009918212890625,-0.005879598204046488,0.9126927314752141,"[16.258769989013672, 0.0003924791526515037, 0.02205732837319374, 0.00027092601521871984, 0.7505699396133423, 1.1936850547790527, 0.0016943159280344844, 0.0013740155845880508, 0.04642880707979202, 0.8100295662879944, 0.004701749421656132, 0.007221903186291456, 0.0002735478919930756, 0.07950065284967422, 0.26356276869773865, 0.000518664310220629, 0.0011238694423809648, 0.11625631153583527, 0.515893816947937, 0.00045348849380388856, 0.004197003319859505, 0.000263894529780373]",0.9074945885407611,-0.005198142934452976
281,7,98,464,0.00104522705078125,0.0006642360240221024,0.9054421267832037,"[16.158737182617188, 0.00044431351125240326, 0.02203458920121193, 0.0002698534226510674, 0.7373807430267334, 1.206769347190857, 0.0016640876419842243, 0.0012000747956335545, 0.04462365806102753, 0.7616591453552246, 0.005063685588538647, 0.0070772673934698105, 0.000276765669696033, 0.07252927124500275, 0.2649385929107666, 0.0005030558677390218, 0.0011198208667337894, 0.11644870042800903, 0.5122665166854858, 0.00044586253352463245, 0.004013816826045513, 0.00026043839170597494]",0.9074945885407611,0.0020524617575574666
290,47,48,464,0.000926971435546875,0.0007855692529119551,0.9081974871038586,"[16.23358917236328, 0.00044741155579686165, 0.022268017753958702, 0.00027259447961114347, 0.7390186786651611, 1.1956791877746582, 0.0016826532082632184, 0.0013446108205243945, 0.044759999960660934, 0.7617122530937195, 0.0049951281398534775, 0.006363723427057266, 0.00028200942324474454, 0.07778604328632355, 0.26477959752082825, 0.0005237876321189106, 0.0011712603736668825, 0.1038937121629715, 0.515089213848114, 0.0004037995240651071, 0.004019516054540873, 0.0002623452164698392]",0.9074945885407611,-0.0007028985630974649
291,31,36,464,0.00095367431640625,0.0008230453822761774,0.9030978301836347,"[16.096939086914062, 0.0004477690381463617, 0.022371888160705566, 0.0002674698771443218, 0.749323844909668, 1.1946992874145508, 0.001658732071518898, 0.001177809201180935, 0.04551820829510689, 0.761584460735321, 0.005269803572446108, 0.007162725552916527, 0.00027497802511788905, 0.07989528030157089, 0.2650464177131653, 0.0005202132160775363, 0.0011375630274415016, 0.11815564334392548, 0.51200270652771, 0.0004049911512993276, 0.004029252100735903, 0.0002641328901518136]",0.9074945885407611,0.004396758357126496
293,111,89,464,0.000759124755859375,0.0006855009123682976,0.9086853558110306,"[16.21198844909668, 0.0003955773718189448, 0.021884849295020103, 0.0002747396647464484, 0.7513265013694763, 1.1963173151016235, 0.0016480210470035672, 0.0013533014571294188, 0.040205616503953934, 0.7619296908378601, 0.005082780960947275, 0.006588640622794628, 0.0002786724944598973, 0.0794660821557045, 0.2364773154258728, 0.0005154472892172635, 0.0011473270133137703, 0.11594117432832718, 0.5533336400985718, 0.0004551566671580076, 0.00420780573040247, 0.000259723310591653]",0.9074945885407611,-0.001190767270269455
294,140,116,464,0.000682830810546875,0.0006158758769743145,0.9101500107247954,"[16.215147018432617, 0.00044347942457534373, 0.0214685145765543, 0.0002711643755901605, 0.7304245829582214, 1.2206833362579346, 0.0016512343427166343, 0.0013068715343251824, 0.04535406082868576, 0.7617529630661011, 0.005101164802908897, 0.006444268394261599, 0.0002811751910485327, 0.07968296110630035, 0.29473719000816345, 0.0005206898204050958, 0.0010052633006125689, 0.11632666736841202, 0.5158355236053467, 0.0004122599493712187, 0.0041888123378157616, 0.0002610342635307461]",0.9074945885407611,-0.0026554221840342507
295,112,96,464,0.000759124755859375,0.0006712006870657206,0.9075038241333625,"[16.19539451599121, 0.00044431351125240326, 0.022042052820324898, 0.00027533553657121956, 0.7375369668006897, 1.2062430381774902, 0.001655518775805831, 0.0013554443139582872, 0.045345742255449295, 0.7603292465209961, 0.005043047480285168, 0.006496618967503309, 0.0002775999018922448, 0.07958652824163437, 0.2642580568790436, 0.0005191409145481884, 0.0011363723315298557, 0.11717483401298523, 0.5152387022972107, 0.0004502712981775403, 0.004020822234451771, 0.00025996167096309364]",0.9074945885407611,-9.235592601353204e-06
296,212,224,464,0.000518798828125,0.0003958810993935913,0.9103010514954804,"[16.23248863220215, 0.00044204952428117394, 0.02190105989575386, 0.00026890001026913524, 0.7501216530799866, 1.1943798065185547, 0.0016933638835325837, 0.0013487775577232242, 0.0460604764521122, 0.8098294138908386, 0.005009717773646116, 0.006457889452576637, 0.0002759314374998212, 0.07073602080345154, 0.2632282078266144, 0.0005221195751801133, 0.0011174393584951758, 0.1044035255908966, 0.5114249587059021, 0.00045110538485459983, 0.004198427777737379, 0.0002636561985127628]",0.9074945885407611,-0.002806462954719202
297,12,21,464,0.00102996826171875,0.000872808916028589,0.9078667123182889,"[16.17519760131836, 0.0003965306677855551, 0.02165202982723713, 0.00027104519540444016, 0.7366567254066467, 1.2055697441101074, 0.001673013437539339, 0.00116637849714607, 0.04449949786067009, 0.7626577019691467, 0.005076494999229908, 0.00653653172776103, 0.00027378625236451626, 0.07955878227949142, 0.26409345865249634, 0.0005212855176068842, 0.0010096696205437183, 0.1086755320429802, 0.5529104471206665, 0.00040844682371243834, 0.0040046744979918, 0.00025829317746683955]",0.9074945885407611,-0.00037212377752771086
298,129,146,464,0.0007171630859375,0.0005601626471616328,0.910205570920053,"[16.216243743896484, 0.0004377598816063255, 0.020189495757222176, 0.00026913834153674543, 0.7591775059700012, 1.1953864097595215, 0.0016900317277759314, 0.0013518728082999587, 0.04577229917049408, 0.7579103708267212, 0.005107094533741474, 0.006564718205481768, 0.0002748588449321687, 0.07935024797916412, 0.2616176903247833, 0.0005174727994017303, 0.0010353925172239542, 0.11324726045131683, 0.5536465644836426, 0.0004568248405121267, 0.004013104364275932, 0.0002627027570270002]",0.9074945885407611,-0.002710982379291904
299,213,235,464,0.000518798828125,0.00037949401303194463,0.9070709859806811,"[16.17228126525879, 0.0004029654082842171, 0.02227233164012432, 0.00027366707217879593, 0.7476125359535217, 1.1969544887542725, 0.0016915787709876895, 0.0013713965890929103, 0.04500505328178406, 0.7626683712005615, 0.005006871186196804, 0.006289924494922161, 0.000277123210253194, 0.06961993873119354, 0.28575700521469116, 0.0005347490659914911, 0.0011629253858700395, 0.11663998663425446, 0.5150078535079956, 0.00045253525604493916, 0.004018209874629974, 0.0002609150833450258]",0.9074945885407611,0.0004236025600800053
300,100,93,464,0.00078582763671875,0.0006802417919971049,0.9069109231594749,"[16.171789169311523, 0.0004499138449318707, 0.022510016337037086, 0.000266278104390949, 0.7603954672813416, 1.2066526412963867, 0.0015187645331025124, 0.0013493727892637253, 0.04134996235370636, 0.7622685432434082, 0.004542864393442869, 0.0064781429246068, 0.00027700403006747365, 0.06997480243444443, 0.263538122177124, 0.0005218812730163336, 0.0010121704544872046, 0.11640200763940811, 0.5158655047416687, 0.00044705410255119205, 0.004197003319859505, 0.00023362292267847806]",0.9074945885407611,0.0005836653812862913
302,19,7,464,0.001007080078125,0.0009511573589406908,0.9102321306854719,"[16.237695693969727, 0.00044764988706447184, 0.021821634843945503, 0.00027259447961114347, 0.7366634607315063, 1.1939306259155273, 0.0016920547932386398, 0.0011872155591845512, 0.04579302296042442, 0.7620405554771423, 0.005115159787237644, 0.00649780360981822, 0.0002766464895103127, 0.07985323667526245, 0.2925875186920166, 0.0005738280597142875, 0.0011208925861865282, 0.11637771129608154, 0.5164188742637634, 0.0004532501916401088, 0.004024265334010124, 0.0002631794777698815]",0.9074945885407611,-0.0027375421447107806
304,150,134,464,0.00066375732421875,0.0005742002394981682,0.9065392150064739,"[16.148527145385742, 0.0003923600015696138, 0.021840762346982956, 0.0002739054325502366, 0.7455161213874817, 1.1957330703735352, 0.0016717043472453952, 0.001190192298963666, 0.04588901624083519, 0.7620752453804016, 0.004973065573722124, 0.00627156300470233, 0.0002752163854893297, 0.07960722595453262, 0.2641087472438812, 0.000539634027518332, 0.001166854752227664, 0.10589214414358139, 0.5531831979751587, 0.0004477690381463617, 0.004027827177196741, 0.00025996167096309364]",0.9074945885407611,0.0009553735342872072
305,199,209,464,0.00054168701171875,0.0004344192857388407,0.9110158443390074,"[16.214982986450195, 0.0004471732536330819, 0.02208741195499897, 0.0002743821241892874, 0.7509087324142456, 1.1938821077346802, 0.0016687290044501424, 0.0011859057703986764, 0.04532569274306297, 0.76169353723526, 0.005068666767328978, 0.006253674626350403, 0.0002735478919930756, 0.07948864996433258, 0.2934325635433197, 0.0005138983833603561, 0.0011681645410135388, 0.10571841150522232, 0.5532585978507996, 0.0004503904783632606, 0.0040046744979918, 0.00026067672297358513]",0.9074945885407611,-0.003521255798246248
306,152,141,464,0.000659942626953125,0.0005687675438821316,0.9092337489181029,"[16.172258377075195, 0.0004469349514693022, 0.022325491532683372, 0.0002731903805397451, 0.7571079134941101, 1.1954083442687988, 0.0016705142334103584, 0.001348182326182723, 0.04110824689269066, 0.7612615823745728, 0.004954798147082329, 0.006416670512408018, 0.0002812943421304226, 0.0799293965101242, 0.2939603626728058, 0.0005189026123844087, 0.0011331572895869613, 0.10498058050870895, 0.5530322194099426, 0.0004532501916401088, 0.004012985620647669, 0.00026008085114881396]",0.9074945885407611,-0.0017391603773417863
307,193,187,464,0.00055694580078125,0.00047713154344819486,0.9116523847782942,"[16.276681900024414, 0.0004395472351461649, 0.021695775911211967, 0.0002728328399825841, 0.7570319771766663, 1.2080572843551636, 0.0016438555903732777, 0.0012882990995422006, 0.045774009078741074, 0.7609182596206665, 0.005152399651706219, 0.0073073492385447025, 0.00027247529942542315, 0.07978951185941696, 0.26458117365837097, 0.000520570669323206, 0.0011391110019758344, 0.10371888428926468, 0.5151416063308716, 0.0004450284468475729, 0.0042140972800552845, 0.00026651646476238966]",0.9074945885407611,-0.004157796237533096
308,231,212,464,0.0004787445068359375,0.000423639576183632,0.9071578342310122,"[16.168209075927734, 0.00044264530879445374, 0.022772932425141335, 0.00027450130437500775, 0.7403692007064819, 1.1931164264678955, 0.001671109232120216, 0.0013398488517850637, 0.04554896429181099, 0.7614169120788574, 0.0050704460591077805, 0.007295751944184303, 0.0002746204845607281, 0.07992004603147507, 0.26529741287231445, 0.0005192600074224174, 0.001141492510214448, 0.10446666926145554, 0.5534355640411377, 0.0004564673872664571, 0.004197952803224325, 0.00023505308490712196]",0.9074945885407611,0.0003367543097489989
309,160,127,464,0.000640869140625,0.0005944323493167758,0.9059000251866316,"[16.18805694580078, 0.0004463391669560224, 0.022432854399085045, 0.00027652730932459235, 0.7408136129379272, 1.1952004432678223, 0.001660517300479114, 0.0011875727213919163, 0.04570693150162697, 0.7615199089050293, 0.00512962881475687, 0.006532149855047464, 0.00028200942324474454, 0.07101809233427048, 0.26548537611961365, 0.0005285535007715225, 0.001122202374972403, 0.10350199788808823, 0.5141940116882324, 0.0004573014739435166, 0.004008948802947998, 0.00023862851958256215]",0.9074945885407611,0.0015945633541295523
310,92,57,464,0.000804901123046875,0.0007588813314214349,0.9079218905098969,"[16.224760055541992, 0.0003937899600714445, 0.01971132680773735, 0.00027104519540444016, 0.687836766242981, 1.195936918258667, 0.0016974101308733225, 0.0013554443139582872, 0.0404059924185276, 0.7624837756156921, 0.005028695799410343, 0.006356497760862112, 0.00028010259848088026, 0.07966919988393784, 0.2649150788784027, 0.0005067494930699468, 0.0011380392825230956, 0.11649899184703827, 0.5602912306785583, 0.0004505096294451505, 0.004031863994896412, 0.000262106885202229]",0.9074945885407611,-0.0004273019691357627
311,214,199,464,0.000514984130859375,0.0004466427199076861,0.9071411378350934,"[16.14460563659668, 0.00045134371612221, 0.022020945325493813, 0.0002698534226510674, 0.7513173818588257, 1.2057359218597412, 0.0016365956980735064, 0.0013466347008943558, 0.04034760221838951, 0.7582302093505859, 0.005006752442568541, 0.006610194221138954, 0.00027652730932459235, 0.07970431447029114, 0.26264122128486633, 0.0005326044629327953, 0.001122440560720861, 0.11716433614492416, 0.5533899068832397, 0.00044967554276809096, 0.004014529287815094, 0.00023040501400828362]",0.9074945885407611,0.00035345070566772385
312,280,288,464,0.000385284423828125,0.00029731716495007277,0.9090990443285343,"[16.22770118713379, 0.00044979469384998083, 0.022518059238791466, 0.0002755738969426602, 0.74656742811203, 1.2096420526504517, 0.0016693241195753217, 0.0011830481234937906, 0.0454648993909359, 0.7615669965744019, 0.005178134888410568, 0.0064635747112333775, 0.0002759314374998212, 0.07964102178812027, 0.2648777663707733, 0.0005189026123844087, 0.0011401826050132513, 0.10517418384552002, 0.5149408578872681, 0.0004573014739435166, 0.00421267282217741, 0.00026008085114881396]",0.9074945885407611,-0.0016044557877731291
313,272,284,464,0.000400543212890625,0.0003018435963895172,0.9031267028767616,"[16.12857437133789, 0.0003937899600714445, 0.022188737988471985, 0.0002714027068577707, 0.730868935585022, 1.1945827007293701, 0.0016690860502421856, 0.0013148480793461204, 0.04045167192816734, 0.7617149353027344, 0.005003075581043959, 0.006528359837830067, 0.000276765669696033, 0.07949107140302658, 0.264603853225708, 0.0005150898941792548, 0.0011180347064509988, 0.1122930571436882, 0.5120357275009155, 0.0004530118894763291, 0.004174923058599234, 0.0002640137099660933]",0.9074945885407611,0.004367885663999593
314,241,247,464,0.0004634857177734375,0.0003628329432103783,0.9098365625871917,"[16.207202911376953, 0.00040999590419232845, 0.022582512348890305, 0.00027414379292167723, 0.7570180892944336, 1.1939830780029297, 0.001683486276306212, 0.0013468727702274919, 0.04570396989583969, 0.7626790404319763, 0.005099860019981861, 0.007342614233493805, 0.0002828436263371259, 0.07967877388000488, 0.2654472589492798, 0.0005175919504836202, 0.0011388728162273765, 0.10558176785707474, 0.5537409782409668, 0.00041130665340460837, 0.004018566105514765, 0.0002598424907773733]",0.9074945885407611,-0.0023419740464305505
315,82,71,464,0.000827789306640625,0.0007275742827914655,0.9088749133714539,"[16.234676361083984, 0.0004469349514693022, 0.021843094378709793, 0.00026723151677288115, 0.7499228715896606, 1.1944127082824707, 0.0016536145703867078, 0.0011888825101777911, 0.04522132873535156, 0.7626561522483826, 0.0050840857438743114, 0.006547901313751936, 0.0002755738969426602, 0.07924211025238037, 0.26582592725753784, 0.0005202132160775363, 0.0011399445356801152, 0.10321098566055298, 0.5162355899810791, 0.0004068977141287178, 0.004205194301903248, 0.0002644904307089746]",0.9074945885407611,-0.0013803248306927252
316,67,49,464,0.000873565673828125,0.0007807774236425757,0.9060078851722541,"[16.168161392211914, 0.00044347942457534373, 0.022067006677389145, 0.00026806574896909297, 0.7301161885261536, 1.1939032077789307, 0.0016356435371562839, 0.0013454442378133535, 0.0409255214035511, 0.7618613839149475, 0.005069497041404247, 0.007088038604706526, 0.00027771908207796514, 0.07271374017000198, 0.2618856132030487, 0.0005281960475258529, 0.001134586171247065, 0.10529275238513947, 0.5527578592300415, 0.0004067785630468279, 0.004029014613479376, 0.0002623452164698392]",0.9074945885407611,0.0014867033685070918
317,162,149,464,0.000637054443359375,0.0005549987545236945,0.907638407280584,"[16.189743041992188, 0.00043930893298238516, 0.022491484880447388, 0.00027092601521871984, 0.7326730489730835, 1.1939003467559814, 0.0016919358167797327, 0.0013497299514710903, 0.045423779636621475, 0.7606775164604187, 0.005140065681189299, 0.006315985694527626, 0.00027724236133508384, 0.07961085438728333, 0.26437216997146606, 0.0005222387262620032, 0.0011403016978874803, 0.10440545529127121, 0.552693247795105, 0.0004468158003874123, 0.004198071546852589, 0.0002613918040879071]",0.9074945885407611,-0.0001438187398228319
318,33,17,464,0.000949859619140625,0.0008751211571507156,0.906154614598067,"[16.160255432128906, 0.00044228785554878414, 0.02234519273042679, 0.00026723151677288115, 0.6953464150428772, 1.2066712379455566, 0.0016656348016113043, 0.0013327058404684067, 0.04185928404331207, 0.8094061613082886, 0.005121919792145491, 0.006594088394194841, 0.0002754547167569399, 0.08030471205711365, 0.2648821473121643, 0.0005352256703190506, 0.0011363723315298557, 0.11657124012708664, 0.5156585574150085, 0.0004545609117485583, 0.004020822234451771, 0.0002548369811847806]",0.9074945885407611,0.0013399739426941393
319,39,23,464,0.00093841552734375,0.0008656541467644274,0.9102062624799807,"[16.223052978515625, 0.0004472924047149718, 0.02240627631545067, 0.00026842328952625394, 0.7398689985275269, 1.1927770376205444, 0.0016794399125501513, 0.0013304438907653093, 0.04450485482811928, 0.7600482106208801, 0.005022053606808186, 0.00645812600851059, 0.00027509720530360937, 0.08003614097833633, 0.2647448480129242, 0.000516757951118052, 0.0011180347064509988, 0.1162123754620552, 0.5590368509292603, 0.00044216870446689427, 0.004027589689940214, 0.0002637753786984831]",0.9074945885407611,-0.002711673939219561
320,181,158,464,0.0005950927734375,0.0005326007376424968,0.9040221912754615,"[16.121721267700195, 0.00040999590419232845, 0.02186059020459652, 0.00027044929447583854, 0.7504501938819885, 1.1956515312194824, 0.0016780118457973003, 0.001190073206089437, 0.04468567669391632, 0.7622156739234924, 0.005061076022684574, 0.006470681168138981, 0.00027640812913887203, 0.08004296571016312, 0.26498550176620483, 0.0005255748401395977, 0.001142087858170271, 0.10883057117462158, 0.5163252949714661, 0.0004102342063561082, 0.004023671615868807, 0.00026067672297358513]",0.9074945885407611,0.003472397265299687
321,185,166,464,0.000583648681640625,0.000515181862283498,0.909800432872461,"[16.223474502563477, 0.0004471732536330819, 0.022135218605399132, 0.00027259447961114347, 0.7395932674407959, 1.1958262920379639, 0.0016725374152883887, 0.0011868583969771862, 0.04467518627643585, 0.8090043067932129, 0.005131882149726152, 0.0068892803974449635, 0.0002786724944598973, 0.07138777524232864, 0.26338571310043335, 0.0005218812730163336, 0.0011501847766339779, 0.10875091701745987, 0.515089213848114, 0.0004539651272352785, 0.004019278567284346, 0.0002628219372127205]",0.9074945885407611,-0.002305844331699891
322,191,175,464,0.000568389892578125,0.0004961551167070866,0.9021203659159999,"[16.157394409179688, 0.0004430027911439538, 0.02184297889471054, 0.00026901919045485556, 0.6950601935386658, 1.1943669319152832, 0.001640761154703796, 0.0013140147784724832, 0.041329145431518555, 0.7621393799781799, 0.005087999626994133, 0.007106740493327379, 0.00027843413408845663, 0.06950751692056656, 0.26451757550239563, 0.0005178302526473999, 0.0011355387978255749, 0.10334386676549911, 0.5146661996841431, 0.00040713604539632797, 0.004015123005956411, 0.00026425207033753395]",0.9074945885407611,0.005374222624761282
323,216,205,464,0.00051116943359375,0.0004384380590636283,0.9036951557526746,"[16.17013931274414, 0.00039939055568538606, 0.024264274165034294, 0.0002723561483435333, 0.6895447969436646, 1.1960666179656982, 0.001680511049926281, 0.0011955503141507506, 0.0410270132124424, 0.7630444169044495, 0.005004736129194498, 0.006458363030105829, 0.0002786724944598973, 0.0799894854426384, 0.26441308856010437, 0.000522357877343893, 0.0011175584513694048, 0.11573467403650284, 0.5154346227645874, 0.00040749352774582803, 0.004033882170915604, 0.00026425207033753395]",0.9074945885407611,0.0037994327880865875
324,4,4,464,0.0010528564453125,0.0009851692011579871,0.9060462449243377,"[16.196504592895508, 0.0003999863693024963, 0.02190280891954899, 0.0002740246127359569, 0.7378128170967102, 1.1938995122909546, 0.001678725820966065, 0.001347468001767993, 0.04081016778945923, 0.7614631056785583, 0.00526636466383934, 0.007096797693520784, 0.00027724236133508384, 0.07092126458883286, 0.2643935978412628, 0.0005240259342826903, 0.0011680454481393099, 0.10779090970754623, 0.5147820711135864, 0.0004146431456319988, 0.004028539638966322, 0.00026067672297358513]",0.9074945885407611,0.001448343616423431
325,110,85,464,0.000762939453125,0.0006885599577799439,0.904614993740159,"[16.17042350769043, 0.00045599075383506715, 0.02170475758612156, 0.0002708068350329995, 0.6883720755577087, 1.1962454319000244, 0.0016609933227300644, 0.0013231817865744233, 0.04544200375676155, 0.7603680491447449, 0.005081239156424999, 0.00646973354741931, 0.0002768848498817533, 0.08049149066209793, 0.28557300567626953, 0.0005189026123844087, 0.0011251792311668396, 0.11586824059486389, 0.5149453282356262, 0.00044824567157775164, 0.004201276693493128, 0.00026353701832704246]",0.9074945885407611,0.002879594800602181
326,218,218,464,0.0005035400390625,0.00041604257421568036,0.908846849358683,"[16.20313262939453, 0.0004487222759053111, 0.022156324237585068, 0.0002733095607254654, 0.7518092393875122, 1.1954352855682373, 0.0016457597957924008, 0.0013306819600984454, 0.04600127786397934, 0.7615675330162048, 0.004964050371199846, 0.0062559256330132484, 0.0002798642381094396, 0.07260210812091827, 0.26253026723861694, 0.0005233110277913511, 0.0011235122801735997, 0.10436540096998215, 0.5534557104110718, 0.000454799213912338, 0.004012985620647669, 0.0002619877050165087]",0.9074945885407611,-0.0013522608179218354
327,182,179,464,0.000591278076171875,0.0004885446978732944,0.9078964995119763,"[16.174856185913086, 0.000445385929197073, 0.021951908245682716, 0.00027056847466155887, 0.736965537071228, 1.1955790519714355, 0.0016578990034759045, 0.0013453251449391246, 0.044920485466718674, 0.8097920417785645, 0.005118005909025669, 0.006470325868576765, 0.0002731903805397451, 0.0796053484082222, 0.26494014263153076, 0.0005323661607690156, 0.0011343479854986072, 0.10839040577411652, 0.5148006677627563, 0.0004051103023812175, 0.004004437010735273, 0.00026425207033753395]",0.9074945885407611,-0.00040191097121511365
328,43,34,464,0.0009307861328125,0.0008235687273554504,0.9111334718208209,"[16.238704681396484, 0.0004469349514693022, 0.022170431911945343, 0.0002723561483435333, 0.7575989365577698, 1.1952110528945923, 0.0016753936652094126, 0.00134222989436239, 0.04594298452138901, 0.7618353366851807, 0.004970574285835028, 0.006367869209498167, 0.00027414379292167723, 0.0795438140630722, 0.29394418001174927, 0.0005168771021999419, 0.0011174393584951758, 0.1121857538819313, 0.5161414742469788, 0.00040558696491643786, 0.004005268216133118, 0.00026306029758416116]",0.9074945885407611,-0.0036388832800597903
329,114,105,464,0.000751495361328125,0.00064259790815413,0.9105902928329835,"[16.237977981567383, 0.00039664984797127545, 0.022472135722637177, 0.0002734287118073553, 0.7500461935997009, 1.1958492994308472, 0.001655637752264738, 0.0012048374628648162, 0.04078865423798561, 0.7624330520629883, 0.005194856319576502, 0.006524214521050453, 0.0002755738969426602, 0.07985664904117584, 0.26445910334587097, 0.0005208089714869857, 0.001122797722928226, 0.10421975702047348, 0.5529987215995789, 0.0004441943601705134, 0.004007523879408836, 0.0002643712505232543]",0.9074945885407611,-0.00309570429222239
330,107,101,464,0.000766754150390625,0.0006549708195962012,0.9086559709791221,"[16.214082717895508, 0.00044705410255119205, 0.021756082773208618, 0.00027414379292167723, 0.731820821762085, 1.1957453489303589, 0.0016934829764068127, 0.0013171101454645395, 0.040458083152770996, 0.7614364624023438, 0.005100571550428867, 0.0072260452434420586, 0.0002766464895103127, 0.07836037129163742, 0.26229700446128845, 0.0005303407087922096, 0.0010244365548714995, 0.10773760825395584, 0.5541316270828247, 0.0004551566671580076, 0.003999687731266022, 0.00026055757189169526]",0.9074945885407611,-0.0011613824383609472
331,164,162,464,0.00063323974609375,0.0005242582410573959,0.9086714359582402,"[16.189069747924805, 0.00044276448898017406, 0.02211691252887249, 0.0002739054325502366, 0.7601926922798157, 1.1948320865631104, 0.0017003853572532535, 0.0013443727511912584, 0.040139198303222656, 0.7615692019462585, 0.005067362450063229, 0.006533334031701088, 0.0002727136597968638, 0.07970442622900009, 0.2637058198451996, 0.0005253365379758179, 0.0011173202656209469, 0.10465940088033676, 0.5525786876678467, 0.0004593271005433053, 0.004202938638627529, 0.0002636561985127628]",0.9074945885407611,-0.0011768474174790322
332,126,111,464,0.00072479248046875,0.0006326555158011615,0.9074969715174203,"[16.211780548095703, 0.00039843725971877575, 0.022224996238946915, 0.0002696150622796267, 0.7314243912696838, 1.20613694190979, 0.001668252982199192, 0.0013013951247557998, 0.04570089653134346, 0.7619150280952454, 0.005137456580996513, 0.006333280820399523, 0.00027295202016830444, 0.07924298942089081, 0.26267072558403015, 0.0005239067832008004, 0.0011699505848810077, 0.10527322441339493, 0.516619861125946, 0.00040546778473071754, 0.0041937981732189655, 0.00026925752172246575]",0.9074945885407611,-2.3829766591099144e-06
333,2,3,464,0.00106048583984375,0.000992088345810771,0.9074111420142633,"[16.18889617919922, 0.00044550508027896285, 0.022175678983330727, 0.0002714027068577707, 0.7574312686920166, 1.2038757801055908, 0.001700980355963111, 0.0013473490253090858, 0.04534095898270607, 0.7622227668762207, 0.005141369998455048, 0.006570758298039436, 0.00027533553657121956, 0.0798545554280281, 0.26209771633148193, 0.0005209281225688756, 0.0011130335042253137, 0.10425166040658951, 0.5147625207901001, 0.0004553949984256178, 0.004029252100735903, 0.00026472879108041525]",0.9074945885407611,8.344652649783235e-05
334,51,16,464,0.000919342041015625,0.0008769164560362697,0.9084149733640846,"[16.15970230102539, 0.0004459816846065223, 0.021967768669128418, 0.00027044929447583854, 0.7393259406089783, 1.1964187622070312, 0.0016481400234624743, 0.0013266343157738447, 0.04153135418891907, 0.8090859055519104, 0.005087525118142366, 0.006278789136558771, 0.0002733095607254654, 0.08006034791469574, 0.2923087477684021, 0.0005216429708525538, 0.0011564955348148942, 0.10770057141780853, 0.5152913928031921, 0.00044979469384998083, 0.004022484179586172, 0.00025507534155622125]",0.9074945885407611,-0.0009203848233234613
335,176,131,464,0.000606536865234375,0.0005772234289906919,0.9072703483808172,"[16.159181594848633, 0.0004520586517173797, 0.022128107026219368, 0.0002723561483435333, 0.7448657751083374, 1.2165791988372803, 0.0016543286619707942, 0.0012296028435230255, 0.04106660187244415, 0.7624804377555847, 0.0050568063743412495, 0.007300958968698978, 0.00027426297310739756, 0.07148689031600952, 0.2647020220756531, 0.0005054388311691582, 0.0011398254428058863, 0.10516484826803207, 0.5496857166290283, 0.00044860312482342124, 0.00401369808241725, 0.0002585315378382802]",0.9074945885407611,0.00022424015994393365
336,88,51,464,0.0008087158203125,0.0007792427786625922,0.90062864148058,"[16.114900588989258, 0.0004435985756572336, 0.022375619038939476, 0.0002740246127359569, 0.7385877966880798, 1.135598063468933, 0.0016686100279912353, 0.0013227055314928293, 0.04046712815761566, 0.7627780437469482, 0.005083018448203802, 0.0065345182083547115, 0.0002786724944598973, 0.07989846915006638, 0.2649175524711609, 0.0005407063290476799, 0.0011757849715650082, 0.11630045622587204, 0.515813410282135, 0.0004068977141287178, 0.0042035323567688465, 0.0002609150833450258]",0.9074945885407611,0.006865947060181177
337,156,117,464,0.000652313232421875,0.0006152598652988672,0.9067046565165087,"[16.185049057006836, 0.0004440752090886235, 0.02228095754981041, 0.0002671123365871608, 0.7461995482444763, 1.1954102516174316, 0.0016753936652094126, 0.001374491723254323, 0.0456337034702301, 0.7618070840835571, 0.0049483925104141235, 0.0064962636679410934, 0.00027581225731410086, 0.07128232717514038, 0.2651729881763458, 0.0005144941387698054, 0.0011404207907617092, 0.1166100725531578, 0.5159909129142761, 0.00045253525604493916, 0.004217302426695824, 0.0002592465898487717]",0.9074945885407611,0.0007899320242524821
338,288,271,464,0.0003662109375,0.00031928313546814024,0.9069234187971399,"[16.20584487915039, 0.00044490929576568305, 0.02197546511888504, 0.00027164106722921133, 0.7398885488510132, 1.1948022842407227, 0.0015021003782749176, 0.0013473490253090858, 0.04074951261281967, 0.7615535855293274, 0.005076850764453411, 0.007293384987860918, 0.0002752163854893297, 0.07996582239866257, 0.26505574584007263, 0.0005220004240982234, 0.001135062426328659, 0.10422813892364502, 0.51568204164505, 0.00045170116936787963, 0.004017972387373447, 0.00023100091493688524]",0.9074945885407611,0.0005711697436212582
339,344,343,464,0.00022602081298828125,0.0001720108703011647,0.9109011852309447,"[16.231237411499023, 0.00044347942457534373, 0.02235020510852337, 0.0002703301142901182, 0.7406461834907532, 1.1946659088134766, 0.0016513533191755414, 0.0013423488708212972, 0.04518760368227959, 0.7620106339454651, 0.0050683110021054745, 0.00648785475641489, 0.00027426297310739756, 0.08045310527086258, 0.28549396991729736, 0.0005078217945992947, 0.0011426832061260939, 0.10358153283596039, 0.5522797703742981, 0.00045110538485459983, 0.0040177349001169205, 0.00026246439665555954]",0.9074945885407611,-0.0034065966901835054
340,335,338,464,0.0002460479736328125,0.00019579344370868057,0.9070115598588018,"[16.170917510986328, 0.00044490929576568305, 0.0224767979234457, 0.0002739054325502366, 0.7564697265625, 1.2088842391967773, 0.0016734894597902894, 0.0013108003186061978, 0.04562823474407196, 0.762991726398468, 0.005131882149726152, 0.006407668814063072, 0.00027581225731410086, 0.08001600205898285, 0.2640843093395233, 0.0005298641044646502, 0.0011207734933122993, 0.1054505705833435, 0.5152722597122192, 0.00045563330058939755, 0.004180265124887228, 0.0002579356369096786]",0.9074945885407611,0.0004830286819593743
341,334,334,464,0.000247955322265625,0.0002073939103865996,0.9090433427865553,"[16.204721450805664, 0.00040439533768221736, 0.022085662931203842, 0.0002768848498817533, 0.7375354766845703, 1.1981921195983887, 0.001658732071518898, 0.0013249675976112485, 0.04001322016119957, 0.809989869594574, 0.005162243265658617, 0.0065111867152154446, 0.0002796259068418294, 0.07977057993412018, 0.2638464570045471, 0.0005297449533827603, 0.0011617346899583936, 0.10523320734500885, 0.515561044216156, 0.00040928093949332833, 0.004024384077638388, 0.00026127262390218675]",0.9074945885407611,-0.0015487542457941483
342,238,210,464,0.0004673004150390625,0.00043371011270210147,0.9098173547774256,"[16.23231315612793, 0.000398198957554996, 0.021938147023320198, 0.0002714027068577707, 0.7598748207092285, 1.209228515625, 0.0016640876419842243, 0.0013221102999523282, 0.04067935422062874, 0.7612780332565308, 0.004971048794686794, 0.007086144760251045, 0.0002775999018922448, 0.08007245510816574, 0.26408183574676514, 0.0005259322933852673, 0.0011736417654901743, 0.10891631245613098, 0.5151693820953369, 0.00045468006283044815, 0.004023315384984016, 0.0002616301644593477]",0.9074945885407611,-0.0023227662366644974
343,294,269,464,0.0003566741943359375,0.00032326224027201533,0.9063767438413131,"[16.171632766723633, 0.0003983181086368859, 0.02250955067574978, 0.00026901919045485556, 0.7458174824714661, 1.2066758871078491, 0.00167753582354635, 0.001193526084534824, 0.045633360743522644, 0.7622944116592407, 0.005056094378232956, 0.007306047715246677, 0.0002774807217065245, 0.07964619249105453, 0.26469260454177856, 0.0005248599336482584, 0.0010494445450603962, 0.10349017381668091, 0.5154049396514893, 0.00045753977610729635, 0.004024265334010124, 0.00025686301523819566]",0.9074945885407611,0.0011178446994480895
344,320,311,464,0.00029754638671875,0.00025834422558546066,0.9037909916911634,"[16.13776969909668, 0.00044741155579686165, 0.021879367530345917, 0.0002694958820939064, 0.6867802739143372, 1.1938791275024414, 0.0016815820708870888, 0.0013510395074263215, 0.04542366415262222, 0.7615254521369934, 0.005092388018965721, 0.00648086704313755, 0.00028320116689428687, 0.07270742207765579, 0.26529595255851746, 0.0005346299149096012, 0.001141730579547584, 0.11627519875764847, 0.559705913066864, 0.0004060635983478278, 0.004209230188280344, 0.000262106885202229]",0.9074945885407611,0.0037035968495977567
345,224,198,464,0.000492095947265625,0.00044771237298846245,0.9104824587067758,"[16.228008270263672, 0.00044800734031014144, 0.021960537880659103, 0.0002723561483435333, 0.7601140141487122, 1.1952799558639526, 0.0016558758215978742, 0.0013379440642893314, 0.045546457171440125, 0.7615044116973877, 0.005105315707623959, 0.0071468655951321125, 0.00027616979787126184, 0.07223952561616898, 0.29451844096183777, 0.0005229535745456815, 0.0011686407960951328, 0.116970494389534, 0.5118294954299927, 0.00041059168870560825, 0.004036375787109137, 0.0002613918040879071]",0.9074945885407611,-0.00298787016601465
346,189,161,464,0.000576019287109375,0.0005288434913381934,0.9084412585877792,"[16.244855880737305, 0.0004441943601705134, 0.022092076018452644, 0.0002727136597968638, 0.7400540709495544, 1.1960848569869995, 0.001650877296924591, 0.001207933179102838, 0.045364994555711746, 0.7617068886756897, 0.005154297221451998, 0.006556665059179068, 0.0002790300059132278, 0.06928107887506485, 0.2645694613456726, 0.0005240259342826903, 0.001167331007309258, 0.10392992198467255, 0.5158126354217529, 0.0004153581103309989, 0.004022959154099226, 0.00026043839170597494]",0.9074945885407611,-0.0009466700470180944
347,296,283,464,0.000347137451171875,0.00030194033752195537,0.9098662044456102,"[16.262481689453125, 0.0004430027911439538, 0.02178909257054329, 0.00027259447961114347, 0.7454159259796143, 1.1960868835449219, 0.0016395710408687592, 0.001157924416474998, 0.04073188826441765, 0.7615168690681458, 0.004923718981444836, 0.006542808376252651, 0.00027426297310739756, 0.07310573756694794, 0.2656811773777008, 0.0005208089714869857, 0.0011249411618337035, 0.11623211205005646, 0.5123669505119324, 0.0004570631426759064, 0.004029964096844196, 0.0002615109842736274]",0.9074945885407611,-0.0023716159048490226
348,281,256,464,0.0003814697265625,0.00033996495767496526,0.9054610787239984,"[16.170242309570312, 0.00039200251922011375, 0.02202141098678112, 0.00027021096320822835, 0.7373120784759521, 1.195185661315918, 0.0016644446877762675, 0.0013429442187771201, 0.04576466977596283, 0.7612010836601257, 0.004977216944098473, 0.006533926352858543, 0.00027807659353129566, 0.07091160118579865, 0.2640717625617981, 0.0005159238935448229, 0.0011332763824611902, 0.11644434928894043, 0.5150061249732971, 0.0004047528200317174, 0.004209823906421661, 0.00026008085114881396]",0.9074945885407611,0.0020335098167627574
349,325,312,464,0.0002880096435546875,0.000256910192547366,0.907862766286681,"[16.194429397583008, 0.0004439560289029032, 0.02230590581893921, 0.0002748588449321687, 0.737654447555542, 1.1942338943481445, 0.0016400470631197095, 0.0013147291028872132, 0.04577970132231712, 0.7616759538650513, 0.00508764386177063, 0.006270259618759155, 0.00027533553657121956, 0.07954633980989456, 0.2924319803714752, 0.0005173536483198404, 0.0011647114297375083, 0.10746152698993683, 0.5155982375144958, 0.0004065402317792177, 0.00422976678237319, 0.00023827097902540118]",0.9074945885407611,-0.0003681777459199065
350,260,222,464,0.0004253387451171875,0.0004024982044938952,0.9081817452745533,"[16.191476821899414, 0.00044312194222584367, 0.022226396948099136, 0.0002714027068577707, 0.7566642165184021, 1.2150442600250244, 0.001677416730672121, 0.0011837625643238425, 0.04587831348180771, 0.7617488503456116, 0.005093337036669254, 0.006328068673610687, 0.00028046013903804123, 0.07952586561441422, 0.2647702693939209, 0.000521523819770664, 0.0011364913079887629, 0.10518405586481094, 0.5158010721206665, 0.0004505096294451505, 0.004032932687550783, 0.0002592465898487717]",0.9074945885407611,-0.0006871567337921602
351,196,159,464,0.00054931640625,0.0005305067752487957,0.9055284566023726,"[16.17974853515625, 0.0004456242313608527, 0.022516310214996338, 0.00027092601521871984, 0.7381119728088379, 1.1948637962341309, 0.001648973091505468, 0.0011955503141507506, 0.04589243233203888, 0.7618492841720581, 0.004458131268620491, 0.006297387648373842, 0.00027855331427417696, 0.07824374735355377, 0.26234039664268494, 0.0005258131423033774, 0.0010125277331098914, 0.10495782643556595, 0.5120636224746704, 0.00044919890933670104, 0.004191898740828037, 0.00026353701832704246]",0.9074945885407611,0.001966131938388571
352,317,294,464,0.0003108978271484375,0.0002892598567996174,0.9071446795080026,"[16.19610023498535, 0.0004463391669560224, 0.022496845573186874, 0.0002687808300834149, 0.7501477003097534, 1.1951284408569336, 0.0016750366194173694, 0.0012173393042758107, 0.04478359594941139, 0.7612543106079102, 0.00522094639018178, 0.006490697152912617, 0.00028081765049137175, 0.07968637347221375, 0.2662801742553711, 0.0005303407087922096, 0.0011706650257110596, 0.10369502753019333, 0.5155990123748779, 0.00041392818093299866, 0.004035069607198238, 0.00026127262390218675]",0.9074945885407611,0.00034990903275855523
353,356,353,464,0.0001354217529296875,0.00010957338236039504,0.9049013574734669,"[16.15012550354004, 0.00040344204171560705, 0.02235591784119606, 0.00027104519540444016, 0.7450057864189148, 1.1956651210784912, 0.001668134005740285, 0.0013494918821379542, 0.04602472856640816, 0.7626050114631653, 0.005112313199788332, 0.006448413711041212, 0.0002812943421304226, 0.07962296903133392, 0.2643953263759613, 0.000521523819770664, 0.0011180347064509988, 0.10583305358886719, 0.5143110752105713, 0.000445385929197073, 0.004007880110293627, 0.0002584123576525599]",0.9074945885407611,0.002593231067294255
354,348,345,464,0.00018978118896484375,0.00016197218792513013,0.9094279752859041,"[16.223833084106445, 0.0004528927383944392, 0.022243184968829155, 0.0002734287118073553, 0.7488074898719788, 1.1945364475250244, 0.0016550427535548806, 0.0011720937909558415, 0.045966096222400665, 0.7621945142745972, 0.005045420024544001, 0.0065282415598630905, 0.0002787916746456176, 0.06964428722858429, 0.29396533966064453, 0.0005255748401395977, 0.0011650687083601952, 0.10875903815031052, 0.5156770944595337, 0.00040797016117721796, 0.004021890461444855, 0.00026246439665555954]",0.9074945885407611,-0.0019333867451429843
355,333,325,464,0.00025177001953125,0.00022580867516808212,0.905661511035181,"[16.131990432739258, 0.0004451475979294628, 0.021826881915330887, 0.00027021096320822835, 0.7564525008201599, 1.2093175649642944, 0.0016824151389300823, 0.0013373488327488303, 0.04476136714220047, 0.7617058753967285, 0.0051444536074995995, 0.006349390838295221, 0.00027736154152080417, 0.07949988543987274, 0.26486924290657043, 0.0005248599336482584, 0.0011436357162892818, 0.11664529144763947, 0.5155907869338989, 0.0004505096294451505, 0.004008117597550154, 0.00025996167096309364]",0.9074945885407611,0.0018330775055801496
356,338,332,464,0.00023651123046875,0.00021054386161267757,0.9084398649111708,"[16.148847579956055, 0.0003995097358711064, 0.022284572944045067, 0.00027044929447583854, 0.7589330673217773, 1.2083808183670044, 0.0016584941186010838, 0.0013438966125249863, 0.04612172394990921, 0.7618324756622314, 0.004965710919350386, 0.006542571820318699, 0.00027509720530360937, 0.07309465855360031, 0.2640574872493744, 0.0005821678787469864, 0.0011250602547079325, 0.1135426014661789, 0.5666763782501221, 0.0004518203204497695, 0.0040281834080815315, 0.0002627027570270002]",0.9074945885407611,-0.0009452763704096423
357,343,335,464,0.0002307891845703125,0.00020241711172275245,0.9095611792978492,"[16.234113693237305, 0.00040391870425082743, 0.021866654977202415, 0.00027426297310739756, 0.7369723320007324, 1.1963868141174316, 0.001677416730672121, 0.0013459203764796257, 0.04610157385468483, 0.7616679668426514, 0.005075901746749878, 0.00632025022059679, 0.0002768848498817533, 0.0712549090385437, 0.26323986053466797, 0.0005165196489542723, 0.0011369676794856787, 0.1035751923918724, 0.5533870458602905, 0.0004543225804809481, 0.004034475889056921, 0.00026306029758416116]",0.9074945885407611,-0.002066590757088038
358,337,333,464,0.0002384185791015625,0.00020807671535294503,0.9112506010040472,"[16.2257022857666, 0.0003923600015696138, 0.022321177646517754, 0.0002723561483435333, 0.7507006525993347, 1.206261157989502, 0.0016844383208081126, 0.001191978226415813, 0.04526815935969353, 0.7620485424995422, 0.005249525420367718, 0.007304864004254341, 0.000276765669696033, 0.07964861392974854, 0.2625623643398285, 0.0005109196645207703, 0.0010338444262742996, 0.11726431548595428, 0.5531313419342041, 0.0004058252670802176, 0.004021771717816591, 0.00025996167096309364]",0.9074945885407611,-0.0037560124632860514
359,321,304,464,0.00029754638671875,0.00026845894171856344,0.9065605226655449,"[16.184955596923828, 0.0004010588163509965, 0.021914005279541016, 0.0002733095607254654, 0.7401003837585449, 1.2057855129241943, 0.001703836489468813, 0.0011643542675301433, 0.04568073898553848, 0.7605926990509033, 0.005091083236038685, 0.007113132160156965, 0.00027616979787126184, 0.07781405746936798, 0.26422134041786194, 0.0005172345554456115, 0.0011326810345053673, 0.10511559247970581, 0.515743613243103, 0.00045217780279926956, 0.0040230778977274895, 0.0002598424907773733]",0.9074945885407611,0.0009340658752162723
360,304,280,464,0.0003376007080078125,0.0003101160691585392,0.90907011233503,"[16.216102600097656, 0.00040368037298321724, 0.021892312914133072, 0.00027295202016830444, 0.7478249073028564, 1.1958200931549072, 0.0016855093417689204, 0.0011847150744870305, 0.040198057889938354, 0.7618662714958191, 0.005154297221451998, 0.006601667497307062, 0.0002783149539027363, 0.07230307161808014, 0.2639653980731964, 0.0005194983095861971, 0.0011439929949119687, 0.10452454537153244, 0.5528998374938965, 0.0004553949984256178, 0.004179790150374174, 0.00026556302327662706]",0.9074945885407611,-0.0015755237942688405
361,336,328,464,0.000244140625,0.00021718496282119304,0.9085258889681427,"[16.20546531677246, 0.0004602803383022547, 0.02220541052520275, 0.00030250742565840483, 0.7584444284439087, 1.1936777830123901, 0.0016786068445071578, 0.001334729720838368, 0.04462137818336487, 0.7617465257644653, 0.005180032458156347, 0.0071388171054422855, 0.00028308198670856655, 0.07990815490484238, 0.26473596692085266, 0.0005272428970783949, 0.001117082079872489, 0.11757627874612808, 0.5162549018859863, 0.0004499138449318707, 0.004201751668006182, 0.000259365770034492]",0.9074945885407611,-0.0010313004273815318
362,346,340,464,0.00021266937255859375,0.00018448590708430856,0.9060309753112961,"[16.197572708129883, 0.00044705410255119205, 0.021880999207496643, 0.00027092601521871984, 0.6881980299949646, 1.194200038909912, 0.0016919358167797327, 0.0011997176334261894, 0.04521472007036209, 0.7619753479957581, 0.005013276357203722, 0.0065513355657458305, 0.00027855331427417696, 0.07926204055547714, 0.29309648275375366, 0.0005162813467904925, 0.0011344670783728361, 0.11331144720315933, 0.5159633755683899, 0.00044586253352463245, 0.004194153938442469, 0.0002627027570270002]",0.9074945885407611,0.0014636132294650883
363,316,296,464,0.000316619873046875,0.0002875740174204111,0.9081764085038396,"[16.184072494506836, 0.00044288364006206393, 0.022492416203022003, 0.0002747396647464484, 0.7480791211128235, 1.2062445878982544, 0.0016764646861702204, 0.0013652060879394412, 0.04562242701649666, 0.7617456316947937, 0.005075308959931135, 0.006473049987107515, 0.0002755738969426602, 0.07995382696390152, 0.28483983874320984, 0.0005147324409335852, 0.0011214879341423512, 0.1083928644657135, 0.5164806246757507, 0.00044800734031014144, 0.004026877228170633, 0.0002628219372127205]",0.9074945885407611,-0.0006818199630784783
364,263,226,464,0.00041961669921875,0.00038969883462414145,0.9129054342761678,"[16.250276565551758, 0.00044383687782101333, 0.02203388884663582, 0.00027414379292167723, 0.7451703548431396, 1.194586992263794, 0.0016438555903732777, 0.0013450870756059885, 0.04540577903389931, 0.7620441317558289, 0.0051083993166685104, 0.007168761920183897, 0.0002734287118073553, 0.07825333625078201, 0.29408198595046997, 0.0005357022164389491, 0.001134586171247065, 0.11625131964683533, 0.5531571507453918, 0.000454799213912338, 0.004013460595160723, 0.0002619877050165087]",0.9074945885407611,-0.005410845735406622
365,308,285,464,0.0003337860107421875,0.00030151859391480684,0.9056480908025564,"[16.165664672851562, 0.00045134371612221, 0.02198176272213459, 0.000271879427600652, 0.7520211338996887, 1.1949623823165894, 0.0016690860502421856, 0.0013500871136784554, 0.0457882434129715, 0.7620169520378113, 0.005077325273305178, 0.0064684306271374226, 0.0002762889489531517, 0.07848668098449707, 0.26244062185287476, 0.0005211663665249944, 0.0011201781453564763, 0.10368417203426361, 0.5153371691703796, 0.000399033073335886, 0.004008830059319735, 0.00026055757189169526]",0.9074945885407611,0.0018464977382047776
366,324,307,464,0.0002918243408203125,0.00025994941825047135,0.9099282551826697,"[16.22271728515625, 0.00044490929576568305, 0.0221866387873888, 0.00027092601521871984, 0.7596074938774109, 1.1938238143920898, 0.0016684910515323281, 0.001191263902001083, 0.04566160589456558, 0.760637104511261, 0.00499916123226285, 0.007311373017728329, 0.00028010259848088026, 0.07994513213634491, 0.29223763942718506, 0.0005224770284257829, 0.0011410161387175322, 0.10428184270858765, 0.5147572755813599, 0.0004518203204497695, 0.004020584747195244, 0.0002636561985127628]",0.9074945885407611,-0.002433666641908583
367,322,305,464,0.000293731689453125,0.00026370381237939,0.9105418079231061,"[16.208024978637695, 0.00039617318543605506, 0.02212752401828766, 0.00027259447961114347, 0.7478665113449097, 1.1934080123901367, 0.001673013437539339, 0.0013442536583170295, 0.04527248814702034, 0.7617801427841187, 0.005111838690936565, 0.006349390838295221, 0.0002735478919930756, 0.07998761534690857, 0.29449906945228577, 0.000543446687515825, 0.001134586171247065, 0.10407453030347824, 0.5530939102172852, 0.0004068977141287178, 0.004016903694719076, 0.0002623452164698392]",0.9074945885407611,-0.003047219382344979
368,328,313,464,0.00028228759765625,0.00025652768090367317,0.9075418049720941,"[16.21335220336914, 0.00039521988946944475, 0.021696941927075386, 0.00027164106722921133, 0.7513631582260132, 1.2045916318893433, 0.0016896746819838881, 0.001192573574371636, 0.04040404409170151, 0.7608911991119385, 0.005166156683117151, 0.006524925120174885, 0.0002798642381094396, 0.06940453499555588, 0.2624950706958771, 0.0005202132160775363, 0.0011326810345053673, 0.10512331873178482, 0.5146932601928711, 0.000445385929197073, 0.004025214817374945, 0.00026079590315930545]",0.9074945885407611,-4.721643133298592e-05
369,290,257,464,0.0003643035888671875,0.0003391685022506863,0.9033794096579765,"[16.157819747924805, 0.00044967554276809096, 0.022441595792770386, 0.0002687808300834149, 0.7587461471557617, 1.1323559284210205, 0.0016778928693383932, 0.0013387774815782905, 0.043780338019132614, 0.7619544267654419, 0.005049333907663822, 0.006528122816234827, 0.0002759314374998212, 0.07965929061174393, 0.26499292254447937, 0.0005314130103215575, 0.0011370867723599076, 0.1156502515077591, 0.5149930715560913, 0.00044955636258237064, 0.004014766775071621, 0.00023195437097456306]",0.9074945885407611,0.004115178882784676
370,331,323,464,0.0002613067626953125,0.0002294737205374986,0.905740813440802,"[16.17251968383789, 0.0004493180604185909, 0.02201838046312332, 0.0002754547167569399, 0.7491951584815979, 1.194970726966858, 0.0016686100279912353, 0.0013233008794486523, 0.04124175012111664, 0.7614116668701172, 0.004995839670300484, 0.006458363030105829, 0.00028081765049137175, 0.07993864268064499, 0.26339229941368103, 0.000521523819770664, 0.0011200590524822474, 0.1041356548666954, 0.5155046582221985, 0.0004078510100953281, 0.004205075558274984, 0.00026306029758416116]",0.9074945885407611,0.0017537750999591095
371,353,351,464,0.00016117095947265625,0.00011779081251006573,0.908714229329648,"[16.197368621826172, 0.0003960540343541652, 0.02191808819770813, 0.00027497802511788905, 0.7575583457946777, 1.194338321685791, 0.001683486276306212, 0.0012067424831911922, 0.04591599851846695, 0.7615991234779358, 0.005083255469799042, 0.006574784871190786, 0.0002693767019081861, 0.07956814020872116, 0.29199454188346863, 0.0005210472736507654, 0.0011433976469561458, 0.10447235405445099, 0.5151669979095459, 0.0003983181086368859, 0.00400194339454174, 0.00025912740966305137]",0.9074945885407611,-0.001219640788886811
372,312,301,464,0.00032806396484375,0.0002737320028245449,0.9071965032556115,"[16.21750831604004, 0.000456109904916957, 0.022272447124123573, 0.0002748588449321687, 0.739425778388977, 1.1934610605239868, 0.001652305480092764, 0.0011954312212765217, 0.04507547989487648, 0.7616328597068787, 0.005265060346573591, 0.006449361331760883, 0.00027211778797209263, 0.07097001373767853, 0.26527804136276245, 0.0005202132160775363, 0.0011152960360050201, 0.10536131262779236, 0.5153813362121582, 0.00045980370487086475, 0.0040343571454286575, 0.0002615109842736274]",0.9074945885407611,0.0002980852851496296
373,259,241,464,0.00042724609375,0.00036911058123223484,0.9077031200305844,"[16.19588279724121, 0.00044526674901135266, 0.022476447746157646, 0.0002711643755901605, 0.73817378282547, 1.221589207649231, 0.0016896746819838881, 0.0013367536012083292, 0.04370696470141411, 0.7607074975967407, 0.005153704434633255, 0.006402220111340284, 0.00027736154152080417, 0.07968328893184662, 0.26414015889167786, 0.0005179494037292898, 0.0011411352315917611, 0.105799600481987, 0.5153728723526001, 0.00045074793160893023, 0.004018447361886501, 0.0002315968304174021]",0.9074945885407611,-0.00020853148982324932
374,253,230,464,0.0004425048828125,0.0003851482179015875,0.9086624111514539,"[16.17379379272461, 0.0004538459761533886, 0.022799383848905563, 0.00027044929447583854, 0.7497096657752991, 1.2098968029022217, 0.001669562072493136, 0.0013437775196507573, 0.044828277081251144, 0.7614226937294006, 0.005045420024544001, 0.006266232114285231, 0.00027700403006747365, 0.08066526055335999, 0.2650411128997803, 0.0005334384622983634, 0.001035987981595099, 0.10782258957624435, 0.5529874563217163, 0.0004465774691198021, 0.004027708433568478, 0.00023600654094479978]",0.9074945885407611,-0.0011678226106927037
375,261,238,464,0.0004253387451171875,0.0003717011713888496,0.9065684910958887,"[16.14182472229004, 0.0004450284468475729, 0.022726787254214287, 0.0002708068350329995, 0.7493572235107422, 1.1949273347854614, 0.0016722993459552526, 0.0011979315895587206, 0.040539246052503586, 0.8099262118339539, 0.004998093470931053, 0.006477668881416321, 0.0002826052950695157, 0.07995569705963135, 0.2637159824371338, 0.00052998325554654, 0.0011064843274652958, 0.10437989234924316, 0.515946626663208, 0.00040391870425082743, 0.003561940509825945, 0.0002603192115202546]",0.9074945885407611,0.0009260974448724868
376,206,185,464,0.000530242919921875,0.0004779853334184736,0.9092553409017538,"[16.20323944091797, 0.0003916450368706137, 0.022120177745819092, 0.0002699726028367877, 0.7576491236686707, 1.1944289207458496, 0.0016839622985571623, 0.001190787530504167, 0.04052608087658882, 0.8094357252120972, 0.005093929823487997, 0.006425080355256796, 0.0002727136597968638, 0.07086806744337082, 0.2636691629886627, 0.0005259322933852673, 0.0011397063499316573, 0.10450693219900131, 0.5153220891952515, 0.0004059444472659379, 0.004190474282950163, 0.0002616301644593477]",0.9074945885407611,-0.0017607523609926012
377,63,33,464,0.00087738037109375,0.000824608257971704,0.9077958282392832,"[16.2115535736084, 0.00044860312482342124, 0.022292500361800194, 0.00026675479602999985, 0.7488019466400146, 1.1947063207626343, 0.0016896746819838881, 0.0013159195659682155, 0.04600514844059944, 0.7617860436439514, 0.005066176410764456, 0.006494250148534775, 0.00027414379292167723, 0.07957926392555237, 0.26600101590156555, 0.0005302215577103198, 0.0011211306555196643, 0.10441136360168457, 0.5144199132919312, 0.0004558716027531773, 0.004027827177196741, 0.00026055757189169526]",0.9074945885407611,-0.0003012396985220267
378,83,55,464,0.000827789306640625,0.0007670589839108288,0.9099710012749049,"[16.19289779663086, 0.00040082051418721676, 0.02185872383415699, 0.0002740246127359569, 0.7505117654800415, 1.222339391708374, 0.0016800350276753306, 0.0012253165477886796, 0.042026180773973465, 0.762041449546814, 0.005030237603932619, 0.006412288174033165, 0.0002760506176855415, 0.0795532763004303, 0.2649131715297699, 0.0005357022164389491, 0.001141373417340219, 0.10801542550325394, 0.5535013675689697, 0.0004543225804809481, 0.0040121544152498245, 0.0002611534437164664]",0.9074945885407611,-0.0024764127341437847
379,197,184,464,0.00054931640625,0.00047817250015214086,0.9095147904445184,"[16.21124839782715, 0.00039283663500100374, 0.02236839197576046, 0.00027652730932459235, 0.7468953132629395, 1.2061220407485962, 0.0016696811653673649, 0.0012174582807347178, 0.044114600867033005, 0.7616882920265198, 0.005059059709310532, 0.007107332348823547, 0.0002747396647464484, 0.07106350362300873, 0.26441168785095215, 0.0005190217634662986, 0.0010542079107835889, 0.10551773011684418, 0.5534464120864868, 0.0004481264913920313, 0.004197477828711271, 0.0002325502864550799]",0.9074945885407611,-0.0020202019037572905
380,309,316,464,0.0003337860107421875,0.0002551420475356281,0.9084135654252763,"[16.177845001220703, 0.00044741155579686165, 0.022007184103131294, 0.0002775999018922448, 0.747509241104126, 1.1945880651474, 0.0016928878612816334, 0.001215077005326748, 0.04463904723525047, 0.7615711688995361, 0.005093811079859734, 0.006274761166423559, 0.000276765669696033, 0.07925664633512497, 0.26469600200653076, 0.0005203323671594262, 0.0011138670379295945, 0.10455718636512756, 0.5666065216064453, 0.0004503904783632606, 0.004196053370833397, 0.00026341783814132214]",0.9074945885407611,-0.0009189768845151436
381,227,213,464,0.0004863739013671875,0.0004225366865284741,0.9116411689802507,"[16.19467544555664, 0.0004459816846065223, 0.022138018161058426, 0.0002714027068577707, 0.7671650648117065, 1.1944330930709839, 0.001672775368206203, 0.0011851914459839463, 0.045384250581264496, 0.7624560594558716, 0.005003193859010935, 0.006377464160323143, 0.00027807659353129566, 0.07968229800462723, 0.2939050793647766, 0.0005367745761759579, 0.0010068115079775453, 0.10802773386240005, 0.5665749907493591, 0.00045694399159401655, 0.004199139773845673, 0.0002299282787134871]",0.9074945885407611,-0.004146580439489567
382,173,140,464,0.000614166259765625,0.0005691875121556222,0.9040035517007875,"[16.146310806274414, 0.0004433602443896234, 0.022220449522137642, 0.0002803409588523209, 0.6963697075843811, 1.195385217666626, 0.001693958998657763, 0.0013734203530475497, 0.04583344981074333, 0.7627803683280945, 0.005013394635170698, 0.006515332031995058, 0.000271879427600652, 0.08112791180610657, 0.29413163661956787, 0.0005097282119095325, 0.001135776867158711, 0.10592903196811676, 0.5158286094665527, 0.0004570631426759064, 0.00420816196128726, 0.0002585315378382802]",0.9074945885407611,0.003491036839973649
383,145,108,464,0.000667572021484375,0.0006349444156512618,0.9038420150424248,"[16.157255172729492, 0.0004389514506328851, 0.022046249359846115, 0.00027092601521871984, 0.6973267197608948, 1.205876111984253, 0.001709786825813353, 0.0012157914461567998, 0.04574451223015785, 0.7624788880348206, 0.0051322379149496555, 0.006361354608088732, 0.00027259447961114347, 0.07953566312789917, 0.26489147543907166, 0.0005194983095861971, 0.0010319390567019582, 0.11265376210212708, 0.51500403881073, 0.0004605186404660344, 0.00403281394392252, 0.0002653246629051864]",0.9074945885407611,0.0036525734983363645
384,198,170,464,0.00054931640625,0.0005099211120977998,0.9039830864838388,"[16.154430389404297, 0.0004457433824427426, 0.02215457521378994, 0.000270091783022508, 0.7312690615653992, 1.1949641704559326, 0.0016883655916899443, 0.0011830481234937906, 0.04588673636317253, 0.7615450620651245, 0.005077799782156944, 0.006281631998717785, 0.0002734287118073553, 0.07136957347393036, 0.2647092640399933, 0.0005200940649956465, 0.0011201781453564763, 0.10330849885940552, 0.5163921117782593, 0.00045098623377270997, 0.0040230778977274895, 0.0002640137099660933]",0.9074945885407611,0.0035115020569223
385,225,202,464,0.000492095947265625,0.00044291498488746583,0.90961952190661,"[16.20543670654297, 0.0004450284468475729, 0.022783303633332253, 0.00026901919045485556, 0.7460616230964661, 1.2094800472259521, 0.0016891986597329378, 0.0011867393041029572, 0.04565317928791046, 0.7628232836723328, 0.004995958413928747, 0.006484183017164469, 0.0002747396647464484, 0.07821695506572723, 0.2653261423110962, 0.000536655425094068, 0.0011655449634417892, 0.10410246253013611, 0.5499720573425293, 0.0004441943601705134, 0.004018803592771292, 0.0002636561985127628]",0.9074945885407611,-0.0021249333658488467
386,177,155,464,0.00060272216796875,0.0005432842881418765,0.9094465154445391,"[16.220104217529297, 0.00044550508027896285, 0.021945960819721222, 0.00027640812913887203, 0.7360033392906189, 1.1935482025146484, 0.0016720612766221166, 0.0011876918142661452, 0.04044411703944206, 0.7625381350517273, 0.005035219248384237, 0.007307585794478655, 0.0002787916746456176, 0.07828111201524734, 0.26498642563819885, 0.0005695389700122178, 0.0011507801245898008, 0.1043655052781105, 0.5629949569702148, 0.0004010588163509965, 0.0040250965394079685, 0.0002616301644593477]",0.9074945885407611,-0.0019519269037779896
387,186,171,464,0.000583648681640625,0.0005071153282187879,0.9109163826955906,"[16.262920379638672, 0.0003997480380348861, 0.021959837526082993, 0.0002731903805397451, 0.7502466440200806, 1.199251651763916, 0.0016434985445812345, 0.0013327058404684067, 0.04561320319771767, 0.7605042457580566, 0.005206597037613392, 0.006559744011610746, 0.0002779574424494058, 0.0798991322517395, 0.26645225286483765, 0.0005272428970783949, 0.0011700696777552366, 0.11631754040718079, 0.5148594379425049, 0.00045694399159401655, 0.004024859052151442, 0.00026353701832704246]",0.9074945885407611,-0.0034217941548294606
388,232,231,464,0.000476837158203125,0.000383559352485463,0.9114025564776966,"[16.24720573425293, 0.0004357342259027064, 0.02225974015891552, 0.0002748588449321687, 0.7369323372840881, 1.2049528360366821, 0.001652424456551671, 0.00135318236425519, 0.040716320276260376, 0.81003338098526, 0.005069260019809008, 0.006364552769809961, 0.00027366707217879593, 0.07955548167228699, 0.2647067904472351, 0.0005162813467904925, 0.0011713793501257896, 0.10798664391040802, 0.5145426988601685, 0.0004060635983478278, 0.004186912905424833, 0.00025996167096309364]",0.9074945885407611,-0.003907967936935486
389,255,265,464,0.00043487548828125,0.00033113331301137805,0.9085241226070635,"[16.179346084594727, 0.00040260792593471706, 0.022052429616451263, 0.0002746204845607281, 0.7483663558959961, 1.1976696252822876, 0.001665158779360354, 0.0013235389487817883, 0.045567531138658524, 0.7574977874755859, 0.0051343729719519615, 0.007132307160645723, 0.000277123210253194, 0.07956352084875107, 0.2655399739742279, 0.0005347490659914911, 0.001122202374972403, 0.11682296544313431, 0.5525343418121338, 0.00044943721150048077, 0.004022127948701382, 0.00023183519078884274]",0.9074945885407611,-0.0010295340663023511
390,99,90,464,0.000789642333984375,0.0006842857110314071,0.9064570184392241,"[16.197690963745117, 0.0004406196530908346, 0.02252959832549095, 0.0002755738969426602, 0.7311186790466309, 1.1934643983840942, 0.001678725820966065, 0.00119066855404526, 0.04535280540585518, 0.7624579668045044, 0.005067836493253708, 0.006353773642331362, 0.0002775999018922448, 0.07979325205087662, 0.2649187445640564, 0.0005260513862594962, 0.0011432785540819168, 0.10735028237104416, 0.5157368183135986, 0.00044800734031014144, 0.00400799885392189, 0.0002307625545654446]",0.9074945885407611,0.0010375701015370442
392,44,32,464,0.0009307861328125,0.0008283118950203061,0.9092534870724194,"[16.20339012145996, 0.0004481264913920313, 0.021773461252450943, 0.0002760506176855415, 0.749031126499176, 1.2064847946166992, 0.0017003853572532535, 0.0011711412807926536, 0.044683851301670074, 0.7623476386070251, 0.005059059709310532, 0.007382138166576624, 0.0002762889489531517, 0.07187926024198532, 0.26329123973846436, 0.0005231918767094612, 0.0010349161457270384, 0.10537611693143845, 0.5527572631835938, 0.00040713604539632797, 0.00402046600356698, 0.00026294111739844084]",0.9074945885407611,-0.0017588985316582262
393,68,52,464,0.000873565673828125,0.0007775525446049869,0.9076695342413256,"[16.201053619384766, 0.00044764988706447184, 0.02156756818294525, 0.0002658013836480677, 0.757178544998169, 1.1975327730178833, 0.001671228208579123, 0.0013428251259028912, 0.045900288969278336, 0.761560320854187, 0.0045686149969697, 0.007337999064475298, 0.0002760506176855415, 0.07988680899143219, 0.2646201550960541, 0.0005230727256275713, 0.0011442311806604266, 0.10553800314664841, 0.5115839838981628, 0.0004430027911439538, 0.0040230778977274895, 0.0002641328901518136]",0.9074945885407611,-0.0001749457005644217
394,133,118,464,0.000705718994140625,0.000614941876847297,0.9081317074980523,"[16.15562629699707, 0.00045408427831716835, 0.021993540227413177, 0.00027164106722921133, 0.7588601112365723, 1.2087308168411255, 0.0016750366194173694, 0.0013679441763088107, 0.04469502344727516, 0.7622156739234924, 0.005070564802736044, 0.006306746043264866, 0.00027616979787126184, 0.07991333305835724, 0.29247763752937317, 0.0005209281225688756, 0.0011331572895869613, 0.11687535792589188, 0.5157015919685364, 0.00045408427831716835, 0.004015241749584675, 0.00026258357684127986]",0.9074945885407611,-0.0006371189572911273
397,87,63,464,0.00081634521484375,0.0007498798659071326,0.9031912803290073,"[16.158374786376953, 0.00045277358731254935, 0.022119944915175438, 0.00027414379292167723, 0.7457698583602905, 1.153704285621643, 0.0016582560492679477, 0.0012342463014647365, 0.04581614211201668, 0.7617774605751038, 0.0050469618290662766, 0.00656388932839036, 0.0002775999018922448, 0.07081986963748932, 0.26554572582244873, 0.0005042473785579205, 0.0011703077470883727, 0.10843479633331299, 0.5159189701080322, 0.0004533693427219987, 0.004027233459055424, 0.0002632986579556018]",0.9074945885407611,0.004303308211753842
398,154,128,464,0.0006561279296875,0.0005902670091018081,0.9105201471843016,"[16.224271774291992, 0.0004440752090886235, 0.022152358666062355, 0.0002694958820939064, 0.7397156953811646, 1.1953368186950684, 0.0016599221853539348, 0.0011967408936470747, 0.04529436305165291, 0.7622661590576172, 0.005025255959481001, 0.006330082193017006, 0.00027223696815781295, 0.07945011556148529, 0.28568005561828613, 0.0005164004978723824, 0.001141373417340219, 0.10331613570451736, 0.552430272102356, 0.00040570611599832773, 0.004007523879408836, 0.00026067672297358513]",0.9074945885407611,-0.0030255586435404824
399,101,73,464,0.00078582763671875,0.0007258714758791029,0.9074887865307656,"[16.207643508911133, 0.0004450284468475729, 0.022039135918021202, 0.000271879427600652, 0.740050196647644, 1.1956911087036133, 0.0016837242292240262, 0.001191025716252625, 0.04123099893331528, 0.7627846002578735, 0.0052339909598231316, 0.0064928289502859116, 0.0002747396647464484, 0.07975142449140549, 0.26472434401512146, 0.0005159238935448229, 0.0011513754725456238, 0.11646535247564316, 0.5121734142303467, 0.0004503904783632606, 0.004226324148476124, 0.0002619877050165087]",0.9074945885407611,5.802009995559132e-06
400,144,115,464,0.00067138671875,0.000619349128101021,0.9050914247914492,"[16.12604522705078, 0.0004385939973872155, 0.022426676005125046, 0.0002739054325502366, 0.7603887915611267, 1.192139983177185, 0.0016790828667581081, 0.0013392536202445626, 0.04171671345829964, 0.7615081071853638, 0.00516283605247736, 0.006441781297326088, 0.0002812943421304226, 0.07954172044992447, 0.2857857644557953, 0.0005212855176068842, 0.0011388728162273765, 0.10458918660879135, 0.5158441066741943, 0.00045265440712682903, 0.004034950863569975, 0.00026055757189169526]",0.9074945885407611,0.0024031637493119318
401,221,201,464,0.00049591064453125,0.0004455768794286996,0.9033231565951031,"[16.155601501464844, 0.0003983181086368859, 0.021844495087862015, 0.00027164106722921133, 0.6876789331436157, 1.1980855464935303, 0.001666705822572112, 0.0013458014000207186, 0.041867513209581375, 0.7624292373657227, 0.0050782738253474236, 0.007136213127523661, 0.0002779574424494058, 0.07776542007923126, 0.2848961353302002, 0.0005286726518534124, 0.001166259404271841, 0.1044829860329628, 0.5156524181365967, 0.00045980370487086475, 0.004213147796690464, 0.00026246439665555954]",0.9074945885407611,0.004171431945658055
402,285,277,464,0.000370025634765625,0.0003128504322376102,0.9043873382377735,"[16.16499137878418, 0.00045599075383506715, 0.022294597700238228, 0.00027378625236451626, 0.7483417987823486, 1.197576880455017, 0.0016782497987151146, 0.0011892396723851562, 0.045685406774282455, 0.7629234194755554, 0.005103892646729946, 0.0071656848303973675, 0.00027581225731410086, 0.0800185352563858, 0.23714542388916016, 0.0005212855176068842, 0.001142564113251865, 0.10429064929485321, 0.5107524394989014, 0.00045849301386624575, 0.004005030728876591, 0.0002308817347511649]",0.9074945885407611,0.003107250302987641
403,275,266,464,0.000396728515625,0.0003304968122392893,0.9054951081780018,"[16.174755096435547, 0.0003979606262873858, 0.022462693974375725, 0.00027021096320822835, 0.7376502156257629, 1.1950747966766357, 0.0016784878680482507, 0.001191263902001083, 0.04514145478606224, 0.7618979811668396, 0.005033558700233698, 0.006323093548417091, 0.0002779574424494058, 0.07952971756458282, 0.26378127932548523, 0.0005305789527483284, 0.001117082079872489, 0.1048785075545311, 0.5141639113426208, 0.0004543225804809481, 0.004022127948701382, 0.00026008085114881396]",0.9074945885407611,0.0019994803627593205
404,243,234,464,0.000461578369140625,0.0003797023673541844,0.9086358625579372,"[16.186500549316406, 0.0004385939973872155, 0.02226218767464161, 0.0002728328399825841, 0.7508583068847656, 1.1972960233688354, 0.0016840812750160694, 0.0011793570592999458, 0.04576284810900688, 0.7639077305793762, 0.0049074674025177956, 0.006292293779551983, 0.00027843413408845663, 0.07975241541862488, 0.2649262249469757, 0.00052998325554654, 0.0011197017738595605, 0.10425080358982086, 0.5530205965042114, 0.00046135272714309394, 0.0040281834080815315, 0.00025900822947733104]",0.9074945885407611,-0.0011412740171760083
405,170,160,464,0.000621795654296875,0.000529718876350671,0.9078342293492327,"[16.21598243713379, 0.0004583738627843559, 0.02201266586780548, 0.0002748588449321687, 0.745789647102356, 1.1951773166656494, 0.0016818201402202249, 0.001166973845101893, 0.045710235834121704, 0.7613962888717651, 0.005079460330307484, 0.006321553606539965, 0.0002747396647464484, 0.07963111251592636, 0.2642768919467926, 0.0005159238935448229, 0.001121726119890809, 0.10534092783927917, 0.515413224697113, 0.000408327643526718, 0.004058577585965395, 0.00025996167096309364]",0.9074945885407611,-0.0003396408084715974
406,239,240,464,0.00046539306640625,0.00037005136255174875,0.9059358492734397,"[16.158740997314453, 0.000448841426987201, 0.02198059670627117, 0.00027414379292167723, 0.7482988238334656, 1.1944962739944458, 0.001685152412392199, 0.001354015665128827, 0.04572754353284836, 0.762374222278595, 0.005137219093739986, 0.006517582107335329, 0.00027247529942542315, 0.07927624881267548, 0.2647307515144348, 0.0005296258023008704, 0.0011364913079887629, 0.1163521334528923, 0.5165441036224365, 0.0004462200158741325, 0.004007286392152309, 0.0002579356369096786]",0.9074945885407611,0.0015587392673214184
407,210,203,464,0.00052642822265625,0.0004420638724695891,0.9072318171271366,"[16.21445655822754, 0.0004459816846065223, 0.022174863144755363, 0.00027378625236451626, 0.7373988628387451, 1.1960502862930298, 0.0016609933227300644, 0.001347825163975358, 0.041559599339962006, 0.762197732925415, 0.005049689672887325, 0.006274168845266104, 0.00028153270250186324, 0.07095768302679062, 0.2645527124404907, 0.0005222387262620032, 0.0010352734243497252, 0.11555584520101547, 0.5126146078109741, 0.0004493180604185909, 0.0040113236755132675, 0.00022909401741344482]",0.9074945885407611,0.0002627714136245185
408,153,123,464,0.000659942626953125,0.0006023162859492004,0.9022739298796462,"[16.142858505249023, 0.0004430027911439538, 0.02174721658229828, 0.00029988560709170997, 0.6871886849403381, 1.2105778455734253, 0.0016807490028440952, 0.0013542537344619632, 0.04057129845023155, 0.7619680166244507, 0.005152874160557985, 0.006476840004324913, 0.000278195773717016, 0.08055374771356583, 0.2628551423549652, 0.0005190217634662986, 0.001167450100183487, 0.10383397340774536, 0.5156051516532898, 0.0004592079494614154, 0.004196884576231241, 0.00023850933939684182]",0.9074945885407611,0.005220658661114985
409,80,43,464,0.000843048095703125,0.0008021792164072394,0.9096370072776071,"[16.215686798095703, 0.00039295581518672407, 0.022581346333026886, 0.00027259447961114347, 0.7456359267234802, 1.1947777271270752, 0.001665039686486125, 0.001341753639280796, 0.045698847621679306, 0.7615455985069275, 0.005085390526801348, 0.006474234163761139, 0.00027652730932459235, 0.08049820363521576, 0.2638048827648163, 0.0005241450853645802, 0.0011076750233769417, 0.10577471554279327, 0.5541383624076843, 0.0004557524516712874, 0.0040144105441868305, 0.00026127262390218675]",0.9074945885407611,-0.0021424187368459524
410,93,56,464,0.00080108642578125,0.0007662243442609906,0.9062676841289927,"[16.17234230041504, 0.0004441943601705134, 0.02199505642056465, 0.0002719986077863723, 0.7585114240646362, 1.1968696117401123, 0.0016696811653673649, 0.0011842388194054365, 0.04178428277373314, 0.7617583274841309, 0.0050779180601239204, 0.006558204535394907, 0.0002762889489531517, 0.07992015033960342, 0.2648164629936218, 0.0005197366117499769, 0.0011698314920067787, 0.10512911528348923, 0.512828528881073, 0.0004499138449318707, 0.004048604518175125, 0.0002631794777698815]",0.9074945885407611,0.0012269044117684258
411,219,195,464,0.0005035400390625,0.0004519894137047231,0.9060468149374091,"[16.175106048583984, 0.000448841426987201, 0.022036220878362656, 0.00027295202016830444, 0.7583116292953491, 1.1924389600753784, 0.0016809870721772313, 0.0013369916705414653, 0.040491968393325806, 0.7617932558059692, 0.00508764386177063, 0.006345008034259081, 0.00027450130437500775, 0.07959742844104767, 0.2648312747478485, 0.0005066303419880569, 0.0011231550015509129, 0.10479112714529037, 0.5118781924247742, 0.00040463366894982755, 0.004010967444628477, 0.0002615109842736274]",0.9074945885407611,0.0014477736033520205
412,295,293,464,0.000354766845703125,0.000289719580905512,0.9079590116995281,"[16.208919525146484, 0.00044383687782101333, 0.022048581391572952, 0.00027092601521871984, 0.7577560544013977, 1.1945573091506958, 0.001670038211159408, 0.0011716175358742476, 0.04047262296080589, 0.7616108059883118, 0.005107569042593241, 0.00651450315490365, 0.0002762889489531517, 0.07040253281593323, 0.23951219022274017, 0.0005317704635672271, 0.0011381583753973246, 0.10444443672895432, 0.5533290505409241, 0.0004564673872664571, 0.004203176125884056, 0.00026079590315930545]",0.9074945885407611,-0.00046442315876693563
413,222,211,464,0.00049591064453125,0.00042410052265040576,0.9084863092483085,"[16.202857971191406, 0.00039772229501977563, 0.022099655121564865, 0.00026925752172246575, 0.7567702531814575, 1.1947168111801147, 0.0016831292305141687, 0.001190906623378396, 0.04473184421658516, 0.7612742185592651, 0.0049881297163665295, 0.007138935383409262, 0.00027307120035402477, 0.07083675265312195, 0.29177382588386536, 0.000529149197973311, 0.001143040368333459, 0.10392304509878159, 0.5151686668395996, 0.00045348849380388856, 0.004218014422804117, 0.0002609150833450258]",0.9074945885407611,-0.0009917207075473833
414,215,196,464,0.000514984130859375,0.00045063754078000784,0.9080527621025051,"[16.170236587524414, 0.00040534863364882767, 0.02200811728835106, 0.0002719986077863723, 0.7574367523193359, 1.2193783521652222, 0.0016643255949020386, 0.0013816345017403364, 0.046005260199308395, 0.7620910406112671, 0.005020630080252886, 0.006559388712048531, 0.00027640812913887203, 0.07997836917638779, 0.2648622989654541, 0.0005231918767094612, 0.001053374377079308, 0.11722720414400101, 0.5158774852752686, 0.0004602803383022547, 0.00418323278427124, 0.00025948495022021234]",0.9074945885407611,-0.0005581735617439243
415,306,299,464,0.000335693359375,0.00027671820134855807,0.9079447415007796,"[16.170608520507812, 0.0004418112221173942, 0.022014182060956955, 0.00026973424246534705, 0.7487486004829407, 1.2093749046325684, 0.0016777737764641643, 0.0013519919011741877, 0.044707562774419785, 0.7616168260574341, 0.005073767155408859, 0.007251017261296511, 0.0002779574424494058, 0.07094036042690277, 0.26514196395874023, 0.0005228344234637916, 0.0011603058082982898, 0.10581289231777191, 0.5529025793075562, 0.00045110538485459983, 0.004206025041639805, 0.0002315968304174021]",0.9074945885407611,-0.0004501529600184906
416,279,258,464,0.00038909912109375,0.00033784183324314654,0.9085962594240713,"[16.176027297973633, 0.00044705410255119205, 0.022010566666722298, 0.0002719986077863723, 0.7306442856788635, 1.195202112197876, 0.0016832482069730759, 0.0013447299133986235, 0.04567310959100723, 0.7615488171577454, 0.005043047480285168, 0.006509291939437389, 0.0002774807217065245, 0.07212773710489273, 0.29339540004730225, 0.00052426423644647, 0.0011676882859319448, 0.11743583530187607, 0.553066074848175, 0.0004549183649942279, 0.003999450244009495, 0.0002632986579556018]",0.9074945885407611,-0.0011016708833101463
417,95,67,464,0.000797271728515625,0.0007466375827789307,0.9085558355674782,"[16.249601364135742, 0.0004441943601705134, 0.022238055244088173, 0.0002727136597968638, 0.7305611371994019, 1.194490909576416, 0.0016680150292813778, 0.0013497299514710903, 0.04546809196472168, 0.7617992758750916, 0.004660339560359716, 0.007305810693651438, 0.0002728328399825841, 0.07991684973239899, 0.2645875811576843, 0.000526289688423276, 0.00112791801802814, 0.10497124493122101, 0.512080192565918, 0.0004107108688913286, 0.004215640481561422, 0.00025948495022021234]",0.9074945885407611,-0.0010612470267170604
418,207,190,464,0.000530242919921875,0.0004662159481085837,0.909368097969987,"[16.183177947998047, 0.00044800734031014144, 0.0222240649163723, 0.0002747396647464484, 0.7568871378898621, 1.2195332050323486, 0.001692292862571776, 0.00121174321975559, 0.045651696622371674, 0.8096259832382202, 0.0045465431176126, 0.006489868275821209, 0.00027652730932459235, 0.07090815901756287, 0.25625917315483093, 0.0005297449533827603, 0.0011381583753973246, 0.10514252632856369, 0.5153576731681824, 0.0004477690381463617, 0.0040177349001169205, 0.0002574589161667973]",0.9074945885407611,-0.001873509429225817
419,258,260,464,0.0004291534423828125,0.0003347881429363042,0.9080805433027721,"[16.22039794921875, 0.00044550508027896285, 0.021753283217549324, 0.0002752163854893297, 0.7374223470687866, 1.209741473197937, 0.0016837242292240262, 0.0013459203764796257, 0.04604419693350792, 0.7602266073226929, 0.005105671472847462, 0.006493421271443367, 0.00027426297310739756, 0.07967261224985123, 0.26486578583717346, 0.0005183068569749594, 0.0011431594612076879, 0.10432340204715729, 0.511357843875885, 0.00040260792593471706, 0.004016310442239046, 0.0002623452164698392]",0.9074945885407611,-0.000585954762010954
420,284,310,464,0.00037384033203125,0.00025902135530486703,0.9088495209262791,"[16.21022605895996, 0.000440262199845165, 0.021812070161104202, 0.00027366707217879593, 0.7380589842796326, 1.1952357292175293, 0.0016701571876183152, 0.0013429442187771201, 0.045674361288547516, 0.8196455836296082, 0.005100215785205364, 0.006273576524108648, 0.00027843413408845663, 0.07961933314800262, 0.23788930475711823, 0.0005274811992421746, 0.0011362532386556268, 0.10871616005897522, 0.5158703327178955, 0.00044610086479224265, 0.004193560685962439, 0.0002588890492916107]",0.9074945885407611,-0.0013549323855179818
421,268,298,464,0.0004062652587890625,0.00027852150378748775,0.9083099275647494,"[16.201736450195312, 0.0004465774691198021, 0.022204244509339333, 0.00030119650182314217, 0.757920503616333, 1.2193622589111328, 0.0016709902556613088, 0.0011975744273513556, 0.040401868522167206, 0.7619978189468384, 0.005096420645713806, 0.00714035565033555, 0.0002740246127359569, 0.07952135056257248, 0.25580957531929016, 0.0005227153305895627, 0.0011411352315917611, 0.10573407262563705, 0.5154426097869873, 0.000448841426987201, 0.004188456106930971, 0.000259365770034492]",0.9074945885407611,-0.0008153390239882263
422,123,114,464,0.000732421875,0.0006252105231396854,0.9038556141710036,"[16.143293380737305, 0.0004003438516519964, 0.022002987563610077, 0.00027211778797209263, 0.7591538429260254, 1.1952686309814453, 0.0016421893378719687, 0.0013135385233908892, 0.045465242117643356, 0.7623577117919922, 0.005147300194948912, 0.0065071601420640945, 0.00027581225731410086, 0.07923759520053864, 0.2370283454656601, 0.0005185451591387391, 0.001141373417340219, 0.10482687503099442, 0.5142543315887451, 0.0004447901446837932, 0.004013104364275932, 0.00025829317746683955]",0.9074945885407611,0.003638974369757575
423,85,69,464,0.000823974609375,0.0007309215143322945,0.9076437548977662,"[16.27041244506836, 0.00044741155579686165, 0.022399399429559708, 0.0002712835557758808, 0.688355028629303, 1.1941674947738647, 0.0016858663875609636, 0.0013397298753261566, 0.04564691334962845, 0.7615506052970886, 0.005105078686028719, 0.00655157258734107, 0.0002774807217065245, 0.07965103536844254, 0.265060693025589, 0.0005212855176068842, 0.0011388728162273765, 0.10314206033945084, 0.5160648822784424, 0.00040642108069732785, 0.0037070857360959053, 0.00025996167096309364]",0.9074945885407611,-0.00014916635700501502
424,60,35,464,0.00089263916015625,0.0008232913096435368,0.9040178371558961,"[16.137537002563477, 0.0004471732536330819, 0.022112831473350525, 0.0002735478919930756, 0.7376943230628967, 1.2045263051986694, 0.0016737275291234255, 0.0013386583887040615, 0.04555442929267883, 0.7618330121040344, 0.005069260019809008, 0.006469378247857094, 0.00027426297310739756, 0.07101398706436157, 0.2649237811565399, 0.0005181877058930695, 0.0010115751065313816, 0.10527794808149338, 0.5159851908683777, 0.00040534863364882767, 0.004184063524007797, 0.00026842328952625394]",0.9074945885407611,0.003476751384865029
426,48,27,464,0.000926971435546875,0.0008541163406334817,0.900285681699064,"[16.139638900756836, 0.0003997480380348861, 0.02248041145503521, 0.00027223696815781295, 0.7565075755119324, 1.1187841892242432, 0.0016826532082632184, 0.0013528252020478249, 0.043840695172548294, 0.7632323503494263, 0.005064752884209156, 0.006316696759313345, 0.0002748588449321687, 0.07065693289041519, 0.23685112595558167, 0.0005441615357995033, 0.0009845414897426963, 0.11670702695846558, 0.5159705877304077, 0.0004419303731992841, 0.0040174974128603935, 0.0002632986579556018]",0.9074945885407611,0.007208906841697171
427,42,28,464,0.000934600830078125,0.0008530410123057663,0.9075670380155895,"[16.196922302246094, 0.0003936707798857242, 0.02190607413649559, 0.0002706876548472792, 0.7391894459724426, 1.216956377029419, 0.0016670628683641553, 0.0013306819600984454, 0.04541022330522537, 0.7615402340888977, 0.005098673980683088, 0.006426264997571707, 0.00027926836628466845, 0.07970112562179565, 0.2629173994064331, 0.0005169962532818317, 0.0011408970458433032, 0.10343814641237259, 0.5164599418640137, 0.000445385929197073, 0.004202107898890972, 0.0002618685248307884]",0.9074945885407611,-7.244947482831776e-05
428,158,144,464,0.00064849853515625,0.0005615853588096797,0.904559465449314,"[16.16242218017578, 0.0004413345886860043, 0.0220484659075737, 0.0002703301142901182, 0.7376874685287476, 1.1963776350021362, 0.0016613503685221076, 0.0013463966315612197, 0.04135831072926521, 0.7618433237075806, 0.005092032253742218, 0.006307101342827082, 0.00027581225731410086, 0.07221867889165878, 0.26378482580184937, 0.0005224770284257829, 0.0011188682401552796, 0.10474314540624619, 0.5160362720489502, 0.0004577780782710761, 0.00403043907135725, 0.0002640137099660933]",0.9074945885407611,0.002935123091447167
429,247,249,464,0.0004558563232421875,0.0003614390443544835,0.9075163772332334,"[16.20950698852539, 0.0003875934926327318, 0.021948525682091713, 0.00027295202016830444, 0.74590003490448, 1.1953288316726685, 0.0016859853640198708, 0.0013487775577232242, 0.04534563049674034, 0.7617025375366211, 0.005034982226788998, 0.006340506486594677, 0.00027378625236451626, 0.07932183891534805, 0.26513978838920593, 0.0005284343496896327, 0.001149827498011291, 0.10439428687095642, 0.5150628685951233, 0.00040368037298321724, 0.004023552872240543, 0.0002588890492916107]",0.9074945885407611,-2.1788692472268778e-05
430,249,252,464,0.000453948974609375,0.0003472678072284907,0.9025424473392459,"[16.137845993041992, 0.00044645831803791225, 0.021637331694364548, 0.0002728328399825841, 0.687460720539093, 1.1917434930801392, 0.001655756845138967, 0.0013078240444883704, 0.04173729196190834, 0.7618083953857422, 0.00506404135376215, 0.007104018237441778, 0.0002762889489531517, 0.07959544658660889, 0.29278600215911865, 0.0005149707430973649, 0.0011181537993252277, 0.10349253565073013, 0.5153411626815796, 0.00045122456504032016, 0.004013460595160723, 0.00026043839170597494]",0.9074945885407611,0.004952141201515214
431,115,113,464,0.000751495361328125,0.0006263438262976706,0.9117652289992706,"[16.237253189086914, 0.00044288364006206393, 0.021729720756411552, 0.00027652730932459235, 0.7465702891349792, 1.1937754154205322, 0.0016703951405361295, 0.001312467036768794, 0.045153647661209106, 0.7630739808082581, 0.005086339078843594, 0.00713325385004282, 0.00027736154152080417, 0.08001556247472763, 0.2924223840236664, 0.0005159238935448229, 0.001134943449869752, 0.10346899926662445, 0.5528038740158081, 0.0004502712981775403, 0.004006455652415752, 0.0002611534437164664]",0.9074945885407611,-0.004270640458509445
432,139,150,464,0.0006866455078125,0.0005524181178770959,0.9052375488562657,"[16.206775665283203, 0.000402250443585217, 0.02274240180850029, 0.00027223696815781295, 0.750739574432373, 1.152693271636963, 0.0016999093350023031, 0.00134151556994766, 0.045826274901628494, 0.7619287967681885, 0.004696054384112358, 0.006541268900036812, 0.00027700403006747365, 0.07129864394664764, 0.26201626658439636, 0.0005211663665249944, 0.0011179156135767698, 0.10488312691450119, 0.5147287845611572, 0.0004544417606666684, 0.004009423777461052, 0.00026008085114881396]",0.9074945885407611,0.002257039684495421
433,192,216,464,0.000560760498046875,0.0004202413256280124,0.9088494618693155,"[16.20554542541504, 0.0004451475979294628, 0.02260640449821949, 0.0002696150622796267, 0.7482917904853821, 1.1923041343688965, 0.0016817011637613177, 0.0012946089264005423, 0.04566650465130806, 0.758171796798706, 0.005051231477409601, 0.006554414983838797, 0.0002760506176855415, 0.07968846708536148, 0.2635982036590576, 0.0005143749876879156, 0.0011732844868674874, 0.10357917100191116, 0.5532670021057129, 0.00040975757292471826, 0.0040374440141022205, 0.0002616301644593477]",0.9074945885407611,-0.001354873328554329
434,69,70,464,0.000873565673828125,0.0007290607318282127,0.9065250969843791,"[16.18010902404785, 0.00039986721822060645, 0.021939778700470924, 0.0002683041093405336, 0.7450114488601685, 1.1961984634399414, 0.00167598866391927, 0.0012053137179464102, 0.040214091539382935, 0.7621797323226929, 0.005007345695048571, 0.006561283953487873, 0.0002746204845607281, 0.08000148087739944, 0.23729710280895233, 0.0005333193112164736, 0.0011644733604043722, 0.10597577691078186, 0.552594780921936, 0.0004624251159839332, 0.0042149280197918415, 0.00026258357684127986]",0.9074945885407611,0.0009694915563820405
447,103,133,464,0.0007781982421875,0.0005753713194280863,0.9047713575128,"[16.154794692993164, 0.0003992714046034962, 0.02201884612441063, 0.0002706876548472792, 0.7452120184898376, 1.1967469453811646, 0.0016737275291234255, 0.0013500871136784554, 0.046424366533756256, 0.7605000138282776, 0.005205885507166386, 0.006514739710837603, 0.00027640812913887203, 0.06965774297714233, 0.26285743713378906, 0.0005241450853645802, 0.0011317284079268575, 0.10842473804950714, 0.5161224007606506, 0.0004058252670802176, 0.004196884576231241, 0.00026127262390218675]",0.9074945885407611,0.002723231027961126
448,30,54,464,0.000957489013671875,0.0007679937989450991,0.9038067217559067,"[16.128252029418945, 0.0004489606071729213, 0.022088928148150444, 0.00027616979787126184, 0.7479541301727295, 1.153140902519226, 0.0016955060418695211, 0.0012060280423611403, 0.04578676074743271, 0.7619950175285339, 0.005139828193932772, 0.0062727476470172405, 0.0002809368306770921, 0.08176469802856445, 0.26458704471588135, 0.0005311747081577778, 0.0010889797704294324, 0.10368341952562332, 0.5526669025421143, 0.0004001055203843862, 0.004223475232720375, 0.0002641328901518136]",0.9074945885407611,0.0036878667848544433
461,75,92,464,0.000858306884765625,0.000681179400999099,0.9069980421640635,"[16.207258224487305, 0.00039545822073705494, 0.021924851462244987, 0.00027104519540444016, 0.7331544160842896, 1.1929019689559937, 0.0016974101308733225, 0.0013465156080201268, 0.045574817806482315, 0.7625558376312256, 0.005085864569991827, 0.007089104037731886, 0.00027581225731410086, 0.079745814204216, 0.2635918855667114, 0.0005191409145481884, 0.0010517071932554245, 0.11301827430725098, 0.5115902423858643, 0.0004465774691198021, 0.0041998522356152534, 0.000262106885202229]",0.9074945885407611,0.0004965463766976042
462,64,88,464,0.00087738037109375,0.0006859301356598735,0.9120765008754627,"[16.209550857543945, 0.0004015354788862169, 0.022529130801558495, 0.0002686616498976946, 0.7571182250976562, 1.194911241531372, 0.001662064460106194, 0.0011824527755379677, 0.045763302594423294, 0.8098229169845581, 0.0050884741358459, 0.00716071343049407, 0.00027497802511788905, 0.07994018495082855, 0.26253560185432434, 0.0005179494037292898, 0.0011724510695785284, 0.10810359567403793, 0.553036093711853, 0.00040928093949332833, 0.0040006376802921295, 0.00023266946664080024]",0.9074945885407611,-0.00458191233470151
463,55,72,464,0.00091552734375,0.0007263294537551701,0.9053220021834766,"[16.1535701751709, 0.00039152585668489337, 0.022223830223083496, 0.000276765669696033, 0.7595194578170776, 1.1947013139724731, 0.0016881275223568082, 0.0013465156080201268, 0.04045819863677025, 0.7621883153915405, 0.005184538662433624, 0.006580706220120192, 0.00028046013903804123, 0.07955724000930786, 0.26513364911079407, 0.0005237876321189106, 0.0011378012131899595, 0.10270616412162781, 0.5148821473121643, 0.00045074793160893023, 0.004018566105514765, 0.0002640137099660933]",0.9074945885407611,0.002172586357284567
465,52,357,464,0.000919342041015625,-0.014673745259642601,0.9095257105787327,"[16.24867820739746, 0.0004465774691198021, 0.02239322103559971, 0.0002698534226510674, 0.7504593133926392, 1.2065980434417725, 0.0016974101308733225, 0.0011872155591845512, 0.04117791727185249, 0.7617447376251221, 0.005012208595871925, 0.006379951722919941, 0.0002754547167569399, 0.07089217007160187, 0.2649499177932739, 0.0005191409145481884, 0.0011360150529071689, 0.10591959208250046, 0.5150915384292603, 0.0004601611872203648, 0.004016666207462549, 0.0002603192115202546]",0.9074945885407611,-0.002031122037971511
471,13,1,464,0.00102996826171875,0.001124825794249773,0.9080669506815453,"[16.19805335998535, 0.00044967554276809096, 0.022507568821310997, 0.00027176024741493165, 0.7581585049629211, 1.1944972276687622, 0.0016978861531242728, 0.0011922164121642709, 0.041030216962099075, 0.7616698145866394, 0.005068429745733738, 0.0071152630262076855, 0.000276765669696033, 0.08155738562345505, 0.26488205790519714, 0.0005272428970783949, 0.001123035908676684, 0.11692436039447784, 0.5157191157341003, 0.00045849301386624575, 0.004033644683659077, 0.0002588890492916107]",0.9074945885407611,-0.000572362140784155
473,71,66,464,0.0008697509765625,0.0007480325293727219,0.9037843128303806,"[16.121551513671875, 0.00044526674901135266, 0.02169460989534855, 0.00027247529942542315, 0.75896155834198, 1.194246530532837, 0.0016747985500842333, 0.0011870964663103223, 0.041611745953559875, 0.7620590329170227, 0.005048622377216816, 0.006486551836133003, 0.0002766464895103127, 0.07273048162460327, 0.26492002606391907, 0.0005391574813984334, 0.0010344398906454444, 0.10795443505048752, 0.5158644914627075, 0.0004068977141287178, 0.004027827177196741, 0.00026067672297358513]",0.9074945885407611,0.0037102757103805173
474,119,104,464,0.00074005126953125,0.0006439125863835216,0.9057358593325427,"[16.161521911621094, 0.000447530735982582, 0.022157490253448486, 0.0002731903805397451, 0.7573381066322327, 1.19562828540802, 0.0016918168403208256, 0.0011879300000146031, 0.040616169571876526, 0.7619005441665649, 0.005067599471658468, 0.00631586741656065, 0.0002740246127359569, 0.0799172893166542, 0.2639535963535309, 0.0005214046686887741, 0.0011363723315298557, 0.105190709233284, 0.5161930322647095, 0.00040987672400660813, 0.0041873874142766, 0.00025876989820972085]",0.9074945885407611,0.0017587292082184014
477,141,152,464,0.00067901611328125,0.0005504221771843731,0.9082695999545236,"[16.239038467407227, 0.0003999863693024963, 0.025057360529899597, 0.000271521887043491, 0.7452727556228638, 1.1527739763259888, 0.001672894461080432, 0.001348063233308494, 0.04590415954589844, 0.7616569995880127, 0.005090727470815182, 0.006491763051599264, 0.00027497802511788905, 0.0729103684425354, 0.29262399673461914, 0.0005144941387698054, 0.0011700696777552366, 0.1089177057147026, 0.5158675909042358, 0.0004032037395518273, 0.0040368507616221905, 0.00023326536756940186]",0.9074945885407611,-0.0007750114137624609
478,124,169,464,0.000728607177734375,0.0005107831093482673,0.9095944106547077,"[16.233985900878906, 0.00045348849380388856, 0.022366292774677277, 0.000271879427600652, 0.7478965520858765, 1.1590890884399414, 0.0016732513904571533, 0.0012173393042758107, 0.045708298683166504, 0.7569893598556519, 0.005055620335042477, 0.006445097737014294, 0.0002759314374998212, 0.07950175553560257, 0.2853001356124878, 0.0005211663665249944, 0.0011538759572431445, 0.10507116466760635, 0.553443431854248, 0.0004032037395518273, 0.003990901168435812, 0.0002632986579556018]",0.9074945885407611,-0.002099822113946548
479,168,292,464,0.0006256103515625,0.0002907665038947016,0.9076448316138174,"[16.19960594177246, 0.0004418112221173942, 0.02191563881933689, 0.00026675479602999985, 0.746334969997406, 1.1957194805145264, 0.001679201959632337, 0.001303776167333126, 0.04544052481651306, 0.7622554898262024, 0.005090608727186918, 0.006302599795162678, 0.0002798642381094396, 0.079276904463768, 0.2643286883831024, 0.0005250982358120382, 0.0011322046630084515, 0.1167922094464302, 0.5150511860847473, 0.0004551566671580076, 0.0037290574982762337, 0.00025912740966305137]",0.9074945885407611,-0.0001502430730562221
480,169,339,464,0.0006256103515625,0.00019421664183028042,0.9077595667926786,"[16.233572006225586, 0.0004518203204497695, 0.02251211553812027, 0.00027366707217879593, 0.7579345107078552, 1.1501483917236328, 0.001655637752264738, 0.0011947167804464698, 0.04542731121182442, 0.7625253796577454, 0.0050642783753573895, 0.007139053661376238, 0.0002760506176855415, 0.0792134702205658, 0.2644694447517395, 0.0005122303264215589, 0.0011389919091016054, 0.11713262647390366, 0.5153762698173523, 0.0004530118894763291, 0.0040059806779026985, 0.0002335037279408425]",0.9074945885407611,-0.00026497825191740265
481,89,245,464,0.0008087158203125,0.00036597822327166796,0.9073736312328203,"[16.219844818115234, 0.00043561504571698606, 0.02236396074295044, 0.00028046013903804123, 0.7480562329292297, 1.2064164876937866, 0.0016638495726510882, 0.001335086883045733, 0.04124609753489494, 0.7624288201332092, 0.0055441660806536674, 0.007237762212753296, 0.00027891082572750747, 0.07976958900690079, 0.23885899782180786, 0.0005248599336482584, 0.0011213688412681222, 0.10457200556993484, 0.5153419971466064, 0.00045003299601376057, 0.004190355539321899, 0.0002584123576525599]",0.9074945885407611,0.0001209573079408166
495,17,197,464,0.00101470947265625,0.0004485755052883178,0.9054987611730625,"[16.17200469970703, 0.0004407388041727245, 0.022454533725976944, 0.0002703301142901182, 0.7490056753158569, 1.1946332454681396, 0.0016786068445071578, 0.001191144809126854, 0.040199317038059235, 0.7615972757339478, 0.005004379898309708, 0.0065340446308255196, 0.0002735478919930756, 0.0778244212269783, 0.2617766261100769, 0.0005236684810370207, 0.0011523280991241336, 0.10452722758054733, 0.5150303840637207, 0.00040284625720232725, 0.004188099876046181, 0.00025960413040593266]",0.9074945885407611,0.001995827367698655
522,97,122,464,0.00079345703125,0.0006040084990672767,0.9039722109975462,"[16.144214630126953, 0.0003939091111533344, 0.022191068157553673, 0.0002712835557758808, 0.7387747168540955, 1.1939364671707153, 0.00167444150429219, 0.0011936451774090528, 0.04058366268873215, 0.7617149353027344, 0.005084322765469551, 0.006343468092381954, 0.00027533553657121956, 0.07968626171350479, 0.2644868493080139, 0.0005210472736507654, 0.0011461363174021244, 0.10479896515607834, 0.5151931047439575, 0.00044741155579686165, 0.004193204455077648, 0.0002637753786984831]",0.9074945885407611,0.0035223775432149385
527,117,192,464,0.000743865966796875,0.00046109099639579654,0.9027569589419396,"[16.12574577331543, 0.0004447901446837932, 0.021845078095793724, 0.0002746204845607281, 0.7488371133804321, 1.194661021232605, 0.0016770598012953997, 0.0011892396723851562, 0.04120972007513046, 0.7608522176742554, 0.00498504564166069, 0.007313739508390427, 0.00027724236133508384, 0.06963839381933212, 0.2562030851840973, 0.00051771110156551, 0.0011261318577453494, 0.10371974110603333, 0.5153976678848267, 0.0004524161049630493, 0.004027233459055424, 0.0002580548170953989]",0.9074945885407611,0.004737629598821513
528,104,204,464,0.0007781982421875,0.00044034444727003574,0.9081569325512233,"[16.207866668701172, 0.0004468158003874123, 0.02169530838727951, 0.0002706876548472792, 0.761286735534668, 1.1988528966903687, 0.001689317636191845, 0.00138853897806257, 0.040377940982580185, 0.7627100944519043, 0.0051309335976839066, 0.006473049987107515, 0.000276765669696033, 0.07962968200445175, 0.26491644978523254, 0.0005187834613025188, 0.0011226787464693189, 0.10415659844875336, 0.5159604549407959, 0.0004065402317792177, 0.004011679906398058, 0.000263894529780373]",0.9074945885407611,-0.0006623440104621681
536,142,147,464,0.000675201416015625,0.0005579545977525413,0.9076104274784236,"[16.201068878173828, 0.00039760314393788576, 0.022758249193429947, 0.0002723561483435333, 0.758165180683136, 1.1962902545928955, 0.0016417133156210184, 0.001341991825029254, 0.04489586874842644, 0.7618086338043213, 0.005196635145694017, 0.0071010589599609375, 0.0002783149539027363, 0.07995393872261047, 0.2650337815284729, 0.0005138983833603561, 0.0011339908232912421, 0.10350178182125092, 0.511163055896759, 0.00044526674901135266, 0.004203057382255793, 0.000263894529780373]",0.9074945885407611,-0.00011583893766242692
537,40,40,464,0.00093841552734375,0.0008117313263937831,0.9080424048138824,"[16.166074752807617, 0.0003904534096363932, 0.022372005507349968, 0.00026854246971197426, 0.7460896372795105, 1.1999149322509766, 0.0016746795736253262, 0.0013505632523447275, 0.04573995620012283, 0.8103247880935669, 0.0051068575121462345, 0.006416907534003258, 0.00027736154152080417, 0.07998166978359222, 0.26406344771385193, 0.0005204515182413161, 0.0011336335446685553, 0.10510829836130142, 0.5153814554214478, 0.0004650464979931712, 0.004015835467725992, 0.0002616301644593477]",0.9074945885407611,-0.0005478162731212821
538,34,42,464,0.000949859619140625,0.0008050206815823913,0.908363862029298,"[16.2188720703125, 0.0003997480380348861, 0.022036688402295113, 0.00027807659353129566, 0.7449127435684204, 1.2050378322601318, 0.001680391957052052, 0.0011940023396164179, 0.04597235843539238, 0.7619683146476746, 0.004958475474268198, 0.006350456736981869, 0.0002739054325502366, 0.07837844640016556, 0.264578253030777, 0.0005203323671594262, 0.0011210116790607572, 0.10435057431459427, 0.5162437558174133, 0.0004027270770166069, 0.004207568243145943, 0.00026723151677288115]",0.9074945885407611,-0.0008692734885368258
539,118,143,464,0.000743865966796875,0.0005625624326057732,0.9100150472632694,"[16.213184356689453, 0.0003992714046034962, 0.02212635800242424, 0.000270091783022508, 0.7464795112609863, 1.1963038444519043, 0.0016776548000052571, 0.0013465156080201268, 0.04540179297327995, 0.7618639469146729, 0.005096776410937309, 0.006338137201964855, 0.0002723561483435333, 0.0796394795179367, 0.26442214846611023, 0.0005184260080568492, 0.0010483728256076574, 0.11601049453020096, 0.5532524585723877, 0.0004109491710551083, 0.004034950863569975, 0.00023314618738368154]",0.9074945885407611,-0.0025204587225082786
540,113,151,464,0.000759124755859375,0.0005512392963282764,0.9061571175023512,"[16.167081832885742, 0.00039009589818306267, 0.021892545744776726, 0.0002698534226510674, 0.7587754726409912, 1.2052621841430664, 0.0016846762737259269, 0.0011712603736668825, 0.040835458785295486, 0.7629696726799011, 0.005041980184614658, 0.0072308978997170925, 0.0002774807217065245, 0.07101387530565262, 0.264982134103775, 0.0005285535007715225, 0.0011245838832110167, 0.10490770637989044, 0.5152914524078369, 0.0004463391669560224, 0.004018328618258238, 0.0002602000313345343]",0.9074945885407611,0.0013374710384099764
541,37,79,464,0.000946044921875,0.0007038497133180499,0.9080723332325843,"[16.195295333862305, 0.000447530735982582, 0.022243883460760117, 0.0002708068350329995, 0.7380553483963013, 1.1962649822235107, 0.001689436612650752, 0.0011856677010655403, 0.04052573814988136, 0.7627159953117371, 0.0050667691975831985, 0.006565784104168415, 0.00027640812913887203, 0.07994215935468674, 0.26384690403938293, 0.0005179494037292898, 0.0011530425399541855, 0.10311711579561234, 0.5537368059158325, 0.0004049911512993276, 0.004007286392152309, 0.0002613918040879071]",0.9074945885407611,-0.0005777446918231455
542,41,80,464,0.00093841552734375,0.0007022097706794739,0.9113610875501763,"[16.19794273376465, 0.0003995097358711064, 0.0222209170460701, 0.0002739054325502366, 0.7491927742958069, 1.1956368684768677, 0.0016762267332524061, 0.0013455632142722607, 0.040520016103982925, 0.8209213018417358, 0.005187503527849913, 0.006433016154915094, 0.00027783826226368546, 0.07965081930160522, 0.264790415763855, 0.0005270045949146152, 0.001129227806814015, 0.10332107543945312, 0.5537576079368591, 0.00045062878052704036, 0.00403008284047246, 0.0002588890492916107]",0.9074945885407611,-0.0038664990094151586
553,15,50,464,0.0010223388671875,0.0007793169934302568,0.9036343243959973,"[16.11850929260254, 0.0004483648226596415, 0.02222033403813839, 0.00027104519540444016, 0.7621490359306335, 1.1963083744049072, 0.0016786068445071578, 0.0013521108776330948, 0.040463004261255264, 0.7606434226036072, 0.005091320723295212, 0.006304495502263308, 0.0002754547167569399, 0.07225361466407776, 0.2645690143108368, 0.0005160430446267128, 0.0011544713051989675, 0.10585825890302658, 0.5151925086975098, 0.0004103533865418285, 0.004025452304631472, 0.00026055757189169526]",0.9074945885407611,0.003860264144763814
554,200,320,464,0.00054168701171875,0.00023918670194689184,0.9083125758215002,"[16.18609619140625, 0.0004499138449318707, 0.022422829642891884, 0.0002712835557758808, 0.7305175065994263, 1.194370150566101, 0.0016950300196185708, 0.0013510395074263215, 0.04058457911014557, 0.8099864721298218, 0.005055857356637716, 0.006329371593892574, 0.00027938754647038877, 0.07994788885116577, 0.2650604844093323, 0.0005310555570758879, 0.001142564113251865, 0.11648180335760117, 0.5154391527175903, 0.0004076126788277179, 0.004195697605609894, 0.00026079590315930545]",0.9074945885407611,-0.0008179872807390076
555,18,84,464,0.00101470947265625,0.0006899340660311282,0.9063449607294222,"[16.145517349243164, 0.00044955636258237064, 0.021850209683179855, 0.0002740246127359569, 0.7486206293106079, 1.194646954536438, 0.0016694430960342288, 0.0013378250878304243, 0.0457158163189888, 0.762321949005127, 0.005074597429484129, 0.006285422947257757, 0.0002766464895103127, 0.0798785537481308, 0.2643396854400635, 0.0005270045949146152, 0.001116724917665124, 0.10535208880901337, 0.5496341586112976, 0.0004040378553327173, 0.004036019556224346, 0.00026043839170597494]",0.9074945885407611,0.0011496278113389824
568,187,276,464,0.000583648681640625,0.0003135251463390887,0.9124838324073195,"[16.233339309692383, 0.000444551813416183, 0.02212694101035595, 0.00026890001026913524, 0.7498148679733276, 1.2105199098587036, 0.0016913408180698752, 0.0011943596182391047, 0.04521586000919342, 0.7617020010948181, 0.005065583158284426, 0.006472102366387844, 0.0002748588449321687, 0.07089527696371078, 0.292344868183136, 0.0005212855176068842, 0.0011442311806604266, 0.11375732719898224, 0.5531214475631714, 0.00045074793160893023, 0.004014766775071621, 0.0002637753786984831]",0.9074945885407611,-0.004989243866558302
569,286,355,464,0.0003681182861328125,-0.00031206311541609466,0.9093395405917281,"[16.17331886291504, 0.000440262199845165, 0.02294257842004299, 0.0002735478919930756, 0.7610788941383362, 1.2209899425506592, 0.0016527815023437142, 0.0013154434273019433, 0.04045991599559784, 0.7619081139564514, 0.005012446083128452, 0.006479800678789616, 0.00027581225731410086, 0.0794685035943985, 0.2927732765674591, 0.0005192600074224174, 0.0011720937909558415, 0.11624856293201447, 0.5144158601760864, 0.00045122456504032016, 0.004012866877019405, 0.0002598424907773733]",0.9074945885407611,-0.0018449520509669082
570,223,221,464,0.00049591064453125,0.00040281101246364415,0.9094542963694866,"[16.21585464477539, 0.00039450492477044463, 0.024549411609768867, 0.0002693767019081861, 0.7503551840782166, 1.1939544677734375, 0.0016949110431596637, 0.0013431822881102562, 0.04519592225551605, 0.7619151473045349, 0.005074834451079369, 0.006549203768372536, 0.0002735478919930756, 0.0709853395819664, 0.2654304504394531, 0.0005212855176068842, 0.0011411352315917611, 0.10480229556560516, 0.5527923107147217, 0.0004430027911439538, 0.004192373715341091, 0.0002619877050165087]",0.9074945885407611,-0.0019597078287254543
571,233,232,464,0.000476837158203125,0.000381498975912109,0.9069423443923535,"[16.199941635131836, 0.0004435985756572336, 0.021766696125268936, 0.0002703301142901182, 0.7515498399734497, 1.1946594715118408, 0.0016990762669593096, 0.0013423488708212972, 0.04044308513402939, 0.7614933848381042, 0.004997381940484047, 0.006582363974303007, 0.0002747396647464484, 0.07997869700193405, 0.26465967297554016, 0.0005138983833603561, 0.0011697123991325498, 0.10403875261545181, 0.5122362971305847, 0.0004065402317792177, 0.004001112654805183, 0.00026294111739844084]",0.9074945885407611,0.0005522441484075991
572,289,308,464,0.0003662109375,0.00025930406991392374,0.9116020743928278,"[16.241060256958008, 0.00044860312482342124, 0.021842045709490776, 0.0002723561483435333, 0.7503955960273743, 1.206000566482544, 0.0016552807064726949, 0.0013437775196507573, 0.045268841087818146, 0.7617064714431763, 0.0051706633530557156, 0.0065317945554852486, 0.00027569307712838054, 0.07993479073047638, 0.2639243006706238, 0.0005174727994017303, 0.0011207734933122993, 0.10435154289007187, 0.5586874485015869, 0.00045622908510267735, 0.004023196641355753, 0.0002579356369096786]",0.9074945885407611,-0.004107485852066661
573,127,120,464,0.000720977783203125,0.0006120699690654874,0.908362708643174,"[16.188268661499023, 0.0004462200158741325, 0.022320829331874847, 0.00027378625236451626, 0.7358267307281494, 1.2062946557998657, 0.0016862234333530068, 0.0013153243344277143, 0.04541546106338501, 0.7617948055267334, 0.005082188174128532, 0.007079279515892267, 0.0002775999018922448, 0.07991717755794525, 0.26464366912841797, 0.0005173536483198404, 0.0011401826050132513, 0.10381098091602325, 0.553123950958252, 0.0004612335760612041, 0.004023552872240543, 0.000259723310591653]",0.9074945885407611,-0.0008681201024128837
575,180,174,464,0.000598907470703125,0.0004989357548765838,0.906989486418421,"[16.200815200805664, 0.00039915222441777587, 0.022170081734657288, 0.00026794656878337264, 0.7478922605514526, 1.1956301927566528, 0.0016430224059149623, 0.001348301419056952, 0.043405551463365555, 0.7624063491821289, 0.005176118575036526, 0.007093010004609823, 0.00027378625236451626, 0.07089561223983765, 0.2641976475715637, 0.00052998325554654, 0.0011729273246601224, 0.10822909325361252, 0.5154941082000732, 0.00045944625162519515, 0.0040093050338327885, 0.00025960413040593266]",0.9074945885407611,0.0005051021223401175
576,76,61,464,0.0008544921875,0.000754384498577565,0.9063382388452407,"[16.19439697265625, 0.00044610086479224265, 0.021981995552778244, 0.00027569307712838054, 0.7389072775840759, 1.1959362030029297, 0.0016582560492679477, 0.0013497299514710903, 0.04046918824315071, 0.7617655396461487, 0.005081120412796736, 0.006540084723383188, 0.0002754547167569399, 0.07966611534357071, 0.2643239498138428, 0.0005393957253545523, 0.0010356307029724121, 0.1048966497182846, 0.5151232481002808, 0.0004589696181938052, 0.004051691386848688, 0.0002619877050165087]",0.9074945885407611,0.0011563496955204755
577,77,60,464,0.000850677490234375,0.0007561043603345752,0.9114025790477172,"[16.223691940307617, 0.0004009396652691066, 0.022505471482872963, 0.00027164106722921133, 0.7606695294380188, 1.1956603527069092, 0.0016941969515755773, 0.0011975744273513556, 0.041353050619363785, 0.7624398469924927, 0.00501908827573061, 0.007237998768687248, 0.0002766464895103127, 0.07090327143669128, 0.2919583022594452, 0.0005285535007715225, 0.0011736417654901743, 0.1055208370089531, 0.5534501671791077, 0.00045110538485459983, 0.0041898805648088455, 0.0002627027570270002]",0.9074945885407611,-0.003907990506956005
578,72,47,464,0.0008697509765625,0.0007869494147598743,0.9066637910516213,"[16.155977249145508, 0.00044264530879445374, 0.021960770711302757, 0.0002728328399825841, 0.7513006329536438, 1.1944948434829712, 0.0016776548000052571, 0.0011868583969771862, 0.04518976807594299, 0.7613953948020935, 0.0050993855111300945, 0.006488565355539322, 0.00027378625236451626, 0.0710107609629631, 0.2642647325992584, 0.0005326044629327953, 0.0010405131615698338, 0.10565824061632156, 0.5535823106765747, 0.00045193947153165936, 0.0040430244989693165, 0.0002588890492916107]",0.9074945885407611,0.000830797489139834
579,49,26,464,0.000926971435546875,0.0008547158213332295,0.901689516638395,"[16.104511260986328, 0.0003960540343541652, 0.0226441640406847, 0.000271521887043491, 0.7399724125862122, 1.1540586948394775, 0.001692292862571776, 0.0013459203764796257, 0.04606172814965248, 0.7620141506195068, 0.005139354150742292, 0.006390256807208061, 0.0002803409588523209, 0.0792476162314415, 0.2858096957206726, 0.0005726366653107107, 0.0011710221879184246, 0.10491371154785156, 0.515938937664032, 0.00045122456504032016, 0.0040250965394079685, 0.00026127262390218675]",0.9074945885407611,0.005805071902366121
580,105,76,464,0.0007781982421875,0.0007104662945494056,0.9093620575639018,"[16.252702713012695, 0.00039414744242094457, 0.02208811230957508, 0.0002733095607254654, 0.6870497465133667, 1.2165608406066895, 0.0016731324139982462, 0.0013406822690740228, 0.04529140144586563, 0.7616251707077026, 0.004930717870593071, 0.007163317408412695, 0.0002759314374998212, 0.07975219935178757, 0.2852556109428406, 0.0005315321614034474, 0.0011373248416930437, 0.11750176548957825, 0.5155304670333862, 0.00040880427695810795, 0.004216589964926243, 0.00026174934464506805]",0.9074945885407611,-0.001867469023140611
581,266,253,464,0.0004100799560546875,0.0003449761716183275,0.9039133530128641,"[16.1331844329834, 0.00039569655200466514, 0.021774861961603165, 0.0002711643755901605, 0.7385932803153992, 1.1964287757873535, 0.0016332633094862103, 0.0011818574275821447, 0.04109875112771988, 0.760744571685791, 0.00498789269477129, 0.00630011223256588, 0.000276765669696033, 0.07935487478971481, 0.26418930292129517, 0.000516757951118052, 0.0011382774682715535, 0.10819228738546371, 0.5209195613861084, 0.0004481264913920313, 0.0041996147483587265, 0.00026353701832704246]",0.9074945885407611,0.00358123552789702
582,120,86,464,0.00074005126953125,0.0006880779983475804,0.9076370513992681,"[16.210947036743164, 0.0003943857445847243, 0.02268937975168228, 0.0002723561483435333, 0.7313695549964905, 1.220041275024414, 0.0016582560492679477, 0.0013500871136784554, 0.040959734469652176, 0.7611138820648193, 0.0051873852498829365, 0.006512489635497332, 0.00027652730932459235, 0.07795752584934235, 0.26354801654815674, 0.0005210472736507654, 0.0011400636285543442, 0.10560675710439682, 0.5117409229278564, 0.00045265440712682903, 0.004016903694719076, 0.0002588890492916107]",0.9074945885407611,-0.00014246285850694207
583,172,135,464,0.00061798095703125,0.0005734193837270141,0.9016947146341078,"[16.144866943359375, 0.0004401430196594447, 0.02159545011818409, 0.00027366707217879593, 0.6880231499671936, 1.1966943740844727, 0.0016717043472453952, 0.0011867393041029572, 0.04576091095805168, 0.7617367506027222, 0.005071395076811314, 0.007077977526932955, 0.0002810560108628124, 0.07091693580150604, 0.2644497752189636, 0.0005178302526473999, 0.001141849672421813, 0.10479477792978287, 0.5160461068153381, 0.0004493180604185909, 0.004019516054540873, 0.0002673506969586015]",0.9074945885407611,0.005799873906653374
584,229,206,464,0.0004825592041015625,0.0004375948046799749,0.9082350661337841,"[16.175743103027344, 0.00040463366894982755, 0.021709656342864037, 0.00026973424246534705, 0.757221519947052, 1.2200157642364502, 0.001704074558801949, 0.0013842533808201551, 0.04586624354124069, 0.7626241445541382, 0.005081713665276766, 0.006424369756132364, 0.0002760506176855415, 0.07958035916090012, 0.26515552401542664, 0.0005343916127458215, 0.0011375630274415016, 0.11608511209487915, 0.515222430229187, 0.00044848397374153137, 0.004021771717816591, 0.00026055757189169526]",0.9074945885407611,-0.0007404775930229812
585,273,255,464,0.000400543212890625,0.0003407362091820687,0.9049251095685494,"[16.15580940246582, 0.0004545609117485583, 0.021866537630558014, 0.0002728328399825841, 0.7462760806083679, 1.196263313293457, 0.0016632545739412308, 0.0012019798159599304, 0.0454765185713768, 0.762495219707489, 0.005039963871240616, 0.007303799036890268, 0.0002779574424494058, 0.07139910012483597, 0.265090674161911, 0.0005217621219344437, 0.0011189873330295086, 0.10553907603025436, 0.5155813694000244, 0.00040284625720232725, 0.004035663325339556, 0.0002615109842736274]",0.9074945885407611,0.002569478972211714
586,254,242,464,0.0004425048828125,0.000368427368812263,0.905135127533206,"[16.16277503967285, 0.000442407006630674, 0.02228841930627823, 0.0002727136597968638, 0.7398041486740112, 1.1942132711410522, 0.001665277755819261, 0.0012182918144389987, 0.045143961906433105, 0.7620036005973816, 0.005112906452268362, 0.007350779604166746, 0.00027700403006747365, 0.07956594228744507, 0.2653917670249939, 0.0005258131423033774, 0.0011237503495067358, 0.10429805517196655, 0.5147651433944702, 0.0004499138449318707, 0.00402046600356698, 0.0002641328901518136]",0.9074945885407611,0.0023594610075551303
587,302,319,464,0.000339508056640625,0.0002467352314852178,0.907043764993432,"[16.201581954956055, 0.0004412154376041144, 0.022043684497475624, 0.0002739054325502366, 0.7449914216995239, 1.1934734582901, 0.0016717043472453952, 0.001341753639280796, 0.044458333402872086, 0.7616211771965027, 0.0050942855887115, 0.006576324347406626, 0.00027247529942542315, 0.07974152266979218, 0.2644011974334717, 0.00052998325554654, 0.0011680454481393099, 0.10585911571979523, 0.5144769549369812, 0.00045980370487086475, 0.004222644027322531, 0.0002618685248307884]",0.9074945885407611,0.00045082354732917107
588,226,227,464,0.000492095947265625,0.00038863628287799656,0.9073909389275783,"[16.16707992553711, 0.00043930893298238516, 0.021995289251208305, 0.0002746204845607281, 0.7513054609298706, 1.1967154741287231, 0.0016692051431164145, 0.001342587056569755, 0.044253524392843246, 0.7617534399032593, 0.0050689042545855045, 0.007200481370091438, 0.00027938754647038877, 0.08009973913431168, 0.23677051067352295, 0.0005247407825663686, 0.0010368215152993798, 0.11649421602487564, 0.5635668039321899, 0.00044955636258237064, 0.004022246692329645, 0.0002584123576525599]",0.9074945885407611,0.0001036496131828768
589,264,270,464,0.000415802001953125,0.00032036902848631144,0.9039218122409445,"[16.17710304260254, 0.0004412154376041144, 0.02499178983271122, 0.00027855331427417696, 0.6869491934776306, 1.207419514656067, 0.0016812250250950456, 0.0012026942567899823, 0.04454077035188675, 0.760079562664032, 0.005091557744890451, 0.006490815430879593, 0.0002755738969426602, 0.07945562154054642, 0.2647463083267212, 0.000525217386893928, 0.0011503038695082068, 0.10449286550283432, 0.5146583914756775, 0.00041392818093299866, 0.00402711471542716, 0.0002646096108946949]",0.9074945885407611,0.0035727762998166712
590,251,239,464,0.0004520416259765625,0.00037100029294379056,0.9109511432007739,"[16.241031646728516, 0.0004478881892282516, 0.02200252003967762, 0.0002711643755901605, 0.7403895854949951, 1.2085318565368652, 0.0016738465055823326, 0.0013499680208042264, 0.04567869007587433, 0.7621084451675415, 0.005140421446412802, 0.006507396697998047, 0.00024959311122074723, 0.07975395768880844, 0.2652791440486908, 0.0005379660287871957, 0.0011443501571193337, 0.10427593439817429, 0.5501195192337036, 0.0004558716027531773, 0.0037085108924657106, 0.0002668739762157202]",0.9074945885407611,-0.0034565546600127117
591,45,18,464,0.0009307861328125,0.0008748635300435126,0.9058071349096611,"[16.110715866088867, 0.000446696620201692, 0.02241128869354725, 0.00027497802511788905, 0.7574505805969238, 1.196385145187378, 0.001687889569438994, 0.0012167439563199878, 0.04046002775430679, 0.8100206255912781, 0.005144928116351366, 0.006353773642331362, 0.00027497802511788905, 0.07983265817165375, 0.26468291878700256, 0.000527123745996505, 0.0011249411618337035, 0.1087789312005043, 0.5152069330215454, 0.0004553949984256178, 0.004040531348437071, 0.0002640137099660933]",0.9074945885407611,0.001687453631100011
592,8,2,464,0.00104522705078125,0.0009985500946640968,0.9061385063872546,"[16.21517562866211, 0.000442407006630674, 0.02206105925142765, 0.00027366707217879593, 0.6878191828727722, 1.19633948802948, 0.0016913408180698752, 0.0013131813611835241, 0.04557276889681816, 0.761887788772583, 0.005052061751484871, 0.0066261813044548035, 0.000271521887043491, 0.07013674080371857, 0.2559468150138855, 0.0005211663665249944, 0.0011432785540819168, 0.10465274751186371, 0.5533794164657593, 0.0004574206250254065, 0.004023196641355753, 0.00026008085114881396]",0.9074945885407611,0.001356082153506577
593,208,189,464,0.000530242919921875,0.0004678881377913058,0.9060508561907971,"[16.17815589904785, 0.00044586253352463245, 0.022465724498033524, 0.0002733095607254654, 0.7496227025985718, 1.1950725317001343, 0.0016543286619707942, 0.001335682114586234, 0.04017046093940735, 0.7615240812301636, 0.005076969508081675, 0.006538426503539085, 0.0002748588449321687, 0.07960612326860428, 0.26365652680397034, 0.0005043664714321494, 0.001141730579547584, 0.10471726953983307, 0.5159612894058228, 0.0004576589271891862, 0.0041993772611021996, 0.0002636561985127628]",0.9074945885407611,0.0014437323499640886
594,250,244,464,0.000453948974609375,0.00036632592673413455,0.9047579880729741,"[16.136430740356445, 0.00045003299601376057, 0.022290751338005066, 0.0002675890573300421, 0.7365127801895142, 1.2179350852966309, 0.001652305480092764, 0.001327943871729076, 0.04534859210252762, 0.7612998485565186, 0.005100809037685394, 0.006347495596855879, 0.00027581225731410086, 0.07962989807128906, 0.2624957263469696, 0.000535821367520839, 0.0011235122801735997, 0.1051304042339325, 0.5156177282333374, 0.00045622908510267735, 0.004187981132417917, 0.0002586507180240005]",0.9074945885407611,0.0027366004677870093
595,270,278,464,0.00040435791015625,0.00031119806226342916,0.9118494778628122,"[16.285083770751953, 0.0003960540343541652, 0.022126007825136185, 0.0002714027068577707, 0.7453551292419434, 1.2187939882278442, 0.0016673009376972914, 0.0013334201648831367, 0.04077308997511864, 0.7617253661155701, 0.005104010924696922, 0.00648216949775815, 0.0002759314374998212, 0.08053196966648102, 0.26454785466194153, 0.0005122303264215589, 0.0011634016409516335, 0.10439750552177429, 0.5152820348739624, 0.0004027270770166069, 0.0042006829753518105, 0.00026246439665555954]",0.9074945885407611,-0.004354889322051081
596,204,191,464,0.0005340576171875,0.00046531131374649704,0.906836423887977,"[16.19586944580078, 0.00043847484630532563, 0.02224854752421379, 0.0002727136597968638, 0.7390214204788208, 1.204176664352417, 0.0017003853572532535, 0.0013062763027846813, 0.04054909199476242, 0.7614599466323853, 0.005039370618760586, 0.006318473257124424, 0.0002814135223161429, 0.07986743748188019, 0.26409009099006653, 0.0005239067832008004, 0.0011387537233531475, 0.1055031418800354, 0.5158563852310181, 0.0004567056894302368, 0.00402379035949707, 0.0002588890492916107]",0.9074945885407611,0.0006581646527841212
597,128,95,464,0.000720977783203125,0.0006778123206458986,0.910499744211186,"[16.244150161743164, 0.00044276448898017406, 0.02229401469230652, 0.0002755738969426602, 0.744871199131012, 1.1955187320709229, 0.0016832482069730759, 0.0012049565557390451, 0.045217227190732956, 0.7617436051368713, 0.0050865765661001205, 0.006491526495665312, 0.00027855331427417696, 0.0725359246134758, 0.2951389253139496, 0.0005194983095861971, 0.0011461363174021244, 0.10549241304397583, 0.5220086574554443, 0.00045468006283044815, 0.004177771974354982, 0.00026222606538794935]",0.9074945885407611,-0.0030051556704248084
598,146,107,464,0.000667572021484375,0.0006376044475473464,0.9049573609002188,"[16.154300689697266, 0.0004439560289029032, 0.0223272405564785, 0.0002696150622796267, 0.7459038496017456, 1.1942377090454102, 0.0016624215058982372, 0.0013518728082999587, 0.04604579135775566, 0.7615985870361328, 0.005016597453504801, 0.006650102324783802, 0.00027891082572750747, 0.07966898381710052, 0.26260125637054443, 0.0005249790847301483, 0.0011468507582321763, 0.10353929549455643, 0.5166134238243103, 0.00044490929576568305, 0.004201751668006182, 0.00023314618738368154]",0.9074945885407611,0.0025372276405423166
599,265,236,464,0.000415802001953125,0.00037531202542595565,0.9051711708360183,"[16.165433883666992, 0.00045015214709565043, 0.022427957504987717, 0.0002797450579237193, 0.7392682433128357, 1.1949031352996826, 0.0016686100279912353, 0.0013450870756059885, 0.04126565903425217, 0.7634090185165405, 0.005064752884209156, 0.00656519178301096, 0.0002752163854893297, 0.07954436540603638, 0.26575639843940735, 0.0005185451591387391, 0.0010372978867962956, 0.10358798503875732, 0.5160975456237793, 0.00040820849244482815, 0.00419522263109684, 0.00026353701832704246]",0.9074945885407611,0.0023234177047428695
600,121,94,464,0.00074005126953125,0.000678623968269676,0.9087620327336481,"[16.190122604370117, 0.0004001055203843862, 0.02214454673230648, 0.00027426297310739756, 0.7573444843292236, 1.2116302251815796, 0.0016897936584427953, 0.0013561585219576955, 0.04548221454024315, 0.7618699669837952, 0.004576803185045719, 0.006561283953487873, 0.00027771908207796514, 0.07263193279504776, 0.2928633689880371, 0.0005395148764364421, 0.0011713793501257896, 0.10496491193771362, 0.5119583606719971, 0.0004447901446837932, 0.0041993772611021996, 0.0002609150833450258]",0.9074945885407611,-0.001267444192886935
601,194,188,464,0.00055694580078125,0.00046944597852416337,0.9023374144850426,"[16.134363174438477, 0.00044800734031014144, 0.021738702431321144, 0.00027307120035402477, 0.7395960092544556, 1.195711612701416, 0.0016824151389300823, 0.0011960265692323446, 0.040225543081760406, 0.7616752982139587, 0.004511535167694092, 0.007111238315701485, 0.00027783826226368546, 0.07954656332731247, 0.23672309517860413, 0.0005225961795076728, 0.0011401826050132513, 0.10447879880666733, 0.5154644846916199, 0.00045944625162519515, 0.004012035671621561, 0.00026544384309090674]",0.9074945885407611,0.005157174055718583
602,291,318,464,0.0003643035888671875,0.00025034116697497666,0.9064318083692342,"[16.177215576171875, 0.00044586253352463245, 0.022532744333148003, 0.00027056847466155887, 0.7475364804267883, 1.210449457168579, 0.0016568278660997748, 0.0011888825101777911, 0.04515798017382622, 0.7621314525604248, 0.005097962450236082, 0.006503133103251457, 0.00027855331427417696, 0.07223542779684067, 0.26282718777656555, 0.0005401106318458915, 0.0011529234470799565, 0.10358121246099472, 0.5157626271247864, 0.000458254711702466, 0.004214809741824865, 0.00026174934464506805]",0.9074945885407611,0.0010627801715269447
603,314,329,464,0.0003261566162109375,0.00021611292322631925,0.9069542460757393,"[16.185279846191406, 0.0004447901446837932, 0.022351255640387535, 0.00027164106722921133, 0.736900269985199, 1.1952993869781494, 0.0016747985500842333, 0.0013505632523447275, 0.04537615925073624, 0.7613837122917175, 0.0050193252973258495, 0.007282852195203304, 0.00027104519540444016, 0.07117253541946411, 0.29206886887550354, 0.0005276002921164036, 0.0011364913079887629, 0.10553789138793945, 0.5149040222167969, 0.0004611144249793142, 0.004018328618258238, 0.0002609150833450258]",0.9074945885407611,0.0005403424650218813
604,228,233,464,0.0004863739013671875,0.00038094999035820365,0.9060112177116522,"[16.178064346313477, 0.0003962923656217754, 0.02225157804787159, 0.0002747396647464484, 0.7515706419944763, 1.1949107646942139, 0.0016750366194173694, 0.0011932880152016878, 0.045715928077697754, 0.7620377540588379, 0.005099978763610125, 0.006509528495371342, 0.0002762889489531517, 0.07159876078367233, 0.2649274170398712, 0.0005165196489542723, 0.001116367639042437, 0.10433962196111679, 0.5148693323135376, 0.00044705410255119205, 0.004193085711449385, 0.00026246439665555954]",0.9074945885407611,0.0014833708291089875
605,125,106,464,0.000728607177734375,0.0006425088504329324,0.9065071883061054,"[16.17915153503418, 0.00044467096449807286, 0.02184169553220272, 0.0002775999018922448, 0.7599969506263733, 1.194846749305725, 0.0016722993459552526, 0.001208766596391797, 0.04042121767997742, 0.7623512744903564, 0.0050531295128166676, 0.006431239657104015, 0.00027843413408845663, 0.08048181235790253, 0.2640635371208191, 0.0005138983833603561, 0.0011143434094265103, 0.10381022840738297, 0.5144912004470825, 0.00044955636258237064, 0.004025214817374945, 0.00023278864682652056]",0.9074945885407611,0.000987400234655711
606,32,20,464,0.00095367431640625,0.0008734778384678066,0.9105937176103577,"[16.196475982666016, 0.00045110538485459983, 0.022548247128725052, 0.0002752163854893297, 0.7581764459609985, 1.1948683261871338, 0.001653971616178751, 0.0013623490231111646, 0.04053066298365593, 0.7616844177246094, 0.005101164802908897, 0.0074118394404649734, 0.00027497802511788905, 0.07962880283594131, 0.29461342096328735, 0.0005246216314844787, 0.0011188682401552796, 0.10892294347286224, 0.5527058243751526, 0.00044705410255119205, 0.004022484179586172, 0.00026306029758416116]",0.9074945885407611,-0.003099129069596529
607,65,39,464,0.00087738037109375,0.0008148369379341602,0.9064498561995358,"[16.132429122924805, 0.00044645831803791225, 0.02202525921165943, 0.00026973424246534705, 0.7455596923828125, 1.205979824066162, 0.0016777737764641643, 0.0011880489764735103, 0.041059963405132294, 0.7612005472183228, 0.005142674781382084, 0.007315514609217644, 0.00028463127091526985, 0.07990001142024994, 0.2645587623119354, 0.000527123745996505, 0.0011460172245278955, 0.11323980987071991, 0.5530007481575012, 0.0004539651272352785, 0.004231072496622801, 0.00026008085114881396]",0.9074945885407611,0.001044732341225374
608,137,112,464,0.000690460205078125,0.0006273250910453498,0.9051326285380955,"[16.17518424987793, 0.0004440752090886235, 0.022029342129826546, 0.00027450130437500775, 0.7395026683807373, 1.1346229314804077, 0.0016389759257435799, 0.0012072187382727861, 0.04082699120044708, 0.8095884323120117, 0.005097724962979555, 0.0063929809257388115, 0.00027509720530360937, 0.08036389946937561, 0.2618289291858673, 0.0005189026123844087, 0.0011237503495067358, 0.11303945630788803, 0.5142322182655334, 0.00045313104055821896, 0.004013104364275932, 0.0002592465898487717]",0.9074945885407611,0.0023619600026656418
609,74,44,464,0.00086212158203125,0.000797337619587779,0.9074673060848991,"[16.215354919433594, 0.0004408579843584448, 0.02202514372766018, 0.0002719986077863723, 0.6961669325828552, 1.1951462030410767, 0.0016582560492679477, 0.0011634016409516335, 0.04089794307947159, 0.7627094984054565, 0.004591992124915123, 0.006503133103251457, 0.000276765669696033, 0.07966479659080505, 0.2648133635520935, 0.000520570669323206, 0.001116367639042437, 0.11262063682079315, 0.5536521673202515, 0.00040546778473071754, 0.004017853643745184, 0.00026246439665555954]",0.9074945885407611,2.728245586203215e-05
610,29,14,464,0.0009613037109375,0.0008997077820822597,0.9040411962037482,"[16.138887405395508, 0.00039915222441777587, 0.022011732682585716, 0.0002740246127359569, 0.7400107383728027, 1.1939563751220703, 0.001671228208579123, 0.001353063271380961, 0.04104989767074585, 0.7618792057037354, 0.005087169352918863, 0.00712828291580081, 0.0002812943421304226, 0.07267771661281586, 0.26418161392211914, 0.0005279577453620732, 0.0011237503495067358, 0.11609286069869995, 0.5156327486038208, 0.0004122599493712187, 0.004008711315691471, 0.00025912740966305137]",0.9074945885407611,0.003453392337012917
611,147,124,464,0.000667572021484375,0.0006020973669365048,0.9067758884650009,"[16.192684173583984, 0.00045158201828598976, 0.02161446586251259, 0.0002735478919930756, 0.7516283392906189, 1.1927340030670166, 0.0016568278660997748, 0.001336158369667828, 0.041172198951244354, 0.7621169090270996, 0.005237311124801636, 0.006468785926699638, 0.00027783826226368546, 0.07992906868457794, 0.2644183933734894, 0.0005279577453620732, 0.0011361341457813978, 0.10624208301305771, 0.5144672393798828, 0.0004514628672040999, 0.0040113236755132675, 0.0002337421028641984]",0.9074945885407611,0.000718700075760248
612,220,208,464,0.0005035400390625,0.00043491387623362243,0.9098862878692505,"[16.222740173339844, 0.00039545822073705494, 0.022030623629689217, 0.000270091783022508, 0.7577993869781494, 1.195349931716919, 0.0016797969583421946, 0.0012988949893042445, 0.044647712260484695, 0.7615071535110474, 0.005112906452268362, 0.006318117957562208, 0.00027378625236451626, 0.07070736587047577, 0.2634108066558838, 0.00051115796668455, 0.0011099375551566482, 0.10480916500091553, 0.5527946949005127, 0.00044907975825481117, 0.004021652974188328, 0.00026043839170597494]",0.9074945885407611,-0.0023916993284893717
613,148,121,464,0.000667572021484375,0.0006081450846977532,0.9088007384244438,"[16.232505798339844, 0.0003955773718189448, 0.022527966648340225, 0.00027426297310739756, 0.7465507388114929, 1.1951552629470825, 0.001677416730672121, 0.0013359201839193702, 0.04597896337509155, 0.7618479132652283, 0.005171256605535746, 0.007308769505470991, 0.00028463127091526985, 0.07993831485509872, 0.26515358686447144, 0.0005161621957086027, 0.0011813811725005507, 0.1045219674706459, 0.5165948271751404, 0.00040451448876410723, 0.004057509358972311, 0.0002335037279408425]",0.9074945885407611,-0.0013061498836826058
614,201,180,464,0.00054168701171875,0.00048824987607076764,0.9065194004426964,"[16.195539474487305, 0.000444551813416183, 0.022230826318264008, 0.00026890001026913524, 0.7377966046333313, 1.1951653957366943, 0.0016875325236469507, 0.0013368725776672363, 0.04564190283417702, 0.7615022659301758, 0.004983148071914911, 0.006319184321910143, 0.0002768848498817533, 0.07990309596061707, 0.26303717494010925, 0.0005221195751801133, 0.0011456600623205304, 0.10487604141235352, 0.5160045623779297, 0.00045789722935296595, 0.0040284208953380585, 0.00025829317746683955]",0.9074945885407611,0.0009751880980647387
615,252,220,464,0.0004520416259765625,0.0004031601711176336,0.9050970204248601,"[16.20391082763672, 0.0004002247005701065, 0.022097090259194374, 0.00027247529942542315, 0.6874289512634277, 1.2079081535339355, 0.00167753582354635, 0.001211028778925538, 0.04587649181485176, 0.7619808912277222, 0.005084916017949581, 0.0071164462715387344, 0.0002783149539027363, 0.0714065358042717, 0.2644754946231842, 0.0005250982358120382, 0.0011400636285543442, 0.10868418961763382, 0.5159626007080078, 0.0004520586517173797, 0.004012629389762878, 0.0002324311062693596]",0.9074945885407611,0.002397568115901083
616,297,289,464,0.000347137451171875,0.00029323785565793514,0.9042524554150243,"[16.214557647705078, 0.0004499138449318707, 0.021948643028736115, 0.00027056847466155887, 0.7515752911567688, 1.1530892848968506, 0.0016701571876183152, 0.0013436584267765284, 0.04115709662437439, 0.7614569664001465, 0.005075427703559399, 0.0065159243531525135, 0.00027640812913887203, 0.07068614661693573, 0.23685339093208313, 0.0005353448214009404, 0.0011399445356801152, 0.1049049124121666, 0.5153586864471436, 0.00040070133400149643, 0.004028895869851112, 0.00025900822947733104]",0.9074945885407611,0.0032421331257368458
617,301,297,464,0.00034332275390625,0.0002865093119908124,0.9064445432198805,"[16.147167205810547, 0.00044705410255119205, 0.022291216999292374, 0.00027247529942542315, 0.7581292390823364, 1.205225944519043, 0.0016686100279912353, 0.0013424679636955261, 0.04567344859242439, 0.7628107070922852, 0.005094523075968027, 0.007394562941044569, 0.00027652730932459235, 0.08112439513206482, 0.26509159803390503, 0.0005272428970783949, 0.0011436357162892818, 0.11587609350681305, 0.5152819156646729, 0.0004532501916401088, 0.00422584917396307, 0.0002619877050165087]",0.9074945885407611,0.0010500453208805993
618,167,138,464,0.000629425048828125,0.0005704711657017469,0.9117056664875814,"[16.251073837280273, 0.0004051103023812175, 0.021919136866927147, 0.00027378625236451626, 0.7588790655136108, 1.1952520608901978, 0.0016762267332524061, 0.0013467537937685847, 0.04526906833052635, 0.7618498206138611, 0.005098792724311352, 0.006333517376333475, 0.0002766464895103127, 0.07922668755054474, 0.26430243253707886, 0.0005220004240982234, 0.0011200590524822474, 0.10457662492990494, 0.5533893704414368, 0.00044967554276809096, 0.004024146590381861, 0.0002598424907773733]",0.9074945885407611,-0.004211077946820296
619,157,129,464,0.000652313232421875,0.0005838876822963357,0.9074872344896324,"[16.22032928466797, 0.000446696620201692, 0.021996689960360527, 0.00027450130437500775, 0.7399868369102478, 1.1955012083053589, 0.0016840812750160694, 0.0013386583887040615, 0.04460655525326729, 0.7609044909477234, 0.004990027751773596, 0.006289095152169466, 0.0002755738969426602, 0.07141463458538055, 0.2654649019241333, 0.0005304598016664386, 0.0011369676794856787, 0.10842367261648178, 0.5143936276435852, 0.0004542034293990582, 0.004015360493212938, 0.0002616301644593477]",0.9074945885407611,7.354051128727335e-06
620,161,148,464,0.000640869140625,0.0005557850236073136,0.9081103372617773,"[16.203004837036133, 0.00039545822073705494, 0.022780390456318855, 0.00027307120035402477, 0.7502914667129517, 1.2064257860183716, 0.0016764646861702204, 0.0013521108776330948, 0.046051256358623505, 0.7617597579956055, 0.0051602269522845745, 0.0064244880340993404, 0.0002779574424494058, 0.08010414242744446, 0.2659650146961212, 0.0005152089870534837, 0.0011401826050132513, 0.1052454337477684, 0.5146622657775879, 0.00045718232286162674, 0.00419557886198163, 0.00026913834153674543]",0.9074945885407611,-0.0006157487210161072
621,151,137,464,0.00066375732421875,0.0005705004441551864,0.9084960067597091,"[16.192584991455078, 0.00044645831803791225, 0.022229893133044243, 0.00027366707217879593, 0.7445985674858093, 1.1968648433685303, 0.0016891986597329378, 0.0013443727511912584, 0.04183961823582649, 0.7618203163146973, 0.005091794766485691, 0.007315396331250668, 0.0002834395272657275, 0.08037940412759781, 0.26494908332824707, 0.0005272428970783949, 0.0011185110779479146, 0.1059073731303215, 0.5529652833938599, 0.00040534863364882767, 0.004016310442239046, 0.0002610342635307461]",0.9074945885407611,-0.001001418218947947
622,143,126,464,0.000675201416015625,0.0005947568570263684,0.9117393007102443,"[16.25792121887207, 0.0003955773718189448, 0.022370489314198494, 0.000277123210253194, 0.7473040819168091, 1.1946913003921509, 0.0016676579834893346, 0.0011986460303887725, 0.04599524289369583, 0.7614245414733887, 0.005091439001262188, 0.006520306225866079, 0.0002802217786666006, 0.07962670922279358, 0.2648983299732208, 0.0005349873681552708, 0.001032296335324645, 0.10904309898614883, 0.5531072020530701, 0.00040070133400149643, 0.00422169454395771, 0.00026174934464506805]",0.9074945885407611,-0.004244712169483189
623,56,24,464,0.00091552734375,0.0008655102574266493,0.9046064419698351,"[16.16592025756836, 0.00039772229501977563, 0.0219698678702116, 0.0002746204845607281, 0.740152895450592, 1.1931309700012207, 0.0016607552533969283, 0.0011855486081913114, 0.04557698220014572, 0.7617698907852173, 0.005067124962806702, 0.00648240651935339, 0.0002754547167569399, 0.07100332528352737, 0.2648177444934845, 0.0005208089714869857, 0.0011504229623824358, 0.10406830161809921, 0.5111918449401855, 0.0004593271005433053, 0.004009780008345842, 0.00025567124248482287]",0.9074945885407611,0.0028881465709260645
624,35,11,464,0.000949859619140625,0.0009164857910946012,0.9113817604652881,"[16.20662498474121, 0.00044860312482342124, 0.02195214107632637, 0.00027414379292167723, 0.7460117340087891, 1.2069354057312012, 0.0016653967322781682, 0.0013463966315612197, 0.046021316200494766, 0.7616665959358215, 0.005019207019358873, 0.006303903181105852, 0.0002774807217065245, 0.07962428778409958, 0.2938026487827301, 0.0005357022164389491, 0.0011091040214523673, 0.11307374387979507, 0.5529836416244507, 0.0004570631426759064, 0.004005268216133118, 0.00025996167096309364]",0.9074945885407611,-0.003887171924526922
625,205,172,464,0.0005340576171875,0.0005030829925090075,0.9070783207875635,"[16.183853149414062, 0.00043811736395582557, 0.022458497434854507, 0.00027211778797209263, 0.7388573884963989, 1.1957205533981323, 0.0016436175210401416, 0.00118900160305202, 0.04563939571380615, 0.8108891844749451, 0.00516283605247736, 0.006518529728055, 0.00027771908207796514, 0.07821320742368698, 0.23711834847927094, 0.0005216429708525538, 0.001142206834629178, 0.1055755466222763, 0.5154911875724792, 0.00045563330058939755, 0.004025333561003208, 0.0002598424907773733]",0.9074945885407611,0.0004162677531976966
626,313,290,464,0.00032806396484375,0.00029286660719662905,0.9077352168348046,"[16.1612548828125, 0.00044347942457534373, 0.02185755781829357, 0.0002723561483435333, 0.7476339936256409, 1.1951056718826294, 0.0016795588890090585, 0.0013400870375335217, 0.04551103338599205, 0.7616198658943176, 0.005092862527817488, 0.006569692399352789, 0.00027366707217879593, 0.07983849197626114, 0.2648903727531433, 0.0005168771021999419, 0.0011698314920067787, 0.11726293712854385, 0.5529422760009766, 0.0004499138449318707, 0.0041909487918019295, 0.0002584123576525599]",0.9074945885407611,-0.00024062829404347674
627,246,214,464,0.000457763671875,0.00042125204345211387,0.9116850585904269,"[16.242774963378906, 0.0003955773718189448, 0.021644214168190956, 0.0002723561483435333, 0.736934244632721, 1.219541072845459, 0.0017338256584480405, 0.0013447299133986235, 0.04533890634775162, 0.761806070804596, 0.005070801824331284, 0.006622391752898693, 0.0002733095607254654, 0.07943139970302582, 0.266117125749588, 0.0005184260080568492, 0.0009816833771765232, 0.10872375220060349, 0.5528403520584106, 0.0004065402317792177, 0.004038987681269646, 0.00026055757189169526]",0.9074945885407611,-0.004190470049665773
628,211,181,464,0.000522613525390625,0.00048589688958600163,0.9060839509184007,"[16.237836837768555, 0.0004010588163509965, 0.022580880671739578, 0.00027021096320822835, 0.6878276467323303, 1.194887638092041, 0.0016737275291234255, 0.0013740155845880508, 0.04074813798069954, 0.7617535591125488, 0.005079104099422693, 0.007298118434846401, 0.00027295202016830444, 0.06941821426153183, 0.263817697763443, 0.0005235493299551308, 0.001122083282098174, 0.11648445576429367, 0.5155664682388306, 0.000447530735982582, 0.004199496004730463, 0.00026353701832704246]",0.9074945885407611,0.0014106376223604888
629,340,336,464,0.0002346038818359375,0.00019713930669240654,0.9072759958957746,"[16.151567459106445, 0.0004456242313608527, 0.022009866312146187, 0.0002733095607254654, 0.7489644289016724, 1.1921005249023438, 0.0016770598012953997, 0.0013106813421472907, 0.04608631879091263, 0.8095352053642273, 0.0050725811161100864, 0.007127691060304642, 0.00027736154152080417, 0.07960524410009384, 0.264090359210968, 0.0005384425749070942, 0.001116486731916666, 0.10810230672359467, 0.5153018832206726, 0.0004037995240651071, 0.004205075558274984, 0.0002602000313345343]",0.9074945885407611,0.0002185926449865816
630,345,342,464,0.00021457672119140625,0.00018050416838377714,0.9073547460879623,"[16.191850662231445, 0.00038675934774801135, 0.022419098764657974, 0.0002740246127359569, 0.758178174495697, 1.1963064670562744, 0.0016838433220982552, 0.0013394916895776987, 0.041031818836927414, 0.761772096157074, 0.004984334111213684, 0.00629359669983387, 0.00027616979787126184, 0.07162173092365265, 0.26365140080451965, 0.000512111175339669, 0.0011654258705675602, 0.11698385328054428, 0.5163328051567078, 0.0004469349514693022, 0.0040315077640116215, 0.000262106885202229]",0.9074945885407611,0.0001398424527988551
631,326,306,464,0.000286102294921875,0.0002620650047902018,0.9083893697057978,"[16.17222785949707, 0.00044109628652222455, 0.022357316687703133, 0.00027426297310739756, 0.7512876987457275, 1.2085837125778198, 0.00168658047914505, 0.0011931689223274589, 0.044796932488679886, 0.7623587250709534, 0.0051801507361233234, 0.006490104831755161, 0.0002748588449321687, 0.07961910963058472, 0.2629818022251129, 0.0005187834613025188, 0.0011239885352551937, 0.10532987862825394, 0.5529725551605225, 0.0004058252670802176, 0.0041993772611021996, 0.0002623452164698392]",0.9074945885407611,-0.0008947811650366067
632,277,237,464,0.000392913818359375,0.00037440593587234616,0.9069353437609441,"[16.19841194152832, 0.00045015214709565043, 0.022092659026384354, 0.00027569307712838054, 0.745837390422821, 1.1969541311264038, 0.0016781308222562075, 0.0012012654915452003, 0.04059705510735512, 0.7626309990882874, 0.005212645046412945, 0.006491881795227528, 0.0002774807217065245, 0.07997605949640274, 0.26531708240509033, 0.0005243833875283599, 0.0010118131758645177, 0.10359927266836166, 0.515300989151001, 0.0004543225804809481, 0.004020703490823507, 0.0002615109842736274]",0.9074945885407611,0.0005592447798170586
633,303,272,464,0.000339508056640625,0.0003175096644554287,0.9102834242181747,"[16.243499755859375, 0.0003914067056030035, 0.02223234251141548, 0.00027259447961114347, 0.75870281457901, 1.2062410116195679, 0.001690864795818925, 0.0013434203574433923, 0.04531395807862282, 0.7618371248245239, 0.0050629740580916405, 0.006490697152912617, 0.00027533553657121956, 0.07925289869308472, 0.2653252184391022, 0.0005351065192371607, 0.0011173202656209469, 0.10586072504520416, 0.5158719420433044, 0.0004528927383944392, 0.004202344920486212, 0.00026258357684127986]",0.9074945885407611,-0.0027888356774135037
634,354,349,464,0.00015735626220703125,0.00012821971904486418,0.9059036895354935,"[16.179716110229492, 0.00039986721822060645, 0.022292500361800194, 0.00026806574896909297, 0.7448354363441467, 1.1940975189208984, 0.0016793209360912442, 0.00119138287845999, 0.04200103133916855, 0.7618561387062073, 0.005098318215459585, 0.007104136515408754, 0.0002747396647464484, 0.07998871058225632, 0.2642727792263031, 0.0005326044629327953, 0.0010126468259841204, 0.10320743918418884, 0.5153133869171143, 0.0004539651272352785, 0.004021771717816591, 0.0002632986579556018]",0.9074945885407611,0.0015908990052676542
635,350,347,464,0.000179290771484375,0.00014351579011417925,0.9083169668275249,"[16.2009220123291, 0.00039283663500100374, 0.022678425535559654, 0.00026901919045485556, 0.7576571702957153, 1.195609450340271, 0.001693958998657763, 0.0013622299302369356, 0.04444009065628052, 0.7614386081695557, 0.005001177545636892, 0.007146155461668968, 0.00027497802511788905, 0.07965676486492157, 0.2653566598892212, 0.0005216429708525538, 0.0011394681641831994, 0.11737361550331116, 0.5153030753135681, 0.0004514628672040999, 0.004023671615868807, 0.00026079590315930545]",0.9074945885407611,-0.0008223782867637919
636,323,309,464,0.000293731689453125,0.00025913360877893865,0.9071009426076092,"[16.18426513671875, 0.00044276448898017406, 0.022567709907889366, 0.0002727136597968638, 0.7599448561668396, 1.1939469575881958, 0.0016905077500268817, 0.0013606823049485683, 0.04576580971479416, 0.7615442276000977, 0.004533133469521999, 0.006611259654164314, 0.0002768848498817533, 0.07094857841730118, 0.264457106590271, 0.0005233110277913511, 0.0011400636285543442, 0.11573775112628937, 0.5152710676193237, 0.0004583738627843559, 0.004229529295116663, 0.00023231192608363926]",0.9074945885407611,0.00039364593315194263
637,298,273,464,0.000347137451171875,0.00031567973201163113,0.9074274038694884,"[16.211719512939453, 0.00045015214709565043, 0.02200625278055668, 0.0002743821241892874, 0.7399551868438721, 1.1954004764556885, 0.0016686100279912353, 0.0011941214324906468, 0.0455532930791378, 0.7623182535171509, 0.005049689672887325, 0.006319776643067598, 0.0002818902430590242, 0.0798989087343216, 0.26439714431762695, 0.0005218812730163336, 0.0011335145682096481, 0.10532151162624359, 0.5152574181556702, 0.00040356122190132737, 0.004015597980469465, 0.00026174934464506805]",0.9074945885407611,6.718467127275751e-05
638,292,262,464,0.000362396240234375,0.0003330855106469244,0.9073944295259108,"[16.211318969726562, 0.00045134371612221, 0.022206459194421768, 0.0002686616498976946, 0.7391899824142456, 1.1988524198532104, 0.001671228208579123, 0.001319729257375002, 0.040356989949941635, 0.7619883418083191, 0.005065464414656162, 0.007353383116424084, 0.000276765669696033, 0.07984498143196106, 0.26287779211997986, 0.0005209281225688756, 0.001122440560720861, 0.10816746950149536, 0.5151098966598511, 0.00044907975825481117, 0.004002062138170004, 0.00026306029758416116]",0.9074945885407611,0.00010015901485038725
639,293,264,464,0.00035858154296875,0.00033217869349755347,0.9070210509975865,"[16.190845489501953, 0.00039772229501977563, 0.022601857781410217, 0.00027295202016830444, 0.7503647804260254, 1.2051341533660889, 0.0016905077500268817, 0.0013429442187771201, 0.04029962420463562, 0.7619357109069824, 0.0049997540190815926, 0.006334228441119194, 0.00027640812913887203, 0.078170545399189, 0.264239102602005, 0.0005304598016664386, 0.0011374439345672727, 0.10362828522920609, 0.5155594348907471, 0.00041106835124082863, 0.004027945920825005, 0.0002627027570270002]",0.9074945885407611,0.00047353754317469576
640,287,254,464,0.0003681182861328125,0.0003443417663220316,0.9124303831922589,"[16.248085021972656, 0.00045134371612221, 0.02230415865778923, 0.0002740246127359569, 0.739934504032135, 1.2072629928588867, 0.0016586130950599909, 0.0013403251068666577, 0.043767329305410385, 0.7620041370391846, 0.005036049522459507, 0.006279855500906706, 0.00027700403006747365, 0.08036632090806961, 0.28570157289505005, 0.0005295066512189806, 0.0011120808776468039, 0.1035386472940445, 0.5588572025299072, 0.00044860312482342124, 0.004003368318080902, 0.00023576818057335913]",0.9074945885407611,-0.004935794651497738
641,230,193,464,0.00048065185546875,0.00045827555004507303,0.9079266089035876,"[16.178442001342773, 0.0004528927383944392, 0.021768679842352867, 0.00027700403006747365, 0.7485306262969971, 1.194701910018921, 0.001677297754213214, 0.0011965028243139386, 0.04462844505906105, 0.7625300288200378, 0.005121445283293724, 0.006488565355539322, 0.00027533553657121956, 0.07100832462310791, 0.26497021317481995, 0.0005273620481602848, 0.0011380392825230956, 0.11651161313056946, 0.5494060516357422, 0.0004465774691198021, 0.004027352202683687, 0.00025912740966305137]",0.9074945885407611,-0.000432020362826413
642,310,279,464,0.0003337860107421875,0.0003103481139987707,0.9098920919204829,"[16.221872329711914, 0.0004441943601705134, 0.021992957219481468, 0.0002740246127359569, 0.7459847331047058, 1.1942960023880005, 0.001674322527833283, 0.0012697261990979314, 0.045633476227521896, 0.7622712850570679, 0.005073767155408859, 0.006503014825284481, 0.0002746204845607281, 0.07950197160243988, 0.2921658158302307, 0.0005290300468914211, 0.0010399178136140108, 0.11614412814378738, 0.5157800912857056, 0.00045789722935296595, 0.004183589015156031, 0.00025912740966305137]",0.9074945885407611,-0.002397503379721777
643,355,352,464,0.00014019012451171875,0.000114443275379017,0.9044766138104023,"[16.140695571899414, 0.0003916450368706137, 0.022004736587405205, 0.00027640812913887203, 0.7460863590240479, 1.1943429708480835, 0.001673013437539339, 0.0011632826644927263, 0.04046918824315071, 0.7619074583053589, 0.005140658468008041, 0.007180124055594206, 0.00027450130437500775, 0.07095491141080856, 0.2372826188802719, 0.0005273620481602848, 0.0011724510695785284, 0.10893331468105316, 0.5530989766120911, 0.0004433602443896234, 0.00420388812199235, 0.0002627027570270002]",0.9074945885407611,0.003017974730358808
644,357,354,464,0.00011873245239257812,9.358076204080135e-05,0.9146323398070474,"[16.25494956970215, 0.0004440752090886235, 0.022356851026415825, 0.000271879427600652, 0.7397229075431824, 1.208162546157837, 0.001672894461080432, 0.0011686407960951328, 0.04077400267124176, 0.8098785877227783, 0.0050900159403681755, 0.006532623432576656, 0.0002790300059132278, 0.08123552054166794, 0.26603782176971436, 0.0005220004240982234, 0.001141730579547584, 0.10885794460773468, 0.5679361820220947, 0.00046266341814771295, 0.004185013473033905, 0.00022897482267580926]",0.9074945885407611,-0.007137751266286241
645,347,341,464,0.000202178955078125,0.00018127325165551156,0.9050259335642543,"[16.204736709594727, 0.0004549183649942279, 0.022066889330744743, 0.0002708068350329995, 0.6966602802276611, 1.195202350616455, 0.0016701571876183152, 0.001192573574371636, 0.04598579183220863, 0.7614559531211853, 0.005163785070180893, 0.006484775338321924, 0.000278195773717016, 0.07972930371761322, 0.2623876929283142, 0.0005266471416689456, 0.0011449456214904785, 0.10479778796434402, 0.5156475901603699, 0.00044919890933670104, 0.004029370378702879, 0.0002348147245356813]",0.9074945885407611,0.0024686549765068344
646,342,331,464,0.000232696533203125,0.00021343167463783175,0.9042347038881747,"[16.185150146484375, 0.0004465774691198021, 0.02186642214655876, 0.00027259447961114347, 0.7451652884483337, 1.119793176651001, 0.0016756316181272268, 0.0013434203574433923, 0.04581431671977043, 0.7616816163063049, 0.005087762605398893, 0.006463219411671162, 0.000276765669696033, 0.07086018472909927, 0.26318350434303284, 0.0005191409145481884, 0.0011685217032209039, 0.10437645763158798, 0.5531424283981323, 0.00040189296123571694, 0.0042140972800552845, 0.0002603192115202546]",0.9074945885407611,0.00325988465258642
647,339,330,464,0.00023555755615234375,0.00021440010459627956,0.9047435773377814,"[16.182825088500977, 0.00044490929576568305, 0.022499293088912964, 0.0002746204845607281, 0.7573950290679932, 1.1532946825027466, 0.0016419512685388327, 0.0013711584033444524, 0.04076645150780678, 0.7616443634033203, 0.004971048794686794, 0.006472102366387844, 0.00027652730932459235, 0.07986732572317123, 0.2646041512489319, 0.0005069877952337265, 0.0011655449634417892, 0.1036943793296814, 0.5157158970832825, 0.0004522969538811594, 0.0042143347673118114, 0.00026055757189169526]",0.9074945885407611,0.002751011202979714
648,349,346,464,0.00018024444580078125,0.00015283179527614266,0.9041180237982189,"[16.14618682861328, 0.0004409771354403347, 0.022145597264170647, 0.00027259447961114347, 0.7473922967910767, 1.1942723989486694, 0.001652424456551671, 0.0013441346818581223, 0.04522155970335007, 0.7580072283744812, 0.004990502260625362, 0.006473523564636707, 0.0002746204845607281, 0.07981174439191818, 0.26402178406715393, 0.0005719218170270324, 0.00114827963989228, 0.10478705167770386, 0.506676197052002, 0.00045158201828598976, 0.00419557886198163, 0.00025769727653823793]",0.9074945885407611,0.0033765647425422207
649,332,326,464,0.000255584716796875,0.0002250537509098649,0.9098300280298148,"[16.23609161376953, 0.0003927174839191139, 0.022525984793901443, 0.0002693767019081861, 0.7566318511962891, 1.1939398050308228, 0.0016562328673899174, 0.0011837625643238425, 0.04561001434922218, 0.7618634104728699, 0.005022290628403425, 0.0063967714086174965, 0.00028534632292576134, 0.07263436913490295, 0.28554800152778625, 0.0005194983095861971, 0.0011195826809853315, 0.10438655316829681, 0.515312671661377, 0.0004085659747943282, 0.00420008972287178, 0.000262106885202229]",0.9074945885407611,-0.002335439489053681
650,299,274,464,0.000347137451171875,0.0003142584173474461,0.9112794054301709,"[16.259109497070312, 0.00039986721822060645, 0.02179165743291378, 0.0002760506176855415, 0.7494006156921387, 1.1953160762786865, 0.0016543286619707942, 0.0013380631571635604, 0.045429132878780365, 0.7607781291007996, 0.0052081383764743805, 0.00731669832020998, 0.0002714027068577707, 0.0696077048778534, 0.2939494252204895, 0.0005373702733777463, 0.0011367294937372208, 0.11739767342805862, 0.5124948024749756, 0.00045253525604493916, 0.00402105925604701, 0.00025996167096309364]",0.9074945885407611,-0.0037848168894097922
651,318,300,464,0.000308990478515625,0.00027468768530525267,0.908229980383608,"[16.221153259277344, 0.0004040378553327173, 0.022615261375904083, 0.0002723561483435333, 0.758313775062561, 1.1943193674087524, 0.001650877296924591, 0.0013397298753261566, 0.040684618055820465, 0.7608660459518433, 0.005124885123223066, 0.006525991018861532, 0.0002759314374998212, 0.07994524389505386, 0.2643294334411621, 0.0005259322933852673, 0.0011410161387175322, 0.10405056923627853, 0.5124578475952148, 0.00040725519647821784, 0.004397603217512369, 0.0002585315378382802]",0.9074945885407611,-0.0007353918428468775
652,351,348,464,0.00017452239990234375,0.000135108464746736,0.9061684288224735,"[16.182180404663086, 0.00044741155579686165, 0.02195773832499981, 0.0002735478919930756, 0.6873148083686829, 1.2072114944458008, 0.001680391957052052, 0.001210790709592402, 0.04606810584664345, 0.7617536783218384, 0.005149553529918194, 0.007272438146173954, 0.00027736154152080417, 0.07105473428964615, 0.26529449224472046, 0.0005258131423033774, 0.0011701886542141438, 0.11711417883634567, 0.5530073642730713, 0.0004573014739435166, 0.004022959154099226, 0.00026067672297358513]",0.9074945885407611,0.001326159718287645
653,330,327,464,0.0002651214599609375,0.0002231652324553579,0.9106811427535088,"[16.203636169433594, 0.00044431351125240326, 0.021858256310224533, 0.0002760506176855415, 0.7479957342147827, 1.1958421468734741, 0.0016599221853539348, 0.0013516347389668226, 0.040471017360687256, 0.7624499797821045, 0.0050729368813335896, 0.006289806216955185, 0.00027509720530360937, 0.0793667659163475, 0.2918849587440491, 0.0005168771021999419, 0.0011174393584951758, 0.11756260693073273, 0.5522428750991821, 0.0004010588163509965, 0.0040123919025063515, 0.0002571013756096363]",0.9074945885407611,-0.0031865542127476054
654,271,246,464,0.00040435791015625,0.0003638464550022036,0.9085165411273589,"[16.15569305419922, 0.00044467096449807286, 0.019996481016278267, 0.0002739054325502366, 0.7449313402175903, 1.2077457904815674, 0.0014897212386131287, 0.0013672299683094025, 0.0416044257581234, 0.8097184300422668, 0.0050689042545855045, 0.0064718653447926044, 0.00028153270250186324, 0.07231449335813522, 0.2926410734653473, 0.0005200940649956465, 0.0010082405060529709, 0.10581300407648087, 0.5150866508483887, 0.0004505096294451505, 0.0041812146082520485, 0.00026127262390218675]",0.9074945885407611,-0.001021952586597763
655,305,282,464,0.0003376007080078125,0.0003022028540726751,0.9114173729665874,"[16.234779357910156, 0.00044919890933670104, 0.02220400981605053, 0.000270091783022508, 0.7388822436332703, 1.1945620775222778, 0.0016617074143141508, 0.0013147291028872132, 0.04565693810582161, 0.809217631816864, 0.005182167049497366, 0.006483117118477821, 0.0002775999018922448, 0.07987558096647263, 0.2848678231239319, 0.0005165196489542723, 0.0011718557216227055, 0.10416336357593536, 0.5149284601211548, 0.00044347942457534373, 0.004014529287815094, 0.000259723310591653]",0.9074945885407611,-0.003922784425826276
656,327,317,464,0.0002841949462890625,0.00025437012664042413,0.9072835661665356,"[16.21036720275879, 0.00040439533768221736, 0.021759815514087677, 0.00027259447961114347, 0.7504028081893921, 1.1940808296203613, 0.0016842002514749765, 0.0013199674431234598, 0.040407709777355194, 0.7624049186706543, 0.004573955200612545, 0.006366210989654064, 0.00027891082572750747, 0.0806320533156395, 0.26189589500427246, 0.0005233110277913511, 0.001140778069384396, 0.10443155467510223, 0.5123909711837769, 0.0004545609117485583, 0.0042143347673118114, 0.00023147765023168176]",0.9074945885407611,0.0002110223742255446
657,315,286,464,0.000324249267578125,0.0003009625943377614,0.9088292760504622,"[16.176464080810547, 0.0004457433824427426, 0.022139882668852806, 0.00027509720530360937, 0.739837110042572, 1.1951030492782593, 0.001675869687460363, 0.0013019903562963009, 0.04600651562213898, 0.7571166157722473, 0.005096183158457279, 0.0071042547933757305, 0.0002797450579237193, 0.07965455949306488, 0.29284051060676575, 0.0005260513862594962, 0.001134705264121294, 0.10905689001083374, 0.5532674193382263, 0.00044955636258237064, 0.00420816196128726, 0.00026008085114881396]",0.9074945885407611,-0.0013346875097010047
658,319,295,464,0.0003070831298828125,0.00028855312848463655,0.9056163957601794,"[16.17161750793457, 0.0004468158003874123, 0.021983861923217773, 0.0002706876548472792, 0.7433823347091675, 1.194250464439392, 0.001668252982199192, 0.0013466347008943558, 0.04466595500707626, 0.7617772221565247, 0.005098436959087849, 0.006400917191058397, 0.00027259447961114347, 0.0795958861708641, 0.2645774185657501, 0.0005250982358120382, 0.0011391110019758344, 0.10447343438863754, 0.515343189239502, 0.0004502712981775403, 0.00401405431330204, 0.00026055757189169526]",0.9074945885407611,0.0018781927805817666
659,311,281,464,0.0003299713134765625,0.0003049782826565206,0.9078368685917336,"[16.19523048400879, 0.00045003299601376057, 0.022016746923327446, 0.00027426297310739756, 0.7365214824676514, 1.1956034898757935, 0.0016962201334536076, 0.0013158005895093083, 0.04564771056175232, 0.7618765234947205, 0.005055620335042477, 0.006457178853452206, 0.00027855331427417696, 0.07986534386873245, 0.29434242844581604, 0.000529149197973311, 0.0011397063499316573, 0.10460754483938217, 0.5147557258605957, 0.00045158201828598976, 0.004031389020383358, 0.0002641328901518136]",0.9074945885407611,-0.0003422800509724766
660,329,322,464,0.0002689361572265625,0.00023032628814689815,0.9093822586331622,"[16.188201904296875, 0.000448841426987201, 0.021980946883559227, 0.00027092601521871984, 0.7567970156669617, 1.2062984704971313, 0.0016719423001632094, 0.0012015035608783364, 0.045366134494543076, 0.7618433237075806, 0.004979233723133802, 0.007316224742680788, 0.0002766464895103127, 0.08037148416042328, 0.2643842399120331, 0.0005184260080568492, 0.0011723319767042994, 0.10505914688110352, 0.5535089373588562, 0.00045122456504032016, 0.004023315384984016, 0.0002674698771443218]",0.9074945885407611,-0.0018876700924010947
661,352,350,464,0.00017261505126953125,0.00012066475028404966,0.9028309922703722,"[16.148561477661133, 0.0004450284468475729, 0.02240149676799774, 0.0002733095607254654, 0.6958538293838501, 1.1951251029968262, 0.0016593271866440773, 0.0011959074763581157, 0.04539119824767113, 0.7621829509735107, 0.00500865001231432, 0.006287436932325363, 0.0002802217786666006, 0.07309743016958237, 0.26528772711753845, 0.0005265279905870557, 0.0011370867723599076, 0.11680981516838074, 0.5158681869506836, 0.0004605186404660344, 0.004197122063487768, 0.00023147765023168176]",0.9074945885407611,0.0046635962703889255
662,341,344,464,0.0002346038818359375,0.0001699222339084372,0.9105576483852929,"[16.216262817382812, 0.0004530118894763291, 0.021991092711687088, 0.00027164106722921133, 0.7459112405776978, 1.2210811376571655, 0.0016608743462711573, 0.0013491347199305892, 0.04103033244609833, 0.7620806097984314, 0.005089185666292906, 0.007200363092124462, 0.000276765669696033, 0.07970354706048965, 0.26468154788017273, 0.0005202132160775363, 0.0011179156135767698, 0.1043170690536499, 0.5525816082954407, 0.0004024887748528272, 0.004021415486931801, 0.00026425207033753395]",0.9074945885407611,-0.0030630598445317014
663,283,275,464,0.0003795623779296875,0.0003136984014417976,0.9055728024779289,"[16.168766021728516, 0.0003987947420682758, 0.02212192676961422, 0.0002696150622796267, 0.74622642993927, 1.1995762586593628, 0.0016768217319622636, 0.001348063233308494, 0.0448615625500679, 0.7624307870864868, 0.005113499239087105, 0.0073371706530451775, 0.0002766464895103127, 0.07068803906440735, 0.26465070247650146, 0.0005327236140146852, 0.001142206834629178, 0.10505817830562592, 0.5152195692062378, 0.0004468158003874123, 0.004197952803224325, 0.0002618685248307884]",0.9074945885407611,0.0019217860628322203
664,278,268,464,0.000392913818359375,0.0003279644879512489,0.906602964645241,"[16.155683517456055, 0.000436091679148376, 0.0222584567964077, 0.00027021096320822835, 0.745107889175415, 1.1954681873321533, 0.0016543286619707942, 0.0013523490633815527, 0.04075191542506218, 0.7620000243186951, 0.004990739282220602, 0.007247703615576029, 0.0002752163854893297, 0.0797879695892334, 0.2638315260410309, 0.0005069877952337265, 0.0011373248416930437, 0.10407184064388275, 0.5537048578262329, 0.0004502712981775403, 0.004018209874629974, 0.00025960413040593266]",0.9074945885407611,0.0008916238955201106
665,267,251,464,0.0004100799560546875,0.0003472938551567495,0.907760081656637,"[16.152042388916016, 0.00040189296123571694, 0.02248973585665226, 0.00026675479602999985, 0.7501698732376099, 1.2094922065734863, 0.0016742035513743758, 0.0011949549661949277, 0.045900970697402954, 0.7623119354248047, 0.005007226951420307, 0.007281550671905279, 0.0002766464895103127, 0.08057816326618195, 0.26440107822418213, 0.0005208089714869857, 0.0010374169796705246, 0.10822256654500961, 0.5527841448783875, 0.0004070168943144381, 0.004027470946311951, 0.00023278864682652056]",0.9074945885407611,-0.00026549311587587
666,262,250,464,0.0004253387451171875,0.00035497304634191096,0.9104085841179106,"[16.25040054321289, 0.0004440752090886235, 0.022208673879504204, 0.0002706876548472792, 0.7581713199615479, 1.1967856884002686, 0.001653971616178751, 0.0013452060520648956, 0.04533594474196434, 0.7617616653442383, 0.005171730648726225, 0.006554296240210533, 0.00027533553657121956, 0.07959015667438507, 0.2647050619125366, 0.0005233110277913511, 0.0011343479854986072, 0.11293202638626099, 0.5154556035995483, 0.0004539651272352785, 0.0035584955476224422, 0.00025674383505247533]",0.9074945885407611,-0.002913995577149442
667,202,194,464,0.000537872314453125,0.00045400060480460525,0.9086238703338577,"[16.217866897583008, 0.00044943721150048077, 0.021756432950496674, 0.0002759314374998212, 0.7405222654342651, 1.1943846940994263, 0.0016847953666001558, 0.0011950739426538348, 0.04541432484984398, 0.7621333599090576, 0.005060245748609304, 0.006561283953487873, 0.00027736154152080417, 0.0706758201122284, 0.29411759972572327, 0.0005172345554456115, 0.0011208925861865282, 0.10471555590629578, 0.516119122505188, 0.0004085659747943282, 0.004205787554383278, 0.00026246439665555954]",0.9074945885407611,-0.0011292817930965704
668,116,102,464,0.0007476806640625,0.0006536461878567934,0.9065559311579405,"[16.171459197998047, 0.0003967689990531653, 0.022508734837174416, 0.00026854246971197426, 0.7391695380210876, 1.1948752403259277, 0.0016747985500842333, 0.0011926926672458649, 0.04047846049070358, 0.7616260647773743, 0.005097013432532549, 0.007197522558271885, 0.0002755738969426602, 0.07956990599632263, 0.29158514738082886, 0.0005227153305895627, 0.00114125432446599, 0.1047726646065712, 0.5155714154243469, 0.00040260792593471706, 0.004182995297014713, 0.0002616301644593477]",0.9074945885407611,0.000938657382820618
669,163,157,464,0.000637054443359375,0.0005372391315177083,0.9083075210219249,"[16.21698760986328, 0.0004042761866003275, 0.02210128866136074, 0.00027259447961114347, 0.7590720653533936, 1.195029377937317, 0.0016915787709876895, 0.0013397298753261566, 0.04206378385424614, 0.7615576982498169, 0.004995009396225214, 0.007114671170711517, 0.00027497802511788905, 0.07992708683013916, 0.26481667160987854, 0.000520570669323206, 0.0010888606775552034, 0.10361388325691223, 0.5151649117469788, 0.00045789722935296595, 0.00401369808241725, 0.00025722055579535663]",0.9074945885407611,-0.0008129324811637639
670,245,243,464,0.0004596710205078125,0.00036801735404878855,0.9075934301231015,"[16.142168045043945, 0.0004462200158741325, 0.021772412583231926, 0.00027450130437500775, 0.758780300617218, 1.1941587924957275, 0.001658851164393127, 0.0013175864005461335, 0.046575482934713364, 0.7624059915542603, 0.004982317797839642, 0.006490460131317377, 0.0002748588449321687, 0.079986073076725, 0.26405611634254456, 0.0005264088395051658, 0.001157567254267633, 0.10821165144443512, 0.5671267509460449, 0.0004047528200317174, 0.00401702243834734, 0.0002632986579556018]",0.9074945885407611,-9.884158234030327e-05
671,106,82,464,0.00077056884765625,0.0006958261947147548,0.9054899294556393,"[16.158531188964844, 0.00045003299601376057, 0.021821750327944756, 0.00027223696815781295, 0.7487280964851379, 1.1957297325134277, 0.001671109232120216, 0.0011664974736049771, 0.04615234583616257, 0.7619441747665405, 0.005082662217319012, 0.006563415750861168, 0.0002833203470800072, 0.07993919402360916, 0.26401254534721375, 0.0005243833875283599, 0.0010546842822805047, 0.10715656727552414, 0.5147696733474731, 0.00045813556062057614, 0.004206262528896332, 0.00026043839170597494]",0.9074945885407611,0.0020046590851218182
673,81,46,464,0.00083160400390625,0.0007894773734733462,0.9053731410055083,"[16.175586700439453, 0.000403084559366107, 0.022043917328119278, 0.00027259447961114347, 0.7369996309280396, 1.1911890506744385, 0.0016657537780702114, 0.0012986568035557866, 0.045603636652231216, 0.7629835605621338, 0.004999279510229826, 0.007285811007022858, 0.0002754547167569399, 0.07993467897176743, 0.2652169466018677, 0.0005235493299551308, 0.0011394681641831994, 0.10437806695699692, 0.5116654634475708, 0.00045944625162519515, 0.004022959154099226, 0.0002613918040879071]",0.9074945885407611,0.002121447535252896
674,149,119,464,0.000667572021484375,0.0006128823151811957,0.9106100284407148,"[16.24864387512207, 0.0004027270770166069, 0.02233726531267166, 0.0002696150622796267, 0.7518520951271057, 1.192798376083374, 0.0016928878612816334, 0.0011972171487286687, 0.04136780649423599, 0.7624898552894592, 0.005019207019358873, 0.007342022843658924, 0.00027926836628466845, 0.0777960792183876, 0.29271766543388367, 0.0005118728731758893, 0.0011257746955379844, 0.10547749698162079, 0.5153675079345703, 0.0004489606071729213, 0.004020584747195244, 0.00026246439665555954]",0.9074945885407611,-0.0031154398999536648
675,242,228,464,0.0004634857177734375,0.0003871245717164129,0.9058915731161092,"[16.175661087036133, 0.0004542034293990582, 0.02198188006877899, 0.0002797450579237193, 0.7364557981491089, 1.1946189403533936, 0.001680630026385188, 0.0013499680208042264, 0.0405421108007431, 0.7632440328598022, 0.004954679403454065, 0.006408142391592264, 0.0002786724944598973, 0.07947532832622528, 0.26379290223121643, 0.0005308172549121082, 0.0011388728162273765, 0.11708258092403412, 0.5149973630905151, 0.00040439533768221736, 0.004019159823656082, 0.0002632986579556018]",0.9074945885407611,0.0016030154246519102
676,300,315,464,0.0003452301025390625,0.00025593527243472636,0.9063264121862382,"[16.193525314331055, 0.000448841426987201, 0.022125424817204475, 0.000271879427600652, 0.7375325560569763, 1.1960937976837158, 0.0016518294578418136, 0.0013153243344277143, 0.04125994071364403, 0.7616325616836548, 0.004590568132698536, 0.007352436427026987, 0.0002786724944598973, 0.08001996576786041, 0.26590919494628906, 0.0005303407087922096, 0.0010962436208501458, 0.10358099639415741, 0.5152338743209839, 0.0004522969538811594, 0.0040174974128603935, 0.0002615109842736274]",0.9074945885407611,0.0011681763545229318
677,256,263,464,0.00043487548828125,0.00033251658896915615,0.9086301981984765,"[16.215194702148438, 0.0004409771354403347, 0.021759115159511566, 0.00027569307712838054, 0.7355461716651917, 1.1955780982971191, 0.0016750366194173694, 0.0011990031925961375, 0.04010782018303871, 0.7615959048271179, 0.005091676488518715, 0.00635626120492816, 0.0002768848498817533, 0.07928890734910965, 0.26208561658859253, 0.0005212855176068842, 0.001105888863094151, 0.10408978164196014, 0.5529534816741943, 0.00045217780279926956, 0.004005743190646172, 0.0002641328901518136]",0.9074945885407611,-0.0011356096577153085
678,257,267,464,0.0004329681396484375,0.0003299545787740499,0.9098932992756917,"[16.251920700073242, 0.0004020121123176068, 0.021841462701559067, 0.00026913834153674543, 0.7467677593231201, 1.2087526321411133, 0.0016624215058982372, 0.0011993603548035026, 0.040763359516859055, 0.7618144154548645, 0.005142793525010347, 0.006328305695205927, 0.00027724236133508384, 0.07819832861423492, 0.26440584659576416, 0.0005253365379758179, 0.0011181537993252277, 0.10582897812128067, 0.5155153274536133, 0.00045348849380388856, 0.004203176125884056, 0.0002623452164698392]",0.9074945885407611,-0.002398710734930587
679,269,287,464,0.0004062652587890625,0.0002996083640027791,0.9086716157193719,"[16.240711212158203, 0.0003992714046034962, 0.022780505940318108, 0.0002759314374998212, 0.7475129961967468, 1.1966850757598877, 0.0016807490028440952, 0.001312586129643023, 0.04565625265240669, 0.7616721391677856, 0.005067718215286732, 0.006344178691506386, 0.0002734287118073553, 0.07079688459634781, 0.26400870084762573, 0.0005224770284257829, 0.0011408970458433032, 0.10358228534460068, 0.5156117677688599, 0.0004568248405121267, 0.004015835467725992, 0.00026782741770148277]",0.9074945885407611,-0.00117702717861079
680,53,37,464,0.000919342041015625,0.0008230300154536963,0.9063773826624542,"[16.201141357421875, 0.0004463391669560224, 0.022098373621702194, 0.00027533553657121956, 0.7456914782524109, 1.1932775974273682, 0.0016687290044501424, 0.0012034086976200342, 0.045496683567762375, 0.7612744569778442, 0.005127612501382828, 0.006323448847979307, 0.00027998341829515994, 0.06961449235677719, 0.2544584572315216, 0.0005164004978723824, 0.0010128850117325783, 0.11026906222105026, 0.5153844356536865, 0.0004551566671580076, 0.004025571048259735, 0.0002611534437164664]",0.9074945885407611,0.0011172058783069927
681,24,15,464,0.0009918212890625,0.0008952877833507955,0.9118160202395468,"[16.25516128540039, 0.0004483648226596415, 0.022283872589468956, 0.0002735478919930756, 0.746028482913971, 1.2060818672180176, 0.0016751555958762765, 0.001192930736579001, 0.0405065082013607, 0.7606395483016968, 0.004981013014912605, 0.006285541690886021, 0.0002809368306770921, 0.07959148287773132, 0.29454419016838074, 0.0005222387262620032, 0.001134824356995523, 0.1180003434419632, 0.5154170989990234, 0.00045158201828598976, 0.004189999308437109, 0.0002616301644593477]",0.9074945885407611,-0.004321431698785627
682,57,38,464,0.00091552734375,0.0008172509260475636,0.909922883278341,"[16.238849639892578, 0.0003999863693024963, 0.022169265896081924, 0.00027366707217879593, 0.7559319734573364, 1.1953270435333252, 0.001696577062830329, 0.0013500871136784554, 0.04567265138030052, 0.761767566204071, 0.005554954521358013, 0.007180597633123398, 0.00027724236133508384, 0.07980722934007645, 0.23725639283657074, 0.0005171154043637216, 0.0011469698511064053, 0.10584903508424759, 0.5523291230201721, 0.0004520586517173797, 0.004230122547596693, 0.0002641328901518136]",0.9074945885407611,-0.0024282947375798836
683,98,83,464,0.00079345703125,0.0006926469504833221,0.9056467291983691,"[16.215816497802734, 0.00044264530879445374, 0.021940013393759727, 0.0002656822034623474, 0.6968080401420593, 1.194432020187378, 0.0016817011637613177, 0.0012000747956335545, 0.04571273922920227, 0.7614028453826904, 0.005105434451252222, 0.007136686705052853, 0.00027938754647038877, 0.07986633479595184, 0.26440539956092834, 0.000521523819770664, 0.0011404207907617092, 0.10543233901262283, 0.5159258842468262, 0.0004349001101218164, 0.004014173056930304, 0.0002632986579556018]",0.9074945885407611,0.0018478593423920664
684,178,167,464,0.00060272216796875,0.0005142061854712665,0.9075288584519347,"[16.207883834838867, 0.00044586253352463245, 0.022531580179929733, 0.0002739054325502366, 0.7582625150680542, 1.1944224834442139, 0.0016673009376972914, 0.0012149580288678408, 0.040348172187805176, 0.7625548243522644, 0.005006752442568541, 0.006487025413662195, 0.00027497802511788905, 0.07259390503168106, 0.26504722237586975, 0.0005281960475258529, 0.001122440560720861, 0.10423296689987183, 0.5160300731658936, 0.00044860312482342124, 0.003994344733655453, 0.00026294111739844084]",0.9074945885407611,-3.42699111735012e-05
685,132,109,464,0.00070953369140625,0.0006349324830807745,0.9083288122624666,"[16.181432723999023, 0.00040046300273388624, 0.022827813401818275, 0.0002759314374998212, 0.7446527481079102, 1.2200244665145874, 0.0016822961624711752, 0.0013434203574433923, 0.040443770587444305, 0.7620902061462402, 0.004925498738884926, 0.007100940681993961, 0.00027307120035402477, 0.07931897044181824, 0.291394978761673, 0.0005347490659914911, 0.001141849672421813, 0.10680501163005829, 0.5118378400802612, 0.00044264530879445374, 0.004021771717816591, 0.0002627027570270002]",0.9074945885407611,-0.000834223721705496
686,9,5,464,0.00104522705078125,0.000977726886048913,0.9093878819112433,"[16.233488082885742, 0.0004533693427219987, 0.021781859919428825, 0.00027295202016830444, 0.730385422706604, 1.194884181022644, 0.0016719423001632094, 0.0013235389487817883, 0.04023756459355354, 0.7629191279411316, 0.004571107216179371, 0.006387532223016024, 0.00028153270250186324, 0.0799025446176529, 0.264199823141098, 0.0005212855176068842, 0.0011697123991325498, 0.10451573878526688, 0.5529088973999023, 0.00040713604539632797, 0.004016784951090813, 0.00023326536756940186]",0.9074945885407611,-0.001893293370482163
687,159,132,464,0.00064849853515625,0.0005771112628281116,0.9117578486349719,"[16.227415084838867, 0.0004483648226596415, 0.021389054134488106, 0.0002746204845607281, 0.7592377662658691, 1.207035779953003, 0.0016658727545291185, 0.0011730464175343513, 0.04575088992714882, 0.7618648409843445, 0.0050921509973704815, 0.007255277596414089, 0.00027164106722921133, 0.07965929061174393, 0.26453644037246704, 0.000520570669323206, 0.0010102650849148631, 0.11637919396162033, 0.5529814958572388, 0.0004493180604185909, 0.00402343412861228, 0.00023827097902540118]",0.9074945885407611,-0.004263260094210741
688,217,207,464,0.000507354736328125,0.00043550218106247485,0.9091530753450404,"[16.21813201904297, 0.00044979469384998083, 0.022048581391572952, 0.000277123210253194, 0.7573691010475159, 1.206176996231079, 0.0016921738861128688, 0.0013406822690740228, 0.04576728865504265, 0.761415421962738, 0.00518774101510644, 0.007110409904271364, 0.0002723561483435333, 0.07171028107404709, 0.26384809613227844, 0.0005192600074224174, 0.001090765930712223, 0.11628305166959763, 0.5159689784049988, 0.00040534863364882767, 0.004033882170915604, 0.0002683041093405336]",0.9074945885407611,-0.0016584868042792689
689,183,164,464,0.000591278076171875,0.0005203714244998991,0.9101002437806032,"[16.19057846069336, 0.0004444326623342931, 0.02156360074877739, 0.00027533553657121956, 0.7577788233757019, 1.1960698366165161, 0.0016720612766221166, 0.001189835020340979, 0.0447566956281662, 0.7617429494857788, 0.00496250856667757, 0.006326054688543081, 0.00028046013903804123, 0.07988967001438141, 0.2651961147785187, 0.0005183068569749594, 0.001141373417340219, 0.11634428054094315, 0.5665401220321655, 0.0004553949984256178, 0.004218726884573698, 0.0002603192115202546]",0.9074945885407611,-0.0026056552398420196
690,90,59,464,0.0008087158203125,0.0007564363768324256,0.906579416607697,"[16.18946075439453, 0.0004323977918829769, 0.021996689960360527, 0.00026842328952625394, 0.7448995113372803, 1.2047173976898193, 0.0016725374152883887, 0.0013156814966350794, 0.045672424137592316, 0.7608888745307922, 0.0050744786858558655, 0.0065553621388971806, 0.00027295202016830444, 0.0714370608329773, 0.2636798024177551, 0.0005197366117499769, 0.0011186301708221436, 0.10539467632770538, 0.5146343111991882, 0.0004508670826908201, 0.004021177999675274, 0.00026341783814132214]",0.9074945885407611,0.0009151719330641184
691,236,215,464,0.0004730224609375,0.0004204237775411457,0.9059586409923874,"[16.135162353515625, 0.00044371772673912346, 0.022126590833067894, 0.00027092601521871984, 0.6961367726325989, 1.1950678825378418, 0.0016559947980567813, 0.0013435394503176212, 0.04065898060798645, 0.8100931644439697, 0.0044991932809352875, 0.007118340115994215, 0.0002818902430590242, 0.07974636554718018, 0.26493024826049805, 0.0005143749876879156, 0.001141730579547584, 0.11230328679084778, 0.5528603792190552, 0.00044645831803791225, 0.00402675848454237, 0.0002611534437164664]",0.9074945885407611,0.0015359475483737173
692,248,229,464,0.0004558563232421875,0.00038703199243173003,0.9066909410255242,"[16.184587478637695, 0.00043871314846910536, 0.02188648097217083, 0.0002727136597968638, 0.744472324848175, 1.2089941501617432, 0.001679201959632337, 0.0013198483502492309, 0.04578448459506035, 0.7627519965171814, 0.005031661130487919, 0.006477076560258865, 0.0002748588449321687, 0.07246596366167068, 0.26480796933174133, 0.0005408254801295698, 0.0011404207907617092, 0.10451284050941467, 0.5150296688079834, 0.0004532501916401088, 0.00401642918586731, 0.0002623452164698392]",0.9074945885407611,0.0008036475152369826
693,307,321,464,0.000335693359375,0.00023880941444076598,0.9057857503675305,"[16.118122100830078, 0.0004499138449318707, 0.022022811695933342, 0.0002706876548472792, 0.7488808631896973, 1.207362174987793, 0.0016913408180698752, 0.0013112765736877918, 0.0449390634894371, 0.7618321180343628, 0.005160701461136341, 0.006476010661572218, 0.00027807659353129566, 0.07965896278619766, 0.2644819915294647, 0.0005224770284257829, 0.0011189873330295086, 0.10483310371637344, 0.5529673099517822, 0.00045110538485459983, 0.004193204455077648, 0.00026222606538794935]",0.9074945885407611,0.0017088381732306424
694,282,314,464,0.0003814697265625,0.0002564594033174217,0.9081629834465936,"[16.242631912231445, 0.00043501926120370626, 0.021990042179822922, 0.0002712835557758808, 0.7480606436729431, 1.1931970119476318, 0.0016561138909310102, 0.001342110801488161, 0.04050811007618904, 0.7619468569755554, 0.0050490968860685825, 0.00630011223256588, 0.000276765669696033, 0.06956745684146881, 0.2644954323768616, 0.0005212855176068842, 0.0011703077470883727, 0.10344717651605606, 0.5119621753692627, 0.0004563482361845672, 0.004040531348437071, 0.0002598424907773733]",0.9074945885407611,-0.0006683949058324812
695,240,261,464,0.00046539306640625,0.0003338776296004653,0.9061485073933991,"[16.186471939086914, 0.0004435985756572336, 0.02243821509182453, 0.0002714027068577707, 0.7404805421829224, 1.2060785293579102, 0.001677297754213214, 0.0013473490253090858, 0.04072284698486328, 0.7619670033454895, 0.005084678530693054, 0.006411577574908733, 0.0002746204845607281, 0.06960736960172653, 0.2652839720249176, 0.0005240259342826903, 0.0011376821203157306, 0.1043928936123848, 0.5157538652420044, 0.00045098623377270997, 0.004213978536427021, 0.00023278864682652056]",0.9074945885407611,0.0013460811473620105
696,235,248,464,0.0004749298095703125,0.0003618585760705173,0.9019242634286374,"[16.166210174560547, 0.0004412154376041144, 0.022018030285835266, 0.0002681849291548133, 0.7386730313301086, 1.1227130889892578, 0.0016693241195753217, 0.0013160386588424444, 0.04566536471247673, 0.7628558278083801, 0.005150383338332176, 0.006536413449794054, 0.0002747396647464484, 0.07841922342777252, 0.26461711525917053, 0.0005310555570758879, 0.0011517327511683106, 0.10347523540258408, 0.5155115127563477, 0.0004068977141287178, 0.0041946289129555225, 0.00023457636416424066]",0.9074945885407611,0.005570325112123742
697,165,154,464,0.00063323974609375,0.0005463343695737422,0.9093643680971581,"[16.22882843017578, 0.0004520586517173797, 0.02263239212334156, 0.0002752163854893297, 0.7392269968986511, 1.1949518918991089, 0.001655637752264738, 0.0013465156080201268, 0.040147215127944946, 0.7617363929748535, 0.005005922168493271, 0.006501001305878162, 0.0002752163854893297, 0.07747586816549301, 0.26281115412712097, 0.0005312938592396677, 0.001141730579547584, 0.10415026545524597, 0.5521256923675537, 0.0004567056894302368, 0.004028777126222849, 0.000259723310591653]",0.9074945885407611,-0.0018697795563969999
698,11,6,464,0.00103759765625,0.0009774737991392612,0.9109704791877778,"[16.249610900878906, 0.0004499138449318707, 0.021794341504573822, 0.0002734287118073553, 0.7373303174972534, 1.1938894987106323, 0.0016577800270169973, 0.0011643542675301433, 0.04522634297609329, 0.7634438276290894, 0.005096064880490303, 0.006483709439635277, 0.0002747396647464484, 0.0714903324842453, 0.26738691329956055, 0.0005227153305895627, 0.0011398254428058863, 0.11582502722740173, 0.5535570979118347, 0.0004435985756572336, 0.004028658382594585, 0.0002611534437164664]",0.9074945885407611,-0.0034758906470166995
699,86,53,464,0.000823974609375,0.000770672457292676,0.9125729282201395,"[16.26590919494629, 0.00044371772673912346, 0.02157001756131649, 0.0002706876548472792, 0.7587500214576721, 1.1946829557418823, 0.0016582560492679477, 0.0013404440833255649, 0.04566581919789314, 0.7619074583053589, 0.005071395076811314, 0.006572416052222252, 0.0002733095607254654, 0.07993192970752716, 0.29288604855537415, 0.000513064325787127, 0.0011431594612076879, 0.11703316867351532, 0.5162698030471802, 0.000442407006630674, 0.004009542521089315, 0.00025960413040593266]",0.9074945885407611,-0.005078339679378319
700,21,9,464,0.00099945068359375,0.0009360624244436622,0.9070479335377141,"[16.192182540893555, 0.0004493180604185909, 0.02228655479848385, 0.0002743821241892874, 0.7500110864639282, 1.1945427656173706, 0.0016518294578418136, 0.0011636398267000914, 0.04573073238134384, 0.7634646892547607, 0.005052061751484871, 0.0065287151373922825, 0.0002755738969426602, 0.07993115484714508, 0.26486989855766296, 0.0005260513862594962, 0.0011400636285543442, 0.10535777360200882, 0.514921247959137, 0.0004037995240651071, 0.004025214817374945, 0.00026544384309090674]",0.9074945885407611,0.0004466550030470806
701,184,177,464,0.00058746337890625,0.0004912373842671514,0.9095245607935464,"[16.2397518157959, 0.00045658653834834695, 0.022162269800901413, 0.000270091783022508, 0.75694739818573, 1.1955806016921997, 0.0016824151389300823, 0.0013465156080201268, 0.045793935656547546, 0.762238621711731, 0.005025018937885761, 0.007076912093907595, 0.00027724236133508384, 0.07957673072814941, 0.26515522599220276, 0.0005133026279509068, 0.001168402610346675, 0.1037534847855568, 0.5160346031188965, 0.0004477690381463617, 0.004017141181975603, 0.00026425207033753395]",0.9074945885407611,-0.002029972252785228
702,276,303,464,0.000396728515625,0.00027104723267257214,0.9090620196352988,"[16.21394157409668, 0.00044967554276809096, 0.022292383015155792, 0.00027092601521871984, 0.7484922409057617, 1.2208062410354614, 0.0016655157087370753, 0.001190073206089437, 0.04492812231183052, 0.7615587115287781, 0.005283677484840155, 0.007090169470757246, 0.00027426297310739756, 0.07952674478292465, 0.2643449902534485, 0.0005324853118509054, 0.0011376821203157306, 0.10433629155158997, 0.516387939453125, 0.00040439533768221736, 0.00418715039268136, 0.0002631794777698815]",0.9074945885407611,-0.001567431094537608
703,274,302,464,0.0003986358642578125,0.0002728243125602603,0.9057472167637157,"[16.21307945251465, 0.00044312194222584367, 0.022529248148202896, 0.0002708068350329995, 0.7315109968185425, 1.1953058242797852, 0.0016756316181272268, 0.0013153243344277143, 0.045746222138404846, 0.7620410919189453, 0.005282965954393148, 0.006529425736516714, 0.0002755738969426602, 0.07813713699579239, 0.2367827445268631, 0.0005199749139137566, 0.0011374439345672727, 0.10431019216775894, 0.514615535736084, 0.000456109904916957, 0.004242824390530586, 0.00023112009512260556]",0.9074945885407611,0.0017473717770454256
704,138,125,464,0.000690460205078125,0.0005962964496575296,0.9052847490635362,"[16.172061920166016, 0.00044145373976789415, 0.022361863404512405, 0.00027223696815781295, 0.7380497455596924, 1.1983551979064941, 0.001662064460106194, 0.0013406822690740228, 0.04517962783575058, 0.7615945935249329, 0.005092388018965721, 0.006441899575293064, 0.00027843413408845663, 0.07095357775688171, 0.2650258243083954, 0.0005247407825663686, 0.0011120808776468039, 0.10531410574913025, 0.5154701471328735, 0.00044955636258237064, 0.004019278567284346, 0.00026306029758416116]",0.9074945885407611,0.002209839477224973
705,203,183,464,0.000537872314453125,0.0004792714025825262,0.9059769361443945,"[16.212421417236328, 0.000447530735982582, 0.022120527923107147, 0.00027581225731410086, 0.7580596208572388, 1.1339749097824097, 0.0017030035378411412, 0.0013668728061020374, 0.04020538926124573, 0.762493908405304, 0.00506321107968688, 0.007113250438123941, 0.00027855331427417696, 0.07236284017562866, 0.23704789578914642, 0.0005281960475258529, 0.001122916815802455, 0.11664380878210068, 0.5535393357276917, 0.00045134371612221, 0.004008117597550154, 0.0002641328901518136]",0.9074945885407611,0.0015176523963666977
706,190,165,464,0.00057220458984375,0.0005177982384338975,0.9018460446214621,"[16.136871337890625, 0.00044645831803791225, 0.022354401648044586, 0.00027211778797209263, 0.7359974980354309, 1.1543861627578735, 0.0016726563917472959, 0.001320919836871326, 0.040439423173666, 0.761809766292572, 0.0050463685765862465, 0.007277171593159437, 0.0002714027068577707, 0.07973150163888931, 0.26542899012565613, 0.0005236684810370207, 0.001122202374972403, 0.10517579317092896, 0.5155491828918457, 0.00046206763363443315, 0.004190830048173666, 0.00026306029758416116]",0.9074945885407611,0.005648543919299032
707,108,87,464,0.000766754150390625,0.0006861936999484897,0.9074768049454591,"[16.196557998657227, 0.000398198957554996, 0.02265465259552002, 0.0002683041093405336, 0.7502195239067078, 1.2054297924041748, 0.0016644446877762675, 0.0011866202112287283, 0.04072284698486328, 0.7620607018470764, 0.005181574262678623, 0.006338374223560095, 0.00028153270250186324, 0.0710974782705307, 0.2643504738807678, 0.000523430178873241, 0.001128394273109734, 0.11711502820253372, 0.5125822424888611, 0.0004493180604185909, 0.004015479236841202, 0.0002632986579556018]",0.9074945885407611,1.7783595302023336e-05
708,134,130,464,0.000705718994140625,0.0005818696809001267,0.9030426287380661,"[16.131296157836914, 0.0003997480380348861, 0.022014765068888664, 0.00027223696815781295, 0.729546070098877, 1.1928861141204834, 0.0016690860502421856, 0.001347944256849587, 0.046027347445487976, 0.7617884874343872, 0.0049128057435154915, 0.006336716003715992, 0.0002818902430590242, 0.07743791490793228, 0.26489606499671936, 0.0005306981038302183, 0.0011501847766339779, 0.10365687310695648, 0.515756368637085, 0.0004549183649942279, 0.004015716724097729, 0.000259723310591653]",0.9074945885407611,0.004451959802695082
709,234,291,464,0.000476837158203125,0.0002916246885433793,0.9085571611358318,"[16.240304946899414, 0.00040570611599832773, 0.021758532151579857, 0.00027044929447583854, 0.7301895618438721, 1.2067248821258545, 0.0016914597945287824, 0.0011922164121642709, 0.04030958563089371, 0.761084794998169, 0.004925142508000135, 0.006386703345924616, 0.0002762889489531517, 0.07261297851800919, 0.264904648065567, 0.0005287918029353023, 0.001167569193057716, 0.11658598482608795, 0.5120710730552673, 0.00040534863364882767, 0.004201276693493128, 0.00025960413040593266]",0.9074945885407611,-0.0010625725950706988
710,237,324,464,0.0004711151123046875,0.00022899451141711324,0.9123039536921582,"[16.232149124145508, 0.0003955773718189448, 0.022052429616451263, 0.00027533553657121956, 0.7584030032157898, 1.2214305400848389, 0.0016783688915893435, 0.0013044904917478561, 0.04510442167520523, 0.761696457862854, 0.005097843706607819, 0.006453151814639568, 0.00027295202016830444, 0.07957980781793594, 0.26479944586753845, 0.0005273620481602848, 0.0011199399596080184, 0.10390982776880264, 0.5597277879714966, 0.00045277358731254935, 0.004024027846753597, 0.00023231192608363926]",0.9074945885407611,-0.0048093651513970714
711,244,337,464,0.000461578369140625,0.00019603090186137706,0.9117575657807968,"[16.224462509155273, 0.00044979469384998083, 0.021614233031868935, 0.0002693767019081861, 0.7599164247512817, 1.2104381322860718, 0.001655637752264738, 0.0013405631761997938, 0.04569588601589203, 0.7621139883995056, 0.005055738613009453, 0.0064857229590415955, 0.00027497802511788905, 0.07987392693758011, 0.26530390977859497, 0.0005057962844148278, 0.0011718557216227055, 0.10422663390636444, 0.5630680322647095, 0.00045408427831716835, 0.004026877228170633, 0.0002623452164698392]",0.9074945885407611,-0.004262977240035659
874,20,22,464,0.001007080078125,0.0008672296535223722,0.9080581124475099,"[16.217803955078125, 0.00040391870425082743, 0.022083330899477005, 0.00027247529942542315, 0.7462419271469116, 1.1945817470550537, 0.0016813441179692745, 0.0012174582807347178, 0.045778676867485046, 0.7620083689689636, 0.005181692540645599, 0.007324745412915945, 0.0002803409588523209, 0.07314496487379074, 0.26455995440483093, 0.00052426423644647, 0.001166735659353435, 0.11714121699333191, 0.5113164186477661, 0.00044907975825481117, 0.003854466136544943, 0.0002613918040879071]",0.9074945885407611,-0.0005635239067487419
875,61,91,464,0.000885009765625,0.0006813888321630657,0.9095522593839136,"[16.223573684692383, 0.00039748396375216544, 0.022386692464351654, 0.0002727136597968638, 0.7367243766784668, 1.1942933797836304, 0.00168658047914505, 0.001311514643020928, 0.04580088332295418, 0.7611330151557922, 0.005110178608447313, 0.006587693467736244, 0.0002740246127359569, 0.08207684010267258, 0.2644272744655609, 0.0005346299149096012, 0.0011226787464693189, 0.10475269705057144, 0.552768886089325, 0.00045074793160893023, 0.00420388812199235, 0.0002598424907773733]",0.9074945885407611,-0.002057670843152448
876,174,259,464,0.000614166259765625,0.0003373611834831536,0.9069821698159847,"[16.147485733032227, 0.0004441943601705134, 0.02192566730082035, 0.0002734287118073553, 0.7587555050849915, 1.194060206413269, 0.0016902696806937456, 0.0013550871517509222, 0.04573209956288338, 0.7617024183273315, 0.005007226951420307, 0.006553349085152149, 0.00027855331427417696, 0.07959907501935959, 0.26435625553131104, 0.0005210472736507654, 0.0011207734933122993, 0.10539629310369492, 0.552667498588562, 0.0004049911512993276, 0.004015479236841202, 0.00026258357684127986]",0.9074945885407611,0.0005124187247764755
877,84,168,464,0.000827789306640625,0.0005118459230288863,0.9115160279550103,"[16.23516273498535, 0.0004459816846065223, 0.022054996341466904, 0.0002735478919930756, 0.7513486742973328, 1.208816409111023, 0.001696577062830329, 0.0011594723910093307, 0.04562128707766533, 0.7622073292732239, 0.005158566869795322, 0.006332451477646828, 0.0002747396647464484, 0.07983221858739853, 0.29525837302207947, 0.0005225961795076728, 0.001166616566479206, 0.11624696850776672, 0.514870822429657, 0.0004441943601705134, 0.004192017484456301, 0.00026603974401950836]",0.9074945885407611,-0.0040214394142491505
878,14,74,464,0.00102996826171875,0.0007170176832005382,0.9088145758882589,"[16.235960006713867, 0.00044919890933670104, 0.02247609756886959, 0.0002735478919930756, 0.7387707233428955, 1.1940232515335083, 0.0016790828667581081, 0.001341396477073431, 0.04533252865076065, 0.761551022529602, 0.0051012830808758736, 0.006485959514975548, 0.00027509720530360937, 0.07771380245685577, 0.2642824947834015, 0.0005222387262620032, 0.0011361341457813978, 0.11644890904426575, 0.5152238011360168, 0.00040892345714382827, 0.004201751668006182, 0.00026341783814132214]",0.9074945885407611,-0.0013199873474977197
892,38,173,464,0.000942230224609375,0.0005011779139749706,0.9094083136085167,"[16.220375061035156, 0.000447530735982582, 0.02227466180920601, 0.00027104519540444016, 0.750640869140625, 1.1955703496932983, 0.0016467118402943015, 0.0013318725395947695, 0.04562413692474365, 0.7618156671524048, 0.00513816811144352, 0.006297624669969082, 0.0002739054325502366, 0.07145337015390396, 0.29272258281707764, 0.0005256939912214875, 0.0011211306555196643, 0.10882821679115295, 0.5158709287643433, 0.0004499138449318707, 0.004044330678880215, 0.00025912740966305137]",0.9074945885407611,-0.0019137250677555562
