key_block,initial_candidate_rank,learned_candidate_rank,removed,initial_score,learned_score,label_loss,token_losses,baseline_loss,utility
62,146,113,541,0.0010528564453125,0.0009669779101386666,0.8838401228682702,"[13.361650466918945, 0.00485716899856925, 0.0007186928996816278, 0.1779356300830841, 1.5160610675811768, 0.06320518255233765, 0.0016783688915893435, 0.01729302853345871, 0.44447600841522217, 0.001671228208579123, 0.00025996167096309364, 0.05313272401690483, 0.33512526750564575, 0.0006472161621786654, 0.0013946102699264884, 0.07752694189548492, 0.7343825101852417, 0.0006684214458800852, 0.00027783826226368546]",0.8826354843101734,-0.0012046385580968266
63,78,62,541,0.0011749267578125,0.0010728540364652872,0.8827808977604084,"[13.342846870422363, 0.004803427495062351, 0.0006422125734388828, 0.17926257848739624, 1.516341209411621, 0.06271938979625702, 0.0017254954436793923, 0.014919486828148365, 0.44468802213668823, 0.0016432604752480984, 0.00026067672297358513, 0.05380486324429512, 0.3359089493751526, 0.0006642519147135317, 0.0015305483248084784, 0.07727627456188202, 0.7328323125839233, 0.0006861716392450035, 0.0002810560108628124]",0.8826354843101734,-0.00014541345023499908
64,190,183,541,0.0009613037109375,0.0008474320056848228,0.8851967527313575,"[13.338226318359375, 0.004699850920587778, 0.0007176207727752626, 0.18061713874340057, 1.5855616331100464, 0.06264033913612366, 0.0017049076268449426, 0.017114100977778435, 0.44773945212364197, 0.0016057705506682396, 0.00025388356880284846, 0.05281627178192139, 0.3123514950275421, 0.0007371568935923278, 0.0014081810368224978, 0.07737734168767929, 0.7322052121162415, 0.0006834316882304847, 0.000278195773717016]",0.8826354843101734,-0.002561268421184093
65,211,212,541,0.000911712646484375,0.0007912793662399054,0.8821991936956214,"[13.330039978027344, 0.004792868625372648, 0.0006456674309447408, 0.17795418202877045, 1.518099308013916, 0.0620122067630291, 0.001726209418848157, 0.016728600487113, 0.4444594979286194, 0.0016095790779218078, 0.000256982195423916, 0.054575324058532715, 0.33596348762512207, 0.000662703241687268, 0.001547330990433693, 0.07750587165355682, 0.7322642207145691, 0.0006593675934709609, 0.0002812943421304226]",0.8826354843101734,0.0004362906145519707
66,204,215,541,0.00092315673828125,0.000786193588282913,0.8824466438320662,"[13.345281600952148, 0.004663543310016394, 0.0007213136414065957, 0.1796729415655136, 1.5107187032699585, 0.06304973363876343, 0.0017294225981459022, 0.015526956878602505, 0.4393954277038574, 0.0014809127897024155, 0.00026306029758416116, 0.055143050849437714, 0.33597713708877563, 0.0006550788530148566, 0.0015808953903615475, 0.07733210921287537, 0.7323490381240845, 0.0006675875629298389, 0.00027771908207796514]",0.8826354843101734,0.0001888404781071884
67,218,239,541,0.00089263916015625,0.0007439712644554675,0.8838358627476018,"[13.368205070495605, 0.004643846768885851, 0.000726197671610862, 0.17902560532093048, 1.5147911310195923, 0.062315572053194046, 0.0017034795600920916, 0.017019644379615784, 0.44146662950515747, 0.0016389759257435799, 0.00025459862081333995, 0.05281683802604675, 0.33533236384391785, 0.0006526962388306856, 0.0015301911626011133, 0.07730595767498016, 0.7325053811073303, 0.0006691362359561026, 0.00027807659353129566]",0.8826354843101734,-0.0012003784374284843
68,212,228,541,0.000911712646484375,0.0007696760003454983,0.8904521465064088,"[13.339001655578613, 0.004646694287657738, 0.0007088055717758834, 0.18055693805217743, 1.614716649055481, 0.06245220825076103, 0.0016983621753752232, 0.015474137850105762, 0.48536503314971924, 0.0016390950186178088, 0.0002343380037928, 0.052885472774505615, 0.33491942286491394, 0.000654602306894958, 0.0015260252403095365, 0.08720600605010986, 0.733959436416626, 0.0006715188501402736, 0.0002743821241892874]",0.8826354843101734,-0.007816662196235447
69,54,48,541,0.0012359619140625,0.0011026902357116342,0.8833826880390437,"[13.356117248535156, 0.004822765477001667, 0.0007270314963534474, 0.17809735238552094, 1.5213359594345093, 0.06258681416511536, 0.0017159751150757074, 0.0168128851801157, 0.43871670961380005, 0.0016346914926543832, 0.00026425207033753395, 0.054764941334724426, 0.3341619074344635, 0.0007177399238571525, 0.0013722298899665475, 0.07754790037870407, 0.7319287657737732, 0.000666277133859694, 0.0002796259068418294]",0.8826354843101734,-0.0007472037288703826
70,91,85,541,0.00115203857421875,0.001029272680170834,0.8844024431907057,"[13.370363235473633, 0.004839492961764336, 0.0006389960180968046, 0.17336465418338776, 1.5194494724273682, 0.06095767766237259, 0.0017103818245232105, 0.01740315742790699, 0.4401692748069763, 0.001671228208579123, 0.0002637753786984831, 0.053248584270477295, 0.3356188237667084, 0.0006522196927107871, 0.0015091231325641274, 0.08693742752075195, 0.7339057326316833, 0.0006630606367252767, 0.00028010259848088026]",0.8826354843101734,-0.0017669588805323544
71,35,24,541,0.00128173828125,0.0011620811419561505,0.8843647823776241,"[13.355637550354004, 0.004840085748583078, 0.000724887300748378, 0.17829006910324097, 1.4871224164962769, 0.06230336055159569, 0.0017090728506445885, 0.01691380888223648, 0.4888245463371277, 0.0016481400234624743, 0.00026222606538794935, 0.04913565143942833, 0.33320462703704834, 0.0006562701892107725, 0.00157196877989918, 0.08681873232126236, 0.7323064208030701, 0.0006850994541309774, 0.0002759314374998212]",0.8826354843101734,-0.001729298067450702
75,9,13,541,0.0013580322265625,0.0012232651934027672,0.8875883203566589,"[13.392168045043945, 0.004798088688403368, 0.0007252446957863867, 0.17789500951766968, 1.5849249362945557, 0.06181354075670242, 0.0017297795275226235, 0.017154764384031296, 0.4427332878112793, 0.0016337393317371607, 0.00026723151677288115, 0.053088635206222534, 0.3127155005931854, 0.0006518622976727784, 0.0013680632691830397, 0.07741783559322357, 0.7321498394012451, 0.0006723527330905199, 0.0002703301142901182]",0.8826354843101734,-0.004952836046485554
76,228,246,541,0.000865936279296875,0.0007316273986361921,0.8918082373550676,"[13.366514205932617, 0.004790377337485552, 0.0007175016799010336, 0.17619358003139496, 1.5929975509643555, 0.07035442441701889, 0.001716570113785565, 0.015464512631297112, 0.44789987802505493, 0.001613387605175376, 0.00026520551182329655, 0.053287237882614136, 0.33537957072257996, 0.0006541258189827204, 0.001586013357155025, 0.07740205526351929, 0.796565592288971, 0.000671042304020375, 0.0002836778585333377]",0.8826354843101734,-0.009172753044894288
77,317,327,541,0.000705718994140625,0.0005876562790945172,0.879580593788935,"[13.303864479064941, 0.004845068324357271, 0.0007166677969507873, 0.17811520397663116, 1.5066627264022827, 0.06266060471534729, 0.0017259714659303427, 0.016827773302793503, 0.44639110565185547, 0.0014634147519245744, 0.00025912740966305137, 0.0545167401432991, 0.31128019094467163, 0.0006519814487546682, 0.0015395942609757185, 0.08714547753334045, 0.7324182987213135, 0.0006671110168099403, 0.0002797450579237193]",0.8826354843101734,0.003054890521238307
78,148,122,541,0.00104522705078125,0.0009522974141873419,0.8810715826617334,"[13.341166496276855, 0.004637676291167736, 0.0007245299639180303, 0.17787954211235046, 1.488415241241455, 0.06317161023616791, 0.001702646492049098, 0.015168202109634876, 0.44199544191360474, 0.0016891986597329378, 0.0002641328901518136, 0.05311271548271179, 0.3353714048862457, 0.0006517431465908885, 0.0015334049239754677, 0.07734578847885132, 0.7345909476280212, 0.000667468411847949, 0.000271879427600652]",0.8826354843101734,0.0015639016484400026
79,149,115,541,0.00104522705078125,0.0009598688338883221,0.8860967336421661,"[13.358017921447754, 0.004837476182729006, 0.000719645875506103, 0.17991255223751068, 1.5144107341766357, 0.06240192428231239, 0.001719545223750174, 0.016730710864067078, 0.48511451482772827, 0.0016594461631029844, 0.00023529145983047783, 0.053744763135910034, 0.33374953269958496, 0.0006509092636406422, 0.0015422129072248936, 0.08719529956579208, 0.7322438359260559, 0.0006675875629298389, 0.0002840353990904987]",0.8826354843101734,-0.003461249331992766
80,224,214,541,0.000881195068359375,0.0007877426105551422,0.8856548081155204,"[13.340035438537598, 0.00463898153975606, 0.0007203606073744595, 0.1789029985666275, 1.5241098403930664, 0.06385728716850281, 0.0017309696413576603, 0.017279906198382378, 0.4410351514816284, 0.001639452064409852, 0.0002544794406276196, 0.05463232845067978, 0.31297218799591064, 0.0006653240998275578, 0.001570302527397871, 0.08576051890850067, 0.7966848015785217, 0.0006728292210027575, 0.000278195773717016]",0.8826354843101734,-0.003019323805347085
81,123,120,541,0.00109100341796875,0.000954112212639302,0.8836484498430142,"[13.364553451538086, 0.004830832593142986, 0.0006389960180968046, 0.17655304074287415, 1.5179296731948853, 0.06338511407375336, 0.0015188835095614195, 0.016854381188750267, 0.4430052936077118, 0.0016387379728257656, 0.000266278104390949, 0.05336160585284233, 0.3344247341156006, 0.0006562701892107725, 0.001387705677188933, 0.07740801572799683, 0.7299522161483765, 0.0006692553870379925, 0.00028606137493625283]",0.8826354843101734,-0.0010129655328408038
82,21,29,541,0.0013275146484375,0.0011517966631799936,0.8824659749332472,"[13.327055931091309, 0.0048196809366345406, 0.0007236960809677839, 0.17784252762794495, 1.516422152519226, 0.0635070651769638, 0.0017245433991774917, 0.015524844639003277, 0.44546499848365784, 0.0016780118457973003, 0.00025567124248482287, 0.052980560809373856, 0.3344864249229431, 0.0006717570940963924, 0.0015582811320200562, 0.0871642678976059, 0.7340264916419983, 0.0006685405969619751, 0.00027807659353129566]",0.8826354843101734,0.00016950937692616908
83,192,245,541,0.00095367431640625,0.0007320942240767181,0.8824271179466067,"[13.350780487060547, 0.004814935382455587, 0.0007173825288191438, 0.1784234195947647, 1.522688388824463, 0.06309237331151962, 0.0015136463334783912, 0.01554561872035265, 0.4451875686645508, 0.0016406421782448888, 0.0002619877050165087, 0.054569680243730545, 0.31268709897994995, 0.0006576997111551464, 0.00154971145093441, 0.07732626050710678, 0.7337141036987305, 0.0006623458466492593, 0.0002818902430590242]",0.8826354843101734,0.00020836636356669214
84,105,140,541,0.00112152099609375,0.0009176362073048949,0.8839095543432784,"[13.38111400604248, 0.004646813031286001, 0.0006423317245207727, 0.17723654210567474, 1.5141160488128662, 0.06273271143436432, 0.001722282380796969, 0.017005112022161484, 0.4237188994884491, 0.0016373097896575928, 0.0002656822034623474, 0.05348331481218338, 0.33503103256225586, 0.0006526962388306856, 0.0015463787131011486, 0.08534006774425507, 0.7324384450912476, 0.0006752118351869285, 0.0002766464895103127]",0.8826354843101734,-0.0012740700331050903
85,92,109,541,0.00115203857421875,0.0009794491343200207,0.8876020730025821,"[13.340950012207031, 0.004646456800401211, 0.0006399490521289408, 0.17858615517616272, 1.5104044675827026, 0.06103932857513428, 0.0017160940915346146, 0.015329633839428425, 0.4846605062484741, 0.0016544476384297013, 0.000262106885202229, 0.05352828651666641, 0.3340487480163574, 0.0006611545104533434, 0.0015708976425230503, 0.07739124447107315, 0.7963922023773193, 0.0006815256201662123, 0.00027616979787126184]",0.8826354843101734,-0.0049665886924087355
89,113,119,541,0.00110626220703125,0.0009549056412652135,0.8803540032960498,"[13.294371604919434, 0.004692020360380411, 0.0006484074983745813, 0.18000924587249756, 1.5113221406936646, 0.06346164643764496, 0.0017203782917931676, 0.015422137454152107, 0.44846460223197937, 0.0016561138909310102, 0.0002643712505232543, 0.05311056599020958, 0.3365768492221832, 0.0006581762572750449, 0.0015832758508622646, 0.07732328027486801, 0.7344973683357239, 0.0006643710657954216, 0.0002795067266561091]",0.8826354843101734,0.00228148101412351
90,52,52,541,0.00124359130859375,0.0010893556755036116,0.8814726419314913,"[13.319425582885742, 0.0046298447996377945, 0.0007190502947196364, 0.17767617106437683, 1.5161749124526978, 0.0627574548125267, 0.0017170461360365152, 0.014973157085478306, 0.44592416286468506, 0.0016289787599816918, 0.0002588890492916107, 0.05288705602288246, 0.33614519238471985, 0.0006607971154153347, 0.001549473381601274, 0.07738892734050751, 0.732516884803772, 0.0006729483720846474, 0.00027366707217879593]",0.8826354843101734,0.0011628423786820274
91,266,300,541,0.00078582763671875,0.0006377530517056584,0.8910857493649115,"[13.332329750061035, 0.004827036056667566, 0.0007227431051433086, 0.17756249010562897, 1.6090024709701538, 0.062114160507917404, 0.0017014563782140613, 0.01541086845099926, 0.4444337487220764, 0.0016332633094862103, 0.000263894529780373, 0.055629950016736984, 0.33599653840065, 0.0006644901586696506, 0.0015159078175202012, 0.08691119402647018, 0.7989735007286072, 0.0006622266955673695, 0.0002735478919930756]",0.8826354843101734,-0.008450265054738115
92,108,102,541,0.0011138916015625,0.0009862707229331136,0.8840230295456039,"[13.374688148498535, 0.004828103817999363, 0.0006543640629388392, 0.17758235335350037, 1.5136744976043701, 0.06206430494785309, 0.001716808183118701, 0.015395374037325382, 0.4409739375114441, 0.0016319541027769446, 0.0002644904307089746, 0.05553410202264786, 0.33476582169532776, 0.0006544832140207291, 0.0015418557450175285, 0.07749108970165253, 0.7320248484611511, 0.0006754500791430473, 0.0002755738969426602]",0.8826354843101734,-0.0013875452354304985
93,48,38,541,0.001251220703125,0.0011244844645261765,0.8872266924514215,"[13.364978790283203, 0.004835221916437149, 0.0007180972606875002, 0.17820598185062408, 1.518181562423706, 0.06234424561262131, 0.0017191881779581308, 0.015375769697129726, 0.43815815448760986, 0.0016509962733834982, 0.00026306029758416116, 0.049440789967775345, 0.3348749876022339, 0.0006456674309447408, 0.0015414986992254853, 0.08690748363733292, 0.7965236902236938, 0.0006649667047895491, 0.00027700403006747365]",0.8826354843101734,-0.004591208141248138
94,58,46,541,0.001220703125,0.0011036030482500792,0.8874686778405081,"[13.345978736877441, 0.00466081453487277, 0.0006347072194330394, 0.1778704673051834, 1.6068110466003418, 0.06297574937343597, 0.0016890796832740307, 0.01555254403501749, 0.43890196084976196, 0.0016124354442581534, 0.0002300474588992074, 0.05540936812758446, 0.3342588543891907, 0.0006602014764212072, 0.0015769677702337503, 0.07759290933609009, 0.7345445156097412, 0.0006663962849415839, 0.00027807659353129566]",0.8826354843101734,-0.004833193530334734
95,98,94,541,0.001129150390625,0.0010124300606548786,0.8873564804027985,"[13.35223388671875, 0.0048418655060231686, 0.0006513857515528798, 0.1786039173603058, 1.5208814144134521, 0.06391443312168121, 0.0017076447838917375, 0.017308376729488373, 0.44618386030197144, 0.0016438555903732777, 0.00025567124248482287, 0.053157251328229904, 0.3347617983818054, 0.0006625840906053782, 0.0015751824248582125, 0.08541230857372284, 0.7950365543365479, 0.0006636562757194042, 0.0002774807217065245]",0.8826354843101734,-0.004720996092625107
97,53,60,541,0.00124359130859375,0.0010780980810523033,0.8843056360308669,"[13.396170616149902, 0.004846492316573858, 0.0006428082706406713, 0.17389264702796936, 1.493227243423462, 0.06340212374925613, 0.001513170194812119, 0.01739238016307354, 0.4395253360271454, 0.0016519484343007207, 0.0002562671434134245, 0.05331368371844292, 0.33542338013648987, 0.0006590101984329522, 0.0013946102699264884, 0.08549635857343674, 0.7320602536201477, 0.000659248442389071, 0.0002795067266561091]",0.8826354843101734,-0.0016701517206935135
98,162,200,541,0.0010223388671875,0.0008183756726793945,0.886653890753606,"[13.373658180236816, 0.004632930271327496, 0.0007234578370116651, 0.17926228046417236, 1.5098283290863037, 0.06260618567466736, 0.0017122859135270119, 0.016857195645570755, 0.4390452802181244, 0.0016132686287164688, 0.0002610342635307461, 0.05533098056912422, 0.31195592880249023, 0.0006501944735646248, 0.0015166220255196095, 0.08709259331226349, 0.7987398505210876, 0.0006556744920089841, 0.00028165188268758357]",0.8826354843101734,-0.004018406443432654
99,44,81,541,0.00125885009765625,0.00104007706977427,0.8855130578296283,"[13.371026992797852, 0.004841984249651432, 0.0006366133457049727, 0.1793178915977478, 1.4812825918197632, 0.06286145746707916, 0.001726209418848157, 0.017213352024555206, 0.44120240211486816, 0.0016582560492679477, 0.00025781645672395825, 0.04911442846059799, 0.3360408544540405, 0.0006715188501402736, 0.0015731590101495385, 0.07753665000200272, 0.7968483567237854, 0.0006579380133189261, 0.0002796259068418294]",0.8826354843101734,-0.0028775735194549457
108,80,353,541,0.00116729736328125,0.0001637473760638386,0.882376884626482,"[13.347000122070312, 0.004807579796761274, 0.0007232195930555463, 0.17790409922599792, 1.4920971393585205, 0.06212032213807106, 0.0017103818245232105, 0.017299823462963104, 0.4452804923057556, 0.001622551935724914, 0.00026592056383378804, 0.05385253205895424, 0.3356225788593292, 0.0006625840906053782, 0.0015460216673091054, 0.08713892102241516, 0.7345716953277588, 0.0006586528033949435, 0.00027616979787126184]",0.8826354843101734,0.0002585996836913518
109,235,355,541,0.000858306884765625,-0.00021936687699053437,0.8837552464323571,"[13.366081237792969, 0.0048628635704517365, 0.000709282117895782, 0.1792442500591278, 1.5166081190109253, 0.062494318932294846, 0.001708358759060502, 0.017051169648766518, 0.4391249716281891, 0.0016630165046080947, 0.00023505308490712196, 0.05324609577655792, 0.33447569608688354, 0.0006582954083569348, 0.0015200738562271, 0.07729845494031906, 0.7334456443786621, 0.0006709231529384851, 0.00025185750564560294]",0.8826354843101734,-0.0011197621221837872
110,140,130,541,0.00106048583984375,0.0009404686861671507,0.8815692665934636,"[13.35059928894043, 0.004669120069593191, 0.0006460248259827495, 0.18062928318977356, 1.484819769859314, 0.06269195675849915, 0.0015038858400657773, 0.01673809625208378, 0.44460952281951904, 0.0016370717203244567, 0.00025876989820972085, 0.05308818444609642, 0.3352838456630707, 0.0006587718962691724, 0.0015825617592781782, 0.0774000734090805, 0.7320548892021179, 0.0006685405969619751, 0.00027640812913887203]",0.8826354843101734,0.001066217716709783
111,178,167,541,0.00098419189453125,0.0008712991257198155,0.8869854465025894,"[13.361870765686035, 0.004872828256338835, 0.0006404255982488394, 0.17925351858139038, 1.5150766372680664, 0.062111809849739075, 0.0017150230705738068, 0.017360864207148552, 0.44388842582702637, 0.0016058895271271467, 0.0002609150833450258, 0.053123679012060165, 0.33434128761291504, 0.0007135705673135817, 0.0015548295341432095, 0.0773862823843956, 0.7959892749786377, 0.0006829552003182471, 0.00027450130437500775]",0.8826354843101734,-0.0043499621924160126
112,126,112,541,0.0010833740234375,0.0009688215795904398,0.888196981792326,"[13.374774932861328, 0.004612045828253031, 0.0007194076315499842, 0.17802292108535767, 1.5151697397232056, 0.06300440430641174, 0.0015194787411019206, 0.015390326268970966, 0.4436936378479004, 0.001639213995076716, 0.00026079590315930545, 0.054551731795072556, 0.3354296088218689, 0.0006537684239447117, 0.0015250729629769921, 0.08716721832752228, 0.7966572046279907, 0.000671042304020375, 0.00028010259848088026]",0.8826354843101734,-0.005561497482152622
117,152,195,541,0.00103759765625,0.0008231400279328227,0.8877724324916735,"[13.361647605895996, 0.004636727273464203, 0.0007195267826318741, 0.17667193710803986, 1.5844910144805908, 0.062463968992233276, 0.0017043125117197633, 0.016882162541151047, 0.4431185722351074, 0.001627550576813519, 0.0002610342635307461, 0.05579760670661926, 0.33552542328834534, 0.0006659197388216853, 0.0014059193199500442, 0.08672604709863663, 0.7323961853981018, 0.0006593675934709609, 0.00027533553657121956]",0.8826354843101734,-0.005136948181500123
118,36,45,541,0.00128173828125,0.0011110460618510842,0.8832041096619306,"[13.349041938781738, 0.004804376512765884, 0.000717144284863025, 0.1772843599319458, 1.5192276239395142, 0.061126578599214554, 0.001534238108433783, 0.017267603427171707, 0.4450380206108093, 0.0016337393317371607, 0.00025507534155622125, 0.05333414301276207, 0.3350708782672882, 0.0006621075444854796, 0.0015404274454340339, 0.07726700603961945, 0.7341161966323853, 0.0006741396500729024, 0.0002824861148837954]",0.8826354843101734,-0.0005686253517572792
125,175,185,541,0.0009918212890625,0.0008369155111722648,0.8840646675640815,"[13.36386775970459, 0.0048158844001591206, 0.0007229813490994275, 0.17864349484443665, 1.522196888923645, 0.05504805967211723, 0.001698243198916316, 0.015413685701787472, 0.44547510147094727, 0.0016499252524226904, 0.000259365770034492, 0.049064941704273224, 0.3340757191181183, 0.0006634180317632854, 0.0013846105430275202, 0.08714667707681656, 0.7340853810310364, 0.0007339406292885542, 0.0002826052950695157]",0.8826354843101734,-0.0014291832539081728
126,164,164,541,0.00101470947265625,0.0008732787100598216,0.8920794187518033,"[13.362749099731445, 0.004629963543266058, 0.0007264359155669808, 0.17865735292434692, 1.6106698513031006, 0.06244739517569542, 0.0017300175968557596, 0.01728588156402111, 0.4447896480560303, 0.0016150538576766849, 0.0002548369811847806, 0.052960772067308426, 0.3336288630962372, 0.0006561510381288826, 0.0015585192013531923, 0.07740426063537598, 0.796826958656311, 0.0006694936309941113, 0.000248401309363544]",0.8826354843101734,-0.009443934441629942
127,64,49,541,0.00121307373046875,0.001100413384847343,0.8826443463346406,"[13.341426849365234, 0.004634710028767586, 0.0007229813490994275, 0.1780698150396347, 1.5096771717071533, 0.062089066952466965, 0.0017219253350049257, 0.01675661839544773, 0.4414105713367462, 0.0016224328428506851, 0.00026306029758416116, 0.053963568061590195, 0.33521947264671326, 0.0006490031373687088, 0.0015592334093526006, 0.08715716749429703, 0.7323482632637024, 0.0006672301678918302, 0.0002834395272657275]",0.8826354843101734,-8.862024467259921e-06
128,170,157,541,0.00099945068359375,0.0008857893408276141,0.88264993294663,"[13.330724716186523, 0.005026797764003277, 0.0007277462864294648, 0.17807988822460175, 1.5156126022338867, 0.06259173899888992, 0.0017200212460011244, 0.016665879637002945, 0.4421340525150299, 0.001611840445548296, 0.0002649671514518559, 0.05545876920223236, 0.3369491994380951, 0.0006791430641897023, 0.0013797297142446041, 0.0871979221701622, 0.7325031161308289, 0.0007389436941593885, 0.00028165188268758357]",0.8826354843101734,-1.4448636456609876e-05
129,22,18,541,0.00131988525390625,0.001182970474474132,0.8878854069993586,"[13.364433288574219, 0.004656542558223009, 0.0006429274217225611, 0.1776007115840912, 1.5901166200637817, 0.06223201006650925, 0.0015349523164331913, 0.016943227499723434, 0.44279882311820984, 0.0016627785516902804, 0.00023552982020191848, 0.04895836114883423, 0.3340175747871399, 0.0006329201860353351, 0.0015712546883150935, 0.08685185015201569, 0.7339990139007568, 0.0006568658282049, 0.0002774807217065245]",0.8826354843101734,-0.005249922689185227
130,84,99,541,0.00115966796875,0.0009991899132728577,0.8849070861347412,"[13.402477264404297, 0.004839848726987839, 0.0007236960809677839, 0.16108354926109314, 1.5115890502929688, 0.06999936699867249, 0.0016675388906151056, 0.016826951876282692, 0.44018131494522095, 0.0016199335223063827, 0.0002653246629051864, 0.054898668080568314, 0.33632567524909973, 0.0006549597019329667, 0.0015281677478924394, 0.07750333845615387, 0.7300989627838135, 0.0006731866160407662, 0.00027783826226368546]",0.8826354843101734,-0.0022716018245678704
131,141,163,541,0.00106048583984375,0.0008736160234548151,0.8841474943834137,"[13.374364852905273, 0.004819206427782774, 0.0007173825288191438, 0.17805086076259613, 1.510915756225586, 0.06214810535311699, 0.0017251383978873491, 0.017383359372615814, 0.44414156675338745, 0.0016175531782209873, 0.00026556302327662706, 0.053524333983659744, 0.3341066241264343, 0.0006566275842487812, 0.0013874676078557968, 0.07732968032360077, 0.7347081303596497, 0.000661631056573242, 0.00027855331427417696]",0.8826354843101734,-0.0015120100732403108
133,10,21,541,0.0013580322265625,0.0011669775703921914,0.8835670112878832,"[13.370499610900879, 0.004806156270205975, 0.0007270314963534474, 0.1771300882101059, 1.5088244676589966, 0.0621558353304863, 0.0017072877380996943, 0.01706218533217907, 0.44085827469825745, 0.001637547742575407, 0.00023505308490712196, 0.0532555915415287, 0.33573073148727417, 0.0006547214579768479, 0.00154066551476717, 0.07733266055583954, 0.7326534390449524, 0.0006820021662861109, 0.0002798642381094396]",0.8826354843101734,-0.0009315269777098178
138,56,55,541,0.00122833251953125,0.0010866514639928937,0.8817237893113328,"[13.317666053771973, 0.0046678148210048676, 0.0007219092221930623, 0.17899689078330994, 1.5147225856781006, 0.06256788969039917, 0.0017138330731540918, 0.01669343002140522, 0.44127610325813293, 0.0016505202511325479, 0.00025412190007045865, 0.05385953560471535, 0.3335067629814148, 0.0006348263123072684, 0.0015367376618087292, 0.0867253914475441, 0.734607994556427, 0.0006703275139443576, 0.00027926836628466845]",0.8826354843101734,0.0009116949988405842
139,182,205,541,0.0009765625,0.0008080117404460907,0.8882049116073176,"[13.365716934204102, 0.004624742548912764, 0.0007286992622539401, 0.17819331586360931, 1.5193426609039307, 0.0704098716378212, 0.0016847953666001558, 0.01566685549914837, 0.44320517778396606, 0.0014900782844051719, 0.0002602000313345343, 0.05290096253156662, 0.3347965180873871, 0.0006560318870469928, 0.0015776818618178368, 0.0871499553322792, 0.7965317368507385, 0.0006737822550348938, 0.0002833203470800072]",0.8826354843101734,-0.005569427297144269
140,127,161,541,0.0010833740234375,0.0008800835348665714,0.8850985040511372,"[13.376843452453613, 0.004847559612244368, 0.0007185738068073988, 0.1781105101108551, 1.5195510387420654, 0.06263452023267746, 0.0017090728506445885, 0.015440215356647968, 0.44508489966392517, 0.0016267173923552036, 0.00023231192608363926, 0.0545947402715683, 0.33532077074050903, 0.0007260785205289721, 0.0015674459282308817, 0.08710461109876633, 0.7298068404197693, 0.0006700892699882388, 0.0002821285743266344]",0.8826354843101734,-0.0024630197409638566
141,38,74,541,0.00127410888671875,0.0010513876331970096,0.8838509374503414,"[13.365227699279785, 0.004851356148719788, 0.0007250064518302679, 0.1778595894575119, 1.5101945400238037, 0.06127358227968216, 0.0016957441112026572, 0.015503247268497944, 0.4451306462287903, 0.001657065935432911, 0.00026222606538794935, 0.053343068808317184, 0.33444589376449585, 0.0006366133457049727, 0.0015785150462761521, 0.08533995598554611, 0.7325021624565125, 0.0006630606367252767, 0.00027783826226368546]",0.8826354843101734,-0.0012154531401680213
142,93,150,541,0.00115203857421875,0.0008929470786824822,0.8860117175270141,"[13.356728553771973, 0.00481790117919445, 0.0007215518853627145, 0.17722804844379425, 1.5190335512161255, 0.06111222133040428, 0.0017094297800213099, 0.015473081730306149, 0.48355919122695923, 0.001620766706764698, 0.00026055757189169526, 0.05326881632208824, 0.3353925347328186, 0.0006632988806813955, 0.0014078239910304546, 0.08723495900630951, 0.7330370545387268, 0.0006693744799122214, 0.00028391621890477836]",0.8826354843101734,-0.003376233216840774
157,23,178,541,0.00131988525390625,0.0008543619769625366,0.8812196111033891,"[13.34023666381836, 0.004846848081797361, 0.0006431656656786799, 0.17785778641700745, 1.5111525058746338, 0.06239800527691841, 0.0016994333127513528, 0.01740104891359806, 0.44430017471313477, 0.0016513533191755414, 0.0002656822034623474, 0.055090028792619705, 0.3124968707561493, 0.000644237850792706, 0.0015505446353927255, 0.0778033584356308, 0.7321897149085999, 0.0006661579827778041, 0.0002790300059132278]",0.8826354843101734,0.0014158732067842683
158,1,147,541,0.00139617919921875,0.0009022810263559222,0.8819139189711821,"[13.333858489990234, 0.004807461053133011, 0.0007169060409069061, 0.1793173849582672, 1.507530927658081, 0.06253340095281601, 0.0017130000051110983, 0.017422722652554512, 0.4448721408843994, 0.0016529004788026214, 0.0002562671434134245, 0.0533149279654026, 0.33543139696121216, 0.0007239343249239028, 0.0013722298899665475, 0.07730915397405624, 0.7325876951217651, 0.0006640136707574129, 0.0002795067266561091]",0.8826354843101734,0.0007215653389912591
246,27,54,541,0.001312255859375,0.0010871211998164654,0.8824766430365056,"[13.348965644836426, 0.004803902003914118, 0.0006406639004126191, 0.17934618890285492, 1.4973920583724976, 0.06247057765722275, 0.0017232344252988696, 0.015371778048574924, 0.44092944264411926, 0.0016452836571261287, 0.0002317160106031224, 0.0552792102098465, 0.3350071609020233, 0.0006621075444854796, 0.0015276916092261672, 0.08723746985197067, 0.7328851222991943, 0.0006661579827778041, 0.0002708068350329995]",0.8826354843101734,0.00015884127366772027
248,24,79,541,0.00131988525390625,0.0010412175906822085,0.883715351998322,"[13.36095142364502, 0.004839729983359575, 0.0007210753974504769, 0.17848454415798187, 1.515565276145935, 0.06403228640556335, 0.0016842002514749765, 0.017174450680613518, 0.4448155164718628, 0.001453534816391766, 0.00022742546570952982, 0.05293567478656769, 0.3342610001564026, 0.0006582954083569348, 0.0015748253790661693, 0.07733718305826187, 0.732918381690979, 0.0006743779522366822, 0.0002824861148837954]",0.8826354843101734,-0.0010798676881486058
249,65,141,541,0.00121307373046875,0.0009154540603049099,0.8918552348699641,"[13.36982536315918, 0.004802240990102291, 0.000654602306894958, 0.17775510251522064, 1.5861570835113525, 0.064132921397686, 0.0017360866768285632, 0.016806790605187416, 0.4455958604812622, 0.0014629386132583022, 0.00026544384309090674, 0.054375626146793365, 0.3352512717247009, 0.0006566275842487812, 0.0014027050929144025, 0.08692102879285812, 0.7964906692504883, 0.0006808108882978559, 0.0002762889489531517]",0.8826354843101734,-0.00921975055979074
266,15,131,541,0.0013427734375,0.0009336771909147501,0.8872353751916977,"[13.374137878417969, 0.004821460228413343, 0.0007172634359449148, 0.1780584454536438, 1.512636661529541, 0.061858028173446655, 0.0017150230705738068, 0.015578599646687508, 0.44016003608703613, 0.0016644446877762675, 0.0002335037279408425, 0.05438048020005226, 0.33445170521736145, 0.0006572232232429087, 0.0015644703526049852, 0.07731599360704422, 0.7965722680091858, 0.0006675875629298389, 0.0002810560108628124]",0.8826354843101734,-0.004599890881524349
280,43,78,541,0.0012664794921875,0.0010453942231833935,0.8789449291132194,"[13.300346374511719, 0.004860965069383383, 0.0007133323233574629, 0.17703461647033691, 1.488471508026123, 0.06251906603574753, 0.0017187122721225023, 0.017493009567260742, 0.43920642137527466, 0.0016518294578418136, 0.0002609150833450258, 0.05452136695384979, 0.33613744378089905, 0.0006540066679008305, 0.0015453074593096972, 0.0772993341088295, 0.7345686554908752, 0.0006681832019239664, 0.0002826052950695157]",0.8826354843101734,0.0036905551969539374
281,114,148,541,0.00110626220703125,0.0009012235095724463,0.8855991939750598,"[13.370123863220215, 0.004645389039069414, 0.0006403064471669495, 0.17800386250019073, 1.5173327922821045, 0.06214989721775055, 0.0015334049239754677, 0.017435140907764435, 0.4868502616882324, 0.0016449266113340855, 0.00023576818057335913, 0.05289033427834511, 0.3108433187007904, 0.0006606780225411057, 0.0014029431622475386, 0.08671271055936813, 0.7323353290557861, 0.0006640136707574129, 0.0002797450579237193]",0.8826354843101734,-0.0029637096648864603
282,28,36,541,0.001312255859375,0.001130563672631979,0.8805348787787616,"[13.33808422088623, 0.004848271608352661, 0.0006439996068365872, 0.1786690205335617, 1.510197639465332, 0.06256508827209473, 0.001695148996077478, 0.016927756369113922, 0.4423096179962158, 0.0016281455755233765, 0.0002618685248307884, 0.04771779477596283, 0.3123173713684082, 0.0006588910473510623, 0.0013403251068666577, 0.07736267149448395, 0.7319801449775696, 0.0006709231529384851, 0.00028379703871905804]",0.8826354843101734,0.002100605531411781
290,171,151,541,0.00099945068359375,0.0008919158135540783,0.8834684772040131,"[13.349711418151855, 0.0048020039685070515, 0.0006486457423307002, 0.16098399460315704, 1.516256332397461, 0.06309707462787628, 0.0017064546700567007, 0.015391499735414982, 0.4908527731895447, 0.0016337393317371607, 0.000263894529780373, 0.05308196693658829, 0.3120286762714386, 0.0006497179274447262, 0.0015191215788945556, 0.07774953544139862, 0.7345849871635437, 0.0006624649395234883, 0.000276765669696033]",0.8826354843101734,-0.0008329928938397568
291,299,298,541,0.000732421875,0.0006393720977939665,0.8842655133531049,"[13.342390060424805, 0.004800817463546991, 0.0007236960809677839, 0.1590747833251953, 1.5188170671463013, 0.06048324331641197, 0.0015369757311418653, 0.015561581589281559, 0.49361374974250793, 0.0014900782844051719, 0.00022980909852776676, 0.053551677614450455, 0.33618760108947754, 0.0006632988806813955, 0.0015816095983609557, 0.0772731825709343, 0.7321142554283142, 0.0006652049487456679, 0.00028606137493625283]",0.8826354843101734,-0.0016300290429315245
292,195,165,541,0.000942230224609375,0.0008718738099560142,0.8861170026587053,"[13.331367492675781, 0.004818138666450977, 0.0007139279623515904, 0.1799294799566269, 1.5189861059188843, 0.06193635240197182, 0.0017389428103342652, 0.01729947328567505, 0.44331225752830505, 0.001479841535910964, 0.0002548369811847806, 0.053088635206222534, 0.33478373289108276, 0.0006559127941727638, 0.0013958006165921688, 0.08715400099754333, 0.7963511347770691, 0.0006736631621606648, 0.0002833203470800072]",0.8826354843101734,-0.0034815183485319423
293,334,321,541,0.0006561279296875,0.000597017933614552,0.8821650912884108,"[13.33802604675293, 0.004723106045275927, 0.0007252446957863867, 0.17973648011684418, 1.5251153707504272, 0.0626191794872284, 0.001725257490761578, 0.017413819208741188, 0.4473899304866791, 0.0016349294455721974, 0.0002656822034623474, 0.05564427003264427, 0.3125118911266327, 0.0006602014764212072, 0.0015306673012673855, 0.0774594247341156, 0.7329974174499512, 0.0006787856691516936, 0.0002790300059132278]",0.8826354843101734,0.0004703930217625496
294,297,283,541,0.000736236572265625,0.0006722466205246747,0.8875656984777092,"[13.372485160827637, 0.004634116776287556, 0.0007245299639180303, 0.17769472301006317, 1.5198217630386353, 0.06310457736253738, 0.0016978861531242728, 0.015521088615059853, 0.43779411911964417, 0.001660279231145978, 0.0002650863316375762, 0.05522529035806656, 0.3360080420970917, 0.0006523388437926769, 0.0015844660811126232, 0.07736366242170334, 0.7965704798698425, 0.0006618693005293608, 0.0002787916746456176]",0.8826354843101734,-0.004930214167535807
295,216,198,541,0.000896453857421875,0.0008194718975573778,0.8814960436238356,"[13.347150802612305, 0.004838899709284306, 0.0007150000892579556, 0.17746905982494354, 1.4948328733444214, 0.06290220469236374, 0.0017263285117223859, 0.016851333901286125, 0.4372057020664215, 0.0014866263372823596, 0.00023493390472140163, 0.052854377776384354, 0.33546796441078186, 0.0006588910473510623, 0.0013909199042245746, 0.07748281955718994, 0.7342025637626648, 0.0006736631621606648, 0.0002798642381094396]",0.8826354843101734,0.001139440686337756
296,300,297,541,0.000732421875,0.000640116399154067,0.8832443186991824,"[13.345685958862305, 0.00485633872449398, 0.0007219092221930623, 0.17337727546691895, 1.5134551525115967, 0.06378067284822464, 0.0017308506648987532, 0.015482941642403603, 0.4445570111274719, 0.0016540905926376581, 0.00025459862081333995, 0.054918866604566574, 0.3365837633609772, 0.0006619884516112506, 0.0015400703996419907, 0.08715498447418213, 0.7342591881752014, 0.0006858142442069948, 0.0002805792901199311]",0.8826354843101734,-0.0006088343890090497
298,85,80,541,0.00115966796875,0.001040804316289723,0.8813480260371427,"[13.330069541931152, 0.004861321300268173, 0.0007082099909894168, 0.17685873806476593, 1.4897726774215698, 0.06323797255754471, 0.0017113338690251112, 0.016832109540700912, 0.44729262590408325, 0.0016575419576838613, 0.0002598424907773733, 0.055280450731515884, 0.3345106542110443, 0.0006679449579678476, 0.0015455455286428332, 0.08703315258026123, 0.7323822975158691, 0.000653530121780932, 0.00027700403006747365]",0.8826354843101734,0.0012874582730306727
299,301,308,541,0.000732421875,0.0006136842421256006,0.8820483921153937,"[13.331031799316406, 0.004820036701858044, 0.0007210753974504769, 0.17807699739933014, 1.5170968770980835, 0.06198946386575699, 0.00172371044754982, 0.015530243515968323, 0.44629520177841187, 0.0016412371769547462, 0.0002351722796447575, 0.05383671820163727, 0.3329658508300781, 0.0006619884516112506, 0.0015237637562677264, 0.07737215608358383, 0.7324437499046326, 0.0006742588011547923, 0.0002791491860989481]",0.8826354843101734,0.0005870921947797036
300,179,160,541,0.00098419189453125,0.0008813687018118799,0.8885552014689893,"[13.342123985290527, 0.0048442380502820015, 0.0007195267826318741, 0.18088100850582123, 1.6177579164505005, 0.06318201869726181, 0.0015288818394765258, 0.01667432114481926, 0.44099801778793335, 0.0016335012624040246, 0.0002627027570270002, 0.05546925589442253, 0.3337440490722656, 0.0006596058374270797, 0.0015439982526004314, 0.08689337968826294, 0.7326819896697998, 0.0006683023530058563, 0.0002821285743266344]",0.8826354843101734,-0.005919717158815896
302,76,44,541,0.00118255615234375,0.001111624646000564,0.8843021264819024,"[13.367137908935547, 0.004864405374974012, 0.00064876489341259, 0.17825575172901154, 1.5124369859695435, 0.06987186521291733, 0.0017326356610283256, 0.015474959276616573, 0.44482487440109253, 0.001655637752264738, 0.00022623363474849612, 0.055444784462451935, 0.3362491726875305, 0.0006547214579768479, 0.0015348332235589623, 0.0773714929819107, 0.7324000597000122, 0.0006716379430145025, 0.0002836778585333377]",0.8826354843101734,-0.0016666421717290714
303,99,75,541,0.001129150390625,0.0010510031133890152,0.8834060183128857,"[13.355173110961914, 0.004830595105886459, 0.0007195267826318741, 0.17748762667179108, 1.5215815305709839, 0.06297384202480316, 0.0017225203337147832, 0.014983256347477436, 0.44274812936782837, 0.0016386188799515367, 0.0002650863316375762, 0.05374928191304207, 0.33424076437950134, 0.0006562701892107725, 0.0013974672183394432, 0.0773836299777031, 0.7322094440460205, 0.0006729483720846474, 0.0002806984703056514]",0.8826354843101734,-0.0007705340027123198
304,180,149,541,0.00098419189453125,0.0008947125752456486,0.8819984431090568,"[13.379855155944824, 0.004642541520297527, 0.0007184546557255089, 0.17827191948890686, 1.4872738122940063, 0.061857130378484726, 0.0015351902693510056, 0.015456179156899452, 0.4436511993408203, 0.0016494491137564182, 0.00026246439665555954, 0.05393600836396217, 0.3137200176715851, 0.0006684214458800852, 0.0015254301251843572, 0.07738087326288223, 0.7346158623695374, 0.000674616196192801, 0.00027569307712838054]",0.8826354843101734,0.0006370412011165172
305,285,287,541,0.000751495361328125,0.0006621155189350247,0.8891168220740694,"[13.357525825500488, 0.004825256764888763, 0.0007188120507635176, 0.1793977916240692, 1.615635871887207, 0.06250865012407303, 0.001699671265669167, 0.01553235575556755, 0.4505947530269623, 0.001620528637431562, 0.0002579356369096786, 0.05373900383710861, 0.3358519673347473, 0.0006515049026347697, 0.0013971101725474, 0.07751613110303879, 0.7328223586082458, 0.0006721144891344011, 0.00025197668583132327]",0.8826354843101734,-0.0064813377638960334
306,330,328,541,0.00066375732421875,0.0005853750044479966,0.8825756592391132,"[13.347187042236328, 0.004862270317971706, 0.0007253637886606157, 0.1782207489013672, 1.509605884552002, 0.06302947551012039, 0.001727875554934144, 0.01740819588303566, 0.44316017627716064, 0.0016368337674066424, 0.00023100091493688524, 0.053079817444086075, 0.3348656892776489, 0.0006478118011727929, 0.001392705482430756, 0.07748766988515854, 0.7327281832695007, 0.000660439720377326, 0.0002803409588523209]",0.8826354843101734,5.98250710601711e-05
307,286,276,541,0.000751495361328125,0.0006819726550020278,0.8865524767315947,"[13.342257499694824, 0.0048347474075853825, 0.0006418551784008741, 0.17918604612350464, 1.5219653844833374, 0.06297305971384048, 0.0017219253350049257, 0.015136969275772572, 0.4474404454231262, 0.001606484642252326, 0.00026067672297358513, 0.05471720173954964, 0.33469048142433167, 0.0006634180317632854, 0.0015182883944362402, 0.07742136716842651, 0.7965607047080994, 0.0006506709614768624, 0.0002498314715921879]",0.8826354843101734,-0.003916992421421295
308,338,332,541,0.000629425048828125,0.0005738414474762976,0.8894018800216911,"[13.391005516052246, 0.004802834242582321, 0.0007231004419736564, 0.1792880892753601, 1.5813636779785156, 0.0623500682413578, 0.0016761076403781772, 0.015378352254629135, 0.44816291332244873, 0.0016349294455721974, 0.00023457636416424066, 0.05281559377908707, 0.3346707820892334, 0.0006554362480528653, 0.0015585192013531923, 0.08716175705194473, 0.7341992259025574, 0.0006775943911634386, 0.0002766464895103127]",0.8826354843101734,-0.006766395711517714
309,331,310,541,0.00066375732421875,0.0006126638618297875,0.8812008577224333,"[13.313314437866211, 0.004858118016272783, 0.0006404255982488394, 0.17943893373012543, 1.5099575519561768, 0.06302063167095184, 0.0017105009173974395, 0.017228351905941963, 0.44861099123954773, 0.001649330137297511, 0.00025459862081333995, 0.05393984541296959, 0.3349979519844055, 0.0006550788530148566, 0.0015753014013171196, 0.07736377418041229, 0.732651948928833, 0.0006677066558040679, 0.00028081765049137175]",0.8826354843101734,0.0014346265877400732
310,254,229,541,0.00081634521484375,0.0007647931342944503,0.8822837575280573,"[13.324701309204102, 0.00482110446318984, 0.000723576988093555, 0.17744319140911102, 1.522753357887268, 0.06090092286467552, 0.0017128810286521912, 0.01728728786110878, 0.44282302260398865, 0.0016381428577005863, 0.0002356490003876388, 0.053125374019145966, 0.3340599238872528, 0.0006652049487456679, 0.00154292699880898, 0.08529475331306458, 0.7327185273170471, 0.0006615119054913521, 0.00028272447525523603]",0.8826354843101734,0.00035172678211603525
311,310,291,541,0.0007171630859375,0.000652490823995322,0.8837025848823894,"[13.361394882202148, 0.004822765477001667, 0.0007183355046436191, 0.17727218568325043, 1.511197805404663, 0.062399350106716156, 0.0015282867243513465, 0.017265260219573975, 0.44079360365867615, 0.0016637305961921811, 0.0002557904226705432, 0.05375063791871071, 0.33479464054107666, 0.0007365613128058612, 0.0015109085943549871, 0.08704014867544174, 0.7322514057159424, 0.0006693744799122214, 0.0002834395272657275]",0.8826354843101734,-0.0010671005722160398
312,324,318,541,0.000682830810546875,0.0006016597617417574,0.886069653436272,"[13.343955039978027, 0.0048412722535431385, 0.000726316764485091, 0.17717412114143372, 1.5842527151107788, 0.06352776288986206, 0.0015213831793516874, 0.015239705331623554, 0.4388984143733978, 0.0016254083020612597, 0.00025519452174194157, 0.054975058883428574, 0.3350650668144226, 0.0006596058374270797, 0.001515431678853929, 0.07745765894651413, 0.7326961755752563, 0.0006669919239357114, 0.000270091783022508]",0.8826354843101734,-0.0034341691260986185
313,302,299,541,0.000732421875,0.0006388503825291991,0.8882798572793897,"[13.397107124328613, 0.00462581031024456, 0.0006387577159330249, 0.16033144295215607, 1.5819069147109985, 0.06302700936794281, 0.001729184528812766, 0.017308376729488373, 0.44466620683670044, 0.0016264794394373894, 0.0002649671514518559, 0.05517497658729553, 0.3356521427631378, 0.0006494796834886074, 0.0013399679446592927, 0.0776524767279625, 0.7326695919036865, 0.0006690170848742127, 0.00027736154152080417]",0.8826354843101734,-0.005644372969216382
314,346,345,541,0.0005950927734375,0.0005001156241632998,0.8823311330312495,"[13.335525512695312, 0.004802952986210585, 0.0007245299639180303, 0.17917966842651367, 1.5115692615509033, 0.061758626252412796, 0.0017031225143000484, 0.017523817718029022, 0.447933554649353, 0.0016338583081960678, 0.0002658013836480677, 0.0543583519756794, 0.33443814516067505, 0.0006609162664972246, 0.001517931348644197, 0.07738981395959854, 0.7323638200759888, 0.0006873629172332585, 0.0002544794406276196]",0.8826354843101734,0.000304351278923809
315,39,20,541,0.00127410888671875,0.0011807915288954973,0.8859871023420343,"[13.358668327331543, 0.0048444755375385284, 0.0007285801111720502, 0.17703622579574585, 1.5219900608062744, 0.0628271996974945, 0.001520311925560236, 0.015533999539911747, 0.4876197278499603, 0.0016473069554194808, 0.0002586507180240005, 0.05333651602268219, 0.3344203233718872, 0.000653411028906703, 0.001517812255769968, 0.07747906446456909, 0.7327258586883545, 0.0006723527330905199, 0.0002747396647464484]",0.8826354843101734,-0.0033516180318609035
317,157,127,541,0.00102996826171875,0.0009425058960914612,0.881214500651511,"[13.327418327331543, 0.004840085748583078, 0.0007205988513305783, 0.16020247340202332, 1.5125359296798706, 0.06376266479492188, 0.0017121669370681047, 0.016696712002158165, 0.44953691959381104, 0.0016511153662577271, 0.00025507534155622125, 0.055141471326351166, 0.33587634563446045, 0.0006655623437836766, 0.0015637562610208988, 0.07710081338882446, 0.7324524521827698, 0.0006678258068859577, 0.0002752163854893297]",0.8826354843101734,0.0014209836586623892
318,79,51,541,0.0011749267578125,0.0010904748924076557,0.8833232789735408,"[13.369945526123047, 0.0048250192776322365, 0.0007245299639180303, 0.17765960097312927, 1.4902641773223877, 0.06238153949379921, 0.0015312624163925648, 0.0173572339117527, 0.44364362955093384, 0.001646116841584444, 0.0002557904226705432, 0.055249880999326706, 0.33347806334495544, 0.0006635371246375144, 0.0013959197094663978, 0.08673358708620071, 0.7344443202018738, 0.0006671110168099403, 0.0002754547167569399]",0.8826354843101734,-0.0006877946633674359
319,29,10,541,0.001312255859375,0.0012309274170547724,0.891311518515546,"[13.352985382080078, 0.004658322781324387, 0.0007256020326167345, 0.17293395102024078, 1.6064900159835815, 0.06149623543024063, 0.0017294225981459022, 0.01515728235244751, 0.4392654299736023, 0.0016550427535548806, 0.0002613918040879071, 0.05539008229970932, 0.3363169729709625, 0.0006375664379447699, 0.001579943229444325, 0.08689950406551361, 0.7958085536956787, 0.0006544832140207291, 0.00027366707217879593]",0.8826354843101734,-0.008676034205372662
320,325,314,541,0.000682830810546875,0.000606902118306607,0.8829701932922226,"[13.338939666748047, 0.00468691810965538, 0.0007267932523973286, 0.1804063618183136, 1.5098408460617065, 0.06211673840880394, 0.0017191881779581308, 0.015470029786229134, 0.44813263416290283, 0.0016350485384464264, 0.00025674383505247533, 0.05278370529413223, 0.33685967326164246, 0.0006596058374270797, 0.0015323336701840162, 0.08533623814582825, 0.7343723773956299, 0.0006764031131751835, 0.00028236693469807506]",0.8826354843101734,-0.0003347089820492366
321,250,237,541,0.000823974609375,0.0007471023127436638,0.8870220172791864,"[13.316173553466797, 0.004797139670699835, 0.0007184546557255089, 0.17782635986804962, 1.5945905447006226, 0.06216065213084221, 0.0017201402224600315, 0.01733333244919777, 0.48852676153182983, 0.0016164820408448577, 0.00025781645672395825, 0.05376792326569557, 0.31276005506515503, 0.0007211944903247058, 0.0015328098088502884, 0.08542073518037796, 0.7325403690338135, 0.0006731866160407662, 0.00028081765049137175]",0.8826354843101734,-0.004386532969013035
322,242,232,541,0.000835418701171875,0.0007580846431665123,0.8856185727529106,"[13.392906188964844, 0.004798681940883398, 0.0007214327342808247, 0.17980729043483734, 1.5126965045928955, 0.06375908851623535, 0.0017151420470327139, 0.016750521957874298, 0.4400874972343445, 0.0016179102240130305, 0.0002618685248307884, 0.05333572253584862, 0.3356828987598419, 0.0006663962849415839, 0.0015120989410206676, 0.08723430335521698, 0.7322536706924438, 0.0006665153778158128, 0.0002791491860989481]",0.8826354843101734,-0.002983088442737203
323,298,289,541,0.000736236572265625,0.0006586947711184621,0.8858353933403698,"[13.334588050842285, 0.004869506694376469, 0.0007138088112697005, 0.17802880704402924, 1.5903944969177246, 0.06128871813416481, 0.001683605252765119, 0.015397721901535988, 0.44028031826019287, 0.0016655157087370753, 0.00023409964342135936, 0.05332973226904869, 0.3358067274093628, 0.0006569849792867899, 0.0015126940561458468, 0.07741397619247437, 0.7320674061775208, 0.0006625840906053782, 0.00027771908207796514]",0.8826354843101734,-0.0031999090301964017
324,133,106,541,0.001068115234375,0.0009806894231587648,0.8819569116136623,"[13.332694053649902, 0.004846492316573858, 0.0007217901293188334, 0.1736394613981247, 1.5184314250946045, 0.06248994916677475, 0.001727875554934144, 0.017280373722314835, 0.4428883194923401, 0.001629097736440599, 0.0002598424907773733, 0.05470738187432289, 0.33326879143714905, 0.0006615119054913521, 0.0015138844028115273, 0.0774022787809372, 0.7320734858512878, 0.0006699701189063489, 0.00027533553657121956]",0.8826354843101734,0.0006785726965110594
325,59,39,541,0.001220703125,0.001124181435443461,0.8851542059886637,"[13.374110221862793, 0.004629132803529501, 0.0007348936051130295, 0.17686043679714203, 1.490634560585022, 0.06277962028980255, 0.0016956250183284283, 0.01726069115102291, 0.44485288858413696, 0.0016444505890831351, 0.00026544384309090674, 0.05331176519393921, 0.3118835687637329, 0.0006586528033949435, 0.0014019908849149942, 0.07750499248504639, 0.7967560291290283, 0.0006667536217719316, 0.000278195773717016]",0.8826354843101734,-0.002518721678490321
326,75,56,541,0.001190185546875,0.0010848313104361296,0.8881433656834384,"[13.380768775939941, 0.0048742517828941345, 0.0007253637886606157, 0.1790330708026886, 1.5088751316070557, 0.061916857957839966, 0.0017269235104322433, 0.016740556806325912, 0.4387076497077942, 0.001632668194361031, 0.00026341783814132214, 0.05545696243643761, 0.33521342277526855, 0.0006613928126171231, 0.0015758965164422989, 0.08684135973453522, 0.7987574338912964, 0.00067473528906703, 0.00027807659353129566]",0.8826354843101734,-0.005507881373265078
329,2,3,541,0.0013885498046875,0.0012702943058684468,0.8806955592919717,"[13.331565856933594, 0.004779106471687555, 0.0007205988513305783, 0.17804576456546783, 1.4887036085128784, 0.0627160295844078, 0.001503290724940598, 0.016867509111762047, 0.44376349449157715, 0.0016335012624040246, 0.00023409964342135936, 0.054729729890823364, 0.3350435793399811, 0.0006555553991347551, 0.0015863704029470682, 0.07746593654155731, 0.7322454452514648, 0.0006728292210027575, 0.0002833203470800072]",0.8826354843101734,0.001939925018201616
331,128,111,541,0.0010833740234375,0.0009725753334350884,0.8823987145656965,"[13.3629789352417, 0.004823477007448673, 0.0007332258974201977, 0.17748892307281494, 1.513298749923706, 0.062290143221616745, 0.0017203782917931676, 0.017273344099521637, 0.44216838479042053, 0.0016545667313039303, 0.0002641328901518136, 0.05547387897968292, 0.31296807527542114, 0.0006649667047895491, 0.001379848807118833, 0.07734225690364838, 0.7321054339408875, 0.0006699701189063489, 0.0002768848498817533]",0.8826354843101734,0.00023676974447683907
332,247,250,541,0.000827789306640625,0.0007291114889085293,0.887103836943616,"[13.339705467224121, 0.004824782256036997, 0.000644237850792706, 0.17828936874866486, 1.6080504655838013, 0.06257158517837524, 0.0017289465758949518, 0.015557825565338135, 0.44075584411621094, 0.0016543286619707942, 0.0002531684876885265, 0.053152505308389664, 0.3350811004638672, 0.000655793643090874, 0.0014031813479959965, 0.0775708481669426, 0.7321308851242065, 0.0006623458466492593, 0.0002802217786666006]",0.8826354843101734,-0.004468352633442696
333,86,61,541,0.00115966796875,0.0010779042495414615,0.8847134806059521,"[13.385895729064941, 0.004628777038305998, 0.0007191693875938654, 0.17751486599445343, 1.511603593826294, 0.061632540076971054, 0.0016930069541558623, 0.016666464507579803, 0.4470994472503662, 0.001610174193046987, 0.0002575780963525176, 0.05314651504158974, 0.3342958092689514, 0.0006653240998275578, 0.001546973828226328, 0.07728444039821625, 0.7323777079582214, 0.0006685405969619751, 0.0002494739310350269]",0.8826354843101734,-0.002077996295778761
334,16,2,541,0.0013427734375,0.0012737689539790154,0.8873480403608961,"[13.358171463012695, 0.004849220626056194, 0.0007245299639180303, 0.17731711268424988, 1.5238686800003052, 0.062311090528964996, 0.001505909371189773, 0.017085272818803787, 0.44403061270713806, 0.0014969820622354746, 0.0002623452164698392, 0.05296868830919266, 0.3357170820236206, 0.0006530536338686943, 0.0015642322832718492, 0.07736873626708984, 0.7987631559371948, 0.0006750926841050386, 0.0002795067266561091]",0.8826354843101734,-0.004712556050722738
335,134,98,541,0.001068115234375,0.0010054301237687469,0.8888633415979137,"[13.360555648803711, 0.004800817463546991, 0.0007321537705138326, 0.1784447580575943, 1.6162399053573608, 0.06304917484521866, 0.0015192406717687845, 0.01684887334704399, 0.4431447982788086, 0.0016252892091870308, 0.0002628219372127205, 0.055193591862916946, 0.33343929052352905, 0.0006467396160587668, 0.0013902055798098445, 0.07738594710826874, 0.7321823835372925, 0.0006679449579678476, 0.0002739054325502366]",0.8826354843101734,-0.006227857287740335
336,100,67,541,0.001129150390625,0.001063233008608222,0.8830929553966455,"[13.342741012573242, 0.004638862796127796, 0.0006342306733131409, 0.17828018963336945, 1.5221325159072876, 0.06247326359152794, 0.0016886036610230803, 0.016639968380331993, 0.44518449902534485, 0.001636000582948327, 0.0002562671434134245, 0.054184690117836, 0.3349856734275818, 0.0006693744799122214, 0.0015299530932679772, 0.07740955799818039, 0.7327726483345032, 0.0006603206275030971, 0.0002485204895492643]",0.8826354843101734,-0.00045747108647209433
337,66,31,541,0.00121307373046875,0.001145607209764421,0.8890914401119133,"[13.346895217895508, 0.004633760545402765, 0.000727627135347575, 0.15996122360229492, 1.6092987060546875, 0.06242779642343521, 0.0017120479606091976, 0.01674981787800789, 0.4458555579185486, 0.0014613912208005786, 0.0002559096028562635, 0.05280179902911186, 0.3126641511917114, 0.0006484074983745813, 0.0015417367685586214, 0.07740338146686554, 0.7967482805252075, 0.0006699701189063489, 0.0002805792901199311]",0.8826354843101734,-0.006455955801739965
338,282,273,541,0.00075531005859375,0.0006877707201056182,0.8884125883494945,"[13.321300506591797, 0.004799275193363428, 0.0006423317245207727, 0.17807051539421082, 1.5872799158096313, 0.06314922869205475, 0.001686342409811914, 0.017261158674955368, 0.44752228260040283, 0.0016283836448565125, 0.0002559096028562635, 0.05329390615224838, 0.313848078250885, 0.0006563892820850015, 0.0015528061194345355, 0.08716514706611633, 0.7987878918647766, 0.0006673493189737201, 0.00027176024741493165]",0.8826354843101734,-0.00577710403932119
339,251,233,541,0.000823974609375,0.0007565069245174527,0.8832647134412056,"[13.345526695251465, 0.0048079355619847775, 0.0007253637886606157, 0.17768415808677673, 1.5152888298034668, 0.06183214113116264, 0.0017308506648987532, 0.01685461588203907, 0.44276559352874756, 0.001618743408471346, 0.0002623452164698392, 0.05332611873745918, 0.3349195122718811, 0.0006678258068859577, 0.0015617328463122249, 0.08683250844478607, 0.7346723675727844, 0.0006712805479764938, 0.0002809368306770921]",0.8826354843101734,-0.0006292291310322495
340,339,335,541,0.000629425048828125,0.0005651770625263453,0.8880149792285489,"[13.353568077087402, 0.004807342309504747, 0.000719645875506103, 0.17731201648712158, 1.6066256761550903, 0.06311744451522827, 0.0017113338690251112, 0.01726572774350643, 0.4434778392314911, 0.0014894831692799926, 0.0002585315378382802, 0.05286557227373123, 0.3342999219894409, 0.0007169060409069061, 0.0015589953400194645, 0.07750940322875977, 0.7340500354766846, 0.0006543640629388392, 0.0002762889489531517]",0.8826354843101734,-0.005379494918375527
341,353,348,541,0.000518798828125,0.0004602881090249866,0.8836314670931499,"[13.366063117980957, 0.004851237405091524, 0.0007191693875938654, 0.17748472094535828, 1.5066827535629272, 0.06263003498315811, 0.0017045505810528994, 0.017325950786471367, 0.447401225566864, 0.001465795561671257, 0.00024184639914892614, 0.05320563167333603, 0.3347536027431488, 0.0006615119054913521, 0.001529357978142798, 0.07706041634082794, 0.7342694997787476, 0.0006691362359561026, 0.0002783149539027363]",0.8826354843101734,-0.0009959827829765233
342,268,253,541,0.000782012939453125,0.0007236585370264947,0.8801090959597403,"[13.321084022521973, 0.004829646088182926, 0.000714523543138057, 0.17833495140075684, 1.4908514022827148, 0.06277447193861008, 0.0017298986203968525, 0.017286935821175575, 0.44068658351898193, 0.0016577800270169973, 0.00025459862081333995, 0.053660258650779724, 0.3353291153907776, 0.0006644901586696506, 0.0014006814453750849, 0.07733475416898727, 0.7325449585914612, 0.0006573423161171377, 0.00027640812913887203]",0.8826354843101734,0.002526388350433062
343,261,247,541,0.00079345703125,0.0007307376945391297,0.8880050000949077,"[13.372063636779785, 0.004618572071194649, 0.0007161913090385497, 0.17684565484523773, 1.5144861936569214, 0.06295369565486908, 0.0017145470483228564, 0.016989171504974365, 0.44526660442352295, 0.0016465928638353944, 0.0002602000313345343, 0.05364229530096054, 0.3347774147987366, 0.000646501372102648, 0.0013979434734210372, 0.08716929703950882, 0.7959563732147217, 0.0006636562757194042, 0.00028046013903804123]",0.8826354843101734,-0.0053695157847343244
344,232,210,541,0.00086212158203125,0.000794789579231292,0.8789844378985244,"[13.314117431640625, 0.004807698540389538, 0.0006406639004126191, 0.18039590120315552, 1.4882240295410156, 0.06307335197925568, 0.0017366817919537425, 0.015203308314085007, 0.44060754776000977, 0.0016718233237043023, 0.00026353701832704246, 0.05524548143148422, 0.3123910129070282, 0.0006667536217719316, 0.0013921103673055768, 0.08701818436384201, 0.7323011159896851, 0.0006771179032512009, 0.00027056847466155887]",0.8826354843101734,0.0036510464116489283
345,57,27,541,0.00122833251953125,0.001153434976004064,0.8817724384900526,"[13.329856872558594, 0.004620589315891266, 0.0007316772826015949, 0.17769074440002441, 1.5115995407104492, 0.05607378110289574, 0.0017316836165264249, 0.01728435792028904, 0.44096341729164124, 0.0016626594588160515, 0.000259365770034492, 0.05499277263879776, 0.3336746394634247, 0.0006543640629388392, 0.0013993718894198537, 0.08717399090528488, 0.7323765754699707, 0.0006803343421779573, 0.00024959311122074723]",0.8826354843101734,0.0008630458201207558
346,17,6,541,0.0013427734375,0.001265747589059174,0.883067008294012,"[13.334917068481445, 0.004843052010983229, 0.000646501372102648, 0.17732588946819305, 1.5200529098510742, 0.06344307214021683, 0.0017273995326831937, 0.017284240573644638, 0.45061707496643066, 0.0016384999034926295, 0.00023409964342135936, 0.05449675768613815, 0.3360222578048706, 0.0006640136707574129, 0.0015460216673091054, 0.07730761170387268, 0.7345533967018127, 0.0006702084210701287, 0.00028308198670856655]",0.8826354843101734,-0.0004315239838386109
347,186,156,541,0.000965118408203125,0.0008871147292666137,0.8832440413549959,"[13.339522361755371, 0.004820155445486307, 0.0007219092221930623, 0.17832069098949432, 1.516647219657898, 0.062249597162008286, 0.0017035985365509987, 0.015462635084986687, 0.48348185420036316, 0.0016235039802268147, 0.0002627027570270002, 0.0540442056953907, 0.3123971223831177, 0.0006597249885089695, 0.0013899675104767084, 0.07742897421121597, 0.7299544215202332, 0.0006681832019239664, 0.0002779574424494058]",0.8826354843101734,-0.0006085570448225441
348,72,41,541,0.00119781494140625,0.0011221155291423202,0.8831994881942304,"[13.329792976379395, 0.004811257589608431, 0.0007188120507635176, 0.1773439645767212, 1.4897289276123047, 0.06284455209970474, 0.0017315646400675178, 0.016864344477653503, 0.48357704281806946, 0.0016439745668321848, 0.00025829317746683955, 0.05293205752968788, 0.33404797315597534, 0.0006582954083569348, 0.0014037764631211758, 0.08715935051441193, 0.7342602610588074, 0.0007337023853324354, 0.0002791491860989481]",0.8826354843101734,-0.0005640038840570849
349,221,199,541,0.000888824462890625,0.0008194341789931059,0.8809197492971036,"[13.333108901977539, 0.004646456800401211, 0.0006542449118569493, 0.17744848132133484, 1.4948498010635376, 0.06257797032594681, 0.0017203782917931676, 0.01728377304971218, 0.4423031806945801, 0.0016349294455721974, 0.0002616301644593477, 0.05285867676138878, 0.33474329113960266, 0.0006596058374270797, 0.0015498304273933172, 0.07730408012866974, 0.7329210042953491, 0.0006703275139443576, 0.0002786724944598973]",0.8826354843101734,0.0017157350130697635
350,265,248,541,0.000789642333984375,0.0007305106264539063,0.8843041812299481,"[13.374673843383789, 0.004865947645157576, 0.0007136897183954716, 0.17765900492668152, 1.5153249502182007, 0.06397302448749542, 0.001713952049612999, 0.016848403960466385, 0.44218453764915466, 0.0016400470631197095, 0.0002603192115202546, 0.05410135164856911, 0.33470696210861206, 0.0006566275842487812, 0.0015778008382767439, 0.07740569859743118, 0.7325340509414673, 0.0006606780225411057, 0.00027855331427417696]",0.8826354843101734,-0.0016686969197747814
351,185,142,541,0.00096893310546875,0.0009146608645096421,0.8814255905071102,"[13.34526252746582, 0.0052198790945112705, 0.0007228621980175376, 0.17649398744106293, 1.4909168481826782, 0.06310759484767914, 0.0015206689713522792, 0.017257526516914368, 0.4418605864048004, 0.001627312507480383, 0.0002646096108946949, 0.05441694334149361, 0.3349049985408783, 0.0006640136707574129, 0.0015432840446010232, 0.0775301456451416, 0.732824981212616, 0.0006723527330905199, 0.00027509720530360937]",0.8826354843101734,0.0012098938030631334
352,240,213,541,0.0008392333984375,0.0007888938416726887,0.882407107839275,"[13.333316802978516, 0.004654288291931152, 0.0007289375062100589, 0.17823760211467743, 1.5166722536087036, 0.06297530233860016, 0.0015230495482683182, 0.01753072813153267, 0.4431759715080261, 0.001653971616178751, 0.00025614796322770417, 0.05389714986085892, 0.33586978912353516, 0.0006568658282049, 0.0015605426160618663, 0.07750995457172394, 0.73456871509552, 0.0006646093097515404, 0.00028236693469807506]",0.8826354843101734,0.00022837647089835045
353,357,351,541,0.0004405975341796875,0.00038929987931624055,0.8883004943843269,"[13.349815368652344, 0.004660102538764477, 0.0006482883472926915, 0.17775310575962067, 1.6087924242019653, 0.06286492943763733, 0.0015187645331025124, 0.015271403826773167, 0.44428449869155884, 0.0016363576287403703, 0.00026008085114881396, 0.055229462683200836, 0.3340162932872772, 0.0006543640629388392, 0.001347468001767993, 0.08559693396091461, 0.7324068546295166, 0.0006760457181371748, 0.0002766464895103127]",0.8826354843101734,-0.0056650100741535425
354,347,341,541,0.000583648681640625,0.0005323145887814462,0.887068120558979,"[13.35866641998291, 0.0048436447978019714, 0.0006507901125587523, 0.17774203419685364, 1.5137512683868408, 0.06217499077320099, 0.0017392997397109866, 0.015410633757710457, 0.4496539831161499, 0.0016467118402943015, 0.00025960413040593266, 0.053812094032764435, 0.33454829454421997, 0.0006516240537166595, 0.0015413797227665782, 0.07739344984292984, 0.7988701462745667, 0.0006582954083569348, 0.0002796259068418294]",0.8826354843101734,-0.0044326362488056326
355,340,331,541,0.0006256103515625,0.0005751537391915917,0.8861704425546219,"[13.35543441772461, 0.004840797744691372, 0.000724887300748378, 0.16112159192562103, 1.5902059078216553, 0.06042354553937912, 0.0017175221582874656, 0.015472612343728542, 0.4393823742866516, 0.001658732071518898, 0.0002611534437164664, 0.05545752868056297, 0.33541998267173767, 0.0006598440813831985, 0.00154518848285079, 0.07735384255647659, 0.7346006631851196, 0.0006767605082131922, 0.0002810560108628124]",0.8826354843101734,-0.003534958244448494
356,341,330,541,0.0006256103515625,0.0005768109695054591,0.8825412369754447,"[13.364373207092285, 0.004826799035072327, 0.0006425699684768915, 0.1781666874885559, 1.510546326637268, 0.06213947758078575, 0.0017035985365509987, 0.015517801977694035, 0.4483334422111511, 0.001618743408471346, 0.0002348147245356813, 0.05291317403316498, 0.3116534948348999, 0.0006637753685936332, 0.0015704215038567781, 0.07750774919986725, 0.7348493933677673, 0.0007391819381155074, 0.0002828436263371259]",0.8826354843101734,9.424733472862545e-05
357,293,272,541,0.00074005126953125,0.0006880387081764638,0.8806535639956373,"[13.348196983337402, 0.004813986364752054, 0.000727508042473346, 0.17820708453655243, 1.4923313856124878, 0.06277614831924438, 0.0017099058022722602, 0.017215462401509285, 0.44474995136260986, 0.0016333822859451175, 0.0002574589161667973, 0.05386936292052269, 0.312672883272171, 0.0006594866863451898, 0.0015485212206840515, 0.07735957950353622, 0.7327368855476379, 0.0006735440110787749, 0.000278195773717016]",0.8826354843101734,0.0019819203145360342
358,248,223,541,0.000827789306640625,0.0007734624086879194,0.882960210580342,"[13.349272727966309, 0.004811969585716724, 0.0007188120507635176, 0.17759890854358673, 1.515279769897461, 0.06266777217388153, 0.0017141900025308132, 0.017402922734618187, 0.44282054901123047, 0.0016382618341594934, 0.00025328766787424684, 0.052846577018499374, 0.3344085216522217, 0.000724887300748378, 0.0015541153261438012, 0.0773799940943718, 0.7342087626457214, 0.000662822334561497, 0.0002791491860989481]",0.8826354843101734,-0.0003247262701686626
359,323,306,541,0.0006866455078125,0.0006314087077043951,0.8891438784860504,"[13.363783836364746, 0.00462581031024456, 0.0007289375062100589, 0.1775587946176529, 1.611830234527588, 0.06350773572921753, 0.0017162130679935217, 0.01677115447819233, 0.4473833739757538, 0.0016146968118846416, 0.0002321927313460037, 0.054954636842012405, 0.33423087000846863, 0.0006597249885089695, 0.0015504255425184965, 0.07742853462696075, 0.7342212200164795, 0.0006591292913071811, 0.00027616979787126184]",0.8826354843101734,-0.006508394175877008
360,255,234,541,0.000812530517578125,0.0007565042469650507,0.887212829898712,"[13.358192443847656, 0.004817664157599211, 0.0007186928996816278, 0.1794416308403015, 1.6079990863800049, 0.06282294541597366, 0.0017164511373266578, 0.015666738152503967, 0.4434908330440521, 0.0016421893378719687, 0.0002658013836480677, 0.05290672928094864, 0.31255730986595154, 0.0006572232232429087, 0.0015747062861919403, 0.07740382105112076, 0.7342157363891602, 0.000674616196192801, 0.0002791491860989481]",0.8826354843101734,-0.004577345588538617
361,267,249,541,0.00078582763671875,0.0007293081725947559,0.8817960273613847,"[13.341572761535645, 0.004813155625015497, 0.0006459057331085205, 0.17836397886276245, 1.494560956954956, 0.07057739794254303, 0.0016886036610230803, 0.015542919747531414, 0.4399643540382385, 0.0016310019418597221, 0.00023409964342135936, 0.05302352085709572, 0.3367726802825928, 0.0006624649395234883, 0.0014013956533744931, 0.07738561928272247, 0.7343289852142334, 0.0006766413571313024, 0.00027807659353129566]",0.8826354843101734,0.0008394569487886194
362,328,311,541,0.000667572021484375,0.0006110043032094836,0.8797988009449144,"[13.293889999389648, 0.004845068324357271, 0.0007198841194622219, 0.17776428163051605, 1.521153450012207, 0.06277670711278915, 0.0017281135078519583, 0.016685692593455315, 0.44676709175109863, 0.0016532575245946646, 0.0002584123576525599, 0.05330238118767738, 0.31217971444129944, 0.0006414977833628654, 0.001549473381601274, 0.08554287254810333, 0.7337854504585266, 0.0006569849792867899, 0.0002768848498817533]",0.8826354843101734,0.0028366833652589962
363,303,281,541,0.000732421875,0.0006748380255885422,0.8853293346994753,"[13.331411361694336, 0.004851949401199818, 0.0007190502947196364, 0.17817965149879456, 1.5102370977401733, 0.06223985180258751, 0.0017091918271034956, 0.01740233786404133, 0.446533203125, 0.0016243371646851301, 0.0002598424907773733, 0.053420595824718475, 0.33591994643211365, 0.0006673493189737201, 0.001515431678853929, 0.07747112214565277, 0.7961688041687012, 0.000675807474181056, 0.00025042734341695905]",0.8826354843101734,-0.0026938503893019217
364,229,204,541,0.000865936279296875,0.0008085112203843892,0.8843214573433599,"[13.400007247924805, 0.0048079355619847775, 0.0006445952458307147, 0.17840765416622162, 1.5179810523986816, 0.06347518414258957, 0.001723829424008727, 0.01535229105502367, 0.4450502395629883, 0.0016350485384464264, 0.0002618685248307884, 0.04908208176493645, 0.3115176856517792, 0.0006343498243950307, 0.0013806821079924703, 0.0769423171877861, 0.732256293296814, 0.000666277133859694, 0.0002810560108628124]",0.8826354843101734,-0.0016859730331865164
365,314,292,541,0.00070953369140625,0.0006521230679936707,0.8810706249833425,"[13.316964149475098, 0.004613707307726145, 0.0006466205231845379, 0.17772416770458221, 1.5143293142318726, 0.06251133978366852, 0.001704074558801949, 0.01715780980885029, 0.44218575954437256, 0.001613506581634283, 0.0002592465898487717, 0.05347122251987457, 0.3347183167934418, 0.0006504327175207436, 0.001374729792587459, 0.07734093070030212, 0.7321250438690186, 0.0006716379430145025, 0.0002798642381094396]",0.8826354843101734,0.0015648593268308142
366,244,222,541,0.00083160400390625,0.0007744065951555967,0.8840376996223839,"[13.379849433898926, 0.0048383064568042755, 0.0007257211836986244, 0.17827869951725006, 1.5087106227874756, 0.06183494254946709, 0.0017281135078519583, 0.016787448897957802, 0.44177284836769104, 0.001636000582948327, 0.0002559096028562635, 0.05298655107617378, 0.3347592353820801, 0.0006491222884505987, 0.0015511397505179048, 0.07739389687776566, 0.7320408821105957, 0.0006699701189063489, 0.0002474478678777814]",0.8826354843101734,-0.0014022153122105196
367,276,259,541,0.000766754150390625,0.0007105970871634781,0.8860851004704416,"[13.397178649902344, 0.00482395151630044, 0.0006441186997108161, 0.1776881366968155, 1.5241241455078125, 0.06266888976097107, 0.0017201402224600315, 0.015378352254629135, 0.4456547498703003, 0.001652305480092764, 0.0002616301644593477, 0.05381661280989647, 0.3366599678993225, 0.0006574614671990275, 0.001556019764393568, 0.07749881595373154, 0.732690155506134, 0.0006636562757194042, 0.0002791491860989481]",0.8826354843101734,-0.0034496161602682873
368,332,313,541,0.000659942626953125,0.0006079389131627977,0.8851200209955048,"[13.326255798339844, 0.004841984249651432, 0.0007339406292885542, 0.17783145606517792, 1.5122604370117188, 0.062456242740154266, 0.0015262633096426725, 0.01718464493751526, 0.4458596110343933, 0.0016661108238622546, 0.00026603974401950836, 0.05381808057427406, 0.33548739552497864, 0.0006631797295995057, 0.001553758280351758, 0.07742059230804443, 0.7964988350868225, 0.0006775943911634386, 0.00027843413408845663]",0.8826354843101734,-0.00248453668533144
369,273,254,541,0.00077056884765625,0.0007195905782282352,0.8843880230423039,"[13.360210418701172, 0.004847322590649128, 0.0007290565990842879, 0.17858676612377167, 1.519679069519043, 0.062246907502412796, 0.0017159751150757074, 0.015404529869556427, 0.447293758392334, 0.001609936123713851, 0.0002325502864550799, 0.052856866270303726, 0.33516961336135864, 0.0006640136707574129, 0.0015166220255196095, 0.08710570633411407, 0.7325689792633057, 0.0006581762572750449, 0.00027616979787126184]",0.8826354843101734,-0.0017525387321305486
370,292,271,541,0.000743865966796875,0.0006898894207552075,0.8845914560171015,"[13.36921501159668, 0.004843170288950205, 0.0007257211836986244, 0.17830532789230347, 1.5240237712860107, 0.06294384598731995, 0.0017087158048525453, 0.017385350540280342, 0.45144033432006836, 0.0014698426239192486, 0.00026592056383378804, 0.04781348630785942, 0.33441469073295593, 0.0006586528033949435, 0.0015708976425230503, 0.07747884094715118, 0.732016384601593, 0.0006718761869706213, 0.0002858230145648122]",0.8826354843101734,-0.0019559717069281835
371,354,350,541,0.00051116943359375,0.00045021966798231006,0.8839755635968973,"[13.365400314331055, 0.0048323748633265495, 0.0007256020326167345, 0.17806322872638702, 1.5190805196762085, 0.0627795085310936, 0.0017231153324246407, 0.016862353309988976, 0.4401482343673706, 0.001660398324020207, 0.00025829317746683955, 0.05513177067041397, 0.33559077978134155, 0.0006612736615352333, 0.0013567537534981966, 0.07750377804040909, 0.7328072190284729, 0.0006729483720846474, 0.00027724236133508384]",0.8826354843101734,-0.001340079286723972
372,342,338,541,0.000621795654296875,0.0005524015869013965,0.8824886191991697,"[13.344819068908691, 0.004822290502488613, 0.000719645875506103, 0.17856532335281372, 1.513038158416748, 0.062166478484869, 0.0017106198938563466, 0.015418029390275478, 0.43708521127700806, 0.001654209685511887, 0.00025388356880284846, 0.0554206483066082, 0.33627840876579285, 0.0006551980040967464, 0.0015827997121959925, 0.0776626244187355, 0.73447585105896, 0.000673424918204546, 0.0002818902430590242]",0.8826354843101734,0.00014686511100370225
373,287,280,541,0.000751495361328125,0.0006766078877262771,0.8842092415572168,"[13.355012893676758, 0.004867727402597666, 0.0006518622976727784, 0.1792965680360794, 1.5244979858398438, 0.06310983747243881, 0.0017027654685080051, 0.015377648174762726, 0.4419257938861847, 0.0016613503685221076, 0.0002356490003876388, 0.05373482406139374, 0.3350353240966797, 0.0006649667047895491, 0.001563875237479806, 0.087226003408432, 0.7324643731117249, 0.0006663962849415839, 0.0002797450579237193]",0.8826354843101734,-0.0015737572470434502
374,252,238,541,0.000823974609375,0.0007458002073690295,0.8818579057666571,"[13.317115783691406, 0.004837950691580772, 0.0007177399238571525, 0.17380087077617645, 1.5104562044143677, 0.06464395672082901, 0.0015242397785186768, 0.017381368204951286, 0.44977718591690063, 0.001623861026018858, 0.0002575780963525176, 0.05442608892917633, 0.33594152331352234, 0.0006675875629298389, 0.0015507827047258615, 0.08725571632385254, 0.7323059439659119, 0.0007412070408463478, 0.0002746204845607281]",0.8826354843101734,0.000777578543516233
375,198,173,541,0.00093841552734375,0.0008578732958994806,0.8826081189143128,"[13.277972221374512, 0.004593771882355213, 0.0006414977833628654, 0.17979305982589722, 1.5156383514404297, 0.06097999960184097, 0.0016793209360912442, 0.01540746446698904, 0.44577351212501526, 0.0014698426239192486, 0.00027259447961114347, 0.05335504934191704, 0.33495309948921204, 0.0006581762572750449, 0.0015511397505179048, 0.07737965881824493, 0.7964919805526733, 0.0006685405969619751, 0.00027497802511788905]",0.8826354843101734,2.7365395860567965e-05
376,40,17,541,0.00127410888671875,0.0011906998697668314,0.8815075686633416,"[13.309769630432129, 0.004680154845118523, 0.0007140470552258193, 0.17848075926303864, 1.5072168111801147, 0.06151585280895233, 0.0016940779751166701, 0.01680128090083599, 0.4861520528793335, 0.0016468308167532086, 0.0002653246629051864, 0.053262487053871155, 0.31361550092697144, 0.0006594866863451898, 0.001512932125478983, 0.07744442671537399, 0.7322643399238586, 0.0006700892699882388, 0.00027771908207796514]",0.8826354843101734,0.0011279156468317897
379,67,43,541,0.00121307373046875,0.0011162924347445369,0.8847987539055268,"[13.362077713012695, 0.0048279850743710995, 0.0007176207727752626, 0.17740865051746368, 1.5223301649093628, 0.06360752135515213, 0.0017175221582874656, 0.01681874692440033, 0.44897109270095825, 0.0016387379728257656, 0.0002559096028562635, 0.05454857274889946, 0.3341018259525299, 0.0007173825288191438, 0.0013868723763152957, 0.08682474493980408, 0.7322791218757629, 0.0006728292210027575, 0.0002733095607254654]",0.8826354843101734,-0.002163269595353401
380,253,252,541,0.000820159912109375,0.0007238560356199741,0.8830318908210182,"[13.351101875305176, 0.004572649952024221, 0.0006449526408687234, 0.17723573744297028, 1.5099915266036987, 0.06239733099937439, 0.0017160940915346146, 0.015523552894592285, 0.4494704306125641, 0.001644212519749999, 0.00026556302327662706, 0.05301877111196518, 0.3355664014816284, 0.0006642519147135317, 0.0015849421033635736, 0.07740028947591782, 0.7338520288467407, 0.0006748544401489198, 0.00028046013903804123]",0.8826354843101734,-0.0003964065108448267
381,269,268,541,0.0007781982421875,0.000693519483320415,0.8867379838652836,"[13.378700256347656, 0.005264467094093561, 0.0007178590167313814, 0.15995219349861145, 1.5093579292297363, 0.06267650425434113, 0.001716808183118701, 0.016802452504634857, 0.4428168833255768, 0.001650877296924591, 0.00025733973598107696, 0.05561495199799538, 0.33597737550735474, 0.0006590101984329522, 0.0013855629367753863, 0.07748347520828247, 0.7960392236709595, 0.0006699701189063489, 0.00027855331427417696]",0.8826354843101734,-0.004102499555110217
382,256,240,541,0.000812530517578125,0.0007423438364639878,0.8859476894630414,"[13.360650062561035, 0.0048085288144648075, 0.0007159530650824308, 0.17826882004737854, 1.5198569297790527, 0.06291697919368744, 0.0017116909148171544, 0.017284827306866646, 0.44276851415634155, 0.001655637752264738, 0.0002661589242052287, 0.053244512528181076, 0.311758428812027, 0.0006677066558040679, 0.0015381659613922238, 0.0774952843785286, 0.796384334564209, 0.0007385863573290408, 0.00027497802511788905]",0.8826354843101734,-0.0033122051528680085
383,230,206,541,0.000865936279296875,0.0008067322778515518,0.8825396762342854,"[13.34754753112793, 0.004810071084648371, 0.0006469779182225466, 0.1778220683336258, 1.507073163986206, 0.06349901109933853, 0.0017128810286521912, 0.01537717878818512, 0.44641968607902527, 0.0014556775568053126, 0.0002641328901518136, 0.05344274640083313, 0.33514052629470825, 0.0006411403883248568, 0.001553639187477529, 0.0774148553609848, 0.7324767708778381, 0.0006779517862014472, 0.00027783826226368546]",0.8826354843101734,9.58080758879376e-05
384,165,123,541,0.00101470947265625,0.0009517759317532182,0.8799757912362877,"[13.31202507019043, 0.004851237405091524, 0.0007283418672159314, 0.17823201417922974, 1.5200154781341553, 0.06387674063444138, 0.0017201402224600315, 0.017603235319256783, 0.44323909282684326, 0.0016386188799515367, 0.000259723310591653, 0.048901259899139404, 0.31197842955589294, 0.0006540066679008305, 0.0015779199311509728, 0.0773850679397583, 0.7338994145393372, 0.0006748544401489198, 0.00027938754647038877]",0.8826354843101734,0.002659693073885694
385,96,66,541,0.00113677978515625,0.0010649643372744322,0.8806165056915856,"[13.321473121643066, 0.004797258414328098, 0.0006522196927107871, 0.17774862051010132, 1.4906567335128784, 0.06399762630462646, 0.0015278107021003962, 0.017121365293860435, 0.4402531683444977, 0.0016177912475541234, 0.0002623452164698392, 0.052228666841983795, 0.3355027437210083, 0.0006361367995850742, 0.0015683980891481042, 0.08662646263837814, 0.7340878248214722, 0.0006753309280611575, 0.00027998341829515994]",0.8826354843101734,0.0020189786185877967
386,233,218,541,0.00086212158203125,0.0007796111749485135,0.881443358325908,"[13.333409309387207, 0.004653220530599356, 0.0007241725688800216, 0.1806594282388687, 1.4977960586547852, 0.06288821250200272, 0.0017239484004676342, 0.016874073073267937, 0.44436341524124146, 0.0016452836571261287, 0.00023409964342135936, 0.054508838802576065, 0.33517327904701233, 0.0006562701892107725, 0.0015554246492683887, 0.07741331309080124, 0.7322099208831787, 0.0006532918778248131, 0.00028224775451235473]",0.8826354843101734,0.0011921259842653242
387,150,124,541,0.00104522705078125,0.0009514257544651628,0.8834117333371021,"[13.36638355255127, 0.004657373297959566, 0.0006469779182225466, 0.17785151302814484, 1.517690896987915, 0.062099482864141464, 0.0017120479606091976, 0.0155132245272398, 0.4411259591579437, 0.0016191004542633891, 0.00026603974401950836, 0.04909887909889221, 0.33317893743515015, 0.000647692708298564, 0.0015937496209517121, 0.07754139602184296, 0.7322419881820679, 0.0006772369961254299, 0.0002768848498817533]",0.8826354843101734,-0.0007762490269287436
388,87,72,541,0.00115966796875,0.001053854008205235,0.8859980140994977,"[13.389264106750488, 0.004822765477001667, 0.0007253637886606157, 0.17946863174438477, 1.5176526308059692, 0.06291317194700241, 0.0017270424868911505, 0.015440919436514378, 0.44867855310440063, 0.0016437364974990487, 0.00023493390472140163, 0.05355258285999298, 0.33543533086776733, 0.0007210753974504769, 0.001570302527397871, 0.08690999448299408, 0.7322567701339722, 0.0006611545104533434, 0.00028320116689428687]",0.8826354843101734,-0.0033625297893243866
389,135,121,541,0.001068115234375,0.0009538491722196341,0.8808922923597396,"[13.354580879211426, 0.004811257589608431, 0.0007213136414065957, 0.16156096756458282, 1.510638952255249, 0.0625806599855423, 0.0017008613795042038, 0.015401008538901806, 0.44409093260765076, 0.0015037668636068702, 0.00023195437097456306, 0.05314108729362488, 0.3111898899078369, 0.000654602306894958, 0.0013947292463853955, 0.07738473266363144, 0.7344133853912354, 0.0006735440110787749, 0.0002790300059132278]",0.8826354843101734,0.001743191950433709
390,3,5,541,0.0013885498046875,0.0012665258254855871,0.8862279296184792,"[13.369904518127441, 0.004838899709284306, 0.0006428082706406713, 0.17853820323944092, 1.5145246982574463, 0.06219560280442238, 0.0017259714659303427, 0.01725705713033676, 0.4405279755592346, 0.0016739654820412397, 0.00026770823751576245, 0.05421822890639305, 0.3126383423805237, 0.0006612736615352333, 0.00158410903532058, 0.07734159380197525, 0.7988448739051819, 0.0006600823253393173, 0.0002847504511009902]",0.8826354843101734,-0.003592445308305825
392,8,8,541,0.00136566162109375,0.0012469833018258214,0.8856793256066005,"[13.330007553100586, 0.00465749204158783, 0.0007257211836986244, 0.17817416787147522, 1.5863838195800781, 0.06348379701375961, 0.0017074067145586014, 0.017300527542829514, 0.44184932112693787, 0.0016289787599816918, 0.00026008085114881396, 0.053141314536333084, 0.334124356508255, 0.0006547214579768479, 0.0015118608716875315, 0.07739709317684174, 0.7339889407157898, 0.0006588910473510623, 0.000251142424531281]",0.8826354843101734,-0.0030438412964270967
394,101,91,541,0.001129150390625,0.001018425333313644,0.88742705434331,"[13.33114242553711, 0.004822409246116877, 0.0007185738068073988, 0.17709843814373016, 1.609761118888855, 0.0626816526055336, 0.0016565899131819606, 0.01530439406633377, 0.446763277053833, 0.0016434985445812345, 0.0002348147245356813, 0.05290571227669716, 0.3354926109313965, 0.0006582954083569348, 0.001553520211018622, 0.08543868362903595, 0.7322918772697449, 0.0006691362359561026, 0.00027700403006747365]",0.8826354843101734,-0.004791570033136683
398,136,108,541,0.001068115234375,0.0009802939603105187,0.8879409538915896,"[13.346529006958008, 0.004792868625372648, 0.0007205988513305783, 0.17842350900173187, 1.613236427307129, 0.06337079405784607, 0.001734539750032127, 0.017258698120713234, 0.44071319699287415, 0.0016201715916395187, 0.00026246439665555954, 0.05519799143075943, 0.334460586309433, 0.0006560318870469928, 0.001405204995535314, 0.07736685872077942, 0.7321802973747253, 0.0006784282741136849, 0.00027044929447583854]",0.8826354843101734,-0.0053054695814162
399,115,88,541,0.00110626220703125,0.0010225221049040556,0.8845265445094188,"[13.386492729187012, 0.004840085748583078, 0.0007246490567922592, 0.17782336473464966, 1.5083181858062744, 0.06215202435851097, 0.0017287085065618157, 0.016813354566693306, 0.4419279396533966, 0.001639452064409852, 0.00025733973598107696, 0.053141992539167404, 0.33584344387054443, 0.0006522196927107871, 0.0013816345017403364, 0.07738727331161499, 0.7339380979537964, 0.0006679449579678476, 0.0002739054325502366]",0.8826354843101734,-0.0018910601992454534
400,213,191,541,0.00090789794921875,0.0008319435291923583,0.8848662689530389,"[13.381596565246582, 0.004799037706106901, 0.0007114263135008514, 0.17870022356510162, 1.5155999660491943, 0.06333991140127182, 0.001536023453809321, 0.015467681922018528, 0.44475823640823364, 0.0016380238812416792, 0.0002586507180240005, 0.05542594939470291, 0.3353799283504486, 0.0006571040721610188, 0.0015165030490607023, 0.0774642825126648, 0.7326657176017761, 0.0006624649395234883, 0.0002814135223161429]",0.8826354843101734,-0.0022307846428655242
401,214,184,541,0.00090789794921875,0.0008373975870199502,0.8801376930480872,"[13.324897766113281, 0.004863930866122246, 0.0007247682078741491, 0.17829176783561707, 1.5109269618988037, 0.06194475665688515, 0.0017124050064012408, 0.017095234245061874, 0.44546109437942505, 0.001652424456551671, 0.0002650863316375762, 0.04902544245123863, 0.31323549151420593, 0.0006494796834886074, 0.001520549994893372, 0.07740139216184616, 0.7319939732551575, 0.0006829552003182471, 0.0002706876548472792]",0.8826354843101734,0.0024977912620861575
402,257,251,541,0.00080108642578125,0.0007268334738910198,0.8848698728864914,"[13.341229438781738, 0.004800461698323488, 0.0007236960809677839, 0.17869354784488678, 1.5882035493850708, 0.06233976408839226, 0.0015232876176014543, 0.016939595341682434, 0.43962863087654114, 0.0016583750257268548, 0.0002598424907773733, 0.05338624119758606, 0.31251320242881775, 0.0006497179274447262, 0.0015355474315583706, 0.07760030031204224, 0.7298941016197205, 0.0006709231529384851, 0.00027736154152080417]",0.8826354843101734,-0.0022343885763180804
403,270,266,541,0.0007781982421875,0.000697605952154845,0.8808596426717582,"[13.33171272277832, 0.005215372424572706, 0.0007277462864294648, 0.1589968055486679, 1.5159239768981934, 0.06226135790348053, 0.0017266854410991073, 0.015471672639250755, 0.43903031945228577, 0.0016505202511325479, 0.0002338612830499187, 0.055368877947330475, 0.3349618911743164, 0.0006635371246375144, 0.0015626850072294474, 0.07739058136940002, 0.7324936985969543, 0.0006636562757194042, 0.00027724236133508384]",0.8826354843101734,0.0017758416384151543
404,277,279,541,0.000766754150390625,0.000677887408528477,0.8831825037594075,"[13.355225563049316, 0.004849576391279697, 0.0007272697403095663, 0.17634809017181396, 1.5164686441421509, 0.06261268258094788, 0.0017206162447109818, 0.016801515594124794, 0.4425095319747925, 0.0016246942104771733, 0.00023326536756940186, 0.052924368530511856, 0.334266722202301, 0.0006445952458307147, 0.001513170194812119, 0.07721889019012451, 0.7338268756866455, 0.0006774752982892096, 0.0002740246127359569]",0.8826354843101734,-0.0005470194492341873
405,163,133,541,0.0010223388671875,0.0009286740096285939,0.8858705784790034,"[13.397164344787598, 0.004626285284757614, 0.0007179781678132713, 0.17872075736522675, 1.5235693454742432, 0.06206497922539711, 0.001700980355963111, 0.01541204284876585, 0.44116491079330444, 0.0016352864913642406, 0.00023421882360707968, 0.05392414703965187, 0.3358248770236969, 0.0006599632324650884, 0.001404609763994813, 0.07742026448249817, 0.7343859672546387, 0.0006607971154153347, 0.00024923557066358626]",0.8826354843101734,-0.003235094168830055
406,187,168,541,0.000965118408203125,0.000867149094119668,0.8836536320879148,"[13.353849411010742, 0.004845305811613798, 0.0007204797584563494, 0.1793925166130066, 1.50955331325531, 0.06205388531088829, 0.0015287628630176187, 0.016887318342924118, 0.44638514518737793, 0.0016559947980567813, 0.00025412190007045865, 0.053554389625787735, 0.3351355791091919, 0.0006606780225411057, 0.0015280486550182104, 0.08733251690864563, 0.7331337332725525, 0.0006678258068859577, 0.00027998341829515994]",0.8826354843101734,-0.0010181477777414516
407,222,211,541,0.000885009765625,0.0007919689523987472,0.8857221214221729,"[13.32114315032959, 0.004848746117204428, 0.0007295330869965255, 0.1780991405248642, 1.59148108959198, 0.06296500563621521, 0.0017370387213304639, 0.017191674560308456, 0.44546568393707275, 0.0016456407029181719, 0.0002315968304174021, 0.053559474647045135, 0.3345610797405243, 0.0006500753224827349, 0.0013985387049615383, 0.07739146798849106, 0.7346945405006409, 0.0006773561472073197, 0.0002494739310350269]",0.8826354843101734,-0.003086637111999524
408,199,171,541,0.00093841552734375,0.0008591062505729496,0.8807588849909065,"[13.345514297485352, 0.004846729338169098, 0.0006428082706406713, 0.16220389306545258, 1.5160037279129028, 0.06239195540547371, 0.0017244244227185845, 0.015432585030794144, 0.44624727964401245, 0.0016567088896408677, 0.0002609150833450258, 0.05293804779648781, 0.31038525700569153, 0.0006554362480528653, 0.0015758965164422989, 0.07738649845123291, 0.7335960865020752, 0.0006753309280611575, 0.0002809368306770921]",0.8826354843101734,0.0018765993192668695
409,31,11,541,0.0012969970703125,0.0012302941177040339,0.8840219373722855,"[13.367876052856445, 0.0048123253509402275, 0.0006426891195587814, 0.17689350247383118, 1.5149247646331787, 0.06249028816819191, 0.0016976482002064586, 0.017237842082977295, 0.43815353512763977, 0.0016301688738167286, 0.0002584123576525599, 0.05289632827043533, 0.33314621448516846, 0.0006375664379447699, 0.0015195977175608277, 0.0866289809346199, 0.7340079545974731, 0.0006835508393123746, 0.00027938754647038877]",0.8826354843101734,-0.0013864530621121585
410,69,32,541,0.0012054443359375,0.0011414880864322186,0.8854413914768405,"[13.349529266357422, 0.004836764186620712, 0.0007185738068073988, 0.17773684859275818, 1.4911044836044312, 0.06300899386405945, 0.0017234723782166839, 0.01733778417110443, 0.44418108463287354, 0.0016295737586915493, 0.00023505308490712196, 0.04934513941407204, 0.33518368005752563, 0.0006613928126171231, 0.0015467357588931918, 0.08744699507951736, 0.796208381652832, 0.0006777135422453284, 0.00027450130437500775]",0.8826354843101734,-0.0028059071666671764
411,215,187,541,0.00090789794921875,0.0008348526898771524,0.8886639515725332,"[13.346756935119629, 0.004793343134224415, 0.0007173825288191438, 0.17774632573127747, 1.616786003112793, 0.062224503606557846, 0.0015175743028521538, 0.015423898585140705, 0.44325754046440125, 0.0016471878625452518, 0.00026425207033753395, 0.0549229271709919, 0.33534345030784607, 0.0006475735572166741, 0.0015644703526049852, 0.08698627352714539, 0.7330666780471802, 0.0006735440110787749, 0.0002752163854893297]",0.8826354843101734,-0.006028467262359838
412,283,282,541,0.00075531005859375,0.0006746798753738403,0.8839453274773214,"[13.388710975646973, 0.004680866841226816, 0.0007334641413763165, 0.1589471697807312, 1.515852928161621, 0.06299959123134613, 0.0017116909148171544, 0.017214173451066017, 0.44791069626808167, 0.0014668668154627085, 0.00025602878304198384, 0.049186836928129196, 0.3323647677898407, 0.0007260785205289721, 0.0015708976425230503, 0.07741574198007584, 0.7322633266448975, 0.0006668727728538215, 0.00028224775451235473]",0.8826354843101734,-0.0013098431671479949
413,289,285,541,0.0007476806640625,0.0006664760294370353,0.8858372909981929,"[13.34092903137207, 0.004806630779057741, 0.0007229813490994275, 0.1782558560371399, 1.5137776136398315, 0.062453217804431915, 0.001701099332422018, 0.015495031140744686, 0.4429911971092224, 0.0016305259196087718, 0.0002644904307089746, 0.05553906038403511, 0.335215300321579, 0.0006335158832371235, 0.0015510206576436758, 0.07740680128335953, 0.7965866327285767, 0.0006716379430145025, 0.0002768848498817533]",0.8826354843101734,-0.003201806688019504
414,262,256,541,0.00079345703125,0.0007168555166572332,0.8860458607944709,"[13.393492698669434, 0.004801529459655285, 0.0006420934805646539, 0.17853470146656036, 1.5233094692230225, 0.061970304697752, 0.0015338810626417398, 0.0175042562186718, 0.44042715430259705, 0.0016527815023437142, 0.00025948495022021234, 0.05327751860022545, 0.3351238965988159, 0.0006590101984329522, 0.0015332859475165606, 0.08706571161746979, 0.7321275472640991, 0.0006743779522366822, 0.00028165188268758357]",0.8826354843101734,-0.0034103764842975393
415,337,333,541,0.000640869140625,0.0005695591098628938,0.8878155271078484,"[13.339763641357422, 0.004839611239731312, 0.0007229813490994275, 0.1788284331560135, 1.6112335920333862, 0.061998315155506134, 0.0017156180692836642, 0.015370017848908901, 0.4388550817966461, 0.0016287406906485558, 0.00026544384309090674, 0.05351913347840309, 0.33511051535606384, 0.0006522196927107871, 0.0015827997121959925, 0.08685633540153503, 0.7346231937408447, 0.0006568658282049, 0.00027247529942542315]",0.8826354843101734,-0.005180042797675033
416,326,316,541,0.00067138671875,0.0006029351498000324,0.8844744614846269,"[13.381264686584473, 0.004817545413970947, 0.0007294139941222966, 0.1782400906085968, 1.5157554149627686, 0.06255131959915161, 0.0017032414907589555, 0.017341651022434235, 0.4376422166824341, 0.0016408802475780249, 0.00026043839170597494, 0.05328667163848877, 0.3354931175708771, 0.0006739014061167836, 0.0013863962376490235, 0.07756544649600983, 0.7337399125099182, 0.0006704466650262475, 0.00025197668583132327]",0.8826354843101734,-0.0018389771744535821
417,124,90,541,0.00109100341796875,0.0010203958954662085,0.8827993811328748,"[13.314888000488281, 0.004845780320465565, 0.0007116645574569702, 0.17824877798557281, 1.5065057277679443, 0.06207988038659096, 0.0017050266033038497, 0.01750776916742325, 0.44285517930984497, 0.0016455217264592648, 0.00026246439665555954, 0.05392155051231384, 0.31231555342674255, 0.0006540066679008305, 0.0015113847330212593, 0.07741088420152664, 0.7951722145080566, 0.0006705658161081374, 0.0002762889489531517]",0.8826354843101734,-0.00016389682270145922
418,243,235,541,0.000835418701171875,0.0007527803536504507,0.8828233094934962,"[13.361660957336426, 0.004814460873603821, 0.0007202415145002306, 0.17820867896080017, 1.5193495750427246, 0.06465356796979904, 0.0015169790713116527, 0.015479537658393383, 0.43857309222221375, 0.0016877705929800868, 0.00023529145983047783, 0.04911692440509796, 0.3135721981525421, 0.0006680640508420765, 0.001401038491167128, 0.08703577518463135, 0.7339956760406494, 0.0006719953380525112, 0.0002810560108628124]",0.8826354843101734,-0.0001878251833228317
419,227,230,541,0.0008697509765625,0.0007632208871655166,0.8840755928050432,"[13.326679229736328, 0.004817545413970947, 0.0007216709782369435, 0.17834880948066711, 1.4843230247497559, 0.06460830569267273, 0.0017021704697981477, 0.0171660128980875, 0.4410420358181, 0.0016436175210401416, 0.00026556302327662706, 0.05292075127363205, 0.33637693524360657, 0.0006385194719769061, 0.0013981815427541733, 0.08710264414548874, 0.7967280745506287, 0.0006699701189063489, 0.00028320116689428687]",0.8826354843101734,-0.0014401084948698628
420,231,243,541,0.000865936279296875,0.000737628957722336,0.8871719210537298,"[13.37105941772461, 0.004804614000022411, 0.0007259594276547432, 0.17822374403476715, 1.505335807800293, 0.06309998780488968, 0.001722282380796969, 0.01691591925919056, 0.4452962279319763, 0.0016289787599816918, 0.00025555206229910254, 0.05326033756136894, 0.3368714153766632, 0.000647692708298564, 0.0015336429933086038, 0.07736090570688248, 0.7965803742408752, 0.0006621075444854796, 0.00028153270250186324]",0.8826354843101734,-0.004536436743556416
421,304,323,541,0.000732421875,0.0005942358984611928,0.8832538596440205,"[13.342957496643066, 0.004652864299714565, 0.0007108307327143848, 0.1777065098285675, 1.517482876777649, 0.06405733525753021, 0.00168503331951797, 0.015430589206516743, 0.44350141286849976, 0.001462819636799395, 0.0002648479712661356, 0.05457859858870506, 0.3351074457168579, 0.0006573423161171377, 0.0015617328463122249, 0.0870157778263092, 0.7320395112037659, 0.0006772369961254299, 0.00027307120035402477]",0.8826354843101734,-0.000618375333847121
422,205,208,541,0.00092315673828125,0.0007975599728524685,0.884865561630393,"[13.372636795043945, 0.004818968940526247, 0.0007177399238571525, 0.17816080152988434, 1.5182371139526367, 0.0626075342297554, 0.0017391807632520795, 0.01672801375389099, 0.443882018327713, 0.0014488924061879516, 0.00023552982020191848, 0.055374179035425186, 0.33487260341644287, 0.0007151191821321845, 0.0015151937259361148, 0.08562210202217102, 0.7321847677230835, 0.0006753309280611575, 0.00027378625236451626]",0.8826354843101734,-0.0022300773202196256
423,49,33,541,0.001251220703125,0.0011396210175007582,0.8813773514304654,"[13.332656860351562, 0.004682646598666906, 0.0006504327175207436, 0.1783233880996704, 1.5177175998687744, 0.06142662093043327, 0.0017251383978873491, 0.016663769260048866, 0.441849946975708, 0.001625646254979074, 0.0002618685248307884, 0.05544331669807434, 0.31195303797721863, 0.0006462631281465292, 0.0015262633096426725, 0.0857023075222969, 0.7323144674301147, 0.0007260785205289721, 0.0002740246127359569]",0.8826354843101734,0.001258132879707996
424,6,1,541,0.001373291015625,0.0012819665716961026,0.8861722450360263,"[13.416969299316406, 0.004850525874644518, 0.0006445952458307147, 0.1800028681755066, 1.5118834972381592, 0.06247931346297264, 0.0017034795600920916, 0.01689259335398674, 0.43869563937187195, 0.0016583750257268548, 0.00026294111739844084, 0.05329187214374542, 0.3331027925014496, 0.000659248442389071, 0.0015209070406854153, 0.07738727331161499, 0.7343159317970276, 0.0006703275139443576, 0.0002811751910485327]",0.8826354843101734,-0.003536760725852961
426,33,16,541,0.00128936767578125,0.0011933119967579842,0.8834137955969996,"[13.362112998962402, 0.0048377132043242455, 0.000715833914000541, 0.17290537059307098, 1.5154099464416504, 0.06320798397064209, 0.0017084777355194092, 0.017327122390270233, 0.44265663623809814, 0.0016382618341594934, 0.0002300474588992074, 0.05328802764415741, 0.333942711353302, 0.0006409021443687379, 0.001529596047475934, 0.07760713994503021, 0.7341649532318115, 0.0006705658161081374, 0.00026782741770148277]",0.8826354843101734,-0.0007783112868262609
427,81,65,541,0.00116729736328125,0.0010656361700966954,0.8828251412380365,"[13.326726913452148, 0.004682409111410379, 0.000723576988093555, 0.17840246856212616, 1.524216651916504, 0.06380203366279602, 0.0017158561386168003, 0.01743759959936142, 0.4495546817779541, 0.0016529004788026214, 0.0002588890492916107, 0.05490792170166969, 0.33490049839019775, 0.0006473353132605553, 0.001545426552183926, 0.0773601308465004, 0.7342031598091125, 0.0006636562757194042, 0.0002755738969426602]",0.8826354843101734,-0.00018965692786310218
428,102,89,541,0.001129150390625,0.0010216542286798358,0.8831041947215501,"[13.346186637878418, 0.004844712559133768, 0.0007277462864294648, 0.1772622913122177, 1.5235567092895508, 0.057487502694129944, 0.0017258524894714355, 0.015449135564267635, 0.4388333857059479, 0.0016349294455721974, 0.00026472879108041525, 0.053415849804878235, 0.33547231554985046, 0.000647692708298564, 0.0015848231269046664, 0.0868791714310646, 0.7320587635040283, 0.0006681832019239664, 0.00027926836628466845]",0.8826354843101734,-0.0004687104113767493
429,260,275,541,0.000797271728515625,0.0006842691800557077,0.8826890672743933,"[13.347811698913574, 0.004795597400516272, 0.0007184546557255089, 0.17762786149978638, 1.5121910572052002, 0.06286705285310745, 0.0017212113598361611, 0.016770098358392715, 0.44230902194976807, 0.0016155298799276352, 0.00025507534155622125, 0.0530925914645195, 0.33631622791290283, 0.0007192885386757553, 0.0013941340148448944, 0.07741916179656982, 0.7325273156166077, 0.0006615119054913521, 0.00027938754647038877]",0.8826354843101734,-5.35829642199781e-05
430,313,326,541,0.000713348388671875,0.0005882434197701514,0.8834803831215188,"[13.393562316894531, 0.00464289728552103, 0.0007231004419736564, 0.16149260103702545, 1.4945720434188843, 0.06337012350559235, 0.0017124050064012408, 0.016732821241021156, 0.44447988271713257, 0.0016483780927956104, 0.00026306029758416116, 0.05310627073049545, 0.3365310728549957, 0.000645429186988622, 0.0013908008113503456, 0.07731952518224716, 0.7329779267311096, 0.0006790239713154733, 0.0002775999018922448]",0.8826354843101734,-0.0008448988113454181
431,158,153,541,0.00102996826171875,0.0008898462983779609,0.8823455538291264,"[13.332047462463379, 0.004816003143787384, 0.0007216709782369435, 0.17242009937763214, 1.5217669010162354, 0.06375125795602798, 0.0017312075942754745, 0.016830703243613243, 0.43977341055870056, 0.0016296928515657783, 0.0002563863235991448, 0.05296744406223297, 0.3351054787635803, 0.0006648475537076592, 0.0015766106080263853, 0.08539928495883942, 0.7321524620056152, 0.0006753309280611575, 0.00027926836628466845]",0.8826354843101734,0.00028993048104697383
432,166,166,541,0.00101470947265625,0.0008715825388208032,0.8830026247635129,"[13.339760780334473, 0.004667933564633131, 0.0006447143969126046, 0.17910175025463104, 1.5213578939437866, 0.06274659186601639, 0.0016646826406940818, 0.01729677803814411, 0.4456084668636322, 0.0016137446509674191, 0.0002337421028641984, 0.05541794002056122, 0.3324912190437317, 0.0006400682032108307, 0.0015824426664039493, 0.0773826390504837, 0.7338373064994812, 0.0007246490567922592, 0.00027652730932459235]",0.8826354843101734,-0.0003671404533395206
433,219,241,541,0.00089263916015625,0.0007415618747472763,0.8828582915976815,"[13.346590042114258, 0.0048406790010631084, 0.0007204797584563494, 0.1777706742286682, 1.5107464790344238, 0.06340760737657547, 0.001719426247291267, 0.016708552837371826, 0.4418548345565796, 0.0016235039802268147, 0.0002548369811847806, 0.053284525871276855, 0.33268672227859497, 0.0006437613046728075, 0.001358896610327065, 0.08707259595394135, 0.7320851683616638, 0.000662703241687268, 0.0002760506176855415]",0.8826354843101734,-0.00022280728750811996
434,34,34,541,0.00128936767578125,0.001137326005846262,0.8870911708478448,"[13.357223510742188, 0.004841984249651432, 0.0007205988513305783, 0.1746167093515396, 1.5866706371307373, 0.06162368506193161, 0.0015197168104350567, 0.01719261333346367, 0.44611504673957825, 0.001611840445548296, 0.0002613918040879071, 0.05297999456524849, 0.33597472310066223, 0.0006559127941727638, 0.001401514746248722, 0.07738727331161499, 0.7329884767532349, 0.0006708040600642562, 0.00027581225731410086]",0.8826354843101734,-0.004455686537671477
445,7,12,541,0.001373291015625,0.001224807114340365,0.8837800305995379,"[13.369850158691406, 0.004870099946856499, 0.0007254829397425056, 0.17245028913021088, 1.5109158754348755, 0.06259868294000626, 0.0015291199088096619, 0.01683926023542881, 0.44412291049957275, 0.0016386188799515367, 0.0002649671514518559, 0.05515455827116966, 0.3361732065677643, 0.0006607971154153347, 0.0015354283386841416, 0.07740602642297745, 0.7341244220733643, 0.0006765222642570734, 0.000284154579276219]",0.8826354843101734,-0.0011445462893645564
447,109,134,541,0.0011138916015625,0.0009272535098716617,0.8840692100225409,"[13.35948657989502, 0.0048155286349356174, 0.0007179781678132713, 0.1781744658946991, 1.5174037218093872, 0.06322868913412094, 0.001716570113785565, 0.01693865656852722, 0.44806140661239624, 0.001639332971535623, 0.0002531684876885265, 0.054657723754644394, 0.335554301738739, 0.0006579380133189261, 0.0013962768716737628, 0.07733067125082016, 0.7343358397483826, 0.0006678258068859577, 0.0002783149539027363]",0.8826354843101734,-0.0014337257123675506
448,60,77,541,0.001220703125,0.0010454653529450297,0.885041675300607,"[13.290290832519531, 0.004810783080756664, 0.0007188120507635176, 0.17777955532073975, 1.6146774291992188, 0.06393232196569443, 0.0015136463334783912, 0.016699057072401047, 0.4430813491344452, 0.0016421893378719687, 0.0002574589161667973, 0.05307552218437195, 0.3342292606830597, 0.0006591292913071811, 0.0014062763657420874, 0.07741386443376541, 0.7326484322547913, 0.0006744970451109111, 0.0002814135223161429]",0.8826354843101734,-0.0024061909904335987
455,12,42,541,0.00135040283203125,0.001118028536438942,0.8819841561528033,"[13.345507621765137, 0.004865710623562336, 0.000731558189727366, 0.17851735651493073, 1.4850351810455322, 0.06306248903274536, 0.0015306673012673855, 0.017219679430127144, 0.4480634927749634, 0.0014494876377284527, 0.00023505308490712196, 0.05453931540250778, 0.33468273282051086, 0.0006500753224827349, 0.0015344761777669191, 0.08689720928668976, 0.7322283387184143, 0.0006741396500729024, 0.0002743821241892874]",0.8826354843101734,0.0006513281573700125
460,18,14,541,0.00133514404296875,0.0011968169128522277,0.8844092586315175,"[13.371434211730957, 0.004843882285058498, 0.0007167869480326772, 0.17900745570659637, 1.5121245384216309, 0.06217857450246811, 0.0016977671766653657, 0.015446788631379604, 0.4432552456855774, 0.0016357626300305128, 0.00023469554434996098, 0.054915931075811386, 0.33542951941490173, 0.0006685405969619751, 0.0015263822861015797, 0.08555228263139725, 0.7321674823760986, 0.0006585336523130536, 0.00028153270250186324]",0.8826354843101734,-0.0017737743213441792
461,137,146,541,0.001068115234375,0.0009081322350539267,0.8824060172498177,"[13.36357307434082, 0.004835577681660652, 0.0006420934805646539, 0.16033580899238586, 1.5142979621887207, 0.06256061047315598, 0.0017281135078519583, 0.017379727214574814, 0.4469373822212219, 0.0016625404823571444, 0.0002671123365871608, 0.05406622961163521, 0.3128986954689026, 0.000659248442389071, 0.0015827997121959925, 0.08726084977388382, 0.7340633273124695, 0.0006889115320518613, 0.00027426297310739756]",0.8826354843101734,0.00022946706035564812
462,130,145,541,0.00107574462890625,0.0009090585517697036,0.8880037439460131,"[13.384660720825195, 0.0048188501968979836, 0.0007210753974504769, 0.1781882345676422, 1.515609860420227, 0.06285753846168518, 0.001671109232120216, 0.015354404225945473, 0.44087621569633484, 0.0016083888476714492, 0.00026008085114881396, 0.0531332902610302, 0.33532586693763733, 0.000663894519675523, 0.0015378089156001806, 0.07737899571657181, 0.7964536547660828, 0.0006704466650262475, 0.0002806984703056514]",0.8826354843101734,-0.005368259635839756
463,153,170,541,0.00103759765625,0.0008625974296592176,0.8847354847928631,"[13.36998176574707, 0.004644795786589384, 0.0007200032705441117, 0.1769462376832962, 1.520114779472351, 0.0624750554561615, 0.0016962201334536076, 0.017053278163075447, 0.44240278005599976, 0.0016519484343007207, 0.0002669931564014405, 0.055048394948244095, 0.33466285467147827, 0.0006523388437926769, 0.00157196877989918, 0.08678551018238068, 0.7323446869850159, 0.0006753309280611575, 0.00027926836628466845]",0.8826354843101734,-0.002100000482689768
464,37,47,541,0.00128173828125,0.0011034711496904492,0.8831210824091135,"[13.347091674804688, 0.004842577036470175, 0.0007179781678132713, 0.17717412114143372, 1.5135927200317383, 0.06280066817998886, 0.0015132891712710261, 0.01711667887866497, 0.4486810863018036, 0.0016370717203244567, 0.00026520551182329655, 0.053007353097200394, 0.3358615040779114, 0.0006668727728538215, 0.0015757775399833918, 0.07739610224962234, 0.7344170808792114, 0.0006668727728538215, 0.0002759314374998212]",0.8826354843101734,-0.00048559809894010986
465,61,84,541,0.001220703125,0.0010310118086636066,0.8833483419944778,"[13.360132217407227, 0.004646575544029474, 0.0006516240537166595, 0.1769666075706482, 1.5116955041885376, 0.06260271370410919, 0.0017006233101710677, 0.01742190308868885, 0.44300228357315063, 0.0016305259196087718, 0.0002649671514518559, 0.05287167802453041, 0.33567124605178833, 0.0006516240537166595, 0.001374134561046958, 0.07747619599103928, 0.7339147925376892, 0.000666277133859694, 0.00027700403006747365]",0.8826354843101734,-0.0007128576843044021
469,19,28,541,0.00133514404296875,0.0011525499867275357,0.8832563045572513,"[13.354949951171875, 0.0048472038470208645, 0.0007028493564575911, 0.1791197806596756, 1.5113012790679932, 0.06259028613567352, 0.0017045505810528994, 0.017306502908468246, 0.4452980160713196, 0.0016287406906485558, 0.00025912740966305137, 0.05474428832530975, 0.3340397775173187, 0.0006630606367252767, 0.0013958006165921688, 0.07756389677524567, 0.7328168749809265, 0.0006641327636316419, 0.00027366707217879593]",0.8826354843101734,-0.0006208202470779911
473,30,22,541,0.001312255859375,0.001166906557045877,0.8845172093485751,"[13.372836112976074, 0.004816003143787384, 0.0007282227743417025, 0.17814652621746063, 1.5159282684326172, 0.06382518261671066, 0.0016986002447083592, 0.017151717096567154, 0.44452202320098877, 0.0014832934830337763, 0.00025281094713136554, 0.052998196333646774, 0.33694979548454285, 0.000663894519675523, 0.001379848807118833, 0.07746836543083191, 0.734029233455658, 0.0006661579827778041, 0.00028272447525523603]",0.8826354843101734,-0.0018817250384017825
474,120,110,541,0.0010986328125,0.0009743829141370952,0.8839711261910117,"[13.363563537597656, 0.004839374218136072, 0.0006509092636406422, 0.1781173050403595, 1.5164244174957275, 0.0633673295378685, 0.0017363247461616993, 0.01684066653251648, 0.4438242018222809, 0.0016606362769380212, 0.0002650863316375762, 0.05449788644909859, 0.3347090780735016, 0.0006671110168099403, 0.001564113306812942, 0.07757537066936493, 0.7342209815979004, 0.0006791430641897023, 0.0002479245886206627]",0.8826354843101734,-0.0013356418808383452
477,188,207,541,0.000965118408203125,0.0008049069438129663,0.8901005567566148,"[13.389118194580078, 0.00486238906159997, 0.000710592488758266, 0.17776857316493988, 1.6081377267837524, 0.061606086790561676, 0.0016858663875609636, 0.015248275361955166, 0.4474441111087799, 0.0016621834365651011, 0.00026353701832704246, 0.05378882214426994, 0.3352164030075073, 0.0006588910473510623, 0.0015735160559415817, 0.07734214514493942, 0.7338802218437195, 0.0006658005877397954, 0.00027724236133508384]",0.8826354843101734,-0.007465072446441456
478,25,59,541,0.00131988525390625,0.0010787422070279717,0.883306801530508,"[13.357588768005371, 0.0046568987891077995, 0.0006375664379447699, 0.17444069683551788, 1.5174906253814697, 0.06258244812488556, 0.0015276916092261672, 0.01711820252239704, 0.44272568821907043, 0.0016264794394373894, 0.00023529145983047783, 0.05320630967617035, 0.33586636185646057, 0.0006607971154153347, 0.0015573289711028337, 0.07755650579929352, 0.7324128150939941, 0.0006629414856433868, 0.00027581225731410086]",0.8826354843101734,-0.000671317220334644
479,183,303,541,0.0009765625,0.00063384382519871,0.8808649035904397,"[13.302804946899414, 0.004820036701858044, 0.0007278653793036938, 0.17809176445007324, 1.5224895477294922, 0.06341823190450668, 0.0017074067145586014, 0.015603480860590935, 0.4447462260723114, 0.0016431414987891912, 0.00023469554434996098, 0.05332973226904869, 0.33602458238601685, 0.0006578188622370362, 0.0013594918418675661, 0.0775052085518837, 0.7303445339202881, 0.0006523388437926769, 0.00027211778797209263]",0.8826354843101734,0.0017705807197336831
480,176,329,541,0.0009918212890625,0.0005819739308208227,0.8842933063087434,"[13.30380630493164, 0.0046577295288443565, 0.0007121411035768688, 0.17767547070980072, 1.6134223937988281, 0.06236003711819649, 0.0016963391099125147, 0.015428359620273113, 0.4415917992591858, 0.0016157679492607713, 0.00023469554434996098, 0.05304940789937973, 0.31194987893104553, 0.0006497179274447262, 0.001401157584041357, 0.077429860830307, 0.7329424023628235, 0.0006750926841050386, 0.00027426297310739756]",0.8826354843101734,-0.0016578219985700082
481,45,181,541,0.00125885009765625,0.0008486235747113824,0.8866406477126906,"[13.380208969116211, 0.005054790060967207, 0.000717144284863025, 0.17782028019428253, 1.548877477645874, 0.0641428679227829, 0.0016915787709876895, 0.01716003753244877, 0.4436497092247009, 0.0016558758215978742, 0.0002658013836480677, 0.054779499769210815, 0.3352506756782532, 0.0007310817018151283, 0.0015145984943956137, 0.07745081931352615, 0.7342588901519775, 0.000663894519675523, 0.0002783149539027363]",0.8826354843101734,-0.00400516340251722
495,13,172,541,0.00135040283203125,0.0008590418728999794,0.8823218534051097,"[13.34503173828125, 0.004809596575796604, 0.0007250064518302679, 0.1777494251728058, 1.516075849533081, 0.0623677633702755, 0.0017016944475471973, 0.017084451392292976, 0.44186049699783325, 0.001615172834135592, 0.0002656822034623474, 0.04874436557292938, 0.33150821924209595, 0.000651147507596761, 0.001517931348644197, 0.07750289142131805, 0.7339307069778442, 0.0006646093097515404, 0.0003084660565946251]",0.8826354843101734,0.00031363090506364433
521,50,82,541,0.001251220703125,0.0010384856723248959,0.888684223991157,"[13.370952606201172, 0.004853847436606884, 0.0007185738068073988, 0.1803872436285019, 1.522639513015747, 0.0627942904829979, 0.001699790358543396, 0.017358405515551567, 0.4460015892982483, 0.0016627785516902804, 0.0002618685248307884, 0.05403121933341026, 0.3349432945251465, 0.000658057106193155, 0.001524953986518085, 0.08709412068128586, 0.7964900732040405, 0.0006569849792867899, 0.00027104519540444016]",0.8826354843101734,-0.006048739680983628
522,167,190,541,0.00101470947265625,0.0008319440530613065,0.8880227676778113,"[13.340819358825684, 0.004837357439100742, 0.0006424508756026626, 0.16135160624980927, 1.51961088180542, 0.0623275563120842, 0.0015218593180179596, 0.015670493245124817, 0.48739832639694214, 0.0014757943572476506, 0.00023457636416424066, 0.05334216728806496, 0.33653539419174194, 0.0006591292913071811, 0.0015610187547281384, 0.08689939230680466, 0.7965856194496155, 0.0006786665762774646, 0.0002809368306770921]",0.8826354843101734,-0.005387283367637941
524,46,26,541,0.00125885009765625,0.0011546543100848794,0.8836571545827226,"[13.36205768585205, 0.004670899827033281, 0.0006576997111551464, 0.17870640754699707, 1.5153952836990356, 0.062525674700737, 0.0017130000051110983, 0.016767403110861778, 0.44062888622283936, 0.0016600412782281637, 0.0002648479712661356, 0.055612921714782715, 0.3354329466819763, 0.0006617502076551318, 0.0015488782664760947, 0.07739069312810898, 0.7328549027442932, 0.0006584145012311637, 0.0002775999018922448]",0.8826354843101734,-0.001021670272549291
527,62,107,541,0.001220703125,0.0009803934954106808,0.882827553270066,"[13.33503532409668, 0.004695698153227568, 0.000727627135347575, 0.1789710819721222, 1.5201478004455566, 0.0634966641664505, 0.0017027654685080051, 0.016827303916215897, 0.4473358392715454, 0.0016494491137564182, 0.00025507534155622125, 0.053261470049619675, 0.3347608745098114, 0.0006576997111551464, 0.001586013357155025, 0.07732780277729034, 0.7343573570251465, 0.0006743779522366822, 0.00025328766787424684]",0.8826354843101734,-0.00019206895989265504
528,138,227,541,0.001068115234375,0.0007696924149058759,0.8877588825860968,"[13.39337158203125, 0.004802834242582321, 0.0006381620769388974, 0.15996326506137848, 1.5135823488235474, 0.06355763226747513, 0.0017007424030452967, 0.017185933887958527, 0.44631579518318176, 0.001622313866391778, 0.0002547178009990603, 0.052901074290275574, 0.3349933624267578, 0.0006559127941727638, 0.00152757263276726, 0.0775921419262886, 0.7957978248596191, 0.0006756883230991662, 0.0002798642381094396]",0.8826354843101734,-0.005123398275923452
536,189,189,541,0.000965118408203125,0.0008331150747835636,0.8846603215129826,"[13.398224830627441, 0.004862744826823473, 0.0007227431051433086, 0.17941801249980927, 1.488524317741394, 0.06270315498113632, 0.00167753582354635, 0.016675492748618126, 0.44009917974472046, 0.0016599221853539348, 0.00023100091493688524, 0.05461878329515457, 0.3351798355579376, 0.000662703241687268, 0.0013763965107500553, 0.08686660975217819, 0.7340949177742004, 0.0006703275139443576, 0.0002775999018922448]",0.8826354843101734,-0.0020248372028092154
537,94,93,541,0.00115203857421875,0.0010131942108273506,0.8858003609792305,"[13.386808395385742, 0.004875794053077698, 0.0007316772826015949, 0.1784367859363556, 1.5180189609527588, 0.07016640901565552, 0.001696577062830329, 0.01740819588303566, 0.4405869245529175, 0.0016644446877762675, 0.00025686301523819566, 0.049135878682136536, 0.33569756150245667, 0.0006572232232429087, 0.0015512587269768119, 0.0872335359454155, 0.7343342304229736, 0.000663894519675523, 0.00028224775451235473]",0.8826354843101734,-0.0031648766690571817
538,55,53,541,0.0012359619140625,0.0010878657922148705,0.882231131454893,"[13.325909614562988, 0.00482774805277586, 0.0007266741595230997, 0.17946603894233704, 1.5212390422821045, 0.06239475682377815, 0.0017220443114638329, 0.01713613234460354, 0.44388675689697266, 0.0016271935310214758, 0.0002610342635307461, 0.0535009428858757, 0.33465245366096497, 0.0006500753224827349, 0.0015510206576436758, 0.07733000814914703, 0.7345495223999023, 0.0006766413571313024, 0.00028379703871905804]",0.8826354843101734,0.00040435285528039877
539,121,132,541,0.0010986328125,0.000928702240344137,0.883721634451496,"[13.367912292480469, 0.00462581031024456, 0.0006420934805646539, 0.17944811284542084, 1.5083242654800415, 0.06283347308635712, 0.0015235256869345903, 0.015278096310794353, 0.4418169856071472, 0.0016702761640772223, 0.00026520551182329655, 0.04898390173912048, 0.33479446172714233, 0.0006530536338686943, 0.0015142414486035705, 0.087264783680439, 0.7322174310684204, 0.0006623458466492593, 0.0002806984703056514]",0.8826354843101734,-0.0010861501413226282
540,151,174,541,0.00104522705078125,0.0008563760202378035,0.8812830540976536,"[13.325728416442871, 0.004623199813067913, 0.0007221474661491811, 0.1764875054359436, 1.511695384979248, 0.06283716857433319, 0.0017343016806989908, 0.01552085392177105, 0.440759539604187, 0.0016532575245946646, 0.0002308817347511649, 0.05339867249131203, 0.33458736538887024, 0.0006587718962691724, 0.0015509016811847687, 0.07757095992565155, 0.7336762547492981, 0.00067223358200863, 0.00027021096320822835]",0.8826354843101734,0.0013524302125197396
542,97,139,541,0.00113677978515625,0.0009209845447912812,0.8846435354299549,"[13.375231742858887, 0.004645626526325941, 0.0007176207727752626, 0.1787082999944687, 1.5167856216430664, 0.06225082650780678, 0.0017178792040795088, 0.017431039363145828, 0.4467424750328064, 0.0016615884378552437, 0.00026246439665555954, 0.0544634573161602, 0.33497127890586853, 0.0006561510381288826, 0.0013615157222375274, 0.0773240476846695, 0.7323492765426636, 0.0006644901586696506, 0.0002817710628733039]",0.8826354843101734,-0.0020080511197815287
554,239,325,541,0.000843048095703125,0.0005898999515920877,0.8836048080104918,"[13.342103958129883, 0.004864049609750509, 0.0006429274217225611, 0.1783265769481659, 1.4907031059265137, 0.06316053122282028, 0.001715499092824757, 0.017363911494612694, 0.4406633973121643, 0.0016277885297313333, 0.0002549561613705009, 0.0489535927772522, 0.3118884563446045, 0.000641974329482764, 0.0013881819322705269, 0.08680594712495804, 0.7964299917221069, 0.0006753309280611575, 0.0002811751910485327]",0.8826354843101734,-0.0009693237003184363
555,129,194,541,0.0010833740234375,0.0008250278769992292,0.8843593708473858,"[13.370807647705078, 0.00466022128239274, 0.000646501372102648, 0.17899729311466217, 1.483389973640442, 0.06211797147989273, 0.001727637485601008, 0.015405351296067238, 0.4410768747329712, 0.0016237420495599508, 0.00023469554434996098, 0.053863830864429474, 0.3110862374305725, 0.0006648475537076592, 0.001557924086228013, 0.07739941030740738, 0.7966302037239075, 0.0006597249885089695, 0.0002779574424494058]",0.8826354843101734,-0.001723886537212449
563,32,40,541,0.0012969970703125,0.0011225624475628138,0.8813607376758131,"[13.316021919250488, 0.004780885763466358, 0.000719645875506103, 0.17695842683315277, 1.508270025253296, 0.06267863512039185, 0.0017241863533854485, 0.017224717885255814, 0.44405049085617065, 0.0016559947980567813, 0.00023576818057335913, 0.054528139531612396, 0.3345782458782196, 0.000661631056573242, 0.0015791100449860096, 0.08683862537145615, 0.732395350933075, 0.0006727101281285286, 0.0002795067266561091]",0.8826354843101734,0.0012747466343602243
567,95,76,541,0.00115203857421875,0.0010466317180544138,0.8813111101090295,"[13.337578773498535, 0.004795597400516272, 0.0006414977833628654, 0.16173356771469116, 1.5123145580291748, 0.06325028091669083, 0.0017014563782140613, 0.017351141199469566, 0.44237351417541504, 0.0014697236474603415, 0.0002615109842736274, 0.054363884031772614, 0.33433037996292114, 0.0006443570018745959, 0.0015710166189819574, 0.07730463147163391, 0.7322787046432495, 0.0006721144891344011, 0.0002743821241892874]",0.8826354843101734,0.0013243742011438409
568,139,129,541,0.001068115234375,0.0009416250977665186,0.884757412269736,"[13.384363174438477, 0.004624268040060997, 0.0007279845303855836, 0.17837145924568176, 1.512858271598816, 0.06255165487527847, 0.0017308506648987532, 0.01730158179998398, 0.4410187304019928, 0.0016413562698289752, 0.00023648326168768108, 0.05541997030377388, 0.3347368836402893, 0.0006650857976637781, 0.0015169790713116527, 0.07740801572799683, 0.7342706322669983, 0.0006691362359561026, 0.0002783149539027363]",0.8826354843101734,-0.002121927959562675
569,307,320,541,0.000728607177734375,0.0005971091450192034,0.8853814081919967,"[13.325647354125977, 0.004824782256036997, 0.0007265550084412098, 0.1790546029806137, 1.6089119911193848, 0.0620228536427021, 0.0017266854410991073, 0.01743045449256897, 0.44008657336235046, 0.0016300498973578215, 0.00023552982020191848, 0.05480624735355377, 0.31225186586380005, 0.000646501372102648, 0.0015624469378963113, 0.0774606391787529, 0.7322667837142944, 0.0006717570940963924, 0.00028308198670856655]",0.8826354843101734,-0.0027459238818233755
570,159,144,541,0.00102996826171875,0.0009140942129306495,0.8832443085174371,"[13.352015495300293, 0.004809240810573101, 0.0007233387441374362, 0.1727309674024582, 1.5174627304077148, 0.06261929124593735, 0.001712523982860148, 0.016701754182577133, 0.44713094830513, 0.001479246304370463, 0.0002668739762157202, 0.053537216037511826, 0.3351966440677643, 0.0006423317245207727, 0.0015654225135222077, 0.07751712203025818, 0.7345895767211914, 0.0006607971154153347, 0.0002803409588523209]",0.8826354843101734,-0.000608824207263714
571,147,128,541,0.0010528564453125,0.0009423293522559106,0.8831175699153008,"[13.372355461120605, 0.004830001853406429, 0.0007197650265879929, 0.17785818874835968, 1.4944212436676025, 0.06247292831540108, 0.0015190026024356484, 0.015476720407605171, 0.4436195194721222, 0.0016612313920632005, 0.0002618685248307884, 0.055435873568058014, 0.334861159324646, 0.0006568658282049, 0.0015430459752678871, 0.07748115807771683, 0.7331408262252808, 0.0006677066558040679, 0.0002512616047170013]",0.8826354843101734,-0.0004820856051274136
572,245,255,541,0.00083160400390625,0.0007173839840106666,0.8830599542485097,"[13.377226829528809, 0.004786343313753605, 0.0007320346776396036, 0.1781483292579651, 1.488979697227478, 0.06155026704072952, 0.0017028844449669123, 0.017304042354226112, 0.4442650079727173, 0.001669562072493136, 0.00023505308490712196, 0.05352037772536278, 0.33348897099494934, 0.0006617502076551318, 0.0013985387049615383, 0.07745037972927094, 0.7340724468231201, 0.0006727101281285286, 0.0002739054325502366]",0.8826354843101734,-0.00042446993833633595
573,73,58,541,0.00119781494140625,0.0010803884360939264,0.8828188636995803,"[13.347244262695312, 0.004642541520297527, 0.0006517431465908885, 0.176731675863266, 1.5080342292785645, 0.0633542388677597, 0.0017113338690251112, 0.017288459464907646, 0.4410608410835266, 0.0016431414987891912, 0.00026353701832704246, 0.053133174777030945, 0.3364448845386505, 0.0007225048611871898, 0.0015575670404359698, 0.0854024589061737, 0.7327185273170471, 0.0006749735912308097, 0.0002783149539027363]",0.8826354843101734,-0.00018337938940693466
575,223,226,541,0.000885009765625,0.0007710040663369,0.8832118007749638,"[13.355683326721191, 0.004820392467081547, 0.0007122601964510977, 0.17676694691181183, 1.512641429901123, 0.06301704794168472, 0.0015343570848926902, 0.017232920974493027, 0.4407634437084198, 0.0016307639889419079, 0.00023326536756940186, 0.055307067930698395, 0.33579495549201965, 0.0006602014764212072, 0.0015187645331025124, 0.0773749127984047, 0.7343705296516418, 0.0006831934442743659, 0.00027843413408845663]",0.8826354843101734,-0.000576316464790394
576,110,104,541,0.0011138916015625,0.000982654863037169,0.8820288943978468,"[13.35975170135498, 0.00482976483181119, 0.000717144284863025, 0.17727597057819366, 1.4825241565704346, 0.06247427314519882, 0.001665039686486125, 0.017180191352963448, 0.44486016035079956, 0.0016323111485689878, 0.00026222606538794935, 0.0548420213162899, 0.3350539803504944, 0.0006632988806813955, 0.0015511397505179048, 0.0774892121553421, 0.7348273992538452, 0.000663894519675523, 0.0002851079625543207]",0.8826354843101734,0.0006065899123265384
577,70,69,541,0.0012054443359375,0.0010582153918221593,0.8834277757958166,"[13.335162162780762, 0.004860134795308113, 0.0007151191821321845, 0.17950618267059326, 1.5253218412399292, 0.06350695341825485, 0.0017064546700567007, 0.017351023852825165, 0.44421088695526123, 0.001632430125027895, 0.0002584123576525599, 0.052901528775691986, 0.33554792404174805, 0.000658057106193155, 0.0015807764139026403, 0.08714154362678528, 0.73213791847229, 0.0006517431465908885, 0.0002766464895103127]",0.8826354843101734,-0.0007922914856431928
578,177,357,541,0.0009918212890625,-0.008276144973933697,0.8821153446624521,"[13.352619171142578, 0.0048120878636837006, 0.0007239343249239028, 0.17767906188964844, 1.4871070384979248, 0.06241760402917862, 0.0017300175968557596, 0.0169114638119936, 0.45053160190582275, 0.0016502822982147336, 0.0002547178009990603, 0.052883099764585495, 0.33592164516448975, 0.0006672301678918302, 0.0015591143164783716, 0.07749925553798676, 0.734277606010437, 0.0006704466650262475, 0.00027616979787126184]",0.8826354843101734,0.0005201396477212406
579,4,356,541,0.00138092041015625,-0.007876099087297916,0.8815584108202816,"[13.324742317199707, 0.0046443212777376175, 0.0007201223634183407, 0.17877589166164398, 1.5101433992385864, 0.062325090169906616, 0.0015353093622252345, 0.017283538356423378, 0.44147107005119324, 0.0016511153662577271, 0.000254241080256179, 0.05494481697678566, 0.33614230155944824, 0.0006597249885089695, 0.0013930626446381211, 0.07733596861362457, 0.7346444725990295, 0.0006680640508420765, 0.00027497802511788905]",0.8826354843101734,0.0010770734898917222
583,315,257,541,0.00070953369140625,0.0007137341308407485,0.883939616305533,"[13.378405570983887, 0.004820036701858044, 0.0007413261337205768, 0.1791316419839859, 1.5191566944122314, 0.06430754065513611, 0.001698124222457409, 0.01696983352303505, 0.44808775186538696, 0.001660398324020207, 0.00027176024741493165, 0.05289768427610397, 0.3133237063884735, 0.0006575806182809174, 0.0014962679706513882, 0.07731577754020691, 0.7329645156860352, 0.0006679449579678476, 0.00027855331427417696]",0.8826354843101734,-0.0013041319953596142
584,319,354,541,0.000690460205078125,-0.0002158826100639999,0.8895131782054179,"[13.327688217163086, 0.005434738472104073, 0.0007314390386454761, 0.17706328630447388, 1.6133357286453247, 0.06351210176944733, 0.0017351347487419844, 0.017306853085756302, 0.4866252541542053, 0.0016270744381472468, 0.0002348147245356813, 0.05385151505470276, 0.3360975682735443, 0.0006599632324650884, 0.0015284058172255754, 0.07750112563371658, 0.7348642349243164, 0.0006764031131751835, 0.00027652730932459235]",0.8826354843101734,-0.006877693895244508
585,343,340,541,0.00061798095703125,0.0005483746062964201,0.8832474713317903,"[13.34156608581543, 0.004862981848418713, 0.0007140470552258193, 0.18059435486793518, 1.523939847946167, 0.061848390847444534, 0.0017128810286521912, 0.01724041998386383, 0.4417237937450409, 0.0016329062636941671, 0.00026472879108041525, 0.0545615553855896, 0.3360225260257721, 0.0006513857515528798, 0.0015113847330212593, 0.07738231122493744, 0.7345195412635803, 0.0006727101281285286, 0.00028010259848088026]",0.8826354843101734,-0.000611987021616911
586,352,349,541,0.00052642822265625,0.0004563109832815826,0.8819281805220893,"[13.338388442993164, 0.004850881639868021, 0.000633992429357022, 0.16090361773967743, 1.5232752561569214, 0.06255871057510376, 0.0017131189815700054, 0.016952253878116608, 0.4434599280357361, 0.001654209685511887, 0.00026520551182329655, 0.05299944058060646, 0.3355788588523865, 0.0006490031373687088, 0.0015874415403231978, 0.07731688022613525, 0.7329003810882568, 0.0006737822550348938, 0.0002740246127359569]",0.8826354843101734,0.0007073037880840349
587,351,346,541,0.000560760498046875,0.000478526228107512,0.8828883965401665,"[13.368911743164062, 0.004658916033804417, 0.0007172634359449148, 0.17787545919418335, 1.5174249410629272, 0.062339428812265396, 0.0017124050064012408, 0.016694016754627228, 0.4431207776069641, 0.0016520674107596278, 0.00025555206229910254, 0.05352116748690605, 0.3131582736968994, 0.000667468411847949, 0.0014043716946616769, 0.07737215608358383, 0.7324471473693848, 0.0006681832019239664, 0.000278195773717016]",0.8826354843101734,-0.0002529122299931297
588,320,315,541,0.000690460205078125,0.0006055190460756421,0.884595484823589,"[13.381950378417969, 0.004643728025257587, 0.0007101159426383674, 0.17925789952278137, 1.5096986293792725, 0.0636226236820221, 0.0017105009173974395, 0.016833283007144928, 0.44252562522888184, 0.0016294547822326422, 0.00025602878304198384, 0.05413150414824486, 0.3356918692588806, 0.0006457865820266306, 0.0015413797227665782, 0.0774296373128891, 0.7341272830963135, 0.0006597249885089695, 0.00024875884992070496]",0.8826354843101734,-0.001960000513415605
589,311,302,541,0.0007171630859375,0.0006353327189572155,0.8851220580568464,"[13.37719440460205, 0.004637913778424263, 0.0007152383332140744, 0.1783016324043274, 1.5176198482513428, 0.06448950618505478, 0.0015300721861422062, 0.015488692559301853, 0.4420923888683319, 0.0016431414987891912, 0.0002650863316375762, 0.05323106423020363, 0.33571863174438477, 0.0006505518686026335, 0.0015538772568106651, 0.08721048384904861, 0.734037458896637, 0.0006655623437836766, 0.0002735478919930756]",0.8826354843101734,-0.0024865737466730486
590,316,304,541,0.00070953369140625,0.0006336295627988875,0.8869373847770284,"[13.357644081115723, 0.004632099531590939, 0.0007114263135008514, 0.17844106256961823, 1.5152032375335693, 0.06371624767780304, 0.0017145470483228564, 0.01524087879806757, 0.4459036588668823, 0.0014667478390038013, 0.0002616301644593477, 0.05453288182616234, 0.3357061743736267, 0.000645429186988622, 0.0015499495202675462, 0.07722518593072891, 0.7962532043457031, 0.0006777135422453284, 0.000284154579276219]",0.8826354843101734,-0.00430190046685508
591,238,220,541,0.00084686279296875,0.0007778674480505288,0.882554753086113,"[13.35143756866455, 0.004858118016272783, 0.0006431656656786799, 0.17363955080509186, 1.5103191137313843, 0.062194034457206726, 0.0016931259306147695, 0.015404412522912025, 0.4481360614299774, 0.0016467118402943015, 0.0002588890492916107, 0.053059469908475876, 0.3326627016067505, 0.0006479309522546828, 0.0014147283509373665, 0.07741264998912811, 0.7321709394454956, 0.0006654431927017868, 0.00027569307712838054]",0.8826354843101734,8.073122406038191e-05
592,106,68,541,0.00112152099609375,0.0010630479082465172,0.8794711249571073,"[13.263899803161621, 0.004794648382812738, 0.0007152383332140744, 0.17602404952049255, 1.4960339069366455, 0.06199977174401283, 0.001716689090244472, 0.015488927252590656, 0.4864685833454132, 0.0014809127897024155, 0.0002584123576525599, 0.05340206250548363, 0.33491840958595276, 0.0006531727267429233, 0.0015892268856987357, 0.07749616354703903, 0.7320581078529358, 0.0006759266252629459, 0.00027736154152080417]",0.8826354843101734,0.0031643593530660263
593,278,264,541,0.000766754150390625,0.0007012379355728626,0.8855787021503171,"[13.319808006286621, 0.004800461698323488, 0.0007208371534943581, 0.17827002704143524, 1.5144546031951904, 0.06281545013189316, 0.0017258524894714355, 0.017328763380646706, 0.44798845052719116, 0.0016313589876517653, 0.00023672162205912173, 0.05483998730778694, 0.33511146903038025, 0.0007139279623515904, 0.0013721107970923185, 0.08670265972614288, 0.7965170741081238, 0.0006735440110787749, 0.0002840353990904987]",0.8826354843101734,-0.0029432178401437303
594,312,301,541,0.0007171630859375,0.0006374404765665531,0.8858686794961901,"[13.396120071411133, 0.004806749522686005, 0.000727627135347575, 0.17851117253303528, 1.5165839195251465, 0.062177903950214386, 0.0017202593153342605, 0.014995000325143337, 0.4444684386253357, 0.0016627785516902804, 0.00023278864682652056, 0.05299695208668709, 0.33397549390792847, 0.0006562701892107725, 0.0015850611962378025, 0.08712919801473618, 0.732203483581543, 0.0006680640508420765, 0.0002836778585333377]",0.8826354843101734,-0.003233195186016724
595,335,334,541,0.000652313232421875,0.0005659340531565249,0.8866047454909054,"[13.362031936645508, 0.004830595105886459, 0.0007257211836986244, 0.16015920042991638, 1.515008807182312, 0.06257852911949158, 0.0017251383978873491, 0.015609114430844784, 0.4452974796295166, 0.001493292162194848, 0.00026520551182329655, 0.053150471299886703, 0.3338330090045929, 0.0006573423161171377, 0.001370206126011908, 0.0870281234383583, 0.7987900972366333, 0.0006587718962691724, 0.000277123210253194]",0.8826354843101734,-0.003969261180732042
596,309,296,541,0.000720977783203125,0.0006449306383728981,0.8834912826530757,"[13.357522964477539, 0.004653932526707649, 0.0006401873542927206, 0.17834891378879547, 1.511067509651184, 0.061427291482686996, 0.0017213303362950683, 0.016847817227244377, 0.4397568702697754, 0.0016563518438488245, 0.0002627027570270002, 0.05581260100007057, 0.33348557353019714, 0.0006600823253393173, 0.0015148365637287498, 0.08723899722099304, 0.7327724099159241, 0.0006611545104533434, 0.0002828436263371259]",0.8826354843101734,-0.0008557983429023919
597,274,261,541,0.00077056884765625,0.0007062852382659912,0.8824052506763684,"[13.341395378112793, 0.004804257769137621, 0.0007319155265577137, 0.17837893962860107, 1.5138821601867676, 0.06315001100301743, 0.0016915787709876895, 0.015387156046926975, 0.44164836406707764, 0.001583989942446351, 0.0002613918040879071, 0.05298316106200218, 0.3351559638977051, 0.0006447143969126046, 0.0015307862777262926, 0.07746737450361252, 0.7340667247772217, 0.0006588910473510623, 0.00027700403006747365]",0.8826354843101734,0.00023023363380492157
598,202,162,541,0.0009307861328125,0.0008757150499150157,0.8822228751653854,"[13.337249755859375, 0.004841746762394905, 0.0006420934805646539, 0.1779722422361374, 1.5151516199111938, 0.062274351716041565, 0.0017144280718639493, 0.01682460866868496, 0.4412924349308014, 0.0016515913885086775, 0.00026055757189169526, 0.054326850920915604, 0.33506593108177185, 0.0006621075444854796, 0.001375206047669053, 0.07775747776031494, 0.7322351336479187, 0.0006599632324650884, 0.00027652730932459235]",0.8826354843101734,0.0004126091447879121
599,275,260,541,0.00077056884765625,0.0007091654115356505,0.8841079406939618,"[13.35587215423584, 0.004834866151213646, 0.0007220283732749522, 0.17848943173885345, 1.5231541395187378, 0.06354667246341705, 0.0017025275155901909, 0.015363678336143494, 0.4430730938911438, 0.0014821031363680959, 0.0002536452084314078, 0.05309021845459938, 0.33587974309921265, 0.0006582954083569348, 0.001520192832686007, 0.08543036878108978, 0.7320195436477661, 0.0006856950931251049, 0.00027247529942542315]",0.8826354843101734,-0.0014724563837884563
600,172,135,541,0.00099945068359375,0.0009269622969441116,0.8915446541704066,"[13.37663745880127, 0.005028695799410343, 0.0007207180024124682, 0.17948079109191895, 1.6130794286727905, 0.06209433078765869, 0.0017321596387773752, 0.015351000241935253, 0.4859910011291504, 0.00162588432431221, 0.00026592056383378804, 0.04907901585102081, 0.33393263816833496, 0.0006749735912308097, 0.0015811334596946836, 0.0773107036948204, 0.7338023781776428, 0.0006836699321866035, 0.00027652730932459235]",0.8826354843101734,-0.008909169860233268
601,294,293,541,0.00074005126953125,0.0006503273034468293,0.8829370482141569,"[13.348594665527344, 0.004634235519915819, 0.0007214327342808247, 0.1776866465806961, 1.514765977859497, 0.06303104013204575, 0.001709667849354446, 0.017260806635022163, 0.44392162561416626, 0.0016262413701042533, 0.00025674383505247533, 0.05329582840204239, 0.3354385793209076, 0.0006523388437926769, 0.0015141224721446633, 0.07733386754989624, 0.7323439121246338, 0.0007440659101121128, 0.00027211778797209263]",0.8826354843101734,-0.00030156390398350386
602,263,274,541,0.00079345703125,0.0006859372952021658,0.882845217712824,"[13.3543062210083, 0.004811376333236694, 0.0007172634359449148, 0.1796739399433136, 1.5113632678985596, 0.0627143457531929, 0.001526977401226759, 0.017040738835930824, 0.4426032602787018, 0.0016217187512665987, 0.00026067672297358513, 0.048514991998672485, 0.3344433605670929, 0.0006611545104533434, 0.0013904437655583024, 0.07754547894001007, 0.7339456677436829, 0.0006690170848742127, 0.00024923557066358626]",0.8826354843101734,-0.0002097334026506248
603,318,322,541,0.000701904296875,0.0005967476754449308,0.8830817250632926,"[13.348817825317383, 0.004831188358366489, 0.0007083290838636458, 0.1781568080186844, 1.5150753259658813, 0.06336039304733276, 0.0015279296785593033, 0.01724698208272457, 0.4427017271518707, 0.001678725820966065, 0.00026544384309090674, 0.054992884397506714, 0.3347359597682953, 0.0006519814487546682, 0.0013731822837144136, 0.07741706073284149, 0.7340807318687439, 0.0006494796834886074, 0.00028081765049137175]",0.8826354843101734,-0.0004462407531192758
604,284,295,541,0.00075531005859375,0.0006476625567302108,0.8818316838449775,"[13.313745498657227, 0.004827036056667566, 0.0007260785205289721, 0.17671439051628113, 1.5222960710525513, 0.06283145397901535, 0.0016925308154895902, 0.017370354384183884, 0.440754771232605, 0.0016395710408687592, 0.0002535260282456875, 0.05328237637877464, 0.33430802822113037, 0.0006450717919506133, 0.0015145984943956137, 0.08704102039337158, 0.734221339225769, 0.0006649667047895491, 0.0002733095607254654]",0.8826354843101734,0.000803800465195903
605,206,193,541,0.00092315673828125,0.00082609080709517,0.8879002461433533,"[13.36423110961914, 0.00482395151630044, 0.0007238152320496738, 0.177717387676239, 1.520115613937378, 0.06166336312890053, 0.001706811715848744, 0.017364848405122757, 0.44511255621910095, 0.0016434985445812345, 0.0002649671514518559, 0.05341324955224991, 0.3344212472438812, 0.0006525770877487957, 0.0015662556979805231, 0.08701654523611069, 0.7967103719711304, 0.0006736631621606648, 0.0002828436263371259]",0.8826354843101734,-0.005264761833179921
606,103,83,541,0.001129150390625,0.0010347786592319608,0.8848281959148344,"[13.377079963684082, 0.004642778541892767, 0.0006426891195587814, 0.1780351996421814, 1.515478491783142, 0.0611204095184803, 0.0015282867243513465, 0.016630355268716812, 0.4446905851364136, 0.0016545667313039303, 0.0002563863235991448, 0.0528816282749176, 0.3339987099170685, 0.0006478118011727929, 0.001547211897559464, 0.08728914707899094, 0.7326652407646179, 0.0006672301678918302, 0.0002790300059132278]",0.8826354843101734,-0.0021927116046610573
607,71,35,541,0.0012054443359375,0.00113182351924479,0.888163712476901,"[13.350711822509766, 0.004845187067985535, 0.0007225048611871898, 0.17595677077770233, 1.606144905090332, 0.06258267164230347, 0.0016936019528657198, 0.015008035115897655, 0.44573137164115906, 0.00146246247459203, 0.0002337421028641984, 0.05331255495548248, 0.3350663483142853, 0.0006551980040967464, 0.0015736351488158107, 0.08557219803333282, 0.7329016327857971, 0.0006600823253393173, 0.00027581225731410086]",0.8826354843101734,-0.0055282281667276
608,154,114,541,0.00103759765625,0.0009626034297980368,0.8825490119863963,"[13.350663185119629, 0.004847678355872631, 0.0007279845303855836, 0.17766708135604858, 1.5093375444412231, 0.0633612871170044, 0.0017215682892128825, 0.017243115231394768, 0.4424397647380829, 0.001650877296924591, 0.0002611534437164664, 0.04774291440844536, 0.33582010865211487, 0.000662703241687268, 0.0015835139201954007, 0.07730904221534729, 0.7344337701797485, 0.0006779517862014472, 0.00027998341829515994]",0.8826354843101734,8.647232377700931e-05
609,116,86,541,0.00110626220703125,0.0010266231838613749,0.880730676153785,"[13.33915901184082, 0.004652389790862799, 0.0006411403883248568, 0.17755639553070068, 1.4847209453582764, 0.06283626705408096, 0.001714071026071906, 0.016717111691832542, 0.44351327419281006, 0.0016439745668321848, 0.0002641328901518136, 0.05327118933200836, 0.33462369441986084, 0.0006493605324067175, 0.0015086471103131771, 0.07730286568403244, 0.7321579456329346, 0.0006709231529384851, 0.0002795067266561091]",0.8826354843101734,0.0019048081563883823
610,155,125,541,0.00103759765625,0.0009508178918622434,0.8832876875837284,"[13.352524757385254, 0.004829527344554663, 0.0006409021443687379, 0.1794167160987854, 1.5176408290863037, 0.0622231587767601, 0.001529715140350163, 0.015382226556539536, 0.4457581639289856, 0.0016267173923552036, 0.00024077377747744322, 0.054161880165338516, 0.33566758036613464, 0.0006426891195587814, 0.0015633992152288556, 0.07745987176895142, 0.7302026748657227, 0.0006731866160407662, 0.0002812943421304226]",0.8826354843101734,-0.0006522032735550853
611,51,23,541,0.001251220703125,0.0011661837343126535,0.8865041569699411,"[13.377925872802734, 0.004808410070836544, 0.0006437613046728075, 0.17882733047008514, 1.50299072265625, 0.06293825060129166, 0.0016952680889517069, 0.017508823424577713, 0.4837789237499237, 0.001602795091457665, 0.00026055757189169526, 0.05278562754392624, 0.3349013328552246, 0.0007321537705138326, 0.0015513778198510408, 0.08680354058742523, 0.7328858375549316, 0.0006623458466492593, 0.0002760506176855415]",0.8826354843101734,-0.003868672659767758
612,88,64,541,0.00115966796875,0.0010695327073335648,0.8817544824805258,"[13.324670791625977, 0.004675646312534809, 0.0007172634359449148, 0.17884477972984314, 1.511893630027771, 0.06289716809988022, 0.0017263285117223859, 0.015388213098049164, 0.44775620102882385, 0.0016269554616883397, 0.0002559096028562635, 0.055710569024086, 0.33454760909080505, 0.0006579380133189261, 0.0013780631124973297, 0.07746130228042603, 0.7321842312812805, 0.000662822334561497, 0.0002797450579237193]",0.8826354843101734,0.0008810018296475652
613,68,37,541,0.00121307373046875,0.0011272324481979012,0.8827471331889299,"[13.374048233032227, 0.004849576391279697, 0.0006366133457049727, 0.17756058275699615, 1.4927148818969727, 0.062004588544368744, 0.0016956250183284283, 0.017268775030970573, 0.4394761621952057, 0.0016364767216145992, 0.0002547178009990603, 0.05296427756547928, 0.3342169523239136, 0.0006473353132605553, 0.001540903584100306, 0.07727760076522827, 0.7324565649032593, 0.0006696127820760012, 0.0002760506176855415]",0.8826354843101734,-0.00011164887875658724
614,207,188,541,0.00092315673828125,0.0008345235837623477,0.8790790854361962,"[13.344390869140625, 0.004671374801546335, 0.0006420934805646539, 0.176206573843956, 1.485670804977417, 0.06281846761703491, 0.0017273995326831937, 0.017440997064113617, 0.427083820104599, 0.0016518294578418136, 0.0002627027570270002, 0.053084567189216614, 0.3123534917831421, 0.000662822334561497, 0.001404847833327949, 0.07730837911367416, 0.7341723442077637, 0.0006711614551022649, 0.00027807659353129566]",0.8826354843101734,0.0035563988739771846
615,290,286,541,0.0007476806640625,0.0006636029575020075,0.8796675643794802,"[13.341086387634277, 0.004867134150117636, 0.000644237850792706, 0.18012145161628723, 1.4785730838775635, 0.06284265220165253, 0.0017105009173974395, 0.016833283007144928, 0.4418565332889557, 0.0016642066184431314, 0.00026675479602999985, 0.055491022765636444, 0.31198644638061523, 0.0006444760947488248, 0.0015416176756843925, 0.07792720198631287, 0.7346808314323425, 0.0006716379430145025, 0.00027426297310739756]",0.8826354843101734,0.002967919930693119
616,246,236,541,0.00083160400390625,0.0007499511702917516,0.8835311381997982,"[13.329828262329102, 0.004822883754968643, 0.0006478118011727929, 0.1783861219882965, 1.483598232269287, 0.062477633357048035, 0.001718117156997323, 0.015399951487779617, 0.4447179436683655, 0.0016381428577005863, 0.00026294111739844084, 0.0535600371658802, 0.3335886597633362, 0.0006716379430145025, 0.0014106809394434094, 0.0774049237370491, 0.7960028052330017, 0.0006713996990583837, 0.0002834395272657275]",0.8826354843101734,-0.00089565388962487
617,271,269,541,0.000774383544921875,0.0006924532353878021,0.8866838598271563,"[13.356242179870605, 0.004839848726987839, 0.0006407829932868481, 0.17951256036758423, 1.5042846202850342, 0.07073446363210678, 0.001719545223750174, 0.016850396990776062, 0.44150954484939575, 0.0016495682066306472, 0.00024136967840604484, 0.05523329973220825, 0.33613350987434387, 0.0006536492728628218, 0.0015591143164783716, 0.07763990014791489, 0.7965964078903198, 0.0006718761869706213, 0.0002806984703056514]",0.8826354843101734,-0.004048375516982894
618,156,126,541,0.00103759765625,0.0009474352700635791,0.8828146070131639,"[13.354999542236328, 0.004840916488319635, 0.0007260785205289721, 0.17820049822330475, 1.4960575103759766, 0.06284880638122559, 0.0017220443114638329, 0.01680643856525421, 0.4431082308292389, 0.0014676999999210238, 0.0002653246629051864, 0.05528169125318527, 0.33413025736808777, 0.0006380429258570075, 0.0014060382964089513, 0.08725353330373764, 0.7328130602836609, 0.0006636562757194042, 0.00024816294899210334]",0.8826354843101734,-0.0001791227029905862
619,104,87,541,0.001129150390625,0.0010247289901599288,0.881787191731794,"[13.320881843566895, 0.004819562193006277, 0.0006418551784008741, 0.17701345682144165, 1.5224884748458862, 0.06283839792013168, 0.001717998180538416, 0.015295236371457577, 0.43781358003616333, 0.001665039686486125, 0.000266278104390949, 0.053992368280887604, 0.33407434821128845, 0.0006515049026347697, 0.0013723488664254546, 0.08526661992073059, 0.7322096824645996, 0.0006684214458800852, 0.0002796259068418294]",0.8826354843101734,0.0008482925783793727
620,14,9,541,0.00135040283203125,0.0012400038540363312,0.8818698888001228,"[13.32447624206543, 0.004622132051736116, 0.000722266617231071, 0.17756058275699615, 1.5161290168762207, 0.06241670623421669, 0.0017303746426478028, 0.016781117767095566, 0.4496370553970337, 0.001642546383664012, 0.0002632986579556018, 0.049140531569719315, 0.3353492319583893, 0.0006441186997108161, 0.0015730400336906314, 0.07740117609500885, 0.7345074415206909, 0.0006613928126171231, 0.0002696150622796267]",0.8826354843101734,0.0007655955100505096
623,47,25,541,0.00125885009765625,0.0011593130184337497,0.8827222632458679,"[13.303716659545898, 0.004642185289412737, 0.0006436422117985785, 0.17872166633605957, 1.4843965768814087, 0.06431446969509125, 0.001529477071017027, 0.017195073887705803, 0.44619274139404297, 0.0014885308919474483, 0.00025507534155622125, 0.055571313947439194, 0.3335866928100586, 0.0006444760947488248, 0.001401276676915586, 0.07761441916227341, 0.7988888025283813, 0.0006673493189737201, 0.0002525725867599249]",0.8826354843101734,-8.677893569453143e-05
625,160,116,541,0.00102996826171875,0.0009598467731848359,0.8879012951112696,"[13.389650344848633, 0.004846966825425625, 0.000709401210770011, 0.17827370762825012, 1.5241382122039795, 0.0632508397102356, 0.0015117417788133025, 0.015545384027063847, 0.48978734016418457, 0.001488054753281176, 0.0002611534437164664, 0.052792299538850784, 0.33548611402511597, 0.0006591292913071811, 0.0013842533808201551, 0.0773191973567009, 0.732084333896637, 0.0006598440813831985, 0.0002762889489531517]",0.8826354843101734,-0.005265810801096227
626,291,278,541,0.0007476806640625,0.0006801020354032516,0.8818955354983796,"[13.336256980895996, 0.004803190007805824, 0.0006424508756026626, 0.17940865457057953, 1.510111689567566, 0.061741702258586884, 0.0017288275994360447, 0.01684078387916088, 0.44418996572494507, 0.001655756845138967, 0.0002653246629051864, 0.04909445345401764, 0.33619561791419983, 0.0006560318870469928, 0.00156589865218848, 0.07742522656917572, 0.7324721813201904, 0.0006781900301575661, 0.00028224775451235473]",0.8826354843101734,0.0007399488117937336
627,237,216,541,0.000850677490234375,0.0007837996236048639,0.887006439352837,"[13.351449966430664, 0.004633760545402765, 0.0007267932523973286, 0.180022194981575, 1.5866481065750122, 0.06229787319898605, 0.0017093108035624027, 0.015368843451142311, 0.445404589176178, 0.0016549237770959735, 0.0002644904307089746, 0.055309098213911057, 0.33480164408683777, 0.000649956171400845, 0.0015128131490200758, 0.07741308957338333, 0.7323199510574341, 0.000655793643090874, 0.0002791491860989481]",0.8826354843101734,-0.004370955042663605
628,225,202,541,0.00087738037109375,0.0008171587833203375,0.8912497304876237,"[13.358181953430176, 0.00485894875600934, 0.0007246490567922592, 0.17828647792339325, 1.5891938209533691, 0.06367810815572739, 0.0015207880642265081, 0.017275922000408173, 0.44251319766044617, 0.0014800796052441, 0.0002351722796447575, 0.05312492325901985, 0.3358181416988373, 0.0006530536338686943, 0.0015525680501013994, 0.08708462119102478, 0.7966095209121704, 0.0006708040600642562, 0.0002821285743266344]",0.8826354843101734,-0.008614246177450324
629,321,305,541,0.000690460205078125,0.0006323635461740196,0.8862926482895426,"[13.348034858703613, 0.004868676420301199, 0.0007269124034792185, 0.17732000350952148, 1.5113043785095215, 0.06260921061038971, 0.001719545223750174, 0.01548000704497099, 0.44186389446258545, 0.0016670628683641553, 0.00023505308490712196, 0.05310717597603798, 0.3357299566268921, 0.0006437613046728075, 0.0015480450820177794, 0.08534947782754898, 0.7964340448379517, 0.0006683023530058563, 0.0002499506517779082]",0.8826354843101734,-0.0036571639793692157
630,333,317,541,0.000659942626953125,0.0006020933506079018,0.889138051180022,"[13.367238998413086, 0.004631743300706148, 0.000727508042473346, 0.1772053837776184, 1.6104669570922852, 0.06927395612001419, 0.001742750871926546, 0.015525196678936481, 0.4428081512451172, 0.0016177912475541234, 0.000259365770034492, 0.05508596822619438, 0.3346160352230072, 0.0006420934805646539, 0.0015173362335190177, 0.07736498862504959, 0.7319528460502625, 0.0006688979919999838, 0.00027700403006747365]",0.8826354843101734,-0.006502566869848625
631,348,342,541,0.000583648681640625,0.0005312729626893997,0.8872664677856894,"[13.353755950927734, 0.004652271047234535, 0.0007231004419736564, 0.17997917532920837, 1.525330901145935, 0.0632113367319107, 0.0017214493127539754, 0.017245810478925705, 0.441007137298584, 0.0016742035513743758, 0.00023469554434996098, 0.052938275039196014, 0.33614546060562134, 0.0006618693005293608, 0.0014077048981562257, 0.07741331309080124, 0.7990318536758423, 0.0006771179032512009, 0.0002512616047170013]",0.8826354843101734,-0.004630983475516048
632,249,217,541,0.000827789306640625,0.0007798582664690912,0.8831738779676686,"[13.352340698242188, 0.004841153509914875, 0.0007217901293188334, 0.17892561852931976, 1.51120924949646, 0.06253832578659058, 0.0016983621753752232, 0.015580711886286736, 0.4477890431880951, 0.001618862384930253, 0.0002649671514518559, 0.0551772341132164, 0.3345499038696289, 0.000647692708298564, 0.0015616138698533177, 0.07752849161624908, 0.7323644161224365, 0.0006634180317632854, 0.0002821285743266344]",0.8826354843101734,-0.0005383936574951953
633,200,154,541,0.00093841552734375,0.0008885252755135298,0.8834376460275196,"[13.342826843261719, 0.004839255474507809, 0.0007282227743417025, 0.178227037191391, 1.5160176753997803, 0.06268803775310516, 0.0017294225981459022, 0.016735399141907692, 0.4441946744918823, 0.001653971616178751, 0.00025555206229910254, 0.05518524348735809, 0.3358573317527771, 0.0006467396160587668, 0.0014019908849149942, 0.08692234009504318, 0.7344543933868408, 0.0006744970451109111, 0.0002766464895103127]",0.8826354843101734,-0.0008021617173462614
634,349,344,541,0.000583648681640625,0.0005268862005323172,0.8819208580090688,"[13.344966888427734, 0.004877929575741291, 0.0006386386230587959, 0.17230521142482758, 1.5148721933364868, 0.06282652914524078, 0.0015250729629769921, 0.01674911566078663, 0.44548723101615906, 0.0016329062636941671, 0.0002644904307089746, 0.05525270104408264, 0.31272581219673157, 0.0006598440813831985, 0.0015329287853091955, 0.08698955178260803, 0.7322371602058411, 0.0006737822550348938, 0.0002783149539027363]",0.8826354843101734,0.0007146263011045262
635,322,307,541,0.000690460205078125,0.0006255913758650422,0.8872049867219941,"[13.359302520751953, 0.0048123253509402275, 0.0006373281357809901, 0.17973299324512482, 1.5215752124786377, 0.06232867389917374, 0.0015238827327266335, 0.016778774559497833, 0.4404522478580475, 0.0016400470631197095, 0.00023493390472140163, 0.05522867292165756, 0.33534863591194153, 0.0006373281357809901, 0.0015614947769790888, 0.07738451659679413, 0.796759843826294, 0.00067223358200863, 0.00028308198670856655]",0.8826354843101734,-0.004569502411820747
636,279,265,541,0.000766754150390625,0.0006989124231040478,0.8904883767337244,"[13.395757675170898, 0.004792987369000912, 0.0007273888913914561, 0.17769472301006317, 1.6147568225860596, 0.06242779642343521, 0.0017316836165264249, 0.015395726077258587, 0.44288042187690735, 0.001640761154703796, 0.0002618685248307884, 0.05383739620447159, 0.3344652056694031, 0.000653411028906703, 0.0015274535398930311, 0.07747520506381989, 0.732238233089447, 0.0007384672062471509, 0.0002759314374998212]",0.8826354843101734,-0.007852892423551028
637,241,224,541,0.0008392333984375,0.0007729692733846605,0.8824465648121029,"[13.360197067260742, 0.004774123430252075, 0.0007219092221930623, 0.17792224884033203, 1.483263611793518, 0.062389716506004333, 0.0017135950038209558, 0.01670890487730503, 0.4439762234687805, 0.0016687290044501424, 0.0002623452164698392, 0.05327005684375763, 0.3346262574195862, 0.000661631056573242, 0.0015487592900171876, 0.0872649997472763, 0.7345589995384216, 0.0006748544401489198, 0.0002806984703056514]",0.8826354843101734,0.00018891949807042785
638,142,100,541,0.00106048583984375,0.0009946688078343868,0.8827318663105345,"[13.333218574523926, 0.004829883575439453, 0.0006428082706406713, 0.18021225929260254, 1.5245985984802246, 0.06276719272136688, 0.00169955228921026, 0.015492800623178482, 0.4456133544445038, 0.0016390950186178088, 0.0002644904307089746, 0.05332815274596214, 0.33445289731025696, 0.0006559127941727638, 0.001540903584100306, 0.07755827158689499, 0.7324250340461731, 0.0006865289760753512, 0.0002791491860989481]",0.8826354843101734,-9.6382000361106e-05
639,107,71,541,0.00112152099609375,0.0010564379626885056,0.8813641602449168,"[13.306781768798828, 0.0048477970995008945, 0.0006400682032108307, 0.17803260684013367, 1.5229214429855347, 0.06316164880990982, 0.0016690860502421856, 0.01543915830552578, 0.44868212938308716, 0.0014728185487911105, 0.00025674383505247533, 0.05340556800365448, 0.33419084548950195, 0.000667468411847949, 0.0015529250958934426, 0.07716956734657288, 0.7340669631958008, 0.0006771179032512009, 0.0002833203470800072]",0.8826354843101734,0.0012713240652565405
640,193,152,541,0.00095367431640625,0.0008902918198145926,0.887142437101207,"[13.357913970947266, 0.004837594460695982, 0.0007254829397425056, 0.1782616376876831, 1.6039999723434448, 0.061872705817222595, 0.0015140033792704344, 0.016739854589104652, 0.44809144735336304, 0.0016477829776704311, 0.0002579356369096786, 0.05373109504580498, 0.31311628222465515, 0.0006540066679008305, 0.0015122179174795747, 0.07742004096508026, 0.7324637770652771, 0.0006713996990583837, 0.00027509720530360937]",0.8826354843101734,-0.004506952791033636
641,181,137,541,0.00098419189453125,0.0009246665867976844,0.887982334051661,"[13.347442626953125, 0.004837831947952509, 0.0007098776986822486, 0.17828109860420227, 1.5107667446136475, 0.06178126484155655, 0.001515550771728158, 0.017319155856966972, 0.48684853315353394, 0.0016179102240130305, 0.0002650863316375762, 0.048574723303318024, 0.33448413014411926, 0.0006529344827868044, 0.0015142414486035705, 0.07741430401802063, 0.7966899275779724, 0.0006680640508420765, 0.0002803409588523209]",0.8826354843101734,-0.005346849741487691
642,226,201,541,0.000873565673828125,0.0008173967362381518,0.8817591849380589,"[13.32536792755127, 0.004841390997171402, 0.0006420934805646539, 0.18070222437381744, 1.511368989944458, 0.06398599594831467, 0.0017143089789897203, 0.017396479845046997, 0.44229331612586975, 0.0016525434330105782, 0.00026603974401950836, 0.05519697442650795, 0.33498942852020264, 0.0006632988806813955, 0.0013719918206334114, 0.07728742063045502, 0.732721745967865, 0.000681883015204221, 0.00028046013903804123]",0.8826354843101734,0.0008762993721144197
643,344,336,541,0.000614166259765625,0.0005603469326160848,0.8837707613910377,"[13.363489151000977, 0.004669001325964928, 0.0007220283732749522, 0.17905311286449432, 1.5126713514328003, 0.06434699892997742, 0.0017541749402880669, 0.015541394241154194, 0.44265854358673096, 0.001645997748710215, 0.0002649671514518559, 0.055624425411224365, 0.3365895450115204, 0.0006475735572166741, 0.0013728251215070486, 0.07727506011724472, 0.732403039932251, 0.0006630606367252767, 0.0002522150462027639]",0.8826354843101734,-0.0011352770808643609
644,356,352,541,0.0004425048828125,0.0003892939421348274,0.8827357676491374,"[13.342141151428223, 0.00503723556175828, 0.0006425699684768915, 0.1774776428937912, 1.51445734500885, 0.062464866787195206, 0.0017081208061426878, 0.015413803048431873, 0.44709160923957825, 0.001660398324020207, 0.0002261144545627758, 0.0534096360206604, 0.33563756942749023, 0.0006418551784008741, 0.0014062763657420874, 0.07746218889951706, 0.7341560125350952, 0.0006625840906053782, 0.0002826052950695157]",0.8826354843101734,-0.00010028333896405783
645,355,347,541,0.00051116943359375,0.0004619084356818348,0.8827933677086165,"[13.34172534942627, 0.004832611884921789, 0.0007258402765728533, 0.17800506949424744, 1.5220813751220703, 0.06318627297878265, 0.001695148996077478, 0.015477189794182777, 0.4438686966896057, 0.00163588160648942, 0.0002632986579556018, 0.04902056232094765, 0.3354308009147644, 0.0006613928126171231, 0.0015505446353927255, 0.07761485874652863, 0.7343600988388062, 0.0006598440813831985, 0.0002791491860989481]",0.8826354843101734,-0.00015788339844313715
646,345,337,541,0.000606536865234375,0.0005602905293926597,0.881626677644243,"[13.318401336669922, 0.00463898153975606, 0.0006360176485031843, 0.17816299200057983, 1.5234657526016235, 0.06451275944709778, 0.0017265664646402001, 0.01730029284954071, 0.44416940212249756, 0.001632549217902124, 0.00025829317746683955, 0.04909819737076759, 0.3342146575450897, 0.0006629414856433868, 0.0015852991491556168, 0.07726898789405823, 0.7322139143943787, 0.0006817638641223311, 0.00027616979787126184]",0.8826354843101734,0.0010088066659303951
647,295,270,541,0.00074005126953125,0.0006917699938639998,0.8864397097051168,"[13.346424102783203, 0.004664374049752951, 0.0007320346776396036, 0.1784300059080124, 1.5867339372634888, 0.06281264871358871, 0.001729184528812766, 0.016658375039696693, 0.4415227472782135, 0.0016066036187112331, 0.00025829317746683955, 0.05283866077661514, 0.33540353178977966, 0.0006828360492363572, 0.0015285247936844826, 0.07720333337783813, 0.7321583032608032, 0.0006909366929903626, 0.0002760506176855415]",0.8826354843101734,-0.0038042253949434057
648,329,312,541,0.000667572021484375,0.0006107601802796125,0.8820369566674344,"[13.35074520111084, 0.004816240165382624, 0.0006524579366669059, 0.16018570959568024, 1.5127761363983154, 0.06270640343427658, 0.0017101438716053963, 0.016678189858794212, 0.44210416078567505, 0.0016386188799515367, 0.0002661589242052287, 0.055112142115831375, 0.33625754714012146, 0.0006532918778248131, 0.0014054430648684502, 0.07745501399040222, 0.732587456703186, 0.0006687788409180939, 0.00028308198670856655]",0.8826354843101734,0.000598527642738933
649,336,324,541,0.000652313232421875,0.00059067941037938,0.8871450384368041,"[13.387980461120605, 0.0048531354404985905, 0.0007148809381760657, 0.1793965995311737, 1.5176093578338623, 0.0635097548365593, 0.0017204972682520747, 0.015347595326602459, 0.48549365997314453, 0.0016473069554194808, 0.000259723310591653, 0.048954159021377563, 0.33568111062049866, 0.0006582954083569348, 0.0015286438865587115, 0.077516570687294, 0.7319735884666443, 0.0006621075444854796, 0.00024828212917782366]",0.8826354843101734,-0.004509554126630788
650,234,209,541,0.00086212158203125,0.0007967593846842647,0.8820758950544252,"[13.328816413879395, 0.005241699051111937, 0.0007240534760057926, 0.1791917383670807, 1.5158809423446655, 0.062363285571336746, 0.001529357978142798, 0.015447492711246014, 0.44358202815055847, 0.0016448076348751783, 0.0002650863316375762, 0.05571756139397621, 0.33601614832878113, 0.0006610354175791144, 0.0015616138698533177, 0.0775575041770935, 0.732297956943512, 0.0006681832019239664, 0.00027509720530360937]",0.8826354843101734,0.0005595892557481719
651,194,155,541,0.00095367431640625,0.0008874597260728478,0.8822195390943977,"[13.33288288116455, 0.00482193473726511, 0.0007256020326167345, 0.17810283601284027, 1.5183875560760498, 0.062206245958805084, 0.0015301911626011133, 0.0171913243830204, 0.44113054871559143, 0.0016296928515657783, 0.000266278104390949, 0.05291667953133583, 0.3355853259563446, 0.0006563892820850015, 0.0015156697481870651, 0.07729646563529968, 0.7343955636024475, 0.0006524579366669059, 0.0002775999018922448]",0.8826354843101734,0.00041594521577570376
652,296,284,541,0.00074005126953125,0.0006681127124466002,0.8876455690907804,"[13.405149459838867, 0.004641592036932707, 0.0007233387441374362, 0.17826323211193085, 1.5041208267211914, 0.062269534915685654, 0.001515550771728158, 0.017270181328058243, 0.4865030348300934, 0.0016477829776704311, 0.0002563863235991448, 0.0549461729824543, 0.33525145053863525, 0.0006451908848248422, 0.0015582811320200562, 0.0774148553609848, 0.7321369647979736, 0.0006778326351195574, 0.00027414379292167723]",0.8826354843101734,-0.005010084780607049
653,208,182,541,0.00092315673828125,0.0008477421943098307,0.888911517983376,"[13.380030632019043, 0.004827510565519333, 0.0007178590167313814, 0.17820189893245697, 1.516127109527588, 0.0629098191857338, 0.0017263285117223859, 0.01713109202682972, 0.447956383228302, 0.001617315225303173, 0.0002627027570270002, 0.054311834275722504, 0.33656570315361023, 0.0006509092636406422, 0.0015279296785593033, 0.08706571161746979, 0.7967429161071777, 0.0006697318749502301, 0.0002754547167569399]",0.8826354843101734,-0.006276033673202619
654,217,197,541,0.000896453857421875,0.0008210556698031723,0.8809576906542612,"[13.336141586303711, 0.004626759793609381, 0.0007221474661491811, 0.17876553535461426, 1.4942013025283813, 0.06213163584470749, 0.0017158561386168003, 0.016917208209633827, 0.4446704387664795, 0.001646116841584444, 0.0002628219372127205, 0.04891113564372063, 0.33501502871513367, 0.0006571040721610188, 0.0014186566695570946, 0.07738495618104935, 0.7320727705955505, 0.0006574614671990275, 0.0002775999018922448]",0.8826354843101734,0.001677793655912141
655,308,288,541,0.000728607177734375,0.0006619413034059107,0.8848322712062662,"[13.375190734863281, 0.004780885763466358, 0.0007185738068073988, 0.17422018945217133, 1.5184900760650635, 0.06448179483413696, 0.0016899126349017024, 0.016745716333389282, 0.4445079565048218, 0.0016658727545291185, 0.00025507534155622125, 0.05311429873108864, 0.33341076970100403, 0.0006526962388306856, 0.00151305110193789, 0.08716011792421341, 0.7322750091552734, 0.0006641327636316419, 0.0002762889489531517]",0.8826354843101734,-0.002196786896092817
656,281,262,541,0.000762939453125,0.0007057740003801882,0.8868987547006997,"[13.354602813720703, 0.004812206607311964, 0.0007234578370116651, 0.17775341868400574, 1.5812169313430786, 0.06248502433300018, 0.0017282324843108654, 0.015433523803949356, 0.44834765791893005, 0.0016295737586915493, 0.00023314618738368154, 0.052902884781360626, 0.3358885943889618, 0.0007252446957863867, 0.0015668508131057024, 0.0773303434252739, 0.732746958732605, 0.0006727101281285286, 0.000276765669696033]",0.8826354843101734,-0.004263270390526319
657,305,277,541,0.000732421875,0.0006804184522479773,0.8910041052517236,"[13.354826927185059, 0.0048251380212605, 0.0006492413813248277, 0.17689180374145508, 1.6117165088653564, 0.06257528066635132, 0.001732040662318468, 0.01729595847427845, 0.42908424139022827, 0.0016382618341594934, 0.0002559096028562635, 0.055137522518634796, 0.3350883424282074, 0.0006553170969709754, 0.0015664937673136592, 0.07750807702541351, 0.796673595905304, 0.0006781900301575661, 0.0002791491860989481]",0.8826354843101734,-0.00836862094155022
658,350,343,541,0.000579833984375,0.0005295578739605844,0.8823265797829279,"[13.360109329223633, 0.004848509095609188, 0.0007252446957863867, 0.17436820268630981, 1.5162112712860107, 0.06362520158290863, 0.0016990762669593096, 0.016889663413167, 0.4442492723464966, 0.001644212519749999, 0.0002610342635307461, 0.05348658934235573, 0.31262168288230896, 0.0006622266955673695, 0.0013822296168655157, 0.07737304270267487, 0.733102560043335, 0.0006596058374270797, 0.00028606137493625283]",0.8826354843101734,0.00030890452724541273
659,288,267,541,0.000751495361328125,0.0006949637900106609,0.8849925034362394,"[13.33303165435791, 0.004839967470616102, 0.0007194076315499842, 0.17744340002536774, 1.512653112411499, 0.0560368150472641, 0.001718117156997323, 0.015504773706197739, 0.4459455609321594, 0.0016563518438488245, 0.0002348147245356813, 0.05321117118000984, 0.33532339334487915, 0.00064876489341259, 0.0015351902693510056, 0.07735593616962433, 0.7960572838783264, 0.0006683023530058563, 0.0002735478919930756]",0.8826354843101734,-0.0023570191260660067
660,258,244,541,0.00080108642578125,0.0007336375419981778,0.8839736469564837,"[13.362019538879395, 0.004651559051126242, 0.0007165487040765584, 0.17768943309783936, 1.5167126655578613, 0.06272879242897034, 0.001711095916107297, 0.017463723197579384, 0.43840938806533813, 0.0016420703614130616, 0.0002628219372127205, 0.0533284917473793, 0.3341329097747803, 0.0006629414856433868, 0.0015430459752678871, 0.08672353625297546, 0.7341791391372681, 0.0006667536217719316, 0.0002548369811847806]",0.8826354843101734,-0.0013381626463103702
661,220,203,541,0.00089263916015625,0.0008106738678179681,0.8817845219148838,"[13.345383644104004, 0.00485859252512455, 0.0006495987763628364, 0.16123908758163452, 1.5052196979522705, 0.06401629745960236, 0.0016978861531242728, 0.017220383509993553, 0.44645509123802185, 0.001639452064409852, 0.0002714027068577707, 0.05526183918118477, 0.3345355689525604, 0.0006378046819008887, 0.0015772057231515646, 0.07762522995471954, 0.7346656322479248, 0.0006731866160407662, 0.0002783149539027363]",0.8826354843101734,0.0008509623952895895
662,259,263,541,0.00080108642578125,0.0007040676428005099,0.8843699010490367,"[13.316812515258789, 0.004644558299332857, 0.0007279845303855836, 0.17760729789733887, 1.5120024681091309, 0.06287511438131332, 0.0016769407084211707, 0.015238061547279358, 0.439657062292099, 0.0016613503685221076, 0.00025459862081333995, 0.05377854406833649, 0.33681029081344604, 0.0006621075444854796, 0.0013516347389668226, 0.07753290235996246, 0.7987884283065796, 0.000667468411847949, 0.0002787916746456176]",0.8826354843101734,-0.0017344167388633203
663,191,176,541,0.000957489013671875,0.0008552412036806345,0.8836765017691314,"[13.364278793334961, 0.004848983604460955, 0.0007208371534943581, 0.1794101446866989, 1.5148733854293823, 0.06201310455799103, 0.00172371044754982, 0.01668522320687771, 0.44564351439476013, 0.0016456407029181719, 0.0002637753786984831, 0.05338352918624878, 0.3340045213699341, 0.0006444760947488248, 0.0014038955559954047, 0.07738661020994186, 0.7299737930297852, 0.0006718761869706213, 0.00027771908207796514]",0.8826354843101734,-0.0010410174589580157
664,117,97,541,0.00110626220703125,0.0010076257167384028,0.8807085856234679,"[13.326140403747559, 0.004645151551812887, 0.0007227431051433086, 0.16007773578166962, 1.5102870464324951, 0.06198464706540108, 0.0017281135078519583, 0.015458761714398861, 0.4491889178752899, 0.0016404041089117527, 0.0002588890492916107, 0.05410225689411163, 0.3340629041194916, 0.0006528153317049146, 0.0015519729349762201, 0.07745710760354996, 0.7325507998466492, 0.0006702084210701287, 0.00028224775451235473]",0.8826354843101734,0.0019268986867054805
665,118,95,541,0.00110626220703125,0.0010083079105243087,0.8836983703061522,"[13.371564865112305, 0.0048569319769740105, 0.0007233387441374362, 0.1778034120798111, 1.5208758115768433, 0.0636390671133995, 0.0017296605510637164, 0.01732759177684784, 0.44868695735931396, 0.0016526625258848071, 0.0002646096108946949, 0.05371607095003128, 0.3129199743270874, 0.000647692708298564, 0.0013998481445014477, 0.07736189663410187, 0.7341827750205994, 0.0006677066558040679, 0.00024816294899210334]",0.8826354843101734,-0.0010628859959788128
666,125,103,541,0.00109100341796875,0.0009857938857749104,0.8820309782152579,"[13.355175971984863, 0.004626997280865908, 0.0007247682078741491, 0.1789267212152481, 1.4910773038864136, 0.0630088821053505, 0.001731802592985332, 0.016755327582359314, 0.44231727719306946, 0.001660517300479114, 0.0002588890492916107, 0.05310118570923805, 0.3345317244529724, 0.0006522196927107871, 0.0015749443555250764, 0.07746262848377228, 0.7340624332427979, 0.0006637753685936332, 0.0002752163854893297]",0.8826354843101734,0.000604506094915469
667,173,159,541,0.00099945068359375,0.0008841240778565407,0.8854296478231461,"[13.323284149169922, 0.004829883575439453, 0.0007198841194622219, 0.1787935495376587, 1.5248156785964966, 0.06273215264081955, 0.0017210922669619322, 0.0173175148665905, 0.4421236217021942, 0.0016584941186010838, 0.0002530493075028062, 0.052971288561820984, 0.3344786763191223, 0.0006431656656786799, 0.0015355474315583706, 0.07755209505558014, 0.7967916131019592, 0.0006621075444854796, 0.0002797450579237193]",0.8826354843101734,-0.0027941635129727915
668,26,15,541,0.00131988525390625,0.001195869641378522,0.8870323753002786,"[13.33627986907959, 0.004840085748583078, 0.0006435230607166886, 0.1781042367219925, 1.6097716093063354, 0.06480206549167633, 0.0015307862777262926, 0.015499139204621315, 0.44043660163879395, 0.001616839086636901, 0.0002646096108946949, 0.053172625601291656, 0.33442944288253784, 0.0006575806182809174, 0.0015304292319342494, 0.07708138972520828, 0.7320037484169006, 0.0006711614551022649, 0.00027938754647038877]",0.8826354843101734,-0.004396890990105207
670,184,180,541,0.0009765625,0.0008492771303281188,0.8835535260824192,"[13.344161033630371, 0.004827036056667566, 0.0007122601964510977, 0.17753154039382935, 1.516715168952942, 0.06307458132505417, 0.0017220443114638329, 0.016907479614019394, 0.44738155603408813, 0.0016740844585001469, 0.00026556302327662706, 0.05310830473899841, 0.33526337146759033, 0.0006598440813831985, 0.001374610816128552, 0.08691982924938202, 0.7342827916145325, 0.0006574614671990275, 0.00027843413408845663]",0.8826354843101734,-0.0009180417722458589
674,20,7,541,0.00133514404296875,0.0012472508242353797,0.8827971703155383,"[13.33626937866211, 0.004822172224521637, 0.0007152383332140744, 0.17788372933864594, 1.5201717615127563, 0.06274872273206711, 0.001683605252765119, 0.016662947833538055, 0.4476088583469391, 0.0016621834365651011, 0.0002650863316375762, 0.05394933372735977, 0.3356876075267792, 0.0006652049487456679, 0.0015848231269046664, 0.07758276164531708, 0.7322319149971008, 0.0006724718841724098, 0.00027843413408845663]",0.8826354843101734,-0.00016168600536492495
675,111,96,541,0.0011138916015625,0.0010082190856337547,0.8830741109743127,"[13.3388090133667, 0.00482715480029583, 0.0006498370785266161, 0.17732299864292145, 1.5178245306015015, 0.06282597035169601, 0.001726447488181293, 0.016817105934023857, 0.44324010610580444, 0.0016701571876183152, 0.00023529145983047783, 0.052924592047929764, 0.33512261509895325, 0.0006574614671990275, 0.0013962768716737628, 0.08712777495384216, 0.7342759370803833, 0.000674616196192801, 0.0002802217786666006]",0.8826354843101734,-0.00043862666413929663
676,327,339,541,0.00067138671875,0.0005513920914381742,0.8874246970471608,"[13.364287376403809, 0.00485835550352931, 0.0007198841194622219, 0.17844346165657043, 1.5229871273040771, 0.06261637806892395, 0.0015284058172255754, 0.015482119284570217, 0.4430582523345947, 0.0016236230731010437, 0.0002324311062693596, 0.052923351526260376, 0.33492496609687805, 0.0006468587671406567, 0.0015523299807682633, 0.07739631831645966, 0.7968662977218628, 0.0006739014061167836, 0.00024780540843494236]",0.8826354843101734,-0.004789212736987403
677,264,290,541,0.00079345703125,0.0006533908890560269,0.8853695976278303,"[13.327380180358887, 0.004613826051354408, 0.0006439996068365872, 0.1793949007987976, 1.57831871509552, 0.06200481206178665, 0.0016882466152310371, 0.017283303663134575, 0.44536006450653076, 0.0016423083143308759, 0.0002356490003876388, 0.055295903235673904, 0.3351724147796631, 0.0006556744920089841, 0.0015672078588977456, 0.07745733112096786, 0.7323650121688843, 0.0006643710657954216, 0.00027843413408845663]",0.8826354843101734,-0.0027341133176569388
678,174,175,541,0.00099945068359375,0.0008557710680179298,0.8811122783426024,"[13.336761474609375, 0.004793343134224415, 0.0007220283732749522, 0.17748023569583893, 1.5159354209899902, 0.06264156848192215, 0.0017284705536440015, 0.017180543392896652, 0.4439963698387146, 0.0014867454301565886, 0.0002536452084314078, 0.05334454029798508, 0.31180745363235474, 0.0006542449118569493, 0.0015550674870610237, 0.07748789340257645, 0.732364296913147, 0.0006612736615352333, 0.0002786724944598973]",0.8826354843101734,0.0015232059675709397
679,131,136,541,0.00107574462890625,0.0009261012310162187,0.8858475802055756,"[13.404451370239258, 0.004822409246116877, 0.0007264359155669808, 0.178025022149086, 1.5134528875350952, 0.06353291124105453, 0.0015305483248084784, 0.0172815453261137, 0.4430535137653351, 0.001650639227591455, 0.00026603974401950836, 0.05529669299721718, 0.33468401432037354, 0.0006447143969126046, 0.0014013956533744931, 0.07737304270267487, 0.7319508790969849, 0.0006759266252629459, 0.0002840353990904987]",0.8826354843101734,-0.0032120958954022782
684,63,50,541,0.001220703125,0.0010938214836642146,0.885327412884707,"[13.355450630187988, 0.004646338522434235, 0.0007273888913914561, 0.1778758466243744, 1.5213340520858765, 0.062161434441804886, 0.0017087158048525453, 0.01541896816343069, 0.475236177444458, 0.0016314780805259943, 0.000262106885202229, 0.0554681271314621, 0.3350699245929718, 0.0006561510381288826, 0.0015744682168588042, 0.07735351473093033, 0.7337021231651306, 0.0006702084210701287, 0.0002731903805397451]",0.8826354843101734,-0.0026919285745335975
685,119,101,541,0.00110626220703125,0.0009886260377243161,0.8821171343014086,"[13.332262992858887, 0.005051350221037865, 0.0007264359155669808, 0.178172767162323, 1.5089764595031738, 0.062189552932977676, 0.0017197832930833101, 0.01723749004304409, 0.44634300470352173, 0.0014621054287999868, 0.00026127262390218675, 0.05547906830906868, 0.3356993496417999, 0.0006569849792867899, 0.0015776818618178368, 0.07723014801740646, 0.7342340350151062, 0.0006650857976637781, 0.00027998341829515994]",0.8826354843101734,0.0005183500087647674
687,82,70,541,0.00116729736328125,0.001057339133694768,0.889153765053427,"[13.364655494689941, 0.004832849372178316, 0.0006436422117985785, 0.17786437273025513, 1.608548641204834, 0.0630088821053505, 0.0017212113598361611, 0.01729009859263897, 0.4425199329853058, 0.0016494491137564182, 0.0002602000313345343, 0.05523025244474411, 0.33461448550224304, 0.0006342306733131409, 0.001400562352500856, 0.08576850593090057, 0.7323288917541504, 0.0006736631621606648, 0.00027616979787126184]",0.8826354843101734,-0.006518280743253668
688,143,118,541,0.00106048583984375,0.0009559466852806509,0.8818085085344807,"[13.346380233764648, 0.00482976483181119, 0.0007208371534943581, 0.16211408376693726, 1.5127644538879395, 0.06130239740014076, 0.0017190692014992237, 0.017364848405122757, 0.4464685320854187, 0.001640761154703796, 0.00023183519078884274, 0.049205221235752106, 0.33468493819236755, 0.0006410212954506278, 0.0014013956533744931, 0.07747862488031387, 0.7344652414321899, 0.0006741396500729024, 0.00027426297310739756]",0.8826354843101734,0.0008269757756926843
689,144,117,541,0.00106048583984375,0.0009569848771207035,0.8874359593074156,"[13.337169647216797, 0.004839136730879545, 0.0006448334897868335, 0.17830254137516022, 1.6119928359985352, 0.06301156431436539, 0.0015238827327266335, 0.017055271193385124, 0.44328463077545166, 0.001629216712899506, 0.00025412190007045865, 0.053097568452358246, 0.3347833752632141, 0.0006576997111551464, 0.0015861323336139321, 0.07736498862504959, 0.7331465482711792, 0.0006596058374270797, 0.0002796259068418294]",0.8826354843101734,-0.004800474997242232
690,83,57,541,0.00116729736328125,0.0010823479387909174,0.8867543422139103,"[13.34383773803711, 0.004815765656530857, 0.0007139279623515904, 0.17766568064689636, 1.5193616151809692, 0.06267505139112473, 0.0016991952434182167, 0.01547319907695055, 0.4453522264957428, 0.001634215353988111, 0.0002632986579556018, 0.05409333482384682, 0.33531495928764343, 0.0006644901586696506, 0.0015744682168588042, 0.08551573008298874, 0.7967215776443481, 0.0006785474251955748, 0.0002774807217065245]",0.8826354843101734,-0.004118857903736894
691,209,186,541,0.000919342041015625,0.000835968239698559,0.8811214756822568,"[13.333867073059082, 0.004814816638827324, 0.0007203606073744595, 0.1777256727218628, 1.4891939163208008, 0.06326539069414139, 0.0016974101308733225, 0.016890250146389008, 0.4407895505428314, 0.0016162439715117216, 0.00023505308490712196, 0.0531044639647007, 0.3345348834991455, 0.0006596058374270797, 0.0013994909822940826, 0.0872470885515213, 0.732594907283783, 0.0006711614551022649, 0.0002806984703056514]",0.8826354843101734,0.0015140086279165077
692,210,196,541,0.00091552734375,0.0008221737807616591,0.888188921066773,"[13.359598159790039, 0.0048123253509402275, 0.000648883986286819, 0.1761723905801773, 1.6076829433441162, 0.06299108266830444, 0.00172371044754982, 0.017276156693696976, 0.4406936466693878, 0.0016161249950528145, 0.0002643712505232543, 0.0532996691763401, 0.33615559339523315, 0.0006528153317049146, 0.0015532821416854858, 0.07747520506381989, 0.7320510745048523, 0.0006727101281285286, 0.0002493547508493066]",0.8826354843101734,-0.0055534367565996945
693,280,294,541,0.000766754150390625,0.0006501957541331649,0.8867458391576196,"[13.33279800415039, 0.00462521705776453, 0.0006361367995850742, 0.1803363859653473, 1.6046569347381592, 0.06363112479448318, 0.0016809870721772313, 0.01741827093064785, 0.439796507358551, 0.001636000582948327, 0.0002627027570270002, 0.053861796855926514, 0.3340062201023102, 0.0007104733376763761, 0.001404966926202178, 0.077643983066082, 0.7321468591690063, 0.0006678258068859577, 0.00025054652360267937]",0.8826354843101734,-0.0041103548474462626
694,306,319,541,0.000732421875,0.0005997028201818466,0.8811604651457042,"[13.317527770996094, 0.0048444755375385284, 0.0007201223634183407, 0.17895033955574036, 1.5105043649673462, 0.06322376430034637, 0.0017095488728955388, 0.016665762290358543, 0.4441809058189392, 0.0016357626300305128, 0.00023266946664080024, 0.053156688809394836, 0.33573445677757263, 0.0006619884516112506, 0.0014109190087765455, 0.07737822830677032, 0.7325695753097534, 0.0006641327636316419, 0.00027736154152080417]",0.8826354843101734,0.0014750191644691268
695,236,258,541,0.0008544921875,0.0007119717774912715,0.8843324200210382,"[13.376076698303223, 0.004811257589608431, 0.0006404255982488394, 0.17814892530441284, 1.5105619430541992, 0.06315348297357559, 0.0015211451100185513, 0.015357221476733685, 0.4405820667743683, 0.0016287406906485558, 0.00025412190007045865, 0.05269470810890198, 0.3343283236026764, 0.0006486457423307002, 0.0015766106080263853, 0.08698660135269165, 0.732389509677887, 0.0006759266252629459, 0.0002796259068418294]",0.8826354843101734,-0.001696935710864822
696,168,158,541,0.001007080078125,0.0008853789768181741,0.8864135193005879,"[13.345075607299805, 0.004865236114710569, 0.0006394725642167032, 0.17795807123184204, 1.583480954170227, 0.06364622712135315, 0.0016928878612816334, 0.017197417095303535, 0.4412336051464081, 0.0016299308044835925, 0.00023398046323563904, 0.055603791028261185, 0.3353430926799774, 0.0006529344827868044, 0.0013906818348914385, 0.07741706073284149, 0.7328514456748962, 0.0006725909770466387, 0.000271879427600652]",0.8826354843101734,-0.003778034990414514
697,201,192,541,0.000934600830078125,0.0008268142119050026,0.8856064079162408,"[13.395322799682617, 0.004826442804187536, 0.0007194076315499842, 0.1775406301021576, 1.5129297971725464, 0.06232453137636185, 0.0017202593153342605, 0.015354873612523079, 0.4406763017177582, 0.0016305259196087718, 0.00023398046323563904, 0.05488331988453865, 0.33504417538642883, 0.0006367324967868626, 0.0015706595731899142, 0.0871163085103035, 0.7330467700958252, 0.0006660388899035752, 0.000278195773717016]",0.8826354843101734,-0.0029709236060674327
699,122,92,541,0.0010986328125,0.0010153246112167835,0.8825913303161016,"[13.327065467834473, 0.004854440689086914, 0.0007236960809677839, 0.1772075742483139, 1.5251200199127197, 0.06368504464626312, 0.0016788449138402939, 0.017042145133018494, 0.44465383887290955, 0.0016630165046080947, 0.0002627027570270002, 0.055216263979673386, 0.3355035185813904, 0.0006610354175791144, 0.0015852991491556168, 0.07705710828304291, 0.7343772649765015, 0.0006064721383154392, 0.000271521887043491]",0.8826354843101734,4.415399407176057e-05
700,11,4,541,0.0013580322265625,0.0012668654089793563,0.8818321677696842,"[13.336414337158203, 0.0048415097407996655, 0.000717144284863025, 0.17853032052516937, 1.5009571313858032, 0.06276002526283264, 0.0017377528129145503, 0.01678275875747204, 0.4430171549320221, 0.0016348104691132903, 0.000266278104390949, 0.04892226308584213, 0.33545389771461487, 0.0006337541271932423, 0.0015862513100728393, 0.08722873032093048, 0.7323804497718811, 0.0006667536217719316, 0.0002798642381094396]",0.8826354843101734,0.0008033165404891518
701,41,30,541,0.00127410888671875,0.0011505098082125187,0.8823557995607476,"[13.330986976623535, 0.004634235519915819, 0.0007283418672159314, 0.17934797704219818, 1.5102864503860474, 0.05703258514404297, 0.0016828911611810327, 0.016572317108511925, 0.4476330876350403, 0.0016181482933461666, 0.00023421882360707968, 0.05544038489460945, 0.3342817425727844, 0.0006528153317049146, 0.0015163839561864734, 0.08718513697385788, 0.7339804768562317, 0.0006681832019239664, 0.00027783826226368546]",0.8826354843101734,0.00027968474942574595
702,203,225,541,0.000926971435546875,0.0007728099590167403,0.8905408720908637,"[13.355135917663574, 0.004826087038964033, 0.0007202415145002306, 0.17853610217571259, 1.5940117835998535, 0.0625910684466362, 0.0017133570509031415, 0.015383165329694748, 0.44326329231262207, 0.0016527815023437142, 0.00025876989820972085, 0.04905620217323303, 0.3335173428058624, 0.000660439720377326, 0.0015292390016838908, 0.0774097815155983, 0.7990239858627319, 0.0006822404102422297, 0.0003047717036679387]",0.8826354843101734,-0.007905387780690387
703,272,309,541,0.000774383544921875,0.0006129983812570572,0.8802497264589061,"[13.345093727111816, 0.00486060930415988, 0.0007312007946893573, 0.17858226597309113, 1.4901107549667358, 0.06306540220975876, 0.0017064546700567007, 0.015069099143147469, 0.4426709711551666, 0.0016199335223063827, 0.0002548369811847806, 0.054617200046777725, 0.31125879287719727, 0.0007364421617239714, 0.001540903584100306, 0.07754679769277573, 0.7343202829360962, 0.0006764031131751835, 0.00028272447525523603]",0.8826354843101734,0.0023857578512672672
704,74,63,541,0.00119781494140625,0.0010706746252253652,0.8866667787676162,"[13.365519523620605, 0.00464135454967618, 0.0006526962388306856, 0.1777590960264206, 1.4990181922912598, 0.06269385665655136, 0.0017253764672204852, 0.01736297458410263, 0.4469696879386902, 0.0016540905926376581, 0.000259723310591653, 0.052940987050533295, 0.33601588010787964, 0.0006372089846991003, 0.0015459026908501983, 0.0774654969573021, 0.7988577485084534, 0.0006703275139443576, 0.0002786724944598973]",0.8826354843101734,-0.00403129445744288
705,196,179,541,0.000942230224609375,0.0008507453021593392,0.8854739198738427,"[13.336970329284668, 0.004802834242582321, 0.0007217901293188334, 0.1785019040107727, 1.5184788703918457, 0.06227513402700424, 0.0015148365637287498, 0.01681218296289444, 0.490130215883255, 0.0016406421782448888, 0.0002317160106031224, 0.05304251238703728, 0.33632805943489075, 0.0006555553991347551, 0.001396633917465806, 0.08724315464496613, 0.7323201894760132, 0.0006702084210701287, 0.00026770823751576245]",0.8826354843101734,-0.0028384355636693614
706,169,138,541,0.001007080078125,0.0009245678666047752,0.882856536866472,"[13.346187591552734, 0.00482454476878047, 0.0007172634359449148, 0.1793651133775711, 1.5154755115509033, 0.061920106410980225, 0.0016828911611810327, 0.015508764423429966, 0.44478535652160645, 0.001652186387218535, 0.0002640137099660933, 0.053129445761442184, 0.33599671721458435, 0.0006364941946230829, 0.0015613758005201817, 0.07723665982484818, 0.7323811650276184, 0.0006721144891344011, 0.0002768848498817533]",0.8826354843101734,-0.00022105255629867315
707,89,73,541,0.00115966796875,0.001053500222042203,0.88280374269571,"[13.332481384277344, 0.004860965069383383, 0.0007269124034792185, 0.17797812819480896, 1.521551489830017, 0.07142118364572525, 0.0017302555497735739, 0.015364030376076698, 0.4440237283706665, 0.001630644896067679, 0.0002563863235991448, 0.052985645830631256, 0.3352072834968567, 0.0006559127941727638, 0.0015531631652265787, 0.07738727331161499, 0.7324467301368713, 0.0007288183551281691, 0.0002811751910485327]",0.8826354843101734,-0.00016825838553669037
708,145,143,541,0.00106048583984375,0.0009146337397396564,0.8809023316762729,"[13.336374282836914, 0.0046241492964327335, 0.000639710808172822, 0.17416740953922272, 1.5144271850585938, 0.06255815178155899, 0.0016977671766653657, 0.015516041778028011, 0.44526293873786926, 0.001668134005740285, 0.0002351722796447575, 0.054381947964429855, 0.3121050298213959, 0.0006581762572750449, 0.0015529250958934426, 0.07749693840742111, 0.7328439950942993, 0.0006585336523130536, 0.00027581225731410086]",0.8826354843101734,0.0017331526339005032
709,197,242,541,0.000942230224609375,0.000740868563298136,0.8858269179579924,"[13.396650314331055, 0.00482312124222517, 0.0007238152320496738, 0.1790599822998047, 1.5214377641677856, 0.06274458020925522, 0.0017130000051110983, 0.015501839108765125, 0.44164904952049255, 0.0016333822859451175, 0.0002653246629051864, 0.05544466897845268, 0.3345209062099457, 0.0006513857515528798, 0.001557805109769106, 0.07740668952465057, 0.7339856028556824, 0.0006632988806813955, 0.00027891082572750747]",0.8826354843101734,-0.003191433647819042
710,112,177,541,0.0011138916015625,0.0008550001075491309,0.8900208615278212,"[13.336433410644531, 0.004613351076841354, 0.0007194076315499842, 0.1770157516002655, 1.614465594291687, 0.06298448145389557, 0.0017008613795042038, 0.015328108333051205, 0.4917275309562683, 0.0016657537780702114, 0.0002628219372127205, 0.05527560040354729, 0.3356780409812927, 0.000662822334561497, 0.0015356664080172777, 0.07722760736942291, 0.7321555614471436, 0.0006641327636316419, 0.0002798642381094396]",0.8826354843101734,-0.0073853772176478705
711,132,221,541,0.00107574462890625,0.0007764653419144452,0.8821424918240058,"[13.335906982421875, 0.004793698899447918, 0.0007152383332140744, 0.17863422632217407, 1.5169726610183716, 0.061922233551740646, 0.0017114529618993402, 0.016857078298926353, 0.4461468458175659, 0.0016265984158962965, 0.0002553137019276619, 0.04709955304861069, 0.334940642118454, 0.0006656814948655665, 0.0015525680501013994, 0.07751017808914185, 0.7324565649032593, 0.0006606780225411057, 0.0002791491860989481]",0.8826354843101734,0.0004929924861675206
875,5,19,541,0.00138092041015625,0.0011829666327685118,0.8834900414604865,"[13.35010814666748, 0.004848390351980925, 0.0006449526408687234, 0.17681069672107697, 1.5197242498397827, 0.06291496753692627, 0.001726447488181293, 0.015547849237918854, 0.44593286514282227, 0.0016696811653673649, 0.00026651646476238966, 0.055399104952812195, 0.33574178814888, 0.0006555553991347551, 0.001551734865643084, 0.07746417075395584, 0.7343479990959167, 0.0006768796010874212, 0.0002787916746456176]",0.8826354843101734,-0.0008545571503131288
876,161,231,541,0.00102996826171875,0.0007625555153936148,0.8887613166420794,"[13.356012344360352, 0.00482430774718523, 0.0006392342620529234, 0.17767517268657684, 1.6208585500717163, 0.06373559683561325, 0.0017058596713468432, 0.015342195518314838, 0.442455530166626, 0.0016377858119085431, 0.0002335037279408425, 0.05324812978506088, 0.33499130606651306, 0.0006642519147135317, 0.0015379278920590878, 0.07749053835868835, 0.7324724793434143, 0.0006656814948655665, 0.0002746204845607281]",0.8826354843101734,-0.006125832331906
877,90,169,541,0.00115966796875,0.0008649708470329642,0.881366720251543,"[13.327792167663574, 0.004839018452912569, 0.0007216709782369435, 0.17710073292255402, 1.5094215869903564, 0.06205422431230545, 0.001693720929324627, 0.017184292897582054, 0.4423483908176422, 0.0016563518438488245, 0.0002307625545654446, 0.05291758477687836, 0.33468878269195557, 0.0006600823253393173, 0.0015694693429395556, 0.07725508511066437, 0.7328789234161377, 0.0006777135422453284, 0.000277123210253194]",0.8826354843101734,0.0012687640586304116
878,42,105,541,0.00127410888671875,0.000981297460384667,0.8821709763969442,"[13.34123706817627, 0.004813986364752054, 0.0007269124034792185, 0.17695492506027222, 1.5082257986068726, 0.06295369565486908, 0.0017272805562242866, 0.016879700124263763, 0.4421841502189636, 0.0016575419576838613, 0.0002618685248307884, 0.05331537872552872, 0.3349234163761139, 0.0006585336523130536, 0.0013986576814204454, 0.07781703770160675, 0.7345811128616333, 0.0006553170969709754, 0.00027616979787126184]",0.8826354843101734,0.00046450791322916185
892,77,219,541,0.00118255615234375,0.0007782658212818205,0.88367195343323,"[13.351394653320312, 0.004852898418903351, 0.0007121411035768688, 0.1791350245475769, 1.510749101638794, 0.06265243142843246, 0.0017234723782166839, 0.017242176458239555, 0.4478074014186859, 0.00163433444686234, 0.0002648479712661356, 0.05305619165301323, 0.3360944986343384, 0.0006521005416288972, 0.0015593523858115077, 0.08696026355028152, 0.7323344945907593, 0.0006690170848742127, 0.0002727136597968638]",0.8826354843101734,-0.0010364691230566603
