key_block,initial_candidate_rank,learned_candidate_rank,removed,initial_score,learned_score,label_loss,token_losses,baseline_loss,utility
62,175,124,112,0.00133514404296875,0.0012403536820784211,0.970644691103524,"[16.42936897277832, 0.01997544802725315, 0.056387174874544144, 0.20556847751140594, 0.7407419681549072, 0.004138002637773752, 0.00042965717148035765, 0.019672755151987076, 0.18058031797409058, 0.00025912740966305137, 0.00017069313616957515, 0.00964304432272911, 0.05923173576593399, 0.000992997083812952, 0.00023231192608363926, 0.049394723027944565, 0.6615146994590759, 0.0034874591510742903, 0.000459565402707085]",0.971521781408228,0.0008770903047039535
63,120,99,112,0.00142669677734375,0.0013016581069678068,0.9722708902562246,"[16.449922561645508, 0.0197918564081192, 0.05610455200076103, 0.22132094204425812, 0.7395746111869812, 0.00416210200637579, 0.0004325169720686972, 0.019967734813690186, 0.18253594636917114, 0.00028534632292576134, 0.00016926287207752466, 0.010775829665362835, 0.052392031997442245, 0.0009922825265675783, 0.00023362292267847806, 0.04904961958527565, 0.6617147922515869, 0.003256971715018153, 0.00046433156239800155]",0.971521781408228,-0.0007491088479966157
64,266,259,112,0.0011138916015625,0.0009671490406617522,0.9736575252050228,"[16.460506439208984, 0.019181475043296814, 0.05768894776701927, 0.22070451080799103, 0.7518323063850403, 0.004649898037314415, 0.0004231034545227885, 0.017737455666065216, 0.18116439878940582, 0.0002520958660170436, 0.0001685477327555418, 0.009865100495517254, 0.05895497277379036, 0.0009996660519391298, 0.00023398046323563904, 0.049347296357154846, 0.6618142127990723, 0.0034941115882247686, 0.0004744596080854535]",0.971521781408228,-0.00213574379679482
65,326,333,112,0.000926971435546875,0.0007549200672656298,0.971996110589029,"[16.4134521484375, 0.019199484959244728, 0.05761850252747536, 0.22932898998260498, 0.7546008229255676, 0.004215046763420105, 0.00042083943844772875, 0.019925666972994804, 0.18253029882907867, 0.0002584123576525599, 0.00016902448260225356, 0.010816515423357487, 0.05895283818244934, 0.0009839460253715515, 0.0002338612830499187, 0.04956229776144028, 0.6616952419281006, 0.0034855585545301437, 0.0004766043566633016]",0.971521781408228,-0.00047432918080103637
66,341,343,112,0.00087738037109375,0.0006745961145497859,0.9710136337418686,"[16.406126022338867, 0.01958286575973034, 0.05623088777065277, 0.22816765308380127, 0.7532598376274109, 0.004125893581658602, 0.00042167355422861874, 0.01989727094769478, 0.18182139098644257, 0.0002488780301064253, 0.00015078838623594493, 0.010776419192552567, 0.05224993824958801, 0.0009837078396230936, 0.00023624490131624043, 0.04929191991686821, 0.6616999506950378, 0.0035127620212733746, 0.000474936212413013]",0.971521781408228,0.0005081476663594264
67,248,265,112,0.00116729736328125,0.0009500145679339767,0.9701039281996935,"[16.44645881652832, 0.019700808450579643, 0.061839424073696136, 0.2207174152135849, 0.7509977221488953, 0.004106185864657164, 0.0004220310365781188, 0.017625370994210243, 0.17997021973133087, 0.0002580548170953989, 0.00016711745411157608, 0.009705617092549801, 0.059287797659635544, 0.0008892634068615735, 0.00023409964342135936, 0.049417756497859955, 0.6065118312835693, 0.0031989850103855133, 0.0004661188868340105]",0.971521781408228,0.001417853208534492
68,256,269,112,0.0011444091796875,0.0009407712495885789,0.9674318442978945,"[16.41684913635254, 0.019634181633591652, 0.05611616000533104, 0.20602251589298248, 0.7512869238853455, 0.004097993951290846, 0.000418575422372669, 0.01998409442603588, 0.18082012236118317, 0.00025602878304198384, 0.00016819016309455037, 0.009591449052095413, 0.05841526761651039, 0.0009954979177564383, 0.00023529145983047783, 0.049397218972444534, 0.6031749844551086, 0.0032680220901966095, 0.00047338721924461424]",0.971521781408228,0.0040899371103334525
69,68,63,112,0.00156402587890625,0.0013707313919439912,0.9648206883920418,"[16.441022872924805, 0.019056104123592377, 0.05648091807961464, 0.2060123234987259, 0.6865882277488708, 0.004171836189925671, 0.00042381841922178864, 0.01985987462103367, 0.17756997048854828, 0.000248043768806383, 0.00017045476124621928, 0.00956476479768753, 0.05258692800998688, 0.0009972843108698726, 0.00023409964342135936, 0.049238357692956924, 0.6033920049667358, 0.0035100297536700964, 0.0004651656490750611]",0.971521781408228,0.006701093016186155
70,176,170,112,0.00133514404296875,0.001150335418060422,0.9699354288198887,"[16.464847564697266, 0.01935722678899765, 0.05564393103122711, 0.22670651972293854, 0.6788597106933594, 0.004654288291931152, 0.0004262015863787383, 0.019751768559217453, 0.1786344200372696, 0.0002494739310350269, 0.00016783259343355894, 0.010786443017423153, 0.05199534073472023, 0.0010132422903552651, 0.00024029705673456192, 0.049318812787532806, 0.6621767282485962, 0.003482588566839695, 0.00046075694262981415]",0.971521781408228,0.0015863525883392793
71,118,115,112,0.001434326171875,0.0012608839897438884,0.9672529547280743,"[16.404041290283203, 0.019446203485131264, 0.05650671571493149, 0.22752408683300018, 0.7393255829811096, 0.004133253823965788, 0.0004236992390360683, 0.019868522882461548, 0.17978698015213013, 0.0002531684876885265, 0.0001714082609396428, 0.009663942269980907, 0.05942058563232422, 0.0008841419476084411, 0.0002343380037928, 0.04896993935108185, 0.6035677194595337, 0.003108552424237132, 0.00047600860125385225]",0.971521781408228,0.0042688266801537145
74,24,15,112,0.00167083740234375,0.0015257908962666988,0.9719379077662444,"[16.44947052001953, 0.01975293643772602, 0.0633128359913826, 0.20374920964241028, 0.7378359436988831, 0.004245910327881575, 0.00041333239641971886, 0.019840240478515625, 0.18239600956439972, 0.0002499506517779082, 0.0001731960946926847, 0.009573384188115597, 0.058904170989990234, 0.0009758477681316435, 0.00023409964342135936, 0.04983282461762428, 0.6618985533714294, 0.003501120489090681, 0.0004601611872203648]",0.971521781408228,-0.00041612635801646647
75,108,102,112,0.00146484375,0.001298083458095789,0.968286688788794,"[16.415939331054688, 0.019259825348854065, 0.055709440261125565, 0.22775346040725708, 0.7530581951141357, 0.004192729480564594, 0.0004231034545227885, 0.019780520349740982, 0.18169774115085602, 0.0002520958660170436, 0.00017188502533826977, 0.009578225202858448, 0.05230673402547836, 0.000979896984063089, 0.00023755589791107923, 0.048961423337459564, 0.6031825542449951, 0.0034958934411406517, 0.0004664763400796801]",0.971521781408228,0.003235092619433999
76,237,223,112,0.00119781494140625,0.001045125536620617,0.9674899265871653,"[16.422889709472656, 0.021585185080766678, 0.05665147304534912, 0.20357875525951385, 0.7520387768745422, 0.004115564748644829, 0.0004167880106251687, 0.019978368654847145, 0.17926128208637238, 0.0002517383254598826, 0.0001711698860162869, 0.010670275427401066, 0.05254270136356354, 0.0009870424401015043, 0.00023803261865396053, 0.049604158848524094, 0.6035737991333008, 0.0032742007169872522, 0.00047958316281437874]",0.971521781408228,0.004031854821062719
77,280,274,112,0.00106048583984375,0.0009266448905691504,0.9743260092455832,"[16.499610900878906, 0.01967696286737919, 0.05762773007154465, 0.20613572001457214, 0.7387485504150391, 0.00410511763766408, 0.00042274597217328846, 0.01984059065580368, 0.18080340325832367, 0.00024828212917782366, 0.00016807096835691482, 0.009707505814731121, 0.058612700551748276, 0.0010070496937260032, 0.0002329078270122409, 0.04938746243715286, 0.6618834137916565, 0.0035151378251612186, 0.0004599228559527546]",0.971521781408228,-0.002804227837355233
78,214,177,112,0.0012359619140625,0.0011296579614281654,0.9688924861203352,"[16.453752517700195, 0.019408438354730606, 0.05615515634417534, 0.20350182056427002, 0.7542576193809509, 0.004227511119097471, 0.00042822727118618786, 0.017550291493535042, 0.1793404072523117, 0.0002506657037883997, 0.00017152745567727834, 0.00964162778109312, 0.05261452496051788, 0.0009991897968575358, 0.00023576818057335913, 0.04931870102882385, 0.6031437516212463, 0.0035024271346628666, 0.0004570631426759064]",0.971521781408228,0.0026292952878927967
79,220,181,112,0.00122833251953125,0.0011250965762883425,0.9739373013580916,"[16.465425491333008, 0.019602153450250626, 0.05697144195437431, 0.2216039001941681, 0.7531623840332031, 0.004184301011264324, 0.00042000532266683877, 0.017612839117646217, 0.18033887445926666, 0.00025197668583132327, 0.00017105070583056659, 0.010674875229597092, 0.05861540138721466, 0.0009592937421984971, 0.00023338454775512218, 0.04905245825648308, 0.6618267297744751, 0.0032408118713647127, 0.00046135272714309394]",0.971521781408228,-0.002415519949863665
80,306,354,112,0.00098419189453125,-0.0018149132374674082,0.9681963971425399,"[16.433948516845703, 0.019273623824119568, 0.06122559309005737, 0.2037159651517868, 0.6862241625785828, 0.004653695039451122, 0.0004219118563923985, 0.019910592585802078, 0.18044377863407135, 0.0002571013756096363, 0.0001722425949992612, 0.010393422096967697, 0.05908162146806717, 0.0009976415894925594, 0.00023576818057335913, 0.04906551167368889, 0.6617336273193359, 0.003501714440062642, 0.00047505536349490285]",0.971521781408228,0.0033253842656880694
81,177,352,112,0.00133514404296875,-0.0015250876313075423,0.9699580379299158,"[16.462831497192383, 0.0216501634567976, 0.055691514164209366, 0.20314501225948334, 0.7521330714225769, 0.0041167521849274635, 0.00042083943844772875, 0.01835702732205391, 0.1813865602016449, 0.00025090406415984035, 0.0001685477327555418, 0.009488839656114578, 0.05862518027424812, 0.0009969270322471857, 0.00023278864682652056, 0.04958668723702431, 0.6064234972000122, 0.003244614228606224, 0.0004522969538811594]",0.971521781408228,0.0015637434783122295
82,169,353,112,0.0013427734375,-0.0015270286239683628,0.9639795776877834,"[16.397987365722656, 0.019317355006933212, 0.058144912123680115, 0.22232143580913544, 0.6908931732177734, 0.004211604595184326, 0.00041929035796783864, 0.019898438826203346, 0.18275244534015656, 0.00025686301523819566, 0.0001677133986959234, 0.009605263359844685, 0.05217854306101799, 0.00096703483723104, 0.00023552982020191848, 0.04893781244754791, 0.6033477187156677, 0.003509911010041833, 0.000459565402707085]",0.971521781408228,0.0075422037204445624
85,109,303,112,0.00146484375,0.0008487403392791748,0.9672310921741882,"[16.40935707092285, 0.019115634262561798, 0.06314162164926529, 0.20700371265411377, 0.7529524564743042, 0.004632455296814442, 0.0004151197790633887, 0.019887687638401985, 0.1796654760837555, 0.0002821285743266344, 0.0001685477327555418, 0.010690325871109962, 0.05223681405186653, 0.0009812070056796074, 0.0002320735511602834, 0.049301113933324814, 0.6037328839302063, 0.0031194856856018305, 0.000474936212413013]",0.971521781408228,0.004290689234039746
86,121,345,112,0.00142669677734375,0.0006039174040779471,0.9740631601085433,"[16.44891929626465, 0.019227316603064537, 0.06266206502914429, 0.22973768413066864, 0.7544277310371399, 0.004586414899677038, 0.00042834642226807773, 0.0198553167283535, 0.18123680353164673, 0.0002535260282456875, 0.00017236177518498152, 0.010775594040751457, 0.05866891145706177, 0.000985136954113841, 0.0002598424907773733, 0.04936862736940384, 0.6616494059562683, 0.003516444470733404, 0.00046921687317080796]",0.971521781408228,-0.0025413787003153443
88,89,70,112,0.00150299072265625,0.0013531717704609036,0.9704833610464304,"[16.460546493530273, 0.019876468926668167, 0.056912098079919815, 0.22871330380439758, 0.6895800232887268, 0.004212435334920883, 0.00042000532266683877, 0.017656292766332626, 0.18205195665359497, 0.00025567124248482287, 0.00017248096992261708, 0.009839603677392006, 0.05260932072997093, 0.0010126468259841204, 0.00023552982020191848, 0.049359776079654694, 0.6617567539215088, 0.0034878156147897243, 0.000485183292767033]",0.971521781408228,0.0010384203617975762
89,143,143,112,0.0013885498046875,0.001203926745802164,0.9727490897417547,"[16.441505432128906, 0.019467948004603386, 0.058006107807159424, 0.22844211757183075, 0.749290406703949, 0.004221932031214237, 0.0004247716860845685, 0.019788233563303947, 0.18306280672550201, 0.000251142424531281, 0.00016926287207752466, 0.009525090456008911, 0.05239395424723625, 0.0008879532688297331, 0.00023469554434996098, 0.04912532493472099, 0.6617417931556702, 0.0032309493981301785, 0.0004627825692296028]",0.971521781408228,-0.0012273083335266888
90,69,60,112,0.00156402587890625,0.0013778723077848554,0.9675832635525454,"[16.408218383789062, 0.019175278022885323, 0.05739588290452957, 0.20657961070537567, 0.7561215758323669, 0.004155928734689951, 0.0004211969207972288, 0.017516320571303368, 0.18320652842521667, 0.00025245340657420456, 0.00017045476124621928, 0.01082630269229412, 0.05918342247605324, 0.0008906926377676427, 0.00023862851958256215, 0.04911011457443237, 0.6066792011260986, 0.0034752232022583485, 0.0004648081958293915]",0.971521781408228,0.003938517855682555
91,225,231,112,0.00121307373046875,0.0010311922524124384,0.9716416840735627,"[16.469820022583008, 0.019341208040714264, 0.06200425326824188, 0.227162167429924, 0.7522404789924622, 0.004205431789159775, 0.0004198861715849489, 0.01975083351135254, 0.18020737171173096, 0.00025197668583132327, 0.00017105070583056659, 0.009596053510904312, 0.05894395709037781, 0.0008605591137893498, 0.00023421882360707968, 0.049253564327955246, 0.6031461954116821, 0.003110691672191024, 0.0004720765573438257]",0.971521781408228,-0.0001199026653346813
92,153,130,112,0.001373291015625,0.0012311465106904507,0.9694795655101954,"[16.404285430908203, 0.019361203536391258, 0.056072767823934555, 0.22609634697437286, 0.7348003387451172, 0.004119007848203182, 0.00042143522296100855, 0.017764858901500702, 0.1791374236345291, 0.00025781645672395825, 0.00016878610767889768, 0.009731943719089031, 0.05241352692246437, 0.0010130041046068072, 0.00023421882360707968, 0.04901488870382309, 0.6615088582038879, 0.003248535329475999, 0.00046135272714309394]",0.971521781408228,0.002042215898032551
93,192,171,112,0.00128936767578125,0.0011456070933490992,0.9686926427782868,"[16.417072296142578, 0.01931793987751007, 0.058146487921476364, 0.22899672389030457, 0.7481996417045593, 0.004106423351913691, 0.0004198861715849489, 0.017534829676151276, 0.18068639934062958, 0.00025555206229910254, 0.00017081231635529548, 0.010719102807343006, 0.05872905254364014, 0.000993830617517233, 0.000259365770034492, 0.04919307678937912, 0.6066774129867554, 0.0032169281039386988, 0.0004644507134798914]",0.971521781408228,0.0028291386299411636
94,39,22,112,0.00162506103515625,0.0014933696947991848,0.9690737780834561,"[16.42124366760254, 0.01930367574095726, 0.06300652772188187, 0.22280274331569672, 0.751366913318634, 0.004134678281843662, 0.00041952868923544884, 0.019813477993011475, 0.18313714861869812, 0.0002548369811847806, 0.00017093151109293103, 0.009641509503126144, 0.059031952172517776, 0.0010244365548714995, 0.0002374367177253589, 0.04920646920800209, 0.6036193370819092, 0.003510861424729228, 0.00047565114800818264]",0.971521781408228,0.002448003324771908
95,193,174,112,0.00128936767578125,0.0011371546424925327,0.9720829021006419,"[16.44967269897461, 0.019603321328759193, 0.057023465633392334, 0.2059982568025589, 0.7550860047340393, 0.004136933945119381, 0.00041714549297466874, 0.018155112862586975, 0.18159335851669312, 0.0002506657037883997, 0.00017152745567727834, 0.009619313292205334, 0.052335355430841446, 0.000987995183095336, 0.0002366024418734014, 0.04877853766083717, 0.6615658402442932, 0.003477242775261402, 0.0004657614335883409]",0.971521781408228,-0.0005611206924138745
96,42,47,112,0.001617431640625,0.0014178765704855323,0.9699806051311929,"[16.44639778137207, 0.01929478906095028, 0.06294507533311844, 0.22803829610347748, 0.7491650581359863, 0.004121263511478901, 0.0004191712068859488, 0.017538929358124733, 0.18087226152420044, 0.00025733973598107696, 0.00014995403762441128, 0.009547879919409752, 0.05250956118106842, 0.0009978797752410173, 0.00023541064001619816, 0.04965894669294357, 0.6035490036010742, 0.0034705903381109238, 0.00046230596490204334]",0.971521781408228,0.0015411762770350945
97,158,183,112,0.00136566162109375,0.001118162996135652,0.9723907679497068,"[16.448259353637695, 0.019303791224956512, 0.06309147924184799, 0.205287367105484, 0.7541725039482117, 0.004627827554941177, 0.0004158347437623888, 0.0198384877294302, 0.18056310713291168, 0.00027926836628466845, 0.00017128908075392246, 0.01069138664752245, 0.05235085263848305, 0.0009964506607502699, 0.00024101213784888387, 0.049224853515625, 0.6619157791137695, 0.003534619463607669, 0.0004593271005433053]",0.971521781408228,-0.0008689865414788223
98,203,250,112,0.0012664794921875,0.0009905850747600198,0.9672667240190908,"[16.4287166595459, 0.019204746931791306, 0.0563485287129879, 0.20563670992851257, 0.7411389350891113, 0.004149992950260639, 0.0004182179400231689, 0.01836756244301796, 0.1771288961172104, 0.00026043839170597494, 0.00017045476124621928, 0.009719312191009521, 0.05903240293264389, 0.0009965697536244988, 0.0002325502864550799, 0.04964227229356766, 0.6032072305679321, 0.00321597745642066, 0.00048029806930571795]",0.971521781408228,0.004255057389137229
99,8,50,112,0.001708984375,0.0014155739918351173,0.975017891404844,"[16.471328735351562, 0.01931934431195259, 0.0652114674448967, 0.22941693663597107, 0.7510182857513428, 0.004134915769100189, 0.00041797960875555873, 0.019835565239191055, 0.17824888229370117, 0.0002474478678777814, 0.00016962042718660086, 0.010885382071137428, 0.05881122127175331, 0.0010004997020587325, 0.00023409964342135936, 0.049593038856983185, 0.6614808440208435, 0.003513474715873599, 0.00047219570842571557]",0.971521781408228,-0.0034961099966159814
110,53,48,112,0.0015869140625,0.0014169891364872456,0.9727174284076012,"[16.431310653686523, 0.019311392679810524, 0.05730358138680458, 0.22986727952957153, 0.7535538077354431, 0.004646813031286001, 0.0004191712068859488, 0.017749283462762833, 0.18221688270568848, 0.00025412190007045865, 0.00016819016309455037, 0.009671970270574093, 0.05907139554619789, 0.001002047909423709, 0.0002321927313460037, 0.04943080618977547, 0.6614325642585754, 0.003520483383908868, 0.00046850196667946875]",0.971521781408228,-0.0011956469993732455
111,54,51,112,0.0015869140625,0.0014142811996862292,0.9711153754377799,"[16.426420211791992, 0.019260410219430923, 0.05695973336696625, 0.21996094286441803, 0.737804114818573, 0.004211485851556063, 0.00042358008795417845, 0.01991994120180607, 0.18051384389400482, 0.00025722055579535663, 0.00017295771976932883, 0.010680064558982849, 0.05875400826334953, 0.0009657248156145215, 0.00023850933939684182, 0.049082763493061066, 0.6616230607032776, 0.0034905478823930025, 0.0004530118894763291]",0.971521781408228,0.0004064059704480538
113,84,76,112,0.00151824951171875,0.0013403920456767082,0.9697447767983632,"[16.45323944091797, 0.019336765632033348, 0.06428786367177963, 0.203996941447258, 0.7521811723709106, 0.004123162943869829, 0.0004191712068859488, 0.019863497465848923, 0.17953447997570038, 0.00024971229140646756, 0.00016890530241653323, 0.01078762300312519, 0.05880357697606087, 0.0010014524450525641, 0.0002329078270122409, 0.049608014523983, 0.6037106513977051, 0.0031058192253112793, 0.0004996005445718765]",0.971521781408228,0.0017770046098647407
115,40,107,112,0.00162506103515625,0.001289611915126443,0.9703381744176639,"[16.403261184692383, 0.019283797591924667, 0.06299377232789993, 0.2066902369260788, 0.7529476881027222, 0.004200445953756571, 0.00042358008795417845, 0.019833344966173172, 0.1807016283273697, 0.0002456601650919765, 0.0001515035255579278, 0.010689381510019302, 0.05888068303465843, 0.0009994279826059937, 0.00022754464589525014, 0.049253907054662704, 0.6616711020469666, 0.003511455375701189, 0.0004589696181938052]",0.971521781408228,0.001183606990564079
116,63,152,112,0.0015716552734375,0.001182807725854218,0.9694913204653667,"[16.42450523376465, 0.019711211323738098, 0.06328385323286057, 0.23070310056209564, 0.756298303604126, 0.004184301011264324, 0.0004285847535356879, 0.018471604213118553, 0.18207679688930511, 0.00025459862081333995, 0.00016962042718660086, 0.009659809991717339, 0.05256306380033493, 0.0009753713966347277, 0.00023624490131624043, 0.049444761127233505, 0.6034303903579712, 0.003477005288004875, 0.0004612335760612041]",0.971521781408228,0.0020304609428613007
117,9,87,112,0.001708984375,0.0013231814373284578,0.9716822583661844,"[16.4882755279541, 0.019723014906048775, 0.05578340217471123, 0.22713500261306763, 0.737089216709137, 0.004192729480564594, 0.0004300146538298577, 0.019881727173924446, 0.18096785247325897, 0.0002540027489885688, 0.00016962042718660086, 0.00972816627472639, 0.05912364646792412, 0.0009965697536244988, 0.00023314618738368154, 0.0493454784154892, 0.6046494245529175, 0.003511455375701189, 0.00047291061491705477]",0.971521781408228,-0.00016047695795640138
123,55,39,112,0.0015869140625,0.0014425289118662477,0.9690557174219162,"[16.451129913330078, 0.019138438627123833, 0.05637636035680771, 0.20653703808784485, 0.7542717456817627, 0.004093007650226355, 0.0004204819560982287, 0.01778113842010498, 0.1808183342218399, 0.0002553137019276619, 0.00016783259343355894, 0.011016852222383022, 0.05254903808236122, 0.0009816833771765232, 0.00023648326168768108, 0.049074817448854446, 0.6035066843032837, 0.003243544837459922, 0.0004599228559527546]",0.971521781408228,0.002466063986311773
124,144,133,112,0.0013885498046875,0.001226323307491839,0.9733903415770712,"[16.44462013244629, 0.019265322014689445, 0.057062651962041855, 0.22787952423095703, 0.7536162734031677, 0.004610978066921234, 0.0004226268210913986, 0.017603235319256783, 0.1827186793088913, 0.00025090406415984035, 0.00017236177518498152, 0.01076722051948309, 0.058951713144779205, 0.0009982370538637042, 0.00023755589791107923, 0.049422409385442734, 0.6619179844856262, 0.0034370890352874994, 0.0004615910293068737]",0.971521781408228,-0.0018685601688431808
125,281,287,112,0.00106048583984375,0.00088465865701437,0.972193449738705,"[16.43228530883789, 0.0192010048776865, 0.057668354362249374, 0.22782987356185913, 0.7503477334976196, 0.004065820015966892, 0.0004203628050163388, 0.01999858394265175, 0.18059395253658295, 0.00025900822947733104, 0.0001720042055239901, 0.0106302909553051, 0.05247087776660919, 0.000985017861239612, 0.00023493390472140163, 0.04904019832611084, 0.6614931225776672, 0.0035201271530240774, 0.0004589696181938052]",0.971521781408228,-0.0006716683304770488
126,101,86,112,0.0014801025390625,0.0013235118240118027,0.9722196356918797,"[16.434532165527344, 0.019384119659662247, 0.056341879069805145, 0.22378849983215332, 0.7529360055923462, 0.004173973109573126, 0.00042143522296100855, 0.019839540123939514, 0.1809229850769043, 0.0002499506517779082, 0.00017414960893802345, 0.010679710656404495, 0.05215466767549515, 0.0009863278828561306, 0.00023421882360707968, 0.04962094500660896, 0.6617946028709412, 0.0034702338743954897, 0.0004676678800024092]",0.971521781408228,-0.0006978542836517665
127,123,113,112,0.0014190673828125,0.0012729859445244074,0.9725760726854021,"[16.43518829345703, 0.019199134781956673, 0.06277313083410263, 0.22183291614055634, 0.7549700140953064, 0.004196053370833397, 0.0004180987598374486, 0.019694846123456955, 0.18180717527866364, 0.0002493547508493066, 0.00016807096835691482, 0.010574146173894405, 0.05195244774222374, 0.0009586982196196914, 0.0002366024418734014, 0.049070052802562714, 0.6617123484611511, 0.0034641751553863287, 0.0004798214649781585]",0.971521781408228,-0.0010542912771741575
128,124,111,112,0.0014190673828125,0.001273810165002942,0.9678739617911082,"[16.416711807250977, 0.0192656721919775, 0.05719246715307236, 0.2051810473203659, 0.7573005557060242, 0.004096213262528181, 0.0004209585895296186, 0.01979898475110531, 0.18167667090892792, 0.000251142424531281, 0.0001705739414319396, 0.01081132609397173, 0.05889945104718208, 0.0009950215462595224, 0.00023362292267847806, 0.04907788336277008, 0.6035844683647156, 0.0034761736169457436, 0.0004612335760612041]",0.971521781408228,0.0036478196171197963
129,102,96,112,0.0014801025390625,0.0013106781989336014,0.9687738284333854,"[16.48180389404297, 0.01934156008064747, 0.05609801411628723, 0.22636529803276062, 0.6896460652351379, 0.00408825883641839, 0.0004259632551111281, 0.019830774515867233, 0.18111686408519745, 0.00025769727653823793, 0.0001720042055239901, 0.010823001153767109, 0.058791663497686386, 0.0009687021956779063, 0.00023469554434996098, 0.0495307594537735, 0.603266179561615, 0.003474273020401597, 0.0004670721245929599]",0.971521781408228,0.002747952974842538
130,139,146,112,0.00139617919921875,0.0011981091229245067,0.9723637519208225,"[16.45001220703125, 0.0193606186658144, 0.0569550022482872, 0.20586970448493958, 0.752557098865509, 0.004195460118353367, 0.0004188137245364487, 0.019879156723618507, 0.18027625977993011, 0.0002592465898487717, 0.00016950124700088054, 0.009518714621663094, 0.05872916430234909, 0.0009947833605110645, 0.00023457636416424066, 0.04936590418219566, 0.6621130704879761, 0.0035103862173855305, 0.0004916174802929163]",0.971521781408228,-0.0008419705125944921
131,221,246,112,0.00122833251953125,0.0009956825524568558,0.9694382748857606,"[16.43366050720215, 0.022056162357330322, 0.06347182393074036, 0.22947371006011963, 0.7409923672676086, 0.0047088684514164925, 0.00041976699139922857, 0.01967497728765011, 0.18310628831386566, 0.0002489972102921456, 0.000169382052263245, 0.010679121129214764, 0.05268407613039017, 0.0009189196862280369, 0.0002329078270122409, 0.04947040230035782, 0.6033746004104614, 0.0035185827873647213, 0.0004657614335883409]",0.971521781408228,0.00208350652246736
132,94,123,112,0.001495361328125,0.001241933205164969,0.9726470209233843,"[16.46121597290039, 0.019219832494854927, 0.057353898882865906, 0.22049866616725922, 0.7353588342666626, 0.004104523919522762, 0.00042226933874189854, 0.01984246075153351, 0.1770544946193695, 0.0002554328821133822, 0.00017093151109293103, 0.009456956759095192, 0.05878593027591705, 0.000998594332486391, 0.0002343380037928, 0.04952372610569, 0.6618157625198364, 0.003517870092764497, 0.0004629017203114927]",0.971521781408228,-0.0011252395151563066
133,58,75,112,0.00157928466796875,0.0013405384961515665,0.9680559496651098,"[16.397403717041016, 0.01987541653215885, 0.05617566779255867, 0.22722429037094116, 0.7577680945396423, 0.004737344104796648, 0.00042798896902240813, 0.01996341161429882, 0.18143726885318756, 0.0002535260282456875, 0.00015376816736534238, 0.010766866616904736, 0.059039704501628876, 0.0008954567601904273, 0.00023469554434996098, 0.04961368441581726, 0.6033457517623901, 0.00327645824290812, 0.00046993177966214716]",0.971521781408228,0.0034658317431182084
138,90,83,112,0.00150299072265625,0.0013308079214766622,0.9734699512720046,"[16.458742141723633, 0.019339922815561295, 0.056461650878190994, 0.2211976945400238, 0.7524750828742981, 0.004114259034395218, 0.00042000532266683877, 0.01771918497979641, 0.18016266822814941, 0.00025102324434556067, 0.00016830935783218592, 0.009805725887417793, 0.05938924476504326, 0.0009625093080103397, 0.0002406545972917229, 0.04898424074053764, 0.6615511775016785, 0.003484370419755578, 0.0004592079494614154]",0.971521781408228,-0.001948169863776661
139,187,180,112,0.001312255859375,0.0011252339463680983,0.9667139465416671,"[16.373851776123047, 0.01937137544155121, 0.0631757527589798, 0.2290063053369522, 0.7504916191101074, 0.00413527199998498, 0.00041571559268049896, 0.019718339666724205, 0.18138934671878815, 0.0002517383254598826, 0.00017438798386137933, 0.00954351108521223, 0.05844596400856972, 0.0009648911654949188, 0.0002351722796447575, 0.04946869984269142, 0.6029632091522217, 0.0034911418333649635, 0.0004707658663392067]",0.971521781408228,0.004807834866560889
140,129,149,112,0.00141143798828125,0.0011885095154866576,0.9662896601772732,"[16.429855346679688, 0.019260995090007782, 0.05604718253016472, 0.22736190259456635, 0.6898087859153748, 0.004210061393678188, 0.0004182179400231689, 0.019746743142604828, 0.1812838464975357, 0.00025722055579535663, 0.00015245705435518175, 0.01076722051948309, 0.05913656949996948, 0.0009870424401015043, 0.00023576818057335913, 0.04932278394699097, 0.6067188382148743, 0.00346310599707067, 0.0004694551753345877]",0.971521781408228,0.005232121230954734
141,56,89,112,0.0015869140625,0.0013173301704227924,0.9666417544664766,"[16.374034881591797, 0.019264385104179382, 0.06320015341043472, 0.2262573093175888, 0.7520922422409058, 0.004172073677182198, 0.0004219118563923985, 0.01977432519197464, 0.18033798038959503, 0.00024828212917782366, 0.00017176583060063422, 0.00949179194867611, 0.05896126478910446, 0.0009949024533852935, 0.00023588736075907946, 0.04925470054149628, 0.6032950282096863, 0.0035233343951404095, 0.0004611144249793142]",0.971521781408228,0.004880026941751381
142,95,162,112,0.001495361328125,0.0011612249072641134,0.9693820609674347,"[16.439664840698242, 0.019710276275873184, 0.0631684809923172, 0.22593240439891815, 0.7374740242958069, 0.004228104837238789, 0.00041547726141288877, 0.019754689186811447, 0.1824614554643631, 0.0002559096028562635, 0.0001711698860162869, 0.00948706828057766, 0.058471377938985825, 0.0009787060553207994, 0.00023779425828251988, 0.04903952032327652, 0.6032277345657349, 0.00311924796551466, 0.000460876093711704]",0.971521781408228,0.002139720440793247
156,3,126,112,0.0017242431640625,0.0012376358499750495,0.9696084228237037,"[16.46072769165039, 0.019264737144112587, 0.06265410780906677, 0.20479200780391693, 0.7503857016563416, 0.004099062643945217, 0.0004189328756183386, 0.017562003806233406, 0.18099242448806763, 0.0002512616047170013, 0.00017212340026162565, 0.010820170864462852, 0.05251137167215347, 0.0009627474937587976, 0.00023636408150196075, 0.04916856437921524, 0.6036019325256348, 0.003479262348264456, 0.000459565402707085]",0.971521781408228,0.0019133585845242385
157,4,190,112,0.0017242431640625,0.0011028505396097898,0.9727233159953214,"[16.43337631225586, 0.01930227130651474, 0.06205299124121666, 0.2273055762052536, 0.751430332660675, 0.004093126393854618, 0.00042083943844772875, 0.019704313948750496, 0.17876213788986206, 0.00025912740966305137, 0.00016842853801790625, 0.009452351368963718, 0.05892676115036011, 0.0009837078396230936, 0.0002317160106031224, 0.04962866008281708, 0.6619367003440857, 0.0032392670400440693, 0.0004683827864937484]",0.971521781408228,-0.001201534587093378
248,64,142,112,0.0015716552734375,0.0012075620470568538,0.9709753230486776,"[16.46038818359375, 0.021650630980730057, 0.057222865521907806, 0.2310430258512497, 0.7521435022354126, 0.004182995297014713, 0.0004180987598374486, 0.017524637281894684, 0.182444766163826, 0.0002526917669456452, 0.00016819016309455037, 0.010800004936754704, 0.05248410999774933, 0.0008918836829252541, 0.0002325502864550799, 0.04975445568561554, 0.6032112836837769, 0.0032534070778638124, 0.0004638549580704421]",0.971521781408228,0.0005464583595503614
249,36,136,112,0.0016326904296875,0.0012249178253114223,0.9731009332608664,"[16.442777633666992, 0.019789986312389374, 0.057282980531454086, 0.22746293246746063, 0.7485321760177612, 0.004123281687498093, 0.0004209585895296186, 0.0198319423943758, 0.18345631659030914, 0.0002563863235991448, 0.00017081231635529548, 0.00970136746764183, 0.05896677076816559, 0.001004906021989882, 0.00023958197562023997, 0.04920022934675217, 0.6617247462272644, 0.0035086043644696474, 0.0004661188868340105]",0.971521781408228,-0.0015791518526384607
264,27,194,112,0.0016632080078125,0.0010986378183588386,0.972265240964541,"[16.43358039855957, 0.01935044676065445, 0.05654096230864525, 0.22095590829849243, 0.752177894115448, 0.004225137177854776, 0.0004183370911050588, 0.019823996350169182, 0.18041978776454926, 0.0002451834443490952, 0.00014876213390380144, 0.010692802257835865, 0.05863349884748459, 0.0010116941994056106, 0.0002356490003876388, 0.049135539680719376, 0.6614895462989807, 0.003494230331853032, 0.00045980370487086475]",0.971521781408228,-0.000743459556313053
266,49,266,112,0.00159454345703125,0.0009477500570937991,0.9725563196973924,"[16.487415313720703, 0.019232578575611115, 0.06354633718729019, 0.22859010100364685, 0.7528197169303894, 0.00465867854654789, 0.0004128557338844985, 0.01983731985092163, 0.18042118847370148, 0.00025733973598107696, 0.00016866691294126213, 0.01082359068095684, 0.05258195102214813, 0.0010070496937260032, 0.0002302858338225633, 0.0491347461938858, 0.6034772396087646, 0.003491617040708661, 0.0004634975048247725]",0.971521781408228,-0.001034538289164444
278,43,78,112,0.00160980224609375,0.00133822753559798,0.9696888139327424,"[16.433887481689453, 0.019297828897833824, 0.06213410198688507, 0.22733569145202637, 0.7531368136405945, 0.004167087841778994, 0.0004191712068859488, 0.019798751920461655, 0.182077094912529, 0.0002563863235991448, 0.00017236177518498152, 0.010779013857245445, 0.052551865577697754, 0.0009688212885521352, 0.00023493390472140163, 0.04949672147631645, 0.6033806800842285, 0.0035277295392006636, 0.00046492734691128135]",0.971521781408228,0.0018329674754855585
279,70,131,112,0.00156402587890625,0.0012276243651285768,0.9666598224752019,"[16.397748947143555, 0.01910616084933281, 0.05605315789580345, 0.2271234095096588, 0.7380375862121582, 0.004170055501163006, 0.00041714549297466874, 0.018166232854127884, 0.17931289970874786, 0.00025733973598107696, 0.00017271934484597296, 0.009617306292057037, 0.058876074850559235, 0.0009602464851923287, 0.00023362292267847806, 0.04888343811035156, 0.6034363508224487, 0.0034911418333649635, 0.0004727914638351649]",0.971521781408228,0.0048619589330261
280,162,253,112,0.0013580322265625,0.000982663594186306,0.9681123736579473,"[16.432971954345703, 0.019436731934547424, 0.057549964636564255, 0.2055131494998932, 0.6885848045349121, 0.0046546440571546555, 0.0004287039046175778, 0.017584143206477165, 0.18202561140060425, 0.00025829317746683955, 0.00017152745567727834, 0.00987230148166418, 0.05850240960717201, 0.0009971652179956436, 0.0002411313180346042, 0.049709878861904144, 0.6616864800453186, 0.0034827073104679585, 0.0004634975048247725]",0.971521781408228,0.0034094077502806464
281,110,191,112,0.00145721435546875,0.0011020307429134846,0.9712631742448522,"[16.422578811645508, 0.01913422904908657, 0.05739520862698555, 0.22136756777763367, 0.7521232962608337, 0.004228698089718819, 0.00042358008795417845, 0.01894404925405979, 0.1783582866191864, 0.00025138078490272164, 0.0001705739414319396, 0.01069952454417944, 0.05233297869563103, 0.0009783487766981125, 0.00023100091493688524, 0.04896460473537445, 0.6618762612342834, 0.0034846081398427486, 0.0004573014739435166]",0.971521781408228,0.00025860716337577916
289,5,8,112,0.00171661376953125,0.001559179276227951,0.9661377896631357,"[16.431602478027344, 0.019661767408251762, 0.06274737417697906, 0.22278547286987305, 0.6929733157157898, 0.004212910309433937, 0.00042167355422861874, 0.019676847383379936, 0.1810089349746704, 0.0002485204895492643, 0.0001720042055239901, 0.010668624192476273, 0.052400968968868256, 0.0009785869624465704, 0.00023123928986024112, 0.04929203540086746, 0.6035770773887634, 0.0035048029385507107, 0.0004533693427219987]",0.971521781408228,0.005383991745092298
290,230,217,112,0.0012054443359375,0.0010575023479759693,0.9734410254375114,"[16.46390151977539, 0.01891246624290943, 0.06294932961463928, 0.20671766996383667, 0.7539299726486206, 0.004138715099543333, 0.00041940953815355897, 0.017651256173849106, 0.18150974810123444, 0.00025185750564560294, 0.0001512651506345719, 0.009705617092549801, 0.05899767577648163, 0.0009658439084887505, 0.0002343380037928, 0.049648623913526535, 0.6616159081459045, 0.003222037572413683, 0.00045622908510267735]",0.971521781408228,-0.0019192440292834512
291,231,208,112,0.0012054443359375,0.0010739366989582777,0.9653715094893031,"[16.414276123046875, 0.019396746531128883, 0.057886186987161636, 0.2305029034614563, 0.6879932880401611, 0.004113190341740847, 0.00042465253500267863, 0.01985917240381241, 0.18085703253746033, 0.0002803409588523209, 0.00017105070583056659, 0.009807850234210491, 0.05912027508020401, 0.0008834273321554065, 0.00023600654094479978, 0.049252089112997055, 0.6030622124671936, 0.0034644128754734993, 0.0004717191040981561]",0.971521781408228,0.006150271918924921
292,122,85,112,0.00142669677734375,0.0013281898573040962,0.9697048827174034,"[16.384973526000977, 0.019252926111221313, 0.05760173499584198, 0.22752541303634644, 0.7422683238983154, 0.004652508534491062, 0.00042274597217328846, 0.019941676408052444, 0.18109726905822754, 0.00025281094713136554, 0.00015221867943182588, 0.01072264090180397, 0.0592149943113327, 0.0008877150830812752, 0.00023898606013972312, 0.049562182277441025, 0.6616553664207458, 0.0035039715003222227, 0.0004657614335883409]",0.971521781408228,0.0018168986908245754
293,316,295,112,0.000957489013671875,0.0008690768154338002,0.9702413564112871,"[16.409549713134766, 0.019279353320598602, 0.06326158344745636, 0.20565873384475708, 0.7537436485290527, 0.00415854062885046, 0.00041476229671388865, 0.01972336694598198, 0.18022121489048004, 0.00024720950750634074, 0.0001711698860162869, 0.009793803095817566, 0.05213385075330734, 0.0009647720726206899, 0.00023195437097456306, 0.049161188304424286, 0.6619223356246948, 0.003488290822133422, 0.0004602803383022547]",0.971521781408228,0.001280424996940921
294,307,284,112,0.00098419189453125,0.0008932664641179144,0.9704459156093531,"[16.407285690307617, 0.01927315630018711, 0.057333409786224365, 0.22022037208080292, 0.7509160041809082, 0.004140614531934261, 0.0004215544031467289, 0.019698353484272957, 0.18067535758018494, 0.0002485204895492643, 0.0001656871900195256, 0.009543037973344326, 0.052286822348833084, 0.0009990707039833069, 0.00023457636416424066, 0.049371350556612015, 0.6616981029510498, 0.0034913793206214905, 0.0004693360242526978]",0.971521781408228,0.0010758657988748643
295,232,189,112,0.0012054443359375,0.0011058588279411197,0.9702841040370435,"[16.39315414428711, 0.019290227442979813, 0.05804784223437309, 0.23042668402194977, 0.7445518374443054, 0.0046674590557813644, 0.00042512916843406856, 0.019915733486413956, 0.1801425665616989, 0.0002548369811847806, 0.00016973962192423642, 0.00984940119087696, 0.05856739357113838, 0.0009597701136954129, 0.00023147765023168176, 0.04917877912521362, 0.661637544631958, 0.0034722534473985434, 0.0004551566671580076]",0.971521781408228,0.0012376773711845201
296,323,319,112,0.000946044921875,0.0008118938421830535,0.9736584514014938,"[16.4678897857666, 0.01932343654334545, 0.06285037845373154, 0.20414352416992188, 0.7540033459663391, 0.004137646406888962, 0.0004213160718791187, 0.01981371082365513, 0.18230471014976501, 0.0002786724944598973, 0.00017093151109293103, 0.009627342224121094, 0.058412570506334305, 0.0009789442410692573, 0.0002324311062693596, 0.04924221709370613, 0.6617211699485779, 0.0034941115882247686, 0.00046433156239800155]",0.971521781408228,-0.002136669993265783
297,130,125,112,0.00141143798828125,0.0012401529820635915,0.9677210714756879,"[16.399520874023438, 0.019696950912475586, 0.05537237599492073, 0.22820721566677094, 0.7544265985488892, 0.004671968054026365, 0.00041368984966538846, 0.01969987340271473, 0.18101729452610016, 0.00025006983196362853, 0.00017093151109293103, 0.01068065408617258, 0.052109066396951675, 0.0009788251481950283, 0.0002330270071979612, 0.048906709998846054, 0.6066584587097168, 0.003221681108698249, 0.0004640932602342218]",0.971521781408228,0.003800709932540114
298,296,305,112,0.00101470947265625,0.0008325386443175375,0.9696985236430344,"[16.398527145385742, 0.019240882247686386, 0.057184021919965744, 0.20618267357349396, 0.7524046301841736, 0.004231072496622801, 0.0004215544031467289, 0.01830482669174671, 0.181780144572258, 0.00025555206229910254, 0.0001497156627010554, 0.010645270347595215, 0.05887124314904213, 0.0009747759322635829, 0.0002325502864550799, 0.049350813031196594, 0.6618322730064392, 0.0032184727024286985, 0.00046433156239800155]",0.971521781408228,0.0018232577651935422
299,289,292,112,0.00102996826171875,0.0008730583940632641,0.9733186905604702,"[16.45009994506836, 0.019223341718316078, 0.055668964982032776, 0.2283414751291275, 0.7547503709793091, 0.004708749707788229, 0.00042524831951595843, 0.020032819360494614, 0.18152666091918945, 0.000254241080256179, 0.0001494772732257843, 0.009624508209526539, 0.0523526631295681, 0.001004786929115653, 0.00023803261865396053, 0.04908174276351929, 0.6615993976593018, 0.0035095547791570425, 0.0004631400224752724]",0.971521781408228,-0.0017969091522421765
300,184,145,112,0.00131988525390625,0.0012004520976915956,0.9744127775775269,"[16.5255126953125, 0.01934647001326084, 0.05724256485700607, 0.2255297601222992, 0.7547096610069275, 0.004192373715341091, 0.0004198861715849489, 0.017409952357411385, 0.18248043954372406, 0.00025722055579535663, 0.00017176583060063422, 0.009419403970241547, 0.059247128665447235, 0.0009647720726206899, 0.0002351722796447575, 0.04933129623532295, 0.6033971309661865, 0.003508723108097911, 0.0004663571889977902]",0.971521781408228,-0.0028909961692988873
301,80,42,112,0.00153350830078125,0.0014351942809298635,0.969623317469469,"[16.470888137817383, 0.019412647932767868, 0.057636845856904984, 0.20510715246200562, 0.7359775304794312, 0.004216352943331003, 0.0004273931554052979, 0.0198852326720953, 0.1828400194644928, 0.00025459862081333995, 0.0001714082609396428, 0.009558860212564468, 0.05895182490348816, 0.0010099078062921762, 0.0002338612830499187, 0.04899922385811806, 0.6033269166946411, 0.003487696871161461, 0.0004574206250254065]",0.971521781408228,0.0018984639387590319
302,204,153,112,0.0012664794921875,0.0011819011997431517,0.9691574537711475,"[16.42449188232422, 0.019666559994220734, 0.05649038031697273, 0.22875607013702393, 0.7526007890701294, 0.004174329340457916, 0.0004175029753241688, 0.01989201083779335, 0.1807546615600586, 0.00025197668583132327, 0.0001740304142003879, 0.009512574411928654, 0.058607980608940125, 0.0009920443408191204, 0.0002330270071979612, 0.04954448714852333, 0.6034425497055054, 0.003514662617817521, 0.0004741021548397839]",0.971521781408228,0.002364327637080499
303,140,98,112,0.00139617919921875,0.0013029471738263965,0.9691200579622282,"[16.415346145629883, 0.019139375537633896, 0.06320216506719589, 0.22949057817459106, 0.7528484463691711, 0.004194510169327259, 0.0004117832868359983, 0.019858121871948242, 0.18100078403949738, 0.00025722055579535663, 0.00017081231635529548, 0.01070766244083643, 0.0586637407541275, 0.0009700122172944248, 0.00023338454775512218, 0.04918956011533737, 0.6036422848701477, 0.003493398893624544, 0.0004611144249793142]",0.971521781408228,0.0024017234459997594
304,199,161,112,0.00127410888671875,0.0011652113171294332,0.9694831331557667,"[16.442066192626953, 0.019331036135554314, 0.0556076243519783, 0.22957254946231842, 0.7400652170181274, 0.004129692446440458, 0.0004240567213855684, 0.019794076681137085, 0.18296343088150024, 0.0002563863235991448, 0.0001517419150331989, 0.010670511052012444, 0.05893193185329437, 0.0009763241396285594, 0.00023445718397852033, 0.04791110381484032, 0.6031395792961121, 0.00347415404394269, 0.00047946401173248887]",0.971521781408228,0.0020386482524612504
305,315,304,112,0.000965118408203125,0.000847560993861407,0.9693887029172498,"[16.448747634887695, 0.019656391814351082, 0.05627652630209923, 0.22915315628051758, 0.7388991117477417, 0.004152841866016388, 0.00041571559268049896, 0.01980915293097496, 0.18061794340610504, 0.00025090406415984035, 0.0001517419150331989, 0.009806079789996147, 0.05245628580451012, 0.0009756095823831856, 0.0002575780963525176, 0.049115221947431564, 0.6037172079086304, 0.003461324144154787, 0.00046492734691128135]",0.971521781408228,0.002133078490978213
306,347,332,112,0.00086212158203125,0.0007568817818537354,0.9744161892564367,"[16.52398109436035, 0.019622843712568283, 0.06284388154745102, 0.22832874953746796, 0.753389835357666, 0.004214809741824865, 0.00041786045767366886, 0.01981990598142147, 0.1781473308801651, 0.00025519452174194157, 0.0001528146385680884, 0.009820008650422096, 0.052204679697752, 0.0010201494442299008, 0.00023195437097456306, 0.048974137753248215, 0.6065264940261841, 0.003484370419755578, 0.0004714807728305459]",0.971521781408228,-0.0028944078482087132
307,334,322,112,0.000896453857421875,0.0008000447996892035,0.970969220846248,"[16.42058753967285, 0.019447606056928635, 0.056958042085170746, 0.22710393369197845, 0.7406595945358276, 0.004115089774131775, 0.00042024365393444896, 0.019643299281597137, 0.1812637448310852, 0.0002530493075028062, 0.0001722425949992612, 0.009494389407336712, 0.05226114019751549, 0.0009640575153753161, 0.00023576818057335913, 0.04923926666378975, 0.6616220474243164, 0.003504090243950486, 0.0004700509598478675]",0.971521781408228,0.0005525605619799423
308,337,318,112,0.00089263916015625,0.0008152879308909178,0.9687967537741459,"[16.481754302978516, 0.019694963470101357, 0.06316199153661728, 0.2279573529958725, 0.689280092716217, 0.004191898740828037, 0.0004247716860845685, 0.01978425867855549, 0.1800745576620102, 0.00023064337437972426, 0.00016819016309455037, 0.009727340191602707, 0.05262425169348717, 0.0009773960337042809, 0.00023505308490712196, 0.04958067461848259, 0.6035584211349487, 0.003245327156037092, 0.0004668337933253497]",0.971521781408228,0.002725027634082111
309,272,237,112,0.00109100341796875,0.0010210542241111398,0.9701298494037474,"[16.40203094482422, 0.02177334576845169, 0.05604594200849533, 0.23009374737739563, 0.7380971908569336, 0.004134678281843662, 0.00047302976599894464, 0.017833014950156212, 0.1823752373456955, 0.00025328766787424684, 0.00017152745567727834, 0.00964670442044735, 0.05279704928398132, 0.0010026433737948537, 0.0002330270071979612, 0.0495791994035244, 0.6619873642921448, 0.0034728473983705044, 0.0004663571889977902]",0.971521781408228,0.0013919320044806227
310,252,202,112,0.00115966796875,0.0010860685724765062,0.9679229126509439,"[16.433778762817383, 0.019369270652532578, 0.06229563429951668, 0.20675770938396454, 0.7413023114204407, 0.004652152303606272, 0.0004228651523590088, 0.01823822408914566, 0.18207579851150513, 0.00025018901214934886, 0.00016866691294126213, 0.010750237852334976, 0.05231284350156784, 0.0009982370538637042, 0.0002343380037928, 0.04955367371439934, 0.6034197807312012, 0.0034892410039901733, 0.0004654039512388408]",0.971521781408228,0.0035988687572841016
311,345,330,112,0.000865936279296875,0.0007697619730606675,0.9701521015591233,"[16.43813705444336, 0.019237373024225235, 0.06362161785364151, 0.22700485587120056, 0.7534841895103455, 0.0042196763679385185, 0.00041154498467221856, 0.019740547984838486, 0.1801692396402359, 0.0002540027489885688, 0.00017188502533826977, 0.009652843698859215, 0.05883617326617241, 0.0009773960337042809, 0.0002320735511602834, 0.04949172958731651, 0.6032727360725403, 0.003499219659715891, 0.0004757702990900725]",0.971521781408228,0.0013696798491046325
312,327,323,112,0.000911712646484375,0.000791357655543834,0.9716718312357491,"[16.45193862915039, 0.019267192110419273, 0.057202260941267014, 0.20660598576068878, 0.7394642233848572, 0.004637676291167736, 0.00042012447374872863, 0.01977292262017727, 0.1830368936061859, 0.0002585315378382802, 0.00015293381875380874, 0.010680535808205605, 0.05228082463145256, 0.0009658439084887505, 0.00023409964342135936, 0.04944181069731712, 0.6617162823677063, 0.0032272657845169306, 0.00046075694262981415]",0.971521781408228,-0.00015004982752109264
313,298,293,112,0.001007080078125,0.0008713884162716568,0.971936905343012,"[16.43359375, 0.019293969497084618, 0.05604402720928192, 0.22927401959896088, 0.7403920888900757, 0.004646931774914265, 0.0004142856632824987, 0.017579222097992897, 0.18083614110946655, 0.0002517383254598826, 0.00016807096835691482, 0.00945105217397213, 0.059008803218603134, 0.0009926398051902652, 0.00023362292267847806, 0.04901557043194771, 0.6616588234901428, 0.003482351079583168, 0.0004640932602342218]",0.971521781408228,-0.0004151239347840452
314,299,301,112,0.00099945068359375,0.0008555945241823792,0.9713559746658,"[16.422893524169922, 0.019299466162919998, 0.06321357935667038, 0.20501674711704254, 0.753143310546875, 0.004675171338021755, 0.0004207202873658389, 0.019822826609015465, 0.18124724924564362, 0.0002498314715921879, 0.0001679517881711945, 0.010708370245993137, 0.059210725128650665, 0.0009779914980754256, 0.00023266946664080024, 0.048960063606500626, 0.6615757942199707, 0.0034791436046361923, 0.0004683827864937484]",0.971521781408228,0.00016580674242794302
315,249,233,112,0.00116729736328125,0.001029191305860877,0.9712891199106755,"[16.47723388671875, 0.019388914108276367, 0.057502247393131256, 0.2296202927827835, 0.6803595423698425, 0.004156878218054771, 0.0004172646440565586, 0.01980856992304325, 0.18010622262954712, 0.00023529145983047783, 0.00016890530241653323, 0.010733255185186863, 0.05896620824933052, 0.0009758477681316435, 0.00023719835735391825, 0.04929668828845024, 0.6616249084472656, 0.0032045699190348387, 0.00045658653834834695]",0.971521781408228,0.00023266149755252208
316,159,121,112,0.00136566162109375,0.0012426312314346433,0.9728909741855827,"[16.43848991394043, 0.019273389130830765, 0.062129732221364975, 0.22570888698101044, 0.7559481859207153, 0.004125893581658602, 0.00041738382424227893, 0.01974545605480671, 0.18157239258289337, 0.0002535260282456875, 0.0001691436773398891, 0.00958082266151905, 0.052239641547203064, 0.0009700122172944248, 0.00023576818057335913, 0.04888071492314339, 0.6616072654724121, 0.0031123552471399307, 0.0004680253332480788]",0.971521781408228,-0.0013691927773546997
317,194,154,112,0.00128936767578125,0.0011814235476776958,0.970721933822221,"[16.41905403137207, 0.019311977550387383, 0.05618051066994667, 0.2055114060640335, 0.7497040033340454, 0.004190593026578426, 0.00041976699139922857, 0.019849706441164017, 0.18297316133975983, 0.00025555206229910254, 0.0001734344696160406, 0.01071084663271904, 0.05895530804991722, 0.001013599568977952, 0.00023588736075907946, 0.0494750551879406, 0.6617466807365417, 0.0034955372102558613, 0.0004596845537889749]",0.971521781408228,0.0007998475860069298
318,83,46,112,0.00152587890625,0.001421030843630433,0.9730968268804167,"[16.439144134521484, 0.01973002776503563, 0.05581609904766083, 0.22813870012760162, 0.7553132176399231, 0.0042091114446520805, 0.00042024365393444896, 0.019988300278782845, 0.18095731735229492, 0.00024911639047786593, 0.00017021637177094817, 0.0096019571647048, 0.058755695819854736, 0.0009744186536408961, 0.00023874769976828247, 0.04945610836148262, 0.6617497205734253, 0.0034716594964265823, 0.0004549183649942279]",0.971521781408228,-0.0015750454721886742
319,145,110,112,0.0013885498046875,0.001279231859371066,0.9719532939443046,"[16.421035766601562, 0.01909458264708519, 0.0558038093149662, 0.2301178127527237, 0.7528912425041199, 0.004173616878688335, 0.0004215544031467289, 0.019836967810988426, 0.18363988399505615, 0.00025388356880284846, 0.00017105070583056659, 0.010683131404221058, 0.0527007021009922, 0.0009733468177728355, 0.0002343380037928, 0.04904893785715103, 0.6620821952819824, 0.0034884095657616854, 0.00046135272714309394]",0.971521781408228,-0.0004315125360766503
320,314,297,112,0.00096893310546875,0.0008648701477795839,0.9724073932915129,"[16.49022674560547, 0.019604725763201714, 0.05723344534635544, 0.2274521142244339, 0.6887896656990051, 0.004188456106930971, 0.00042775063775479794, 0.01989411562681198, 0.18192604184150696, 0.0002544794406276196, 0.00015186110977083445, 0.010703299194574356, 0.05851702764630318, 0.0009965697536244988, 0.00023862851958256215, 0.049449753016233444, 0.6617448329925537, 0.0034834202378988266, 0.00045753977610729635]",0.971521781408228,-0.0008856118832849535
321,276,255,112,0.00107574462890625,0.0009724021074362099,0.9702331967924501,"[16.42946434020996, 0.01923562027513981, 0.056154366582632065, 0.20455798506736755, 0.7402788996696472, 0.004126249346882105, 0.00042000532266683877, 0.01981791853904724, 0.1818244755268097, 0.00024911639047786593, 0.00016842853801790625, 0.009473488666117191, 0.05251159891486168, 0.0009781105909496546, 0.00023457636416424066, 0.04931098595261574, 0.6619035005569458, 0.003254238748922944, 0.0004668337933253497]",0.971521781408228,0.0012885846157778547
322,222,178,112,0.00122833251953125,0.0011272141709923744,0.9630989627514378,"[16.367555618286133, 0.019268127158284187, 0.05551808699965477, 0.23018968105316162, 0.689855694770813, 0.0046432530507445335, 0.0004142856632824987, 0.019839540123939514, 0.18161582946777344, 0.00025602878304198384, 0.00016962042718660086, 0.009633717127144337, 0.05895508453249931, 0.0010033579310402274, 0.00023707917716819793, 0.049588046967983246, 0.6064361333847046, 0.0032353459391742945, 0.0004657614335883409]",0.971521781408228,0.008422818656790176
323,267,244,112,0.0011138916015625,0.0010089612333104014,0.9743541844815665,"[16.477224349975586, 0.019295139238238335, 0.06335009634494781, 0.22954221069812775, 0.7348529100418091, 0.004116039723157883, 0.00042000532266683877, 0.01991129294037819, 0.18095442652702332, 0.00025876989820972085, 0.0001567479339428246, 0.009675512090325356, 0.05694790929555893, 0.000993116176687181, 0.00023421882360707968, 0.04937577620148659, 0.6614701151847839, 0.0034771240316331387, 0.0004737447015941143]",0.971521781408228,-0.002832403073338541
324,170,129,112,0.0013427734375,0.0012312132166698575,0.9722750380460639,"[16.475393295288086, 0.01968526281416416, 0.06320127099752426, 0.22996428608894348, 0.7527832984924316, 0.004199021030217409, 0.0004128557338844985, 0.0198217760771513, 0.18122197687625885, 0.00025102324434556067, 0.000169382052263245, 0.009755672886967659, 0.059021949768066406, 0.0009954979177564383, 0.0002366024418734014, 0.04896607995033264, 0.6031991839408875, 0.0034793810918927193, 0.00046790618216618896]",0.971521781408228,-0.0007532566378358752
325,200,165,112,0.00127410888671875,0.0011538979597389698,0.9730260137171411,"[16.438045501708984, 0.019446786493062973, 0.062418386340141296, 0.22938556969165802, 0.7514761090278625, 0.0040965694934129715, 0.0004217927053105086, 0.01755954511463642, 0.17972742021083832, 0.0002493547508493066, 0.0001691436773398891, 0.009588024578988552, 0.05874243006110191, 0.001004786929115653, 0.00023493390472140163, 0.04960676655173302, 0.6617342233657837, 0.0031191289890557528, 0.0004677870310842991]",0.971521781408228,-0.001504232308913167
326,165,135,112,0.00135040283203125,0.0012249489082023501,0.9733813025867628,"[16.455982208251953, 0.019305896013975143, 0.055863332003355026, 0.2290048897266388, 0.749748170375824, 0.004192254971712828, 0.0004166688595432788, 0.019769884645938873, 0.18077057600021362, 0.0002575780963525176, 0.00016926287207752466, 0.01075106393545866, 0.052189406007528305, 0.0009656057227402925, 0.00023457636416424066, 0.04890114814043045, 0.6617617011070251, 0.003475104458630085, 0.0004854215949308127]",0.971521781408228,-0.0018595211785348287
327,71,45,112,0.00156402587890625,0.0014273077249526978,0.9763047282544185,"[16.526124954223633, 0.019029904156923294, 0.0576150119304657, 0.22313563525676727, 0.7385311126708984, 0.004225374665111303, 0.0004140473320148885, 0.019753871485590935, 0.18295012414455414, 0.0002503081923350692, 0.0001722425949992612, 0.009388345293700695, 0.052374158054590225, 0.0009918061550706625, 0.00023469554434996098, 0.04894598573446274, 0.6617165207862854, 0.003476292360574007, 0.00045944625162519515]",0.971521781408228,-0.004782946846190517
328,171,150,112,0.0013427734375,0.001186177134513855,0.9681794717793022,"[16.408645629882812, 0.019341208040714264, 0.05690747871994972, 0.22115860879421234, 0.7562543153762817, 0.004144175909459591, 0.00042060110718011856, 0.019737040624022484, 0.18125291168689728, 0.0002563863235991448, 0.00017188502533826977, 0.00990251824259758, 0.059014420956373215, 0.0009943069890141487, 0.00023588736075907946, 0.0495954230427742, 0.6036508679389954, 0.003260536352172494, 0.0004657614335883409]",0.971521781408228,0.003342309628925788
329,254,252,112,0.00115203857421875,0.0009836197132244706,0.9659876273362897,"[16.423725128173828, 0.019269179552793503, 0.0620092935860157, 0.22652338445186615, 0.689231812953949, 0.0042352271266281605, 0.0004204819560982287, 0.019879857078194618, 0.18123839795589447, 0.00025876989820972085, 0.00017331528943032026, 0.009521075524389744, 0.0589749775826931, 0.0009885906474664807, 0.0002324311062693596, 0.04942456632852554, 0.6037131547927856, 0.003474866971373558, 0.0004704084130935371]",0.971521781408228,0.0055341540719382465
330,131,122,112,0.00141143798828125,0.001242332044057548,0.9718786850012533,"[16.421024322509766, 0.019280171021819115, 0.056191444396972656, 0.22911864519119263, 0.7521504759788513, 0.0040708063170313835, 0.00041714549297466874, 0.020039012655615807, 0.17826373875141144, 0.00027414379292167723, 0.00016783259343355894, 0.009693457745015621, 0.059002507477998734, 0.0009990707039833069, 0.00023493390472140163, 0.049231208860874176, 0.6615649461746216, 0.0035076539497822523, 0.0004634975048247725]",0.971521781408228,-0.00035690359302531505
331,97,82,112,0.00148773193359375,0.0013328351778909564,0.9719902893634035,"[16.42337989807129, 0.01930098608136177, 0.05560401454567909, 0.22787733376026154, 0.7591443657875061, 0.004106423351913691, 0.0004164305282756686, 0.019800037145614624, 0.17996881902217865, 0.00025018901214934886, 0.00016640232934150845, 0.009561103768646717, 0.05221124365925789, 0.0010207447921857238, 0.0002351722796447575, 0.04943205416202545, 0.6617471575737, 0.003115326166152954, 0.00047779586748220026]",0.971521781408228,-0.00046850795517550115
332,163,134,112,0.0013580322265625,0.0012259221402928233,0.9720085514808919,"[16.47700309753418, 0.019331855699419975, 0.057204850018024445, 0.22753538191318512, 0.753341794013977, 0.004661289043724537, 0.0004127365828026086, 0.019804945215582848, 0.1809474676847458, 0.00025185750564560294, 0.00016830935783218592, 0.01070683728903532, 0.05866565182805061, 0.0009653675369918346, 0.00023541064001619816, 0.04968787357211113, 0.6032814383506775, 0.003488884773105383, 0.0004674295778386295]",0.971521781408228,-0.00048677007266395567
333,57,27,112,0.0015869140625,0.0014790256973356009,0.9669912507149427,"[16.406137466430664, 0.01966083236038685, 0.05755896866321564, 0.20558778941631317, 0.7508441209793091, 0.004606706090271473, 0.0004226268210913986, 0.019862795248627663, 0.18132351338863373, 0.00025293012731708586, 0.00015317220822907984, 0.009716714732348919, 0.05877334251999855, 0.000974656839389354, 0.0002320735511602834, 0.04946869984269142, 0.6035353541374207, 0.0032633880618959665, 0.0004586121649481356]",0.971521781408228,0.00453053069328524
334,50,17,112,0.00159454345703125,0.0015145146753638983,0.9677491266514775,"[16.428693771362305, 0.01929630897939205, 0.05598767101764679, 0.2035750448703766, 0.750029444694519, 0.004193679429590702, 0.00041845624218694866, 0.01992262899875641, 0.17992879450321198, 0.0002530493075028062, 0.00017152745567727834, 0.009479038417339325, 0.05229723080992699, 0.0008924792055040598, 0.0002329078270122409, 0.05512421205639839, 0.6030165553092957, 0.0032506741117686033, 0.00046993177966214716]",0.971521781408228,0.003772654756750482
335,119,65,112,0.001434326171875,0.0013660491677001119,0.9671652749208366,"[16.39664649963379, 0.01956743560731411, 0.06181342527270317, 0.22073185443878174, 0.7520217895507812, 0.0041448879055678844, 0.0004189328756183386, 0.01745552383363247, 0.17708924412727356, 0.00025567124248482287, 0.00016890530241653323, 0.009615653194487095, 0.05842280387878418, 0.0009597701136954129, 0.00023529145983047783, 0.04905654489994049, 0.6035885810852051, 0.0034785496536642313, 0.00046885941992513835]",0.971521781408228,0.004356506487391387
336,59,18,112,0.00157928466796875,0.0015078879659995437,0.9669810612747249,"[16.385881423950195, 0.019907087087631226, 0.05764776095747948, 0.2217169851064682, 0.7542690634727478, 0.004107373300939798, 0.0004104725376237184, 0.02003258652985096, 0.1812075674533844, 0.0002489972102921456, 0.00016532962035853416, 0.01074422337114811, 0.05864743888378143, 0.0010071687866002321, 0.00023409964342135936, 0.0492049939930439, 0.6032017469406128, 0.0035399647895246744, 0.00046588058467023075]",0.971521781408228,0.00454072013350304
337,215,168,112,0.0012359619140625,0.0011534735094755888,0.9720038523396637,"[16.39628791809082, 0.01916826143860817, 0.0572689063847065, 0.22699744999408722, 0.776983916759491, 0.004171124193817377, 0.00042000532266683877, 0.019816048443317413, 0.18048667907714844, 0.00025829317746683955, 0.00016866691294126213, 0.010818755254149437, 0.05884314328432083, 0.0010108605492860079, 0.00023183519078884274, 0.04952111467719078, 0.6616325378417969, 0.0035194142255932093, 0.00046826363541185856]",0.971521781408228,-0.00048207093143570745
338,348,336,112,0.0008392333984375,0.0007466342067345977,0.9710614029938466,"[16.49594497680664, 0.019291164353489876, 0.05739160627126694, 0.20468661189079285, 0.6896089911460876, 0.004156047478318214, 0.0004215544031467289, 0.019854499027132988, 0.18031448125839233, 0.00025281094713136554, 0.0001720042055239901, 0.009542565792798996, 0.051966480910778046, 0.0009812070056796074, 0.0002330270071979612, 0.04963263124227524, 0.6617674231529236, 0.003487340407446027, 0.0004612335760612041]",0.971521781408228,0.0004603784143814016
339,349,337,112,0.000835418701171875,0.000738710630685091,0.9665778714605902,"[16.38379669189453, 0.019239945337176323, 0.05743223801255226, 0.22103485465049744, 0.7506359219551086, 0.004614656325429678, 0.0004191712068859488, 0.01989259570837021, 0.17958080768585205, 0.00025567124248482287, 0.00017093151109293103, 0.009485887363553047, 0.0587889663875103, 0.0009839460253715515, 0.00023231192608363926, 0.04888684302568436, 0.6058350801467896, 0.0032235821709036827, 0.0004694551753345877]",0.971521781408228,0.004943909947637826
340,328,313,112,0.000911712646484375,0.0008203728357329965,0.9702902813618206,"[16.458173751831055, 0.019318992272019386, 0.06361222267150879, 0.2216143161058426, 0.7396455407142639, 0.004208992701023817, 0.0004207202873658389, 0.019820138812065125, 0.18267786502838135, 0.00025567124248482287, 0.00017069313616957515, 0.009644461795687675, 0.058630913496017456, 0.0009913297835737467, 0.00023112009512260556, 0.04900773614645004, 0.6031327843666077, 0.003490904113277793, 0.00046719127567484975]",0.971521781408228,0.0012315000464073744
341,346,327,112,0.000865936279296875,0.0007810120587237179,0.9687363068116707,"[16.382740020751953, 0.01966305449604988, 0.05702470615506172, 0.20463521778583527, 0.7525957226753235, 0.004215046763420105, 0.00042012447374872863, 0.018925802782177925, 0.18069854378700256, 0.00025567124248482287, 0.00014995403762441128, 0.009454004466533661, 0.05887281522154808, 0.0009763241396285594, 0.00023827097902540118, 0.049058813601732254, 0.6621103882789612, 0.0034932801499962807, 0.00046206763363443315]",0.971521781408228,0.0027854745965573136
342,313,286,112,0.000972747802734375,0.0008909379248507321,0.9669434230140483,"[16.38105583190918, 0.019750365987420082, 0.057365041226148605, 0.22761504352092743, 0.7519787549972534, 0.004213741049170494, 0.00042167355422861874, 0.01990136131644249, 0.18157635629177094, 0.0002512616047170013, 0.0001734344696160406, 0.010694924741983414, 0.05893193185329437, 0.0010031197452917695, 0.00023266946664080024, 0.04965134710073471, 0.6031745672225952, 0.0034705903381109238, 0.00046302087139338255]",0.971521781408228,0.004578358394179638
343,286,262,112,0.00104522705078125,0.0009637000039219856,0.9719890193358113,"[16.42357063293457, 0.019339922815561295, 0.05790666118264198, 0.22746464610099792, 0.7536252737045288, 0.004145956598222256, 0.00047064671525731683, 0.019916435703635216, 0.18260230123996735, 0.00025018901214934886, 0.00017081231635529548, 0.009753075428307056, 0.0523715578019619, 0.0010119322687387466, 0.0002321927313460037, 0.04882883280515671, 0.6621882319450378, 0.0034722534473985434, 0.0004698126285802573]",0.971521781408228,-0.0004672379275832972
344,245,201,112,0.0011749267578125,0.0010888909455388784,0.9689457571780382,"[16.44414710998535, 0.019407855346798897, 0.05614670366048813, 0.22137224674224854, 0.7357228994369507, 0.004119601100683212, 0.00042489083716645837, 0.01835012249648571, 0.18355922400951385, 0.00025090406415984035, 0.00016830935783218592, 0.009751777164638042, 0.05880559980869293, 0.0009637002367526293, 0.00023815179883968085, 0.049394723027944565, 0.6032098531723022, 0.003484370419755578, 0.00045134371612221]",0.971521781408228,0.0025760242301897662
345,180,127,112,0.0013275146484375,0.0012317188084125519,0.9704222855492078,"[16.469404220581055, 0.01930776797235012, 0.05568305775523186, 0.20675721764564514, 0.7528443932533264, 0.004197240807116032, 0.00041714549297466874, 0.019745808094739914, 0.18212588131427765, 0.00024732868769206107, 0.0001714082609396428, 0.010726651176810265, 0.058992620557546616, 0.0009848987683653831, 0.0002335037279408425, 0.04909082129597664, 0.603526771068573, 0.003108195960521698, 0.00045849301386624575]",0.971521781408228,0.0010994958590201387
346,198,155,112,0.00128173828125,0.0011783778900280595,0.9734060390397453,"[16.446937561035156, 0.02168014459311962, 0.06326695531606674, 0.22629314661026, 0.7504308223724365, 0.00413562823086977, 0.00041929035796783864, 0.019824931398034096, 0.17922241985797882, 0.00025293012731708586, 0.00016616393986623734, 0.009640565142035484, 0.056880902498960495, 0.0009814451914280653, 0.0002351722796447575, 0.0492825023829937, 0.661738395690918, 0.0028704889118671417, 0.0004552758182398975]",0.971521781408228,-0.0018842576315173387
347,287,272,112,0.00103759765625,0.0009348065941594541,0.9704330615564495,"[16.381752014160156, 0.018720023334026337, 0.06288451701402664, 0.23000481724739075, 0.7559522390365601, 0.004128623753786087, 0.0004158347437623888, 0.017722932621836662, 0.18185339868068695, 0.00025781645672395825, 0.00017069313616957515, 0.009629467502236366, 0.05890720710158348, 0.0009844223968684673, 0.0002379134384682402, 0.04902646690607071, 0.6616482138633728, 0.003476292360574007, 0.0004552758182398975]",0.971521781408228,0.0010887198517784968
348,172,119,112,0.0013427734375,0.001249192631803453,0.9718808557066184,"[16.42055892944336, 0.019135983660817146, 0.057650912553071976, 0.22172749042510986, 0.7548137903213501, 0.004217421170324087, 0.00041952868923544884, 0.01985391415655613, 0.18149225413799286, 0.00025138078490272164, 0.0001714082609396428, 0.010691269300878048, 0.05869229510426521, 0.000995974289253354, 0.00023338454775512218, 0.04901477321982384, 0.6618630290031433, 0.003482945030555129, 0.00046957432641647756]",0.971521781408228,-0.00035907429839043825
349,205,151,112,0.0012664794921875,0.0011849954025819898,0.9719709878485637,"[16.409076690673828, 0.019451463595032692, 0.06314408034086227, 0.23046939074993134, 0.752886176109314, 0.004180620890110731, 0.0004161922261118889, 0.01983182691037655, 0.18169237673282623, 0.0002544794406276196, 0.00017069313616957515, 0.010635245591402054, 0.059000711888074875, 0.0009097489528357983, 0.00023314618738368154, 0.049548570066690445, 0.6615762114524841, 0.0035100297536700964, 0.0004611144249793142]",0.971521781408228,-0.00044920644033574764
350,269,229,112,0.00110626220703125,0.0010334665421396494,0.9712535520827116,"[16.447233200073242, 0.01997194066643715, 0.05571778491139412, 0.20541036128997803, 0.7427246570587158, 0.004234633408486843, 0.0004209585895296186, 0.01980237476527691, 0.18011827766895294, 0.0002574589161667973, 0.00016842853801790625, 0.00953961443156004, 0.05198866128921509, 0.0009964506607502699, 0.0002330270071979612, 0.04928896948695183, 0.6617519855499268, 0.0034862712491303682, 0.0004724340105894953]",0.971521781408228,0.00026822932551640033
351,270,234,112,0.0010986328125,0.0010286744218319654,0.9723590236466598,"[16.43456268310547, 0.019720561802387238, 0.05566242337226868, 0.2295108586549759, 0.753472626209259, 0.00418715039268136, 0.00042000532266683877, 0.01751140132546425, 0.18121252954006195, 0.00025281094713136554, 0.0001716466504149139, 0.009701721370220184, 0.05213543400168419, 0.0009834696538746357, 0.00023552982020191848, 0.04923166334629059, 0.6618992686271667, 0.003481163177639246, 0.00046850196667946875]",0.971521781408228,-0.0008372422384318456
352,303,277,112,0.0009918212890625,0.000924400519579649,0.9715319832351892,"[16.398550033569336, 0.019001714885234833, 0.06260517984628677, 0.22977899014949799, 0.7548664808273315, 0.004625692032277584, 0.00042083943844772875, 0.020010385662317276, 0.18302121758460999, 0.0002499506517779082, 0.0001528146385680884, 0.010867576114833355, 0.05895676836371422, 0.0009832315845414996, 0.00023648326168768108, 0.04903304949402809, 0.6618232727050781, 0.0034569285344332457, 0.0004670721245929599]",0.971521781408228,-1.0201826961209193e-05
353,354,339,112,0.00078582763671875,0.0007185525028035045,0.9694329217278497,"[16.434675216674805, 0.0191431175917387, 0.05574123561382294, 0.22192887961864471, 0.754042387008667, 0.004652745556086302, 0.0004217927053105086, 0.018916677683591843, 0.1830245852470398, 0.00025614796322770417, 0.0001726001501083374, 0.009647294878959656, 0.059157244861125946, 0.000979896984063089, 0.00024101213784888387, 0.04892180860042572, 0.60332852602005, 0.003515850519761443, 0.00045849301386624575]",0.971521781408228,0.0020888596803783077
354,356,341,112,0.000774383544921875,0.0007057119510136545,0.969215718780393,"[16.425703048706055, 0.02001389116048813, 0.06417875736951828, 0.2273939996957779, 0.7462496161460876, 0.004216589964926243, 0.0004167880106251687, 0.019924147054553032, 0.17901304364204407, 0.0002637753786984831, 0.00016950124700088054, 0.010699288919568062, 0.05876277759671211, 0.0009778724052011967, 0.00023231192608363926, 0.04955809935927391, 0.6033466458320618, 0.00351965194568038, 0.00045885046711191535]",0.971521781408228,0.0023060626278349483
355,355,340,112,0.000782012939453125,0.0007112956955097616,0.9717500916794004,"[16.409788131713867, 0.01914791204035282, 0.06280200928449631, 0.22803336381912231, 0.7521371245384216, 0.004132423084229231, 0.00041786045767366886, 0.019787181168794632, 0.18138068914413452, 0.00025340684805996716, 0.0001720042055239901, 0.010746464133262634, 0.0590435266494751, 0.00099871342536062, 0.00023552982020191848, 0.04905858635902405, 0.6615447402000427, 0.0030990452505648136, 0.00047302976599894464]",0.971521781408228,-0.0002283102711724272
356,353,338,112,0.000797271728515625,0.0007256887038238347,0.9720059629969335,"[16.440885543823242, 0.019375817850232124, 0.057230520993471146, 0.20618189871311188, 0.754916250705719, 0.004137408919632435, 0.0004188137245364487, 0.019682573154568672, 0.18161851167678833, 0.0002540027489885688, 0.0001720042055239901, 0.009801593609154224, 0.05703776702284813, 0.0009996660519391298, 0.00023600654094479978, 0.04948435723781586, 0.6617204546928406, 0.0034961311612278223, 0.00046397410915233195]",0.971521781408228,-0.0004841815887055567
357,321,291,112,0.000949859619140625,0.0008750607958063483,0.9724939483651389,"[16.433780670166016, 0.019160892814397812, 0.05583255738019943, 0.2226366400718689, 0.7557685971260071, 0.004137646406888962, 0.00042060110718011856, 0.019692158326506615, 0.18045532703399658, 0.0002553137019276619, 0.00015221867943182588, 0.01049310714006424, 0.05880459025502205, 0.0009651293512433767, 0.00023874769976828247, 0.048858121037483215, 0.6617817282676697, 0.003482232103124261, 0.0004687402688432485]",0.971521781408228,-0.0009721669569109359
358,257,212,112,0.0011444091796875,0.0010663472348824143,0.969207313623261,"[16.44753646850586, 0.019735055044293404, 0.057426273822784424, 0.2058444768190384, 0.7551442384719849, 0.004187981132417917, 0.0004203628050163388, 0.019735055044293404, 0.18148937821388245, 0.0002559096028562635, 0.00016866691294126213, 0.010698227211833, 0.05210239067673683, 0.0010033579310402274, 0.00023421882360707968, 0.04906925559043884, 0.6061995029449463, 0.0032282164320349693, 0.0004599228559527546]",0.971521781408228,0.0023144677849670225
359,309,282,112,0.0009765625,0.0008968951879069209,0.9697938914997442,"[16.377182006835938, 0.019328931346535683, 0.05661069601774216, 0.22765415906906128, 0.7559652924537659, 0.004104642663151026, 0.0004220310365781188, 0.018349185585975647, 0.18032364547252655, 0.00025650550378486514, 0.0001711698860162869, 0.01074375119060278, 0.058708593249320984, 0.0009813260985538363, 0.00023278864682652056, 0.0495433509349823, 0.6615378856658936, 0.003493636380881071, 0.00047434045700356364]",0.971521781408228,0.0017278899084838262
360,310,283,112,0.0009765625,0.0008949980256147683,0.9693854220355493,"[16.45047950744629, 0.01916288211941719, 0.05607806518673897, 0.2277027666568756, 0.7342417240142822, 0.004117464181035757, 0.00041762212640605867, 0.017664140090346336, 0.18089374899864197, 0.000259365770034492, 0.00017128908075392246, 0.010690325871109962, 0.058616410940885544, 0.0008917645900510252, 0.0002330270071979612, 0.04919194430112839, 0.6036055088043213, 0.0034800940193235874, 0.0004253674705978483]",0.971521781408228,0.0021363593726786423
361,317,290,112,0.000957489013671875,0.0008785119862295687,0.971841052489349,"[16.414297103881836, 0.019433926790952682, 0.06418244540691376, 0.22795231640338898, 0.7490643858909607, 0.004250777419656515, 0.00041869457345455885, 0.017663437873125076, 0.18192236125469208, 0.00025555206229910254, 0.00015114595589693636, 0.010815453715622425, 0.058618661016225815, 0.000971917703282088, 0.0002335037279408425, 0.04917333275079727, 0.6616051197052002, 0.0035010017454624176, 0.00046885941992513835]",0.971521781408228,-0.00031927108112106417
362,300,278,112,0.00099945068359375,0.0009218187187798321,0.9720657329346164,"[16.477529525756836, 0.01929829642176628, 0.055876974016427994, 0.22737747430801392, 0.7545713186264038, 0.004156403709203005, 0.0004233417857903987, 0.019815580919384956, 0.18238089978694916, 0.0002498314715921879, 0.00017033556650858372, 0.010666736401617527, 0.05905139446258545, 0.0008877150830812752, 0.00023576818057335913, 0.04907708987593651, 0.6035491824150085, 0.0034481375478208065, 0.0004829194222111255]",0.971521781408228,-0.0005439515263884198
363,271,240,112,0.0010986328125,0.0010188235901296139,0.9720084175335758,"[16.407445907592773, 0.0192519910633564, 0.06352227926254272, 0.22918197512626648, 0.7569473385810852, 0.0041940356604754925, 0.00042143522296100855, 0.019811958074569702, 0.18136538565158844, 0.0002549561613705009, 0.0001716466504149139, 0.01070318091660738, 0.05906128138303757, 0.0009968079393729568, 0.0002329078270122409, 0.04924335330724716, 0.6616472601890564, 0.00323475175537169, 0.0004714807728305459]",0.971521781408228,-0.00048663612534782796
364,293,271,112,0.0010223388671875,0.000938874261919409,0.9724905562616186,"[16.437597274780273, 0.021731119602918625, 0.05641714856028557, 0.2273060530424118, 0.7404015064239502, 0.004595077130943537, 0.0004211969207972288, 0.019831474870443344, 0.18215766549110413, 0.0002584123576525599, 0.00017188502533826977, 0.010598680935800076, 0.05901801586151123, 0.00100740697234869, 0.00023231192608363926, 0.04956422373652458, 0.6620596647262573, 0.003481757128611207, 0.00046969347749836743]",0.971521781408228,-0.0009687748533906415
365,332,317,112,0.0009002685546875,0.0008156966650858521,0.9702770838255099,"[16.389360427856445, 0.019610336050391197, 0.06267605721950531, 0.2216695100069046, 0.7493669390678406, 0.00414346344769001, 0.00042143522296100855, 0.019863497465848923, 0.18393944203853607, 0.0002575780963525176, 0.00017307691450696439, 0.009499703533947468, 0.05863743647933006, 0.0009970461251214147, 0.0002356490003876388, 0.0490533672273159, 0.66166090965271, 0.003237841185182333, 0.000460876093711704]",0.971521781408228,0.0012446975827180573
366,233,179,112,0.0012054443359375,0.001126023125834763,0.9630391496152457,"[16.382444381713867, 0.01893983967602253, 0.05585499107837677, 0.22164984047412872, 0.6885760426521301, 0.0042235939763486385, 0.0004138090298511088, 0.01979921944439411, 0.1813855618238449, 0.0002470903273206204, 0.00017248096992261708, 0.01074787974357605, 0.05232619121670723, 0.000982159748673439, 0.00023123928986024112, 0.049340374767780304, 0.606478750705719, 0.0034698774106800556, 0.0004605186404660344]",0.971521781408228,0.008482631792982254
367,278,249,112,0.001068115234375,0.0009936336427927017,0.9732437044195218,"[16.46527862548828, 0.019173288717865944, 0.05608009546995163, 0.22134272754192352, 0.7389231324195862, 0.004169106017798185, 0.00041869457345455885, 0.019905567169189453, 0.18040306866168976, 0.00024971229140646756, 0.00014995403762441128, 0.010749058797955513, 0.05896002799272537, 0.0009944260818883777, 0.00023445718397852033, 0.04897652193903923, 0.6616498231887817, 0.0035103862173855305, 0.00046171018038876355]",0.971521781408228,-0.0017219230112938133
368,333,310,112,0.0009002685546875,0.0008283811039291322,0.9724255875932469,"[16.438648223876953, 0.01922415941953659, 0.0576978363096714, 0.22127719223499298, 0.7513089776039124, 0.00414643157273531, 0.00042167355422861874, 0.017531782388687134, 0.18137483298778534, 0.00025519452174194157, 0.0001515035255579278, 0.00965107325464487, 0.05842617526650429, 0.0009652484441176057, 0.0002343380037928, 0.049183886498212814, 0.6616572141647339, 0.0034616803750395775, 0.0004687402688432485]",0.971521781408228,-0.0009038061850189516
369,330,307,112,0.000904083251953125,0.000829890719614923,0.9733529709927481,"[16.468017578125, 0.019293736666440964, 0.05647967755794525, 0.20666822791099548, 0.7537636160850525, 0.004184182267636061, 0.0004167880106251687, 0.01991269551217556, 0.17854537069797516, 0.00023529145983047783, 0.00016783259343355894, 0.010693510062992573, 0.058886975049972534, 0.0009744186536408961, 0.00023195437097456306, 0.04939892143011093, 0.6618725061416626, 0.0035082479007542133, 0.0004549183649942279]",0.971521781408228,-0.0018311895845201098
370,339,320,112,0.000888824462890625,0.0008073706994764507,0.9739901356569087,"[16.478729248046875, 0.019749430939555168, 0.05620451644062996, 0.20600883662700653, 0.7535707354545593, 0.0040741306729614735, 0.00042441420373506844, 0.01985262893140316, 0.1814894676208496, 0.0002553137019276619, 0.0001722425949992612, 0.010747053660452366, 0.058566272258758545, 0.000992997083812952, 0.0002325502864550799, 0.048978906124830246, 0.6618001461029053, 0.0034938741009682417, 0.0004698126285802573]",0.971521781408228,-0.0024683542486807486
371,342,329,112,0.000873565673828125,0.0007785497000440955,0.9672597910095263,"[16.434642791748047, 0.020062146708369255, 0.057654961943626404, 0.20588600635528564, 0.7368114590644836, 0.004108916502445936, 0.0004196478403173387, 0.017593279480934143, 0.1810355931520462, 0.00025197668583132327, 0.00016675988445058465, 0.009741034358739853, 0.052110765129327774, 0.0009882333688437939, 0.00022921319759916514, 0.04895733669400215, 0.6032822132110596, 0.00353925209492445, 0.0004544417606666684]",0.971521781408228,0.004261990398701676
372,338,328,112,0.00089263916015625,0.0007798500009812415,0.9736997909441063,"[16.45663833618164, 0.019224626943469048, 0.06273069232702255, 0.2269003540277481, 0.7527487277984619, 0.00415129866451025, 0.0004182179400231689, 0.017486099153757095, 0.1809711456298828, 0.0002494739310350269, 0.00017128908075392246, 0.00958271138370037, 0.0525294691324234, 0.0009939497103914618, 0.00023183519078884274, 0.049515217542648315, 0.6617445945739746, 0.003540439996868372, 0.00046754872892051935]",0.971521781408228,-0.0021780095358783225
373,311,300,112,0.0009765625,0.0008572460501454771,0.9690881010779107,"[16.377296447753906, 0.019208138808608055, 0.06337202340364456, 0.2293562889099121, 0.7415730357170105, 0.004126843065023422, 0.0004223884898237884, 0.017580511048436165, 0.1808362454175949, 0.0002588890492916107, 0.00016735584358684719, 0.009743276983499527, 0.05261882022023201, 0.0009924016194418073, 0.00023314618738368154, 0.04922417178750038, 0.6617189049720764, 0.0034767675679177046, 0.00046826363541185856]",0.971521781408228,0.0024336803303173227
374,246,214,112,0.0011749267578125,0.0010602561524137855,0.9721540647105461,"[16.467533111572266, 0.019469235092401505, 0.05614670366048813, 0.2053874433040619, 0.7375459671020508, 0.004104048945009708, 0.0004211969207972288, 0.019750716164708138, 0.18092787265777588, 0.00025293012731708586, 0.00016532962035853416, 0.010741510428488255, 0.05245741456747055, 0.0010044296504929662, 0.0002379134384682402, 0.048958245664834976, 0.6618683934211731, 0.003488290822133422, 0.0004664763400796801]",0.971521781408228,-0.0006322833023181262
375,141,106,112,0.00139617919921875,0.0012911007506772876,0.9743292934765219,"[16.456626892089844, 0.01910007931292057, 0.061963021755218506, 0.22888986766338348, 0.7534849643707275, 0.004192966967821121, 0.00041869457345455885, 0.01983463019132614, 0.18141669034957886, 0.0002506657037883997, 0.00017212340026162565, 0.010782315395772457, 0.05896800756454468, 0.0009051040397025645, 0.00023505308490712196, 0.0492229238152504, 0.6617958545684814, 0.003523453138768673, 0.0004732680681627244]",0.971521781408228,-0.0028075120682938826
376,6,1,112,0.00171661376953125,0.001614473294466734,0.9668198759555755,"[16.396814346313477, 0.019632428884506226, 0.06282831728458405, 0.20287711918354034, 0.7519344687461853, 0.004137052688747644, 0.00042429505265317857, 0.02060566283762455, 0.18181543052196503, 0.0002584123576525599, 0.00017188502533826977, 0.010771112516522408, 0.05928274244070053, 0.0010053823934867978, 0.00023588736075907946, 0.049431826919317245, 0.603426456451416, 0.00346310599707067, 0.00046171018038876355]",0.971521781408228,0.004701905452652477
377,44,355,112,0.00160980224609375,-0.003744961693882942,0.9683427934138117,"[16.452653884887695, 0.01928812265396118, 0.057712577283382416, 0.20338548719882965, 0.7418183088302612, 0.004576565697789192, 0.00042024365393444896, 0.019818386062979698, 0.17879323661327362, 0.0002580548170953989, 0.00014852374442853034, 0.009683067910373211, 0.052192915230989456, 0.0010283663868904114, 0.0002317160106031224, 0.04954913631081581, 0.6032894253730774, 0.003216333920136094, 0.0004487222759053111]",0.971521781408228,0.0031789879944162935
378,114,356,112,0.00144195556640625,-0.003945552743971348,0.9688282094085527,"[16.477447509765625, 0.01933688297867775, 0.05567651987075806, 0.22836926579475403, 0.6911109685897827, 0.004187862388789654, 0.00042012447374872863, 0.019841643050312996, 0.1811579316854477, 0.00025733973598107696, 0.00017069313616957515, 0.009583655744791031, 0.0590248741209507, 0.0009722749819047749, 0.0002330270071979612, 0.04947051405906677, 0.6065289378166199, 0.0034869839437305927, 0.0004589696181938052]",0.971521781408228,0.002693571999675237
379,234,357,112,0.0012054443359375,-0.004179821815341711,0.9707595538041603,"[16.39992332458496, 0.019151536747813225, 0.06315090507268906, 0.2213619351387024, 0.7490761280059814, 0.004191423766314983, 0.0004245333548169583, 0.017587890848517418, 0.18433400988578796, 0.00023326536756940186, 0.00017093151109293103, 0.00964115560054779, 0.05867329612374306, 0.0009975224966183305, 0.00023576818057335913, 0.04961969703435898, 0.6616674065589905, 0.003514187643304467, 0.0004766043566633016]",0.971521781408228,0.0007622276040676335
382,137,321,112,0.00140380859375,0.0008034741622395813,0.9713910912955486,"[16.425264358520508, 0.019715066999197006, 0.05569196492433548, 0.22750690579414368, 0.7398035526275635, 0.004223712719976902, 0.0004232226056046784, 0.019879741594195366, 0.17885884642601013, 0.0002506657037883997, 0.00017188502533826977, 0.009724033996462822, 0.05886708199977875, 0.0009979988681152463, 0.00023314618738368154, 0.04913315549492836, 0.6617610454559326, 0.003459779778495431, 0.00046456989366561174]",0.971521781408228,0.00013069011267941022
383,146,346,112,0.0013885498046875,0.0003121625049971044,0.9688681619522149,"[16.447433471679688, 0.019719859585165977, 0.05748502537608147, 0.20555178821086884, 0.7529202103614807, 0.004231428727507591, 0.00042143522296100855, 0.019843745976686478, 0.18035180866718292, 0.00024875884992070496, 0.0001714082609396428, 0.009680825285613537, 0.052548132836818695, 0.0009946642676368356, 0.00023195437097456306, 0.04940368980169296, 0.6033364534378052, 0.0034602549858391285, 0.0004601611872203648]",0.971521781408228,0.0026536194560130566
384,28,12,112,0.0016632080078125,0.0015428379410877824,0.9746557510761226,"[16.47675132751465, 0.019805997610092163, 0.055650584399700165, 0.22809846699237823, 0.7535049915313721, 0.004134797025471926, 0.00042215018766000867, 0.019670652225613594, 0.1808934509754181, 0.00025817399728111923, 0.00017009719158522785, 0.010727948509156704, 0.05231600999832153, 0.0009747759322635829, 0.00023314618738368154, 0.04908798262476921, 0.6617688536643982, 0.0035058720968663692, 0.0004839917819481343]",0.971521781408228,-0.003133969667894587
386,115,90,112,0.00144195556640625,0.001315537840127945,0.969619701281006,"[16.392728805541992, 0.01909937709569931, 0.05733847618103027, 0.20627501606941223, 0.7562284469604492, 0.004113546572625637, 0.0004164305282756686, 0.019852979108691216, 0.18120457231998444, 0.0002522150462027639, 0.00016890530241653323, 0.010682659223675728, 0.0587967224419117, 0.000900101731531322, 0.0002335037279408425, 0.0490804947912693, 0.6614259481430054, 0.0035182263236492872, 0.00045789722935296595]",0.971521781408228,0.0019020801272219279
387,111,91,112,0.00145721435546875,0.0013149888254702091,0.9748405488093053,"[16.481176376342773, 0.0196004007011652, 0.057572025805711746, 0.229141503572464, 0.7535222768783569, 0.004109272733330727, 0.0004234609368722886, 0.01964680664241314, 0.1775299459695816, 0.00025817399728111923, 0.00015233787416946143, 0.010594788007438183, 0.05213656648993492, 0.0009776342194527388, 0.00023112009512260556, 0.04933413118124008, 0.661858320236206, 0.003232494229450822, 0.0004727914638351649]",0.971521781408228,-0.0033187674010772827
388,37,28,112,0.0016326904296875,0.0014770907582715154,0.9700236331761851,"[16.41313934326172, 0.019342612475156784, 0.05800768360495567, 0.20610933005809784, 0.7407934665679932, 0.004181927070021629, 0.0004146431456319988, 0.017535414546728134, 0.1847166270017624, 0.0002653246629051864, 0.0001685477327555418, 0.01075141690671444, 0.05883774906396866, 0.0009756095823831856, 0.00023493390472140163, 0.04934491217136383, 0.6616880297660828, 0.00347605487331748, 0.0004654039512388408]",0.971521781408228,0.0014981482320428618
400,173,139,112,0.0013427734375,0.0012160087935626507,0.9712555130153258,"[16.421382904052734, 0.019176915287971497, 0.06301279366016388, 0.2062833458185196, 0.755099892616272, 0.0041987840086221695, 0.00042548662167973816, 0.019867470487952232, 0.17938444018363953, 0.0002571013756096363, 0.00016759421851020306, 0.009805017150938511, 0.05874602869153023, 0.0010053823934867978, 0.0002383901592111215, 0.049512945115566254, 0.6613080501556396, 0.0035166821908205748, 0.0004655231023207307]",0.971521781408228,0.0002662683929022247
401,98,64,112,0.00148773193359375,0.0013679545372724533,0.9705124690540528,"[16.412796020507812, 0.019306715577840805, 0.0576230026781559, 0.2290777862071991, 0.7353360056877136, 0.004128861241042614, 0.0004204819560982287, 0.01986735314130783, 0.1815022975206375, 0.00025340684805996716, 0.0001679517881711945, 0.01078974548727274, 0.052142221480607986, 0.000967153930105269, 0.00023398046323563904, 0.04949207231402397, 0.6616629362106323, 0.0034973190631717443, 0.00047159992391243577]",0.971521781408228,0.0010093123541752291
402,166,128,112,0.00135040283203125,0.0012313822517171502,0.9729726508935288,"[16.442115783691406, 0.01926824450492859, 0.05581947788596153, 0.22810909152030945, 0.7533958554267883, 0.004111528396606445, 0.00047088501742109656, 0.02067946456372738, 0.18282006680965424, 0.0002553137019276619, 0.0001711698860162869, 0.010713913477957249, 0.05251951515674591, 0.0009946642676368356, 0.00023946279543451965, 0.04936760663986206, 0.6617640852928162, 0.0032106302678585052, 0.0004536076739896089]",0.971521781408228,-0.0014508694853008208
403,116,92,112,0.00144195556640625,0.001314781722612679,0.9709534170397092,"[16.41961669921875, 0.01919012889266014, 0.05714203044772148, 0.2286437749862671, 0.7391237616539001, 0.004106423351913691, 0.00042441420373506844, 0.019788701087236404, 0.18128304183483124, 0.0002580548170953989, 0.00016973962192423642, 0.009514463134109974, 0.05257844552397728, 0.0010000233305618167, 0.00023624490131624043, 0.04914121329784393, 0.6619549989700317, 0.0034777179826050997, 0.0004650464979931712]",0.971521781408228,0.0005683643685188144
404,190,163,112,0.00130462646484375,0.0011546618770807981,0.9724949743678352,"[16.441015243530273, 0.019291279837489128, 0.05706985667347908, 0.22089549899101257, 0.7495052814483643, 0.004231428727507591, 0.00042691652197390795, 0.019880441948771477, 0.1801474392414093, 0.00025197668583132327, 0.00016973962192423642, 0.009742804802954197, 0.058957330882549286, 0.0009838269324973226, 0.0002361257211305201, 0.048979587852954865, 0.661632776260376, 0.0035213150549679995, 0.00046564225340262055]",0.971521781408228,-0.0009731929596071831
405,148,140,112,0.00138092041015625,0.0012151905102655292,0.9737057277647851,"[16.45671844482422, 0.01939931884407997, 0.05644429847598076, 0.2270471304655075, 0.7507010698318481, 0.004148449748754501, 0.00047100416850298643, 0.01763591356575489, 0.1827685385942459, 0.00025376438861712813, 0.00017188502533826977, 0.009607033804059029, 0.058738384395837784, 0.0010004997020587325, 0.0002388668799540028, 0.049288857728242874, 0.6618143320083618, 0.0035038527566939592, 0.00045718232286162674]",0.971521781408228,-0.002183946356557165
406,10,13,112,0.00170135498046875,0.0015358154196292162,0.9759002317977751,"[16.478965759277344, 0.021668829023838043, 0.06333442777395248, 0.22882378101348877, 0.760914146900177, 0.004627709276974201, 0.00042381841922178864, 0.01768498681485653, 0.17992760241031647, 0.0002563863235991448, 0.00017188502533826977, 0.010815453715622425, 0.05890316143631935, 0.000979658798314631, 0.00023469554434996098, 0.04881316423416138, 0.6616040468215942, 0.0034866277128458023, 0.00046826363541185856]",0.971521781408228,-0.004378450389547095
408,19,11,112,0.001678466796875,0.0015432765940204263,0.9743567005230274,"[16.47283363342285, 0.019454503431916237, 0.05855761468410492, 0.22797319293022156, 0.7528547048568726, 0.004170292988419533, 0.00040928093949332833, 0.019837670028209686, 0.17858096957206726, 0.00024923557066358626, 0.00017188502533826977, 0.00954008661210537, 0.052026912569999695, 0.0009844223968684673, 0.0002585315378382802, 0.049214188009500504, 0.6617349982261658, 0.0034585916437208652, 0.00046659549116156995]",0.971521781408228,-0.0028349191147993835
411,17,7,112,0.00168609619140625,0.001573275774717331,0.9727330697220934,"[16.430187225341797, 0.019528156146407127, 0.057114556431770325, 0.23056121170520782, 0.7539279460906982, 0.004185488447546959, 0.00041762212640605867, 0.01991398073732853, 0.18060003221035004, 0.000251142424531281, 0.00016830935783218592, 0.009427198208868504, 0.059154435992240906, 0.0009977606823667884, 0.00023326536756940186, 0.04947040230035782, 0.661841630935669, 0.0034932801499962807, 0.00045468006283044815]",0.971521781408228,-0.0012112883138654107
412,154,351,112,0.001373291015625,-0.0013680877164006233,0.9734892059695037,"[16.47296714782715, 0.019243454560637474, 0.05732496827840805, 0.20648331940174103, 0.7525969743728638, 0.004138358868658543, 0.00041214076918549836, 0.01905364729464054, 0.17966856062412262, 0.0002531684876885265, 0.00017081231635529548, 0.010697519406676292, 0.05715610086917877, 0.0010006187949329615, 0.0002329078270122409, 0.0492086261510849, 0.6617322564125061, 0.003474747994914651, 0.00047958316281437874]",0.971521781408228,-0.0019674245612757435
413,132,350,112,0.00141143798828125,-0.001356121152639389,0.9719424212372886,"[16.440032958984375, 0.021684693172574043, 0.06287253648042679, 0.20608635246753693, 0.7553365230560303, 0.0041467878036201, 0.0004259632551111281, 0.017578402534127235, 0.1794387400150299, 0.00025006983196362853, 0.00017093151109293103, 0.010588536970317364, 0.05237811803817749, 0.0009781105909496546, 0.000259365770034492, 0.04903985932469368, 0.6616474986076355, 0.0035137124359607697, 0.0004768426588270813]",0.971521781408228,-0.0004206398290605984
414,133,349,112,0.00141143798828125,-0.0013411123072728515,0.969010073388314,"[16.445945739746094, 0.019192000851035118, 0.05679835006594658, 0.22698765993118286, 0.7379246354103088, 0.004226324148476124, 0.00046885941992513835, 0.019817568361759186, 0.17932824790477753, 0.0002470903273206204, 0.00017236177518498152, 0.010643383488059044, 0.052561476826667786, 0.0009742995607666671, 0.00023719835735391825, 0.04894508048892021, 0.6031714081764221, 0.0030856162775307894, 0.0004640932602342218]",0.971521781408228,0.0025117080199139608
417,125,206,112,0.0014190673828125,0.0010801495518535376,0.9720762151769841,"[16.459339141845703, 0.019289527088403702, 0.05777716264128685, 0.20562107861042023, 0.7380574345588684, 0.004167444072663784, 0.0004233417857903987, 0.017506364732980728, 0.18157567083835602, 0.00024923557066358626, 0.0001510267611593008, 0.010611419565975666, 0.058820437639951706, 0.0008958140970207751, 0.0002294515579706058, 0.049186382442712784, 0.6615875959396362, 0.003479856299236417, 0.0004797023138962686]",0.971521781408228,-0.0005544337687560796
418,352,347,112,0.000812530517578125,0.00022358907153829932,0.9657455219153475,"[16.3835506439209, 0.019259825348854065, 0.05549214780330658, 0.2206984907388687, 0.7363472580909729, 0.004159608855843544, 0.0004245333548169583, 0.01986536756157875, 0.18180866539478302, 0.00025388356880284846, 0.0001716466504149139, 0.010680535808205605, 0.05889956280589104, 0.0009925207123160362, 0.00023183519078884274, 0.04907175526022911, 0.603268563747406, 0.003507535206153989, 0.0004805363714694977]",0.971521781408228,0.00577625949288052
419,331,325,112,0.000904083251953125,0.0007863908540457487,0.9674050403233483,"[16.4091796875, 0.01960975117981434, 0.06247572973370552, 0.20596808195114136, 0.7587510347366333, 0.004166494123637676, 0.00041952868923544884, 0.01998993754386902, 0.1801827847957611, 0.00024863966973498464, 0.0001752223033690825, 0.009520131163299084, 0.05254100635647774, 0.001010503270663321, 0.0002302858338225633, 0.04908571392297745, 0.6034477353096008, 0.0032294047996401787, 0.0004640932602342218]",0.971521781408228,0.004116741084879694
420,238,207,112,0.00119781494140625,0.0010751765221357346,0.9733589405904671,"[16.4727783203125, 0.019691690802574158, 0.06466653198003769, 0.20529648661613464, 0.7401229739189148, 0.0040998938493430614, 0.00042167355422861874, 0.01985601708292961, 0.18027257919311523, 0.00024780540843494236, 0.00015221867943182588, 0.011113646440207958, 0.058894842863082886, 0.0009818024700507522, 0.00023552982020191848, 0.04924494028091431, 0.66181880235672, 0.0034583541564643383, 0.0004657614335883409]",0.971521781408228,-0.0018371591822391453
421,322,312,112,0.000949859619140625,0.0008211187669076025,0.9675204998493427,"[16.425556182861328, 0.019304610788822174, 0.05611063912510872, 0.20530056953430176, 0.7494485974311829, 0.004207924474030733, 0.00040975757292471826, 0.01977701298892498, 0.1811598241329193, 0.00025733973598107696, 0.00017033556650858372, 0.010661193169653416, 0.05263793468475342, 0.0008859285153448582, 0.0002330270071979612, 0.049362726509571075, 0.603441059589386, 0.0035086043644696474, 0.00045622908510267735]",0.971521781408228,0.004001281558885239
422,297,288,112,0.00101470947265625,0.0008841774542815983,0.9719172457752345,"[16.452838897705078, 0.01920977607369423, 0.05606555566191673, 0.20684872567653656, 0.7390956282615662, 0.0046506100334227085, 0.0004295380203984678, 0.019781455397605896, 0.181418776512146, 0.0002553137019276619, 0.00016759421851020306, 0.010834439657628536, 0.058675993233919144, 0.000982159748673439, 0.00023529145983047783, 0.04945962503552437, 0.6614896655082703, 0.0035217900294810534, 0.0004668337933253497]",0.971521781408228,-0.0003954643670065483
423,164,132,112,0.0013580322265625,0.001227066619321704,0.9673308539035803,"[16.41202163696289, 0.019360968843102455, 0.055777765810489655, 0.22957225143909454, 0.738966166973114, 0.004235702101141214, 0.0004210777406115085, 0.01983463019132614, 0.17902639508247375, 0.0002553137019276619, 0.00016902448260225356, 0.009829452261328697, 0.05227607488632202, 0.0010044296504929662, 0.00023266946664080024, 0.049535635858774185, 0.6030584573745728, 0.0032506741117686033, 0.00045789722935296595]",0.971521781408228,0.004190927504647668
424,76,44,112,0.00154876708984375,0.0014329192927107215,0.971132286985123,"[16.493154525756836, 0.01924871653318405, 0.05754827708005905, 0.22072947025299072, 0.7341277599334717, 0.004110103473067284, 0.00041929035796783864, 0.01829639822244644, 0.17955170571804047, 0.00025090406415984035, 0.00015221867943182588, 0.009679879993200302, 0.05677751451730728, 0.000959531927946955, 0.00023684080224484205, 0.04933197796344757, 0.6032253503799438, 0.003248178865760565, 0.0004648081958293915]",0.971521781408228,0.0003894944231049857
426,51,29,112,0.00159454345703125,0.001475055585615337,0.9728400508603571,"[16.45734214782715, 0.019549665972590446, 0.056520573794841766, 0.20519162714481354, 0.7542909383773804, 0.004148331005126238, 0.00040975757292471826, 0.019725587218999863, 0.18158520758152008, 0.00024625606602057815, 0.00016783259343355894, 0.00982685573399067, 0.05880593881011009, 0.0009788251481950283, 0.00023541064001619816, 0.04915449023246765, 0.6617946624755859, 0.0035147815942764282, 0.0004720765573438257]",0.971521781408228,-0.001318269452129095
427,223,188,112,0.00122833251953125,0.0011076376540586352,0.969426837834793,"[16.443580627441406, 0.019207436591386795, 0.06327512860298157, 0.2273191660642624, 0.7400643229484558, 0.004205787554383278, 0.0004209585895296186, 0.019593853503465652, 0.1818644255399704, 0.0002547178009990603, 0.00016783259343355894, 0.009548233821988106, 0.052009373903274536, 0.0009723940747790039, 0.0002348147245356813, 0.04971259832382202, 0.6031386256217957, 0.003070404287427664, 0.00046921687317080796]",0.971521781408228,0.002094943573434982
428,201,164,112,0.00127410888671875,0.0011542964493855834,0.9716256742678141,"[16.43268394470215, 0.019635701552033424, 0.05603579804301262, 0.20593994855880737, 0.7579717040061951, 0.004173142369836569, 0.00042524831951595843, 0.01981920376420021, 0.17994153499603271, 0.0002544794406276196, 0.00016699827392585576, 0.009732180275022984, 0.05875580757856369, 0.0009077242575585842, 0.00024053541710600257, 0.04925379157066345, 0.6612550020217896, 0.0032225127797573805, 0.00047255316167138517]",0.971521781408228,-0.00010389285958611882
429,226,196,112,0.00121307373046875,0.0010928921401500702,0.9696184575640425,"[16.460729598999023, 0.019152238965034485, 0.062126483768224716, 0.20268023014068604, 0.7530881762504578, 0.004655000288039446, 0.00042083943844772875, 0.0184087585657835, 0.18109488487243652, 0.00025555206229910254, 0.00017128908075392246, 0.009818119928240776, 0.05270850285887718, 0.0010056205792352557, 0.0002286172821186483, 0.04890398681163788, 0.6033298373222351, 0.0035018331836909056, 0.0004711233195848763]",0.971521781408228,0.001903323844185456
430,318,311,112,0.000957489013671875,0.0008241718169301748,0.9716544545471583,"[16.417598724365234, 0.019248131662607193, 0.05732935667037964, 0.22827666997909546, 0.7549146413803101, 0.004634116776287556, 0.0004217927053105086, 0.01750355213880539, 0.18185240030288696, 0.00024732868769206107, 0.00016735584358684719, 0.010671572759747505, 0.05218035355210304, 0.0009947833605110645, 0.00023398046323563904, 0.04937203228473663, 0.6617962121963501, 0.0035124055575579405, 0.00047922570956870914]",0.971521781408228,-0.00013267313893028376
431,227,213,112,0.00121307373046875,0.0010621233377605677,0.9707720368245837,"[16.419815063476562, 0.01895902305841446, 0.057487163692712784, 0.20529066026210785, 0.7567060589790344, 0.004163526464253664, 0.00041929035796783864, 0.019707471132278442, 0.18262454867362976, 0.00025614796322770417, 0.00016759421851020306, 0.010654824785888195, 0.05208609625697136, 0.0008884296985343099, 0.0002343380037928, 0.04947845637798309, 0.6617662310600281, 0.0035039715003222227, 0.00045980370487086475]",0.971521781408228,0.0007497445836442962
432,242,235,112,0.00118255615234375,0.0010240394622087479,0.9690573562517162,"[16.42904281616211, 0.01926274783909321, 0.05694149062037468, 0.22849619388580322, 0.689386785030365, 0.0041099851951003075, 0.0004182179400231689, 0.01982715167105198, 0.18063117563724518, 0.0002466136065777391, 0.00017045476124621928, 0.009551658295094967, 0.05850263312458992, 0.0010000233305618167, 0.00023362292267847806, 0.04914041981101036, 0.6614091992378235, 0.003250911831855774, 0.0004676678800024092]",0.971521781408228,0.002464425156511796
433,206,199,112,0.0012664794921875,0.0010906379902735353,0.9740263820092782,"[16.463886260986328, 0.01928473263978958, 0.05713110789656639, 0.2293129712343216, 0.753051221370697, 0.004126486834138632, 0.00042083943844772875, 0.01900089718401432, 0.18035142123699188, 0.00025722055579535663, 0.00015198028995655477, 0.010744812898337841, 0.05242302641272545, 0.0008796160109341145, 0.00023541064001619816, 0.04965735971927643, 0.6616427898406982, 0.0034840141888707876, 0.00045908879837952554]",0.971521781408228,-0.0025046006010501776
434,87,88,112,0.0015106201171875,0.0013207235606387258,0.9660421583103016,"[16.398231506347656, 0.019637104123830795, 0.06289269030094147, 0.20510365068912506, 0.7387992143630981, 0.004097519442439079, 0.0004183370911050588, 0.017506597563624382, 0.18102574348449707, 0.0002598424907773733, 0.0001685477327555418, 0.010606701485812664, 0.05859212949872017, 0.0009573881980031729, 0.00023588736075907946, 0.049394723027944565, 0.6031680107116699, 0.003229167079553008, 0.000476246903417632]",0.971521781408228,0.005479623097926378
436,18,34,112,0.00168609619140625,0.00146078085526824,0.9729121723196984,"[16.43453025817871, 0.019613023847341537, 0.056203387677669525, 0.22702214121818542, 0.7552760243415833, 0.004229291807860136, 0.0004124982515349984, 0.019869573414325714, 0.1817912757396698, 0.00024685196694917977, 0.00016878610767889768, 0.010747643187642097, 0.05877278000116348, 0.0010052633006125689, 0.0002321927313460037, 0.04962559789419174, 0.6615951061248779, 0.003521433798596263, 0.0004681444843299687]",0.971521781408228,-0.0013903909114704183
445,72,61,112,0.00156402587890625,0.0013746399199590087,0.9689049267816652,"[16.43829345703125, 0.019902179017663002, 0.06294070929288864, 0.20517677068710327, 0.7518328428268433, 0.004618453793227673, 0.00042143522296100855, 0.019824229180812836, 0.17881667613983154, 0.00025614796322770417, 0.00016878610767889768, 0.01072264090180397, 0.05849262699484825, 0.0009740613750182092, 0.0002338612830499187, 0.04923779144883156, 0.6033381819725037, 0.0034799750428646803, 0.0004627825692296028]",0.971521781408228,0.0026168546265628034
447,60,62,112,0.00157928466796875,0.001372249098494649,0.9727449476669886,"[16.49365997314453, 0.01924392208456993, 0.05506802722811699, 0.22121164202690125, 0.7542160153388977, 0.004237957298755646, 0.00041940953815355897, 0.020001739263534546, 0.18361875414848328, 0.000248043768806383, 0.00017236177518498152, 0.01067829504609108, 0.05875400826334953, 0.0009894242975860834, 0.0002337421028641984, 0.04940153285861015, 0.6060709953308105, 0.0034598985221236944, 0.00046826363541185856]",0.971521781408228,-0.0012231662587606218
448,74,69,112,0.001556396484375,0.0013560656225308776,0.9729810331995586,"[16.440292358398438, 0.021636631339788437, 0.05510977283120155, 0.2261900007724762, 0.7537475824356079, 0.004145956598222256, 0.0004215544031467289, 0.017636148259043694, 0.18182973563671112, 0.0002450642641633749, 0.00016962042718660086, 0.01071768719702959, 0.05875805392861366, 0.0009750141180120409, 0.00023624490131624043, 0.049067895859479904, 0.6617587208747864, 0.0032336823642253876, 0.00046790618216618896]",0.971521781408228,-0.0014592517913306624
454,25,66,112,0.00167083740234375,0.0013648730237036943,0.972844003468421,"[16.445533752441406, 0.019212348386645317, 0.055906958878040314, 0.22670356929302216, 0.7526172995567322, 0.004730699583888054, 0.00042381841922178864, 0.019807282835245132, 0.1813821792602539, 0.0002498314715921879, 0.00017045476124621928, 0.009490611031651497, 0.05202159285545349, 0.0010089550632983446, 0.0002361257211305201, 0.04920317977666855, 0.661698579788208, 0.0031785464379936457, 0.0004602803383022547]",0.971521781408228,-0.0013222220601930568
455,1,33,112,0.00173187255859375,0.001464588101953268,0.9644154684754443,"[16.4299373626709, 0.019493434578180313, 0.05553353577852249, 0.20490768551826477, 0.6882851719856262, 0.004132778849452734, 0.00043215948971919715, 0.017674680799245834, 0.18401670455932617, 0.00025459862081333995, 0.00017176583060063422, 0.009674213826656342, 0.05206538736820221, 0.0010032388381659985, 0.00022968991834204644, 0.048987533897161484, 0.6033795475959778, 0.0032503176480531693, 0.0004640932602342218]",0.971521781408228,0.007106312932783632
460,13,14,112,0.0016937255859375,0.0015266200061887503,0.9699397424586718,"[16.457029342651367, 0.01914510503411293, 0.055758487433195114, 0.22162146866321564, 0.7531387209892273, 0.004101080819964409, 0.0004161922261118889, 0.017799407243728638, 0.17967672646045685, 0.0002516191452741623, 0.0001685477327555418, 0.009694402106106281, 0.05252630263566971, 0.0009738231892697513, 0.00023457636416424066, 0.04896857589483261, 0.603381335735321, 0.003498388221487403, 0.00047100416850298643]",0.971521781408228,0.0015820389495562193
461,85,81,112,0.00151824951171875,0.0013333812821656466,0.9697603244551972,"[16.43896484375, 0.019761119037866592, 0.06276293843984604, 0.22707192599773407, 0.6880927681922913, 0.004260392393916845, 0.00042489083716645837, 0.017598316073417664, 0.1815798431634903, 0.000254241080256179, 0.00017331528943032026, 0.009647059254348278, 0.05874231830239296, 0.0010053823934867978, 0.00023231192608363926, 0.0494375005364418, 0.6617366075515747, 0.0032360588666051626, 0.00046433156239800155]",0.971521781408228,0.00176145695303076
462,174,172,112,0.0013427734375,0.0011453235056251287,0.9733097076907717,"[16.467561721801758, 0.019251523539423943, 0.05595960095524788, 0.20635803043842316, 0.7521157264709473, 0.004220507573336363, 0.00042358008795417845, 0.01956614851951599, 0.18119493126869202, 0.0002516191452741623, 0.0001685477327555418, 0.010942099615931511, 0.059073980897665024, 0.000993830617517233, 0.0002343380037928, 0.0490262396633625, 0.6618739366531372, 0.00319886626675725, 0.00046921687317080796]",0.971521781408228,-0.0017879262825437614
463,211,225,112,0.001251220703125,0.0010416331933811307,0.965625108988637,"[16.438182830810547, 0.019344015046954155, 0.06298279762268066, 0.20357602834701538, 0.6896733045578003, 0.0041474997997283936, 0.00042381841922178864, 0.019123820587992668, 0.181702122092247, 0.0002520958660170436, 0.0001714082609396428, 0.010768989101052284, 0.058837633579969406, 0.0010000233305618167, 0.00023529145983047783, 0.04927966371178627, 0.6032322645187378, 0.003482945030555129, 0.0004605186404660344]",0.971521781408228,0.00589667241959102
464,20,32,112,0.001678466796875,0.0014647472416982055,0.9680588104973523,"[16.435041427612305, 0.01950816437602043, 0.057398471981287, 0.20477326214313507, 0.7524315118789673, 0.004135390743613243, 0.0004190520558040589, 0.01972336694598198, 0.17941881716251373, 0.0002543602604418993, 0.00017188502533826977, 0.009598415344953537, 0.052648451179265976, 0.0010045487433671951, 0.00023779425828251988, 0.04906369373202324, 0.6035903096199036, 0.0032387918327003717, 0.0004596845537889749]",0.971521781408228,0.0034629709108756623
475,2,2,112,0.00173187255859375,0.001607161364518106,0.9676115933214436,"[16.4169979095459, 0.019373830407857895, 0.056106243282556534, 0.20645608007907867, 0.7549492716789246, 0.004156403709203005, 0.0004158347437623888, 0.0183109138160944, 0.18071764707565308, 0.0002494739310350269, 0.0001726001501083374, 0.009812099859118462, 0.05909139662981033, 0.0009758477681316435, 0.0002330270071979612, 0.04902464896440506, 0.6036044359207153, 0.003498744685202837, 0.00047386385267600417]",0.971521781408228,0.003910188086784339
476,52,35,112,0.00159454345703125,0.0014597837580367923,0.9749544618259135,"[16.49547576904297, 0.019151771441102028, 0.06298571079969406, 0.2051599770784378, 0.7559552192687988, 0.004149280488491058, 0.000416907190810889, 0.019812660291790962, 0.18129289150238037, 0.0002456601650919765, 0.0001691436773398891, 0.010632060468196869, 0.05232856795191765, 0.000993116176687181, 0.0002337421028641984, 0.049394723027944565, 0.6618061065673828, 0.0034702338743954897, 0.0004612335760612041]",0.971521781408228,-0.0034326804176855186
477,212,211,112,0.001251220703125,0.0010678438702598214,0.9700883221896794,"[16.44639778137207, 0.01961442641913891, 0.05787358433008194, 0.2270669788122177, 0.6894778609275818, 0.004193204455077648, 0.0004211969207972288, 0.017641300335526466, 0.18326202034950256, 0.0002540027489885688, 0.00017128908075392246, 0.010764979757368565, 0.05859808623790741, 0.0009678685455583036, 0.00023445718397852033, 0.04939392954111099, 0.6614106893539429, 0.0034639376681298018, 0.00047052756417542696]",0.971521781408228,0.0014334592185485384
478,81,108,112,0.00153350830078125,0.001288110506720841,0.9718864560556156,"[16.43503189086914, 0.01961781643331051, 0.056484971195459366, 0.22884131968021393, 0.7399592995643616, 0.0040864781476557255, 0.00041952868923544884, 0.01995067484676838, 0.18200187385082245, 0.0002493547508493066, 0.0001515035255579278, 0.010678177699446678, 0.052395425736904144, 0.0009995469590649009, 0.0002343380037928, 0.04934706911444664, 0.6616219282150269, 0.003256258787587285, 0.0005152089870534837]",0.971521781408228,-0.00036467464738765276
479,160,230,112,0.00136566162109375,0.0010314069222658873,0.9724819970816545,"[16.447608947753906, 0.019555628299713135, 0.05471110716462135, 0.2259010225534439, 0.7413000464439392, 0.004614063072949648, 0.00042250767000950873, 0.019874248653650284, 0.17900626361370087, 0.0002512616047170013, 0.0001716466504149139, 0.009559450671076775, 0.05874164402484894, 0.0008877150830812752, 0.0002361257211305201, 0.04905495420098305, 0.6615069508552551, 0.003280973294749856, 0.00047338721924461424]",0.971521781408228,-0.0009602156734265233
480,167,264,112,0.00135040283203125,0.0009569131070747972,0.9687189806381388,"[16.43532943725586, 0.019223107025027275, 0.057696934789419174, 0.20567505061626434, 0.7540740370750427, 0.004127199295908213, 0.0004204819560982287, 0.019814645871520042, 0.17956097424030304, 0.0002540027489885688, 0.00017105070583056659, 0.00961848720908165, 0.058838535100221634, 0.0009997851448133588, 0.00023469554434996098, 0.04923257231712341, 0.6064461469650269, 0.003474747994914651, 0.0004687402688432485]",0.971521781408228,0.002802800770089209
481,195,298,112,0.00128936767578125,0.0008631953969597816,0.9679953454477456,"[16.441835403442383, 0.019229888916015625, 0.057305607944726944, 0.20277591049671173, 0.7378670573234558, 0.004231784492731094, 0.0004135706985834986, 0.019812775775790215, 0.18072311580181122, 0.00023064337437972426, 0.00015448330668732524, 0.010789391584694386, 0.058666326105594635, 0.0009700122172944248, 0.00023469554434996098, 0.048962898552417755, 0.6037397980690002, 0.003498744685202837, 0.0004694551753345877]",0.971521781408228,0.0035264359604824103
495,96,241,112,0.001495361328125,0.0010176845826208591,0.9694192923236283,"[16.447782516479492, 0.01916404999792576, 0.06399673223495483, 0.20640186965465546, 0.6925923228263855, 0.004179671406745911, 0.00041762212640605867, 0.019857069477438927, 0.1797659695148468, 0.0002826052950695157, 0.00017093151109293103, 0.009708923287689686, 0.05882437154650688, 0.0009976415894925594, 0.00023398046323563904, 0.04908446595072746, 0.6617937684059143, 0.0032450894359499216, 0.00046695294440723956]",0.971521781408228,0.002102489084599646
521,185,193,112,0.00131988525390625,0.0010991004528477788,0.9714023168757864,"[16.44245147705078, 0.01920299232006073, 0.056331515312194824, 0.20603901147842407, 0.7408804297447205, 0.004142632707953453, 0.00042417587246745825, 0.020500674843788147, 0.18076440691947937, 0.00025376438861712813, 0.00017152745567727834, 0.010717097669839859, 0.058626528829336166, 0.0009606037638150156, 0.00023278864682652056, 0.0492752380669117, 0.6617154479026794, 0.0034840141888707876, 0.00046969347749836743]",0.971521781408228,0.00011946453244160438
522,186,182,112,0.00131988525390625,0.0011201321613043547,0.9723056278269627,"[16.496862411499023, 0.01934904232621193, 0.06311935186386108, 0.22716662287712097, 0.7370026111602783, 0.004088733810931444, 0.0004757702990900725, 0.019822008907794952, 0.17878317832946777, 0.00027581225731410086, 0.00017105070583056659, 0.009529341012239456, 0.059075888246297836, 0.0009766814764589071, 0.00023278864682652056, 0.04927932471036911, 0.6036194562911987, 0.0035131184849888086, 0.0004637358069885522]",0.971521781408228,-0.000783846418734746
524,82,57,112,0.00153350830078125,0.0013965268153697252,0.973003233071435,"[16.439634323120117, 0.01976953260600567, 0.05766745284199715, 0.22897368669509888, 0.7533048391342163, 0.004222050774842501, 0.0004215544031467289, 0.019876468926668167, 0.178091362118721, 0.00024828212917782366, 0.0001711698860162869, 0.00970325618982315, 0.05902296304702759, 0.0009866851614788175, 0.00023278864682652056, 0.04927467182278633, 0.6615239977836609, 0.0034734413493424654, 0.0004629017203114927]",0.971521781408228,-0.0014814516632070118
526,45,54,112,0.00160980224609375,0.0014096901286393404,0.9693009151608414,"[16.45214080810547, 0.019313029944896698, 0.06320361793041229, 0.20530861616134644, 0.7505905628204346, 0.004137883894145489, 0.00041929035796783864, 0.019937235862016678, 0.1817270666360855, 0.00025781645672395825, 0.0001711698860162869, 0.009659456089138985, 0.052434228360652924, 0.0010140759404748678, 0.00023910524032544345, 0.048930663615465164, 0.6032527089118958, 0.0035195332020521164, 0.0004605186404660344]",0.971521781408228,0.002220866247386599
527,126,167,112,0.0014190673828125,0.0011536114616319537,0.9705788210397402,"[16.454429626464844, 0.018930599093437195, 0.05728016421198845, 0.2277689278125763, 0.7511583566665649, 0.004165069665759802, 0.00041738382424227893, 0.019938988611102104, 0.18080540001392365, 0.0002512616047170013, 0.0001528146385680884, 0.010779249481856823, 0.05712266266345978, 0.0009858515113592148, 0.0002315968304174021, 0.049632176756858826, 0.6033651828765869, 0.0031123552471399307, 0.00046993177966214716]",0.971521781408228,0.000942960368487733
528,196,261,112,0.00128936767578125,0.0009638471528887749,0.9710409718590152,"[16.42190170288086, 0.019706418737769127, 0.05713651329278946, 0.20610274374485016, 0.7538729906082153, 0.0041068983264267445, 0.00042417587246745825, 0.019782155752182007, 0.18187783658504486, 0.0002563863235991448, 0.0001679517881711945, 0.00979037955403328, 0.058512527495622635, 0.0010082405060529709, 0.00023493390472140163, 0.049312006682157516, 0.6616142988204956, 0.0035119305830448866, 0.0004583738627843559]",0.971521781408228,0.0004808095492128128
530,41,68,112,0.00162506103515625,0.0013590151211246848,0.9690445698146696,"[16.419784545898438, 0.019182762131094933, 0.056380752474069595, 0.23021885752677917, 0.7522890567779541, 0.004141801502555609, 0.00047100416850298643, 0.01985940709710121, 0.1800449937582016, 0.000248401309363544, 0.00014888131408952177, 0.009510684758424759, 0.05893148481845856, 0.0009585791267454624, 0.00023469554434996098, 0.04906993731856346, 0.6066514253616333, 0.0032427129335701466, 0.0004768426588270813]",0.971521781408228,0.002477211593558404
535,65,43,112,0.0015716552734375,0.0014346303651109338,0.9744927408985524,"[16.478527069091797, 0.01922474429011345, 0.05597470700740814, 0.22936300933361053, 0.7516387701034546, 0.004147262312471867, 0.0004220310365781188, 0.019814996048808098, 0.17720657587051392, 0.00024875884992070496, 0.0001679517881711945, 0.009780345484614372, 0.0526355616748333, 0.0010296764085069299, 0.00022968991834204644, 0.04932176321744919, 0.6616796255111694, 0.0034834202378988266, 0.0004661188868340105]",0.971521781408228,-0.002970959490324443
536,250,228,112,0.00116729736328125,0.001034033251926303,0.9743747952888953,"[16.455707550048828, 0.019818853586912155, 0.06261257082223892, 0.22982218861579895, 0.7540251016616821, 0.00422976678237319, 0.0004240567213855684, 0.01978496089577675, 0.18031498789787292, 0.00025769727653823793, 0.0001699779968475923, 0.010724763385951519, 0.05878964066505432, 0.0008887869771569967, 0.00023576818057335913, 0.0496150478720665, 0.6617492437362671, 0.003479262348264456, 0.00047088501742109656]",0.971521781408228,-0.0028530138806672767
537,161,138,112,0.00136566162109375,0.0012227026745676994,0.9701099448008647,"[16.467138290405273, 0.01930846832692623, 0.057757921516895294, 0.20566029846668243, 0.7502337098121643, 0.004186319187283516, 0.00042429505265317857, 0.01980658248066902, 0.1823272556066513, 0.0002489972102921456, 0.00015245705435518175, 0.009828389622271061, 0.057111628353595734, 0.0009790633339434862, 0.0002330270071979612, 0.049499787390232086, 0.6032425761222839, 0.0034874591510742903, 0.0004624251159839332]",0.971521781408228,0.001411836607363326
538,181,157,112,0.0013275146484375,0.001175877288915217,0.9744325943871732,"[16.47389030456543, 0.020028378814458847, 0.05772945657372475, 0.22094081342220306, 0.7518939971923828, 0.004637439269572496, 0.0004207202873658389, 0.019726989790797234, 0.1802140474319458, 0.0002489972102921456, 0.0001740304142003879, 0.009606916457414627, 0.05884673818945885, 0.0009738231892697513, 0.00023338454775512218, 0.04894314706325531, 0.6617316603660583, 0.0034981505014002323, 0.00048029806930571795]",0.971521781408228,-0.002910812978945243
539,263,268,112,0.00112152099609375,0.0009433035738766193,0.9744204105334479,"[16.467132568359375, 0.019304728135466576, 0.06455891579389572, 0.22186538577079773, 0.7510260343551636, 0.004639100283384323, 0.0004191712068859488, 0.017659220844507217, 0.18121303617954254, 0.0002506657037883997, 0.0001714082609396428, 0.010721225291490555, 0.05886067822575569, 0.0010062160436064005, 0.00023588736075907946, 0.04921872541308403, 0.6617445945739746, 0.003491498064249754, 0.0004687402688432485]",0.971521781408228,-0.002898629125219876
540,208,215,112,0.00125885009765625,0.0010601615067571402,0.9723229847770295,"[16.426427841186523, 0.019342027604579926, 0.057541411370038986, 0.22811858355998993, 0.7536025047302246, 0.00412351917475462, 0.00047195740626193583, 0.01985251158475876, 0.1807524710893631, 0.0002579356369096786, 0.00016902448260225356, 0.009578933008015156, 0.05851263925433159, 0.001013599568977952, 0.00023457636416424066, 0.048824064433574677, 0.6617391705513, 0.0031148509588092566, 0.00045908879837952554]",0.971521781408228,-0.0008012033688015174
541,91,112,112,0.00150299072265625,0.001273097819648683,0.9677839635803952,"[16.470691680908203, 0.019127095118165016, 0.05581936612725258, 0.22650817036628723, 0.6902903318405151, 0.00415818439796567, 0.0004234609368722886, 0.019900191575288773, 0.17997847497463226, 0.00027616979787126184, 0.00017105070583056659, 0.01071308832615614, 0.05216383561491966, 0.0009921634336933494, 0.00023862851958256215, 0.04929668828845024, 0.6031595468521118, 0.0035263041500002146, 0.000460876093711704]",0.971521781408228,0.003737817827832779
542,216,245,112,0.0012359619140625,0.0009970980463549495,0.9687464807855002,"[16.38685417175293, 0.019375935196876526, 0.05576806887984276, 0.2060820758342743, 0.7543084025382996, 0.0047233435325324535, 0.0004164305282756686, 0.019825631752610207, 0.18014764785766602, 0.0002503081923350692, 0.00017188502533826977, 0.009674567729234695, 0.05262492969632149, 0.0009812070056796074, 0.00023552982020191848, 0.04905642941594124, 0.6617078185081482, 0.0035160882398486137, 0.00046266341814771295]",0.971521781408228,0.0027753006227277943
543,61,84,112,0.00157928466796875,0.0013284670421853662,0.9696184095028959,"[16.434118270874023, 0.01936202123761177, 0.05708302929997444, 0.22485612332820892, 0.7567663192749023, 0.004141920246183872, 0.0004180987598374486, 0.019147327169775963, 0.1792733520269394, 0.0002512616047170013, 0.0001736728590913117, 0.010679710656404495, 0.05882954224944115, 0.0009858515113592148, 0.00023314618738368154, 0.04930099844932556, 0.6031991839408875, 0.003459423314779997, 0.00047052756417542696]",0.971521781408228,0.0019033719053320741
545,31,49,112,0.00164794921875,0.0014159936690703034,0.9673149529239469,"[16.39338493347168, 0.01938376948237419, 0.0561051145195961, 0.22944830358028412, 0.7550260424613953, 0.004219201859086752, 0.00041797960875555873, 0.01976964995265007, 0.1812731921672821, 0.0002584123576525599, 0.0001711698860162869, 0.009440896101295948, 0.0526767261326313, 0.0009890670189633965, 0.00023684080224484205, 0.04889092966914177, 0.6033487319946289, 0.0034702338743954897, 0.00047291061491705477]",0.971521781408228,0.004206828484281111
552,21,20,112,0.001678466796875,0.0014974592486396432,0.9710797925194798,"[16.40847396850586, 0.019338520243763924, 0.05740601569414139, 0.2273600995540619, 0.7532757520675659, 0.004213741049170494, 0.00042524831951595843, 0.018102549016475677, 0.1827525496482849, 0.00025948495022021234, 0.00016819016309455037, 0.01072841975837946, 0.05219924822449684, 0.0010003806091845036, 0.00023624490131624043, 0.049067553132772446, 0.6615163683891296, 0.0035211960785090923, 0.00047052756417542696]",0.971521781408228,0.0004419888887481349
553,155,173,112,0.001373291015625,0.0011420295340940356,0.9723307375266144,"[16.437091827392578, 0.01926485262811184, 0.0575435496866703, 0.22172032296657562, 0.7526324987411499, 0.004185607191175222, 0.0004167880106251687, 0.019816750660538673, 0.1823941171169281, 0.00025614796322770417, 0.00017093151109293103, 0.010662844404578209, 0.052368730306625366, 0.0009701313101686537, 0.00023934361524879932, 0.048991505056619644, 0.6616319417953491, 0.0034645316191017628, 0.0004615910293068737]",0.971521781408228,-0.0008089561183863836
554,294,331,112,0.0010223388671875,0.0007603731355629861,0.9736507459310815,"[16.46531105041504, 0.019887804985046387, 0.05762266740202904, 0.2260589748620987, 0.7406789064407349, 0.0041315918788313866, 0.000418575422372669, 0.019718339666724205, 0.1801469475030899, 0.0002549561613705009, 0.00016950124700088054, 0.010637132450938225, 0.05866711214184761, 0.000972155889030546, 0.00023445718397852033, 0.048833031207323074, 0.6616621613502502, 0.003492210991680622, 0.00046659549116156995]",0.971521781408228,-0.0021289645228534937
555,142,187,112,0.00139617919921875,0.0011104748118668795,0.9702516892751814,"[16.409440994262695, 0.01926076039671898, 0.05537530779838562, 0.20408403873443604, 0.753568708896637, 0.004115683492273092, 0.0004190520558040589, 0.01986793801188469, 0.18409118056297302, 0.0002498314715921879, 0.00015233787416946143, 0.009516824968159199, 0.05840897187590599, 0.0010007378878071904, 0.00023576818057335913, 0.049151089042425156, 0.6618424654006958, 0.0035266606137156487, 0.0004737447015941143]",0.971521781408228,0.0012700921330466297
556,22,41,112,0.001678466796875,0.0014352923026308417,0.9698883114332076,"[16.426105499267578, 0.019250471144914627, 0.06315706670284271, 0.22859123349189758, 0.7543740272521973, 0.004151179920881987, 0.0004183370911050588, 0.019890960305929184, 0.1844639778137207, 0.00024577934527769685, 0.0001716466504149139, 0.010657182894647121, 0.059029705822467804, 0.0009579836623743176, 0.00022909401741344482, 0.04942581430077553, 0.6031839847564697, 0.0031023728661239147, 0.00047159992391243577]",0.971521781408228,0.0016334699750203407
557,77,72,112,0.00154876708984375,0.0013473744038492441,0.9740705224348379,"[16.45128631591797, 0.01927993819117546, 0.06362273544073105, 0.2269333153963089, 0.75522381067276, 0.004165307153016329, 0.0004231034545227885, 0.019580410793423653, 0.18155866861343384, 0.00025042734341695905, 0.0001711698860162869, 0.009629939682781696, 0.058784130960702896, 0.0009972843108698726, 0.0002338612830499187, 0.04965928569436073, 0.6615743041038513, 0.0035048029385507107, 0.0004611144249793142]",0.971521781408228,-0.0025487410266099575
562,26,53,112,0.00167083740234375,0.0014101422857493162,0.9714228411566613,"[16.40590476989746, 0.0191634651273489, 0.05755356699228287, 0.22950772941112518, 0.7532223463058472, 0.004117701668292284, 0.00041797960875555873, 0.01990860514342785, 0.1815749704837799, 0.00022873646230436862, 0.00017248096992261708, 0.010688910260796547, 0.05875883996486664, 0.0009990707039833069, 0.00023600654094479978, 0.04924868419766426, 0.6613350510597229, 0.0035188202746212482, 0.000476246903417632]",0.971521781408228,9.894025156664821e-05
563,14,23,112,0.0016937255859375,0.0014902128605172038,0.9728955895935589,"[16.450313568115234, 0.019160190597176552, 0.05748671665787697, 0.23074540495872498, 0.7403371334075928, 0.0046243867836892605, 0.00042798896902240813, 0.020006529986858368, 0.18239381909370422, 0.00023493390472140163, 0.0001714082609396428, 0.010777480900287628, 0.052239980548620224, 0.0008741371566429734, 0.00024089295766316354, 0.04884824529290199, 0.6621933579444885, 0.0034767675679177046, 0.0004632591735571623]",0.971521781408228,-0.0013738081853309492
566,11,4,112,0.00170135498046875,0.0016009628307074308,0.9724352841233332,"[16.449542999267578, 0.019417325034737587, 0.05705825984477997, 0.2261045128107071, 0.7371981143951416, 0.0041558099910616875, 0.00042226933874189854, 0.019727924838662148, 0.17829595506191254, 0.00024828212917782366, 0.0001716466504149139, 0.009579169563949108, 0.05878492072224617, 0.0009800160769373178, 0.00023898606013972312, 0.048914771527051926, 0.6617074012756348, 0.0032513870391994715, 0.00047064671525731683]",0.971521781408228,-0.0009135027151052633
567,149,120,112,0.00138092041015625,0.0012468646746128798,0.9683340144325293,"[16.40558624267578, 0.019708989188075066, 0.05605112761259079, 0.22691527009010315, 0.7582975625991821, 0.004149992950260639, 0.0004210777406115085, 0.019804010167717934, 0.1796773225069046, 0.00025602878304198384, 0.00016866691294126213, 0.00955059565603733, 0.058793798089027405, 0.000987876090221107, 0.0002351722796447575, 0.0494534969329834, 0.6045388579368591, 0.0032825181260704994, 0.0004676678800024092]",0.971521781408228,0.0031877669756986693
568,202,184,112,0.00127410888671875,0.0011172312078997493,0.9709439120947776,"[16.402095794677734, 0.019144637510180473, 0.056096773594617844, 0.221499502658844, 0.7541881799697876, 0.004701749421656132, 0.0004135706985834986, 0.019652416929602623, 0.184329554438591, 0.000248043768806383, 0.0001711698860162869, 0.010687023401260376, 0.05880908668041229, 0.0010081215295940638, 0.00022957073815632612, 0.048823609948158264, 0.6618990898132324, 0.0034827073104679585, 0.00045372682507149875]",0.971521781408228,0.0005778693134503854
569,308,314,112,0.00098419189453125,0.0008192025125026703,0.9734089219801765,"[16.45387840270996, 0.022077618166804314, 0.05599995702505112, 0.22262042760849, 0.7519834637641907, 0.004231072496622801, 0.0004253674705978483, 0.017776571214199066, 0.18183688819408417, 0.0002499506517779082, 0.00014840454969089478, 0.009447155520319939, 0.05880312994122505, 0.0009970461251214147, 0.00023409964342135936, 0.04897027835249901, 0.6611261367797852, 0.00350052653811872, 0.00046302087139338255]",0.971521781408228,-0.001887140571948498
570,217,200,112,0.0012359619140625,0.0010894665028899908,0.9701881588154816,"[16.38361358642578, 0.019649961963295937, 0.06503387540578842, 0.22892172634601593, 0.7506681084632874, 0.004248877987265587, 0.00042060110718011856, 0.01978916861116886, 0.18110284209251404, 0.00025388356880284846, 0.00017152745567727834, 0.010695632547140121, 0.052465446293354034, 0.0008860476082190871, 0.0002343380037928, 0.04960869625210762, 0.6617817878723145, 0.003517632372677326, 0.0005112771177664399]",0.971521781408228,0.0013336225927463863
571,259,248,112,0.00113677978515625,0.0009953620610758662,0.9684645142000303,"[16.435041427612305, 0.019316302612423897, 0.0557401105761528, 0.2046307474374771, 0.7520140409469604, 0.004138240125030279, 0.0004182179400231689, 0.019824814051389694, 0.1797155737876892, 0.00025412190007045865, 0.0001720042055239901, 0.010709667578339577, 0.05853760242462158, 0.000982397934421897, 0.0002330270071979612, 0.04906902834773064, 0.6063222289085388, 0.003240574151277542, 0.00046564225340262055]",0.971521781408228,0.003057267208197656
572,243,232,112,0.00118255615234375,0.0010302731534466147,0.9726396058019753,"[16.434032440185547, 0.019118791446089745, 0.05767172947525978, 0.2277616262435913, 0.7510551810264587, 0.004222525749355555, 0.00042226933874189854, 0.01977689564228058, 0.18061207234859467, 0.00025293012731708586, 0.0001728385395836085, 0.010758846998214722, 0.0586339496076107, 0.0010068115079775453, 0.00023457636416424066, 0.049156419932842255, 0.6615599393844604, 0.0032317813020199537, 0.00047088501742109656]",0.971521781408228,-0.001117824393747302
573,103,94,112,0.0014801025390625,0.001311641768552363,0.9612828023635206,"[16.36501121520996, 0.01923094131052494, 0.05700545012950897, 0.20722728967666626, 0.6900542378425598, 0.004041124600917101, 0.00042060110718011856, 0.01971600204706192, 0.18157705664634705, 0.0002575780963525176, 0.00015198028995655477, 0.009684248827397823, 0.05253591760993004, 0.0009999042376875877, 0.00023409964342135936, 0.04897096008062363, 0.603330671787262, 0.00346857076510787, 0.0004553949984256178]",0.971521781408228,0.010238979044707386
575,244,238,112,0.00118255615234375,0.0010201861150562763,0.9712210997531656,"[16.438339233398438, 0.019804244861006737, 0.05601562187075615, 0.20586223900318146, 0.7392426133155823, 0.004135865718126297, 0.00042167355422861874, 0.019800972193479538, 0.18300582468509674, 0.00025197668583132327, 0.0001716466504149139, 0.010771466419100761, 0.05885269492864609, 0.000993830617517233, 0.00023338454775512218, 0.049535978585481644, 0.6617563962936401, 0.003545666579157114, 0.000459565402707085]",0.971521781408228,0.00030068165506236255
576,73,56,112,0.00156402587890625,0.0014030274469405413,0.9713392348900303,"[16.46718978881836, 0.019270816817879677, 0.05775578320026398, 0.2288573533296585, 0.753804087638855, 0.004175991285592318, 0.0004188137245364487, 0.017597494646906853, 0.18004350364208221, 0.00024673278676345944, 0.00015233787416946143, 0.009635725058615208, 0.05855705216526985, 0.0009954979177564383, 0.0002335037279408425, 0.04948084056377411, 0.603090226650238, 0.0034749857150018215, 0.00046492734691128135]",0.971521781408228,0.00018254651819771262
577,66,52,112,0.0015716552734375,0.0014102878049015999,0.9717742769563827,"[16.478322982788086, 0.01928473263978958, 0.06321536749601364, 0.22468160092830658, 0.687260091304779, 0.004192136228084564, 0.0004145239945501089, 0.019779233261942863, 0.1809815764427185, 0.0002489972102921456, 0.00016735584358684719, 0.010679828934371471, 0.05886809527873993, 0.000990734319202602, 0.0002315968304174021, 0.04906698688864708, 0.6616308689117432, 0.0032357024028897285, 0.00045885046711191535]",0.971521781408228,-0.00025249554815476305
578,78,55,112,0.00154876708984375,0.0014094082871451974,0.9676515465911698,"[16.463979721069336, 0.019195860251784325, 0.05588464066386223, 0.2288595288991928, 0.6875723600387573, 0.0041211447678506374, 0.00041762212640605867, 0.019763456657528877, 0.18115057051181793, 0.0002525725867599249, 0.00017045476124621928, 0.009661226533353329, 0.056749582290649414, 0.0008765193051658571, 0.00023314618738368154, 0.04952826350927353, 0.6033962368965149, 0.003097737906500697, 0.0004687402688432485]",0.971521781408228,0.0038702348170581713
579,92,59,112,0.00150299072265625,0.0013786540366709232,0.9741366430443075,"[16.469402313232422, 0.01921737752854824, 0.06330623477697372, 0.2292584627866745, 0.7373800873756409, 0.00413859635591507, 0.000416907190810889, 0.01984000764787197, 0.17880511283874512, 0.0002586507180240005, 0.00017009719158522785, 0.010700232349336147, 0.059351611882448196, 0.0009665584657341242, 0.0002335037279408425, 0.04951601102948189, 0.661659836769104, 0.003504684194922447, 0.00046993177966214716]",0.971521781408228,-0.0026148616360794907
580,117,80,112,0.00144195556640625,0.001335340435616672,0.9700436645928819,"[16.410327911376953, 0.02165214717388153, 0.05580144003033638, 0.2045225203037262, 0.7522221803665161, 0.004128030501306057, 0.0004189328756183386, 0.017672689631581306, 0.17978966236114502, 0.0002562671434134245, 0.00016962042718660086, 0.009809738956391811, 0.058690719306468964, 0.0009995469590649009, 0.00023874769976828247, 0.048919424414634705, 0.6615018248558044, 0.0032474659383296967, 0.00046075694262981415]",0.971521781408228,0.0014781168153460422
581,258,224,112,0.0011444091796875,0.001043217838741839,0.9728560470324928,"[16.493013381958008, 0.01915726810693741, 0.05743055045604706, 0.22686757147312164, 0.7538647055625916, 0.004109866451472044, 0.0004203628050163388, 0.019244272261857986, 0.1831519454717636, 0.00025900822947733104, 0.00017152745567727834, 0.009790024720132351, 0.0590403787791729, 0.000985494232736528, 0.00023326536756940186, 0.04921622946858406, 0.6033447980880737, 0.003506941255182028, 0.0004573014739435166]",0.971521781408228,-0.0013342656242648632
582,178,118,112,0.00133514404296875,0.0012514723930507898,0.9644102461515056,"[16.40662384033203, 0.019321799278259277, 0.05624891817569733, 0.2229410707950592, 0.6893583536148071, 0.004076386336237192, 0.0004182179400231689, 0.017542559653520584, 0.18126752972602844, 0.000254241080256179, 0.0001528146385680884, 0.009432275779545307, 0.05862922966480255, 0.0009996660519391298, 0.00023767507809679955, 0.04912566393613815, 0.60322105884552, 0.0034724909346550703, 0.00047088501742109656]",0.971521781408228,0.007111535256722368
583,335,315,112,0.000896453857421875,0.0008175775874406099,0.9697678997112426,"[16.435527801513672, 0.019236555323004723, 0.057382937520742416, 0.22701749205589294, 0.7540102005004883, 0.004266683477908373, 0.00042298430344089866, 0.017662500962615013, 0.1817867010831833, 0.00027938754647038877, 0.00017188502533826977, 0.010719927959144115, 0.058968570083379745, 0.0010009760735556483, 0.0002324311062693596, 0.04944305866956711, 0.6035033464431763, 0.0034944680519402027, 0.0004621868138201535]",0.971521781408228,0.0017538816969854265
584,324,294,112,0.000942230224609375,0.0008711621630936861,0.9702939093166558,"[16.453048706054688, 0.019272221252322197, 0.057944126427173615, 0.22707943618297577, 0.7536618709564209, 0.004118651617318392, 0.0004127365828026086, 0.019777247682213783, 0.18032971024513245, 0.0002494739310350269, 0.00017438798386137933, 0.009670553728938103, 0.051973722875118256, 0.000985375139862299, 0.00023600654094479978, 0.049240853637456894, 0.6034790277481079, 0.003466313472017646, 0.0004638549580704421]",0.971521781408228,0.0012278720915721575
585,336,316,112,0.000896453857421875,0.0008158618002198637,0.9715406263084764,"[16.422000885009766, 0.01927105151116848, 0.057283878326416016, 0.22679422795772552, 0.7529714107513428, 0.004093838855624199, 0.0004217927053105086, 0.01975761167705059, 0.17891734838485718, 0.000248401309363544, 0.00017212340026162565, 0.009564174339175224, 0.05224258452653885, 0.0009066523634828627, 0.00023552982020191848, 0.04901420697569847, 0.6616647243499756, 0.003241168335080147, 0.0004702892620116472]",0.971521781408228,-1.8844900248393692e-05
586,312,289,112,0.0009765625,0.0008798528579063714,0.9679954235991892,"[16.397960662841797, 0.01925877295434475, 0.05575375258922577, 0.2212616205215454, 0.7521686553955078, 0.004190593026578426, 0.0004210777406115085, 0.019957568496465683, 0.19948220252990723, 0.00024637524620629847, 0.00016640232934150845, 0.010717333294451237, 0.05236578732728958, 0.0009806115413084626, 0.0002351722796447575, 0.04955605790019035, 0.6032454967498779, 0.0034789058845490217, 0.0004659997357521206]",0.971521781408228,0.0035263578090387604
587,357,344,112,0.000751495361328125,0.0006330956821329892,0.9721327276653794,"[16.482498168945312, 0.01923901028931141, 0.05812399461865425, 0.22730976343154907, 0.7519894242286682, 0.004202463664114475, 0.000428942235885188, 0.01974615827202797, 0.1798282116651535, 0.00025245340657420456, 0.00016842853801790625, 0.010748115368187428, 0.05886191129684448, 0.0010095505276694894, 0.0002325502864550799, 0.0489807203412056, 0.6031438112258911, 0.0032474659383296967, 0.0005106813623569906]",0.971521781408228,-0.0006109462571514124
588,340,335,112,0.000881195068359375,0.0007496972684748471,0.9697087944920273,"[16.394973754882812, 0.019252458587288857, 0.05747140944004059, 0.20729316771030426, 0.7536928057670593, 0.0042190831154584885, 0.0004285847535356879, 0.01990334689617157, 0.18165698647499084, 0.00025054652360267937, 0.00016962042718660086, 0.009572438895702362, 0.058655984699726105, 0.0009808497270569205, 0.0002320735511602834, 0.049905408173799515, 0.6618456840515137, 0.0034809254575520754, 0.00048196621355600655]",0.971521781408228,0.0018129869162006873
589,319,309,112,0.000957489013671875,0.0008294335566461086,0.9727816102447258,"[16.44013786315918, 0.019327528774738312, 0.05715981870889664, 0.2257005125284195, 0.7514207363128662, 0.004185488447546959, 0.0004240567213855684, 0.01984468102455139, 0.17972901463508606, 0.0002579356369096786, 0.0001731960946926847, 0.00942259281873703, 0.05877918750047684, 0.0009635811438784003, 0.0002315968304174021, 0.04943046346306801, 0.6616799235343933, 0.003525234991684556, 0.00045718232286162674]",0.971521781408228,-0.0012598288364977783
590,283,273,112,0.0010528564453125,0.0009312966139987111,0.9712590641590252,"[16.429044723510742, 0.019302738830447197, 0.06317821890115738, 0.20557460188865662, 0.752879798412323, 0.004637083038687706, 0.0004196478403173387, 0.017513275146484375, 0.18245817720890045, 0.00025686301523819566, 0.00016830935783218592, 0.009687435813248158, 0.05256509780883789, 0.0009872806258499622, 0.00023445718397852033, 0.04919898137450218, 0.6618631482124329, 0.0034893599804490805, 0.00046302087139338255]",0.971521781408228,0.00026271724920279294
591,112,71,112,0.0014495849609375,0.0013491528807207942,0.9703183589184559,"[16.446136474609375, 0.019825749099254608, 0.05730898305773735, 0.2276771366596222, 0.7510817646980286, 0.004119482357054949, 0.0004220310365781188, 0.019865132868289948, 0.17812597751617432, 0.000259723310591653, 0.00014995403762441128, 0.010681480169296265, 0.05909150838851929, 0.001004786929115653, 0.00023445718397852033, 0.049280911684036255, 0.6068348288536072, 0.0034931611735373735, 0.0004552758182398975]",0.971521781408228,0.0012034224897721213
592,67,26,112,0.0015716552734375,0.0014843608951196074,0.9728416721397815,"[16.450231552124023, 0.019602270796895027, 0.06320686638355255, 0.20343811810016632, 0.7566093802452087, 0.004129336215555668, 0.0004158347437623888, 0.019802024587988853, 0.18107478320598602, 0.00024720950750634074, 0.00016830935783218592, 0.010647747665643692, 0.05845113843679428, 0.0009752523037604988, 0.0002343380037928, 0.04897754266858101, 0.6617867946624756, 0.0035215525422245264, 0.0004717191040981561]",0.971521781408228,-0.0013198907315534747
593,282,258,112,0.00106048583984375,0.0009673018357716501,0.9651988925263715,"[16.416250228881836, 0.019236905500292778, 0.056190766394138336, 0.2219047248363495, 0.6925377249717712, 0.004236770328134298, 0.00041797960875555873, 0.01984468102455139, 0.18069137632846832, 0.0002499506517779082, 0.00016830935783218592, 0.010781961493194103, 0.05901610851287842, 0.0009990707039833069, 0.00023314618738368154, 0.04896993935108185, 0.6031162142753601, 0.0034821133594959974, 0.00045098623377270997]",0.971521781408228,0.006322888881856503
594,274,260,112,0.0010833740234375,0.0009666248224675655,0.9717135002122775,"[16.441368103027344, 0.019222287461161613, 0.05740725249052048, 0.20525610446929932, 0.7539833784103394, 0.0041594901122152805, 0.000417741306591779, 0.019828904420137405, 0.18077217042446136, 0.0002489972102921456, 0.00015233787416946143, 0.010824298486113548, 0.052569057792425156, 0.0009779914980754256, 0.0002338612830499187, 0.04940368980169296, 0.6620244979858398, 0.0032390295527875423, 0.0004673104267567396]",0.971521781408228,-0.00019171880404955655
595,304,296,112,0.0009918212890625,0.000868787697982043,0.9685509720997958,"[16.474872589111328, 0.019645052030682564, 0.055564433336257935, 0.22808517515659332, 0.6902074217796326, 0.004140851553529501, 0.00042524831951595843, 0.01984269544482231, 0.18146729469299316, 0.0002531684876885265, 0.00017081231635529548, 0.0108041325584054, 0.05899464339017868, 0.0009856133256107569, 0.0002343380037928, 0.04896959662437439, 0.6038220524787903, 0.0035315309651196003, 0.0004518203204497695]",0.971521781408228,0.0029708093084321874
596,295,279,112,0.0010223388671875,0.0009163832291960716,0.9699283090142815,"[16.38799285888672, 0.019272221252322197, 0.06276002526283264, 0.22125788033008575, 0.7492796778678894, 0.004197477828711271, 0.000418575422372669, 0.01979851722717285, 0.17943206429481506, 0.0002623452164698392, 0.00015400654228869826, 0.009434755891561508, 0.058475762605667114, 0.0009848987683653831, 0.00023100091493688524, 0.04899241402745247, 0.6617432236671448, 0.003473322605714202, 0.0004768426588270813]",0.971521781408228,0.0015934723939464712
597,290,267,112,0.00102996826171875,0.0009440163848921657,0.9738856495348859,"[16.455934524536133, 0.019690288230776787, 0.06347328424453735, 0.22057439386844635, 0.7529950141906738, 0.0046615260653197765, 0.00047100416850298643, 0.019281575456261635, 0.18041789531707764, 0.00025233422638848424, 0.00014840454969089478, 0.010777244344353676, 0.058668237179517746, 0.0010116941994056106, 0.00023147765023168176, 0.049202270805835724, 0.6621121168136597, 0.0034783119335770607, 0.0004457433824427426]",0.971521781408228,-0.0023638681266578976
598,197,141,112,0.00128936767578125,0.0012135586002841592,0.9743251629490834,"[16.45407485961914, 0.01927233673632145, 0.06339160352945328, 0.22624409198760986, 0.7509324550628662, 0.004106185864657164, 0.00041976699139922857, 0.019700458273291588, 0.18929757177829742, 0.00025614796322770417, 0.00017009719158522785, 0.009634190239012241, 0.05870690941810608, 0.0009788251481950283, 0.00023505308490712196, 0.04913099855184555, 0.6616893410682678, 0.0034646503627300262, 0.00047255316167138517]",0.971521781408228,-0.002803381540855465
599,218,166,112,0.0012359619140625,0.0011536424281075597,0.9663579739939642,"[16.343984603881836, 0.019193988293409348, 0.05766812711954117, 0.20526395738124847, 0.7541539669036865, 0.004147262312471867, 0.0004234609368722886, 0.017755724489688873, 0.179539754986763, 0.0002488780301064253, 0.00016711745411157608, 0.009625807404518127, 0.0521634966135025, 0.0009997851448133588, 0.00024148885859176517, 0.04939960315823555, 0.6618953943252563, 0.003468808252364397, 0.0004602803383022547]",0.971521781408228,0.00516380741426381
600,134,93,112,0.00141143798828125,0.0013142564566805959,0.9747648670278355,"[16.480690002441406, 0.019164402037858963, 0.05730189010500908, 0.2298312932252884, 0.7519941329956055, 0.004191186279058456, 0.00042167355422861874, 0.017561769112944603, 0.1804409921169281, 0.0002517383254598826, 0.00017045476124621928, 0.009657802991569042, 0.05252471938729286, 0.0009729895391501486, 0.0002337421028641984, 0.04953041672706604, 0.661632776260376, 0.0034866277128458023, 0.00047386385267600417]",0.971521781408228,-0.003243085619607511
601,320,308,112,0.00095367431640625,0.000829853059258312,0.9730194743943253,"[16.4261474609375, 0.01924099773168564, 0.056626804172992706, 0.22986151278018951, 0.7515602111816406, 0.0040769800543785095, 0.0004223884898237884, 0.019772104918956757, 0.20104193687438965, 0.0002632986579556018, 0.00015186110977083445, 0.009443612769246101, 0.05258896201848984, 0.0010053823934867978, 0.00023552982020191848, 0.04914155229926109, 0.6617947220802307, 0.0035235718823969364, 0.0004711233195848763]",0.971521781408228,-0.0014976929860973653
602,350,342,112,0.000835418701171875,0.0006892355741001666,0.9737972555656023,"[16.452146530151367, 0.019219832494854927, 0.05695308744907379, 0.22854892909526825, 0.7544362545013428, 0.004156641196459532, 0.00042417587246745825, 0.01987261325120926, 0.1808607131242752, 0.0002485204895492643, 0.00017212340026162565, 0.010750356130301952, 0.05886472389101982, 0.0009136793087236583, 0.00023767507809679955, 0.048758670687675476, 0.6616448163986206, 0.0034650068264454603, 0.00047350639943033457]",0.971521781408228,-0.00227547415737428
603,284,281,112,0.0010528564453125,0.0009045106125995517,0.9694679075496664,"[16.443073272705078, 0.019405515864491463, 0.05818337947130203, 0.2216423898935318, 0.7531511783599854, 0.004100605845451355, 0.0004191712068859488, 0.017573248594999313, 0.1808222085237503, 0.00024875884992070496, 0.00017212340026162565, 0.01074422337114811, 0.052357982844114304, 0.0008781867218203843, 0.00023314618738368154, 0.0497332438826561, 0.6032112240791321, 0.003477005288004875, 0.0004633783537428826]",0.971521781408228,0.0020538738585615945
604,228,216,112,0.00121307373046875,0.0010578300571069121,0.967132074342532,"[16.394926071166992, 0.0193301010876894, 0.056226152926683426, 0.2286338210105896, 0.7517181634902954, 0.004195460118353367, 0.0004148814477957785, 0.019829021766781807, 0.17987950146198273, 0.00025102324434556067, 0.00015341058315243572, 0.009476440958678722, 0.05240176245570183, 0.0009990707039833069, 0.00023624490131624043, 0.04959621652960777, 0.6035152673721313, 0.003250911831855774, 0.0004758894501719624]",0.971521781408228,0.004389707065695969
605,251,242,112,0.00116729736328125,0.0010151423048228025,0.9732775179834693,"[16.430004119873047, 0.019346704706549644, 0.06395647674798965, 0.2299862504005432, 0.755154013633728, 0.004188218619674444, 0.0004196478403173387, 0.019810905680060387, 0.1836239993572235, 0.00024911639047786593, 0.00015233787416946143, 0.00983016099780798, 0.058998577296733856, 0.0009997851448133588, 0.00023398046323563904, 0.04962627589702606, 0.661737859249115, 0.003487696871161461, 0.0004667146422434598]",0.971521781408228,-0.0017557365752413068
606,38,21,112,0.0016326904296875,0.0014947567833587527,0.9715237379423343,"[16.431787490844727, 0.018894920125603676, 0.06160597503185272, 0.20364779233932495, 0.7525916695594788, 0.004238906782120466, 0.000426439888542518, 0.019780520349740982, 0.1816098690032959, 0.00025102324434556067, 0.0001720042055239901, 0.01078207977116108, 0.0568423867225647, 0.0008945039589889348, 0.0002337421028641984, 0.049571599811315536, 0.6618739366531372, 0.0032733690459281206, 0.0004727914638351649]",0.971521781408228,-1.95653410628438e-06
607,7,3,112,0.00171661376953125,0.0016024094074964523,0.9720790826288163,"[16.434593200683594, 0.019873078912496567, 0.05585465207695961, 0.22736939787864685, 0.7398239374160767, 0.004135865718126297, 0.00041738382424227893, 0.019782740622758865, 0.18358471989631653, 0.0002525725867599249, 0.00016830935783218592, 0.010669213719666004, 0.057169049978256226, 0.0008929556352086365, 0.00023672162205912173, 0.049339354038238525, 0.6616133451461792, 0.0032564965076744556, 0.00046957432641647756]",0.971521781408228,-0.0005573012205882799
608,12,5,112,0.00170135498046875,0.0015975218266248703,0.9705087327456567,"[16.43446159362793, 0.01970735378563404, 0.0563419945538044, 0.20591385662555695, 0.7344356179237366, 0.004104048945009708, 0.00042274597217328846, 0.01983451470732689, 0.17787934839725494, 0.0002580548170953989, 0.00016819016309455037, 0.01073478814214468, 0.05888315662741661, 0.0010101459920406342, 0.0002335037279408425, 0.049615953117609024, 0.6617223620414734, 0.003484370419755578, 0.0004543225804809481]",0.971521781408228,0.0010130486625712365
609,75,38,112,0.001556396484375,0.0014456944772973657,0.9728214386467651,"[16.431001663208008, 0.019301103428006172, 0.056179724633693695, 0.23104265332221985, 0.7561056613922119, 0.004092533141374588, 0.0004180987598374486, 0.019905684515833855, 0.1806923747062683, 0.00024971229140646756, 0.00016890530241653323, 0.009532411582767963, 0.058820776641368866, 0.0009639384225010872, 0.0002329078270122409, 0.049326758831739426, 0.6620064377784729, 0.003102729329839349, 0.0004632591735571623]",0.971521781408228,-0.0012996572385370886
610,104,67,112,0.0014801025390625,0.0013635572977364063,0.9715629991214404,"[16.433534622192383, 0.019315017387270927, 0.05614151805639267, 0.22706441581249237, 0.7417418956756592, 0.004107254557311535, 0.00041845624218694866, 0.019908839836716652, 0.17839299142360687, 0.00024971229140646756, 0.00017081231635529548, 0.009645996615290642, 0.052351873368024826, 0.0009739422821439803, 0.00023803261865396053, 0.049278415739536285, 0.6622018814086914, 0.0034932801499962807, 0.0004680253332480788]",0.971521781408228,-4.121771321241585e-05
611,135,105,112,0.00141143798828125,0.0012957827420905232,0.9712182157856756,"[16.474502563476562, 0.0197315476834774, 0.05607840418815613, 0.22171172499656677, 0.7505881786346436, 0.004653932526707649, 0.0004190520558040589, 0.01979711651802063, 0.1841472089290619, 0.0002535260282456875, 0.0001705739414319396, 0.010733136907219887, 0.052478909492492676, 0.0009841842111200094, 0.00024029705673456192, 0.04951510205864906, 0.6031813621520996, 0.0034935176372528076, 0.0004657614335883409]",0.971521781408228,0.00030356562255240416
612,127,101,112,0.0014190673828125,0.0012990200193598866,0.9713420564665668,"[16.433156967163086, 0.019270116463303566, 0.06359756737947464, 0.20656467974185944, 0.7505672574043274, 0.004180858377367258, 0.0004233417857903987, 0.019720444455742836, 0.17978887259960175, 0.0002526917669456452, 0.0001722425949992612, 0.009537016041576862, 0.05220513418316841, 0.0009945451747626066, 0.0002351722796447575, 0.049362387508153915, 0.661770224571228, 0.003237128257751465, 0.0004624251159839332]",0.971521781408228,0.0001797249416611857
614,275,257,112,0.0010833740234375,0.0009711636230349541,0.9724751078496123,"[16.445310592651367, 0.01971261389553547, 0.05816437304019928, 0.2291143834590912, 0.7344096302986145, 0.004098112694919109, 0.00042060110718011856, 0.01987459883093834, 0.18020975589752197, 0.0002548369811847806, 0.0001515035255579278, 0.009830514900386333, 0.05888495221734047, 0.00098204065579921, 0.0002348147245356813, 0.04963058978319168, 0.6617990732192993, 0.003482351079583168, 0.00046171018038876355]",0.971521781408228,-0.0009533264413843501
615,301,285,112,0.00099945068359375,0.0008921653497964144,0.9738315810804794,"[16.453035354614258, 0.019302505999803543, 0.06299253553152084, 0.22841708362102509, 0.7531439661979675, 0.0042399754747748375, 0.0004183370911050588, 0.019962476566433907, 0.18210402131080627, 0.00024768622824922204, 0.00017069313616957515, 0.010785145685076714, 0.05264358967542648, 0.0009899006690829992, 0.00023505308490712196, 0.048888545483350754, 0.6616421937942505, 0.0031123552471399307, 0.0004686211177613586]",0.971521781408228,-0.0023097996722514225
616,264,243,112,0.00112152099609375,0.0010130928130820394,0.9724302463069571,"[16.430681228637695, 0.01956264115869999, 0.05622626468539238, 0.22694814205169678, 0.7536225914955139, 0.004680511076003313, 0.0004219118563923985, 0.017498398199677467, 0.18056997656822205, 0.0002805792901199311, 0.00017069313616957515, 0.010638901963829994, 0.05914274975657463, 0.000906175933778286, 0.00023529145983047783, 0.04884779080748558, 0.661797821521759, 0.0034752232022583485, 0.0004677870310842991]",0.971521781408228,-0.0009084648987290889
617,291,276,112,0.00102996826171875,0.0009259181097149849,0.9695128985507548,"[16.440061569213867, 0.01885467953979969, 0.05615459010004997, 0.22649572789669037, 0.6877662539482117, 0.0041448879055678844, 0.0004234609368722886, 0.01997264288365841, 0.18052887916564941, 0.00025650550378486514, 0.0001720042055239901, 0.01065293699502945, 0.0591309517621994, 0.0008735416340641677, 0.00023040501400828362, 0.049606312066316605, 0.6614385843276978, 0.0035145438741892576, 0.00046659549116156995]",0.971521781408228,0.0020088828574731377
618,113,79,112,0.0014495849609375,0.001337076653726399,0.9699679701114196,"[16.440114974975586, 0.01934436522424221, 0.05622570216655731, 0.22740007936954498, 0.7518137097358704, 0.004657017532736063, 0.0004231034545227885, 0.019927537068724632, 0.1813400238752365, 0.00025650550378486514, 0.00015245705435518175, 0.009492618031799793, 0.05880739912390709, 0.0009888288332149386, 0.00023421882360707968, 0.04948526620864868, 0.6047595739364624, 0.003508366644382477, 0.0004596845537889749]",0.971521781408228,0.0015538112968084272
619,229,205,112,0.00121307373046875,0.0010820430470630527,0.9703281259809093,"[16.385244369506836, 0.021642930805683136, 0.05606341361999512, 0.2263423055410385, 0.755236029624939, 0.004096213262528181, 0.00042548662167973816, 0.019739612936973572, 0.18144939839839935, 0.00025245340657420456, 0.00015114595589693636, 0.010679121129214764, 0.05866182968020439, 0.0010063351364806294, 0.0002335037279408425, 0.04932550713419914, 0.6617496013641357, 0.0034786683972924948, 0.0004564673872664571]",0.971521781408228,0.0011936554273186406
620,138,117,112,0.00140380859375,0.0012556464644148946,0.9699985401484331,"[16.443979263305664, 0.019620271399617195, 0.055864233523607254, 0.2267882376909256, 0.7539229393005371, 0.004099181387573481, 0.00041929035796783864, 0.017925288528203964, 0.18088290095329285, 0.0002574589161667973, 0.00015293381875380874, 0.009435109794139862, 0.05884280428290367, 0.0009925207123160362, 0.00023684080224484205, 0.04938587546348572, 0.6032293438911438, 0.003474866971373558, 0.0004629017203114927]",0.971521781408228,0.0015232412597948608
623,46,24,112,0.00160980224609375,0.0014882925897836685,0.9697200037633976,"[16.445796966552734, 0.01922755129635334, 0.05618017539381981, 0.2293972223997116, 0.6921448707580566, 0.004119363613426685, 0.00042024365393444896, 0.019835449755191803, 0.17879214882850647, 0.00025185750564560294, 0.00016985881666187197, 0.00964115560054779, 0.0527586005628109, 0.0009782296838238835, 0.00023457636416424066, 0.04909774661064148, 0.6619173884391785, 0.003253644797950983, 0.00046302087139338255]",0.971521781408228,0.0018017776448303602
624,30,10,112,0.00165557861328125,0.0015507282223552465,0.9713545661476306,"[16.405282974243164, 0.019295256584882736, 0.06270304322242737, 0.22910301387310028, 0.7515472769737244, 0.004100962076336145, 0.000418575422372669, 0.017454469576478004, 0.18038375675678253, 0.0002563863235991448, 0.00015209948469419032, 0.0095759816467762, 0.05908004939556122, 0.0010038343025371432, 0.0002330270071979612, 0.04954221844673157, 0.6616381406784058, 0.0035010017454624176, 0.0004646890447475016]",0.971521781408228,0.00016721526059737535
625,34,9,112,0.00164031982421875,0.0015508478973060846,0.9744389908078838,"[16.496116638183594, 0.019257955253124237, 0.056080207228660583, 0.20617800951004028, 0.7512320280075073, 0.004112596623599529, 0.00042167355422861874, 0.019841643050312996, 0.18114152550697327, 0.00025078488397412, 0.00015233787416946143, 0.010695161297917366, 0.05247517675161362, 0.000987995183095336, 0.00023505308490712196, 0.04954233020544052, 0.66167813539505, 0.0034774804953485727, 0.0004640932602342218]",0.971521781408228,-0.0029172093996557846
626,209,158,112,0.00125885009765625,0.001171648153103888,0.9690785307098658,"[16.43023109436035, 0.019239595159888268, 0.057457901537418365, 0.22750063240528107, 0.7531530857086182, 0.004211367107927799, 0.0004247716860845685, 0.019906852394342422, 0.18040157854557037, 0.0002488780301064253, 0.00016735584358684719, 0.009730408899486065, 0.05246420204639435, 0.0008778294431976974, 0.00023469554434996098, 0.04904201626777649, 0.6032540798187256, 0.003479262348264456, 0.0004664763400796801]",0.971521781408228,0.002443250698362154
627,207,156,112,0.0012664794921875,0.001176165184006095,0.9697397959963908,"[16.447263717651367, 0.019314197823405266, 0.0574255995452404, 0.22720149159431458, 0.7393597364425659, 0.004198427777737379, 0.0004226268210913986, 0.019880209118127823, 0.1821473389863968, 0.0002574589161667973, 0.00016926287207752466, 0.010841751471161842, 0.05891597270965576, 0.0009653675369918346, 0.00023552982020191848, 0.04944714158773422, 0.6032630801200867, 0.003280379343777895, 0.0004668337933253497]",0.971521781408228,0.0017819854118371614
628,253,209,112,0.00115966796875,0.001071106642484665,0.966799894989603,"[16.394317626953125, 0.019737742841243744, 0.06321828067302704, 0.20385296642780304, 0.7573094964027405, 0.004091464448720217, 0.0004215544031467289, 0.019771287217736244, 0.180184468626976, 0.00027569307712838054, 0.00016926287207752466, 0.009626043029129505, 0.05885741859674454, 0.0009764432325027883, 0.0002366024418734014, 0.048903871327638626, 0.603276252746582, 0.0035008827690035105, 0.00047064671525731683]",0.971521781408228,0.004721886418625032
629,343,326,112,0.0008697509765625,0.0007856216980144382,0.9732759170108597,"[16.447553634643555, 0.019029436632990837, 0.05770762637257576, 0.22917836904525757, 0.7486197352409363, 0.004131116904318333, 0.00042083943844772875, 0.019953478127717972, 0.17997758090496063, 0.0002493547508493066, 0.0001525762490928173, 0.010775357484817505, 0.05866025760769844, 0.0009660820942372084, 0.00023338454775512218, 0.048884231597185135, 0.6618143320083618, 0.0034743917640298605, 0.0004606377915479243]",0.971521781408228,-0.0017541356026317123
630,285,254,112,0.0010528564453125,0.0009734651539474726,0.9694792867881724,"[16.420141220092773, 0.01920310966670513, 0.05741850659251213, 0.2264593094587326, 0.7579838633537292, 0.004684900864958763, 0.0004183370911050588, 0.019708288833498955, 0.1830511838197708, 0.0002517383254598826, 0.00016973962192423642, 0.0107523612678051, 0.05844799056649208, 0.00100419158115983, 0.00023135847004596144, 0.04941843822598457, 0.6068022847175598, 0.003496843855828047, 0.0004627825692296028]",0.971521781408228,0.0020424946200555683
631,302,275,112,0.00099945068359375,0.0009265192784368992,0.9731398321616181,"[16.500654220581055, 0.01937967725098133, 0.06274200230836868, 0.22136947512626648, 0.7530651688575745, 0.0041219755075871944, 0.0004203628050163388, 0.01986127719283104, 0.1803678423166275, 0.0002493547508493066, 0.0001711698860162869, 0.010760733857750893, 0.05881065875291824, 0.0010002615163102746, 0.00023326536756940186, 0.04915778338909149, 0.603359043598175, 0.0034708278253674507, 0.00046171018038876355]",0.971521781408228,-0.0016180507533901656
632,292,263,112,0.00102996826171875,0.0009586956584826112,0.9757163516976441,"[16.483747482299805, 0.019421299919486046, 0.06329907476902008, 0.22693009674549103, 0.7547075152397156, 0.0046167923137545586, 0.00042512916843406856, 0.019832177087664604, 0.18014484643936157, 0.0002531684876885265, 0.00017045476124621928, 0.009571731090545654, 0.05895654484629631, 0.00099871342536062, 0.00023755589791107923, 0.049399491399526596, 0.6619790196418762, 0.0034579976927489042, 0.0004615910293068737]",0.971521781408228,-0.004194570289416166
633,268,227,112,0.0011138916015625,0.0010364371119067073,0.9691209304337941,"[16.425886154174805, 0.019500799477100372, 0.05726327747106552, 0.22650550305843353, 0.7549442648887634, 0.004207093268632889, 0.0004146431456319988, 0.01839962974190712, 0.1780713051557541, 0.0002554328821133822, 0.00016890530241653323, 0.010731957852840424, 0.05904386192560196, 0.0009946642676368356, 0.00023445718397852033, 0.04911839962005615, 0.6035794019699097, 0.0035129995085299015, 0.00046492734691128135]",0.971521781408228,0.002400850974433877
634,325,302,112,0.000934600830078125,0.0008519514231011271,0.9693091659098986,"[16.40013885498047, 0.018824029713869095, 0.063198022544384, 0.203040212392807, 0.7427560091018677, 0.0041281492449343204, 0.0004151197790633887, 0.019785545766353607, 0.17911948263645172, 0.00025876989820972085, 0.00017128908075392246, 0.009693811647593975, 0.05888281762599945, 0.000976800569333136, 0.0002356490003876388, 0.04955912008881569, 0.661718487739563, 0.003509317059069872, 0.00046266341814771295]",0.971521781408228,0.0022126154983294066
635,260,226,112,0.001129150390625,0.0010390715906396508,0.9732395817623719,"[16.442543029785156, 0.019790103659033775, 0.05677199363708496, 0.22962380945682526, 0.753577470779419, 0.004189524333924055, 0.00041929035796783864, 0.01982376165688038, 0.17914250493049622, 0.00025614796322770417, 0.00016926287207752466, 0.009486714377999306, 0.05900644138455391, 0.0010339635191485286, 0.00023684080224484205, 0.04964227229356766, 0.6618903279304504, 0.003480806713923812, 0.0004677870310842991]",0.971521781408228,-0.001717800354143928
636,239,192,112,0.00119781494140625,0.0011016661301255226,0.969519449548036,"[16.449100494384766, 0.019728392362594604, 0.056471001356840134, 0.20580720901489258, 0.7541839480400085, 0.00455532455816865, 0.0004172646440565586, 0.019845033064484596, 0.18092219531536102, 0.00024434918304905295, 0.00017081231635529548, 0.009697825647890568, 0.05846013128757477, 0.0009883524617180228, 0.0002374367177253589, 0.04954845458269119, 0.6065627336502075, 0.003478430677205324, 0.00045015214709565043]",0.971521781408228,0.0020023318601919415
637,288,270,112,0.00103759765625,0.000939937133807689,0.9731253470527008,"[16.49103355407715, 0.019586723297834396, 0.06301134079694748, 0.22891850769519806, 0.7512056827545166, 0.00414346344769001, 0.00041976699139922857, 0.019816750660538673, 0.18124406039714813, 0.0002479245886206627, 0.0001711698860162869, 0.009489311836659908, 0.05896913260221481, 0.0009683449170552194, 0.00023493390472140163, 0.049306899309158325, 0.6066433191299438, 0.003496843855828047, 0.00047386385267600417]",0.971521781408228,-0.0016035656444728374
638,213,169,112,0.00124359130859375,0.0011504276189953089,0.9725274548591666,"[16.431602478027344, 0.02191435545682907, 0.057219937443733215, 0.22847238183021545, 0.7541549801826477, 0.004210535902529955, 0.00047350639943033457, 0.019766727462410927, 0.1806246042251587, 0.0002588890492916107, 0.00016973962192423642, 0.010717923752963543, 0.05245662480592728, 0.0009939497103914618, 0.0002317160106031224, 0.049075160175561905, 0.661730170249939, 0.0034926861990243196, 0.0004552758182398975]",0.971521781408228,-0.0010056734509386045
639,23,6,112,0.001678466796875,0.0015933746472001076,0.9671235153609335,"[16.421464920043945, 0.019252808764576912, 0.05698090046644211, 0.2053152173757553, 0.7398037910461426, 0.004115446005016565, 0.0004094000905752182, 0.020022420212626457, 0.17962712049484253, 0.000277123210253194, 0.0001711698860162869, 0.010689027607440948, 0.05886225029826164, 0.0010003806091845036, 0.00023338454775512218, 0.04956275224685669, 0.6036262512207031, 0.003467857837677002, 0.00046456989366561174]",0.971521781408228,0.00439826604729443
640,150,103,112,0.00138092041015625,0.0012978814775124192,0.9751294027457909,"[16.492656707763672, 0.019541015848517418, 0.05611706152558327, 0.22226224839687347, 0.7429932951927185, 0.0041873874142766, 0.0004145239945501089, 0.019908957183361053, 0.1831643432378769, 0.00023183519078884274, 0.0001530530134914443, 0.009867461398243904, 0.058913275599479675, 0.0008989107445813715, 0.00023850933939684182, 0.04962559789419174, 0.662325382232666, 0.003478430677205324, 0.00048065552255138755]",0.971521781408228,-0.003607621337562872
641,261,222,112,0.001129150390625,0.0010464745573699474,0.9662915757967552,"[16.372962951660156, 0.019296659156680107, 0.05737719684839249, 0.22768226265907288, 0.7526149749755859, 0.004198427777737379, 0.0004207202873658389, 0.01983451470732689, 0.18136408925056458, 0.0002535260282456875, 0.00017081231635529548, 0.0107794851064682, 0.052209094166755676, 0.0009590555564500391, 0.00023755589791107923, 0.049053821712732315, 0.6064324975013733, 0.0032336823642253876, 0.0004586121649481356]",0.971521781408228,0.005230205611472805
642,279,251,112,0.001068115234375,0.0009851478971540928,0.9719910184388649,"[16.440677642822266, 0.020012838765978813, 0.06234458088874817, 0.20564039051532745, 0.7547270655632019, 0.004103455226868391, 0.00042024365393444896, 0.019857186824083328, 0.18060818314552307, 0.0002503081923350692, 0.00016878610767889768, 0.00972438883036375, 0.052655577659606934, 0.0009951406391337514, 0.00023588736075907946, 0.049341168254613876, 0.6621129512786865, 0.003495180746540427, 0.0004583738627843559]",0.971521781408228,-0.00046923703063694866
643,305,280,112,0.0009918212890625,0.0009142858325503767,0.973500101701479,"[16.46329116821289, 0.019337700679898262, 0.0556747131049633, 0.22924700379371643, 0.7398399710655212, 0.004195103887468576, 0.00042274597217328846, 0.0175937470048666, 0.18004080653190613, 0.0002580548170953989, 0.00015245705435518175, 0.01076674833893776, 0.05923645570874214, 0.0009869233472272754, 0.0002348147245356813, 0.04949263855814934, 0.6617714762687683, 0.003491854527965188, 0.00046754872892051935]",0.971521781408228,-0.001978320293251068
644,351,334,112,0.000827789306640625,0.0007508453563787043,0.9706435941993014,"[16.414180755615234, 0.019337233155965805, 0.057293448597192764, 0.20388163626194, 0.7547918558120728, 0.004104167688637972, 0.00041631137719377875, 0.01989469863474369, 0.18221083283424377, 0.0002535260282456875, 0.00015198028995655477, 0.01086344849318266, 0.05916836857795715, 0.000966915744356811, 0.0002351722796447575, 0.04910886660218239, 0.6614235639572144, 0.0034767675679177046, 0.0004687402688432485]",0.971521781408228,0.0008781872089266285
645,329,306,112,0.00090789794921875,0.000830220989882946,0.9707931245931448,"[16.45393943786621, 0.019790686666965485, 0.06309785693883896, 0.22796836495399475, 0.6914480924606323, 0.004132541362196207, 0.0004228651523590088, 0.019145222380757332, 0.17882594466209412, 0.00025090406415984035, 0.00015198028995655477, 0.010673105716705322, 0.05899835005402565, 0.0010033579310402274, 0.00023541064001619816, 0.04895325005054474, 0.6620643734931946, 0.0034925672225654125, 0.00047505536349490285]",0.971521781408228,0.0007286568150831618
646,344,324,112,0.0008697509765625,0.0007892098510637879,0.969369812139408,"[16.423892974853516, 0.019287537783384323, 0.06303910166025162, 0.23011790215969086, 0.7468255162239075, 0.0040773362852633, 0.0004223884898237884, 0.019982341676950455, 0.17970530688762665, 0.0002549561613705009, 0.0001674750237725675, 0.010904248803853989, 0.05864204466342926, 0.0009939497103914618, 0.00023588736075907946, 0.0490606315433979, 0.6064628958702087, 0.0034874591510742903, 0.0004664763400796801]",0.971521781408228,0.0021519692688199976
647,262,221,112,0.001129150390625,0.0010493762092664838,0.9718038256404199,"[16.40998077392578, 0.019303791224956512, 0.06288843601942062, 0.2265051305294037, 0.754646360874176, 0.004200564697384834, 0.0004182179400231689, 0.01755802147090435, 0.1828300952911377, 0.0002548369811847806, 0.00015198028995655477, 0.010632414370775223, 0.059168703854084015, 0.0010056205792352557, 0.0002348147245356813, 0.048962220549583435, 0.6616052985191345, 0.0034653632901608944, 0.00046004203613847494]",0.971521781408228,-0.00028204423219191366
648,188,137,112,0.001312255859375,0.001224203733727336,0.9697139811507537,"[16.48263931274414, 0.018996335566043854, 0.0562041774392128, 0.20591065287590027, 0.6763861179351807, 0.004220270086079836, 0.00042226933874189854, 0.01974896341562271, 0.1811763346195221, 0.0002499506517779082, 0.00017093151109293103, 0.009571848437190056, 0.05243445187807083, 0.0009839460253715515, 0.00023493390472140163, 0.049636486917734146, 0.6616427898406982, 0.003472728654742241, 0.0004631400224752724]",0.971521781408228,0.0018078002574742902
649,235,186,112,0.0012054443359375,0.001112046535126865,0.97191492944579,"[16.420303344726562, 0.019364943727850914, 0.057332511991262436, 0.22939524054527283, 0.7515895366668701, 0.004171005450189114, 0.00041786045767366886, 0.01775256358087063, 0.18096327781677246, 0.00024971229140646756, 0.00016842853801790625, 0.009556971490383148, 0.05882268771529198, 0.0009976415894925594, 0.00023684080224484205, 0.049362387508153915, 0.6617608070373535, 0.0034716594964265823, 0.00046623803791590035]",0.971521781408228,-0.0003931480375620744
650,265,236,112,0.00112152099609375,0.001022003241814673,0.9708208190874613,"[16.450550079345703, 0.01963137648999691, 0.06325185298919678, 0.2270933985710144, 0.7553488612174988, 0.004105235915631056, 0.0004180987598374486, 0.019807517528533936, 0.18290357291698456, 0.0002544794406276196, 0.00017176583060063422, 0.010687612928450108, 0.05235243961215019, 0.0008981961291283369, 0.0002324311062693596, 0.04939790070056915, 0.6047742962837219, 0.003246634267270565, 0.0004698126285802573]",0.971521781408228,0.0007009623207666626
651,219,176,112,0.0012359619140625,0.0011335251620039344,0.9675689084106125,"[16.3814697265625, 0.021666262298822403, 0.06336777657270432, 0.23036079108715057, 0.7527546882629395, 0.0041169896721839905, 0.0004198861715849489, 0.019809620454907417, 0.1825813353061676, 0.00023052419419400394, 0.00017176583060063422, 0.009654968976974487, 0.05953908711671829, 0.0010052633006125689, 0.0002361257211305201, 0.04904212802648544, 0.6034113168716431, 0.0035171573981642723, 0.0004538459761533886]",0.971521781408228,0.003952872997615486
652,240,198,112,0.00119781494140625,0.0010919398628175259,0.9733921388634419,"[16.446260452270508, 0.01938774436712265, 0.05704474821686745, 0.22716966271400452, 0.7543968558311462, 0.004129217471927404, 0.00042548662167973816, 0.019155045971274376, 0.17975521087646484, 0.0002535260282456875, 0.00017236177518498152, 0.010712497867643833, 0.05917409807443619, 0.0010045487433671951, 0.0002330270071979612, 0.04941480606794357, 0.6620110273361206, 0.0032336823642253876, 0.0005166388000361621]",0.971521781408228,-0.0018703574552139113
653,128,95,112,0.0014190673828125,0.0013115083565935493,0.9689905296262097,"[16.420495986938477, 0.019664457067847252, 0.057657890021800995, 0.2267780601978302, 0.7538293600082397, 0.004148212261497974, 0.00041952868923544884, 0.0197380930185318, 0.180088609457016, 0.00024971229140646756, 0.0001674750237725675, 0.010826420970261097, 0.05859370157122612, 0.000979658798314631, 0.0002343380037928, 0.04947108402848244, 0.6035405397415161, 0.003474747994914651, 0.0004621868138201535]",0.971521781408228,0.0025312517820182956
654,156,114,112,0.001373291015625,0.0012618195032700896,0.9721770013849508,"[16.440719604492188, 0.01933208853006363, 0.055656448006629944, 0.22087982296943665, 0.7535926103591919, 0.0041248248890042305, 0.0004215544031467289, 0.017494650557637215, 0.17924055457115173, 0.0002553137019276619, 0.0001714082609396428, 0.01067381352186203, 0.05233750492334366, 0.000990496133454144, 0.0002321927313460037, 0.04928749427199364, 0.6619719862937927, 0.003516206983476877, 0.0004644507134798914]",0.971521781408228,-0.0006552199767227984
655,277,256,112,0.00107574462890625,0.0009716299246065319,0.970725690561506,"[16.41817283630371, 0.019746391102671623, 0.06307905912399292, 0.20626957714557648, 0.7521548867225647, 0.004085765685886145, 0.0004170263418927789, 0.019803542643785477, 0.18015430867671967, 0.00024816294899210334, 0.0001705739414319396, 0.010800004936754704, 0.052470650523900986, 0.0009890670189633965, 0.00023231192608363926, 0.04889592528343201, 0.6621599197387695, 0.0034799750428646803, 0.00045813556062057614]",0.971521781408228,0.0007960908467219419
656,273,247,112,0.00109100341796875,0.0009955797577276826,0.9706269212114612,"[16.445711135864258, 0.019366580992937088, 0.06319791078567505, 0.2267719805240631, 0.7525516152381897, 0.004244604613631964, 0.0004209585895296186, 0.01977701298892498, 0.18259911239147186, 0.00025078488397412, 0.00015209948469419032, 0.010690207593142986, 0.05865767225623131, 0.001004667836241424, 0.0002335037279408425, 0.049523498862981796, 0.6028133630752563, 0.003476648824289441, 0.0004681444843299687]",0.971521781408228,0.0008948601967667669
657,106,58,112,0.00147247314453125,0.0013922348152846098,0.9723465057736336,"[16.430126190185547, 0.019289642572402954, 0.056105904281139374, 0.23005113005638123, 0.750181257724762, 0.004189524333924055, 0.0004213160718791187, 0.019905567169189453, 0.17906516790390015, 0.00025090406415984035, 0.00016711745411157608, 0.009622501209378242, 0.05902509763836861, 0.0008950994815677404, 0.00023314618738368154, 0.04941911995410919, 0.6616910696029663, 0.00347213470377028, 0.0004717191040981561]",0.971521781408228,-0.0008247243654055936
658,255,210,112,0.00115203857421875,0.0010709267808124423,0.9696077103121512,"[16.455095291137695, 0.019714951515197754, 0.05612991005182266, 0.20604337751865387, 0.7537015676498413, 0.004171954933553934, 0.00042846560245379806, 0.019761351868510246, 0.18038247525691986, 0.00024923557066358626, 0.00015221867943182588, 0.0096019571647048, 0.058977000415325165, 0.000987995183095336, 0.00023409964342135936, 0.049462687224149704, 0.6035186052322388, 0.0034777179826050997, 0.00045563330058939755]",0.971521781408228,0.0019140710960767748
659,247,204,112,0.0011749267578125,0.0010843152413144708,0.9691869405988224,"[16.434656143188477, 0.019189661368727684, 0.06459344178438187, 0.2063729614019394, 0.7586660385131836, 0.004210654646158218, 0.0004135706985834986, 0.01903586834669113, 0.1800730675458908, 0.00024816294899210334, 0.0001720042055239901, 0.010675936006009579, 0.05890687182545662, 0.001001690630801022, 0.00023064337437972426, 0.04895972087979317, 0.6031786799430847, 0.0035039715003222227, 0.0004627825692296028]",0.971521781408228,0.002334840809405603
660,236,195,112,0.0012054443359375,0.0010979191865772009,0.9742535874201598,"[16.46009063720703, 0.019969604909420013, 0.06288541108369827, 0.22748106718063354, 0.7497715950012207, 0.00421231659129262, 0.0004217927053105086, 0.020005827769637108, 0.18076300621032715, 0.0002493547508493066, 0.0001728385395836085, 0.009841492399573326, 0.05894317105412483, 0.0010002615163102746, 0.00023600654094479978, 0.049320630729198456, 0.6617626547813416, 0.003239148296415806, 0.00045134371612221]",0.971521781408228,-0.002731806011931792
661,157,116,112,0.001373291015625,0.0012562222545966506,0.9721954751853206,"[16.448991775512695, 0.01933688297867775, 0.05677210912108421, 0.2068885713815689, 0.7542985677719116, 0.00413859635591507, 0.0004211969207972288, 0.020072780549526215, 0.18224966526031494, 0.00025519452174194157, 0.00016962042718660086, 0.009495452046394348, 0.05248592048883438, 0.0009950215462595224, 0.0002356490003876388, 0.049253225326538086, 0.6616907119750977, 0.0034950620029121637, 0.0004680253332480788]",0.971521781408228,-0.0006736937770925877
662,191,160,112,0.0012969970703125,0.0011652132961899042,0.9700897368112285,"[16.417179107666016, 0.020070325583219528, 0.06269509345293045, 0.2061445564031601, 0.7412576675415039, 0.004160914570093155, 0.00041237910045310855, 0.019770000129938126, 0.18208394944667816, 0.00025054652360267937, 0.00017021637177094817, 0.009546934626996517, 0.052054185420274734, 0.0010246747406199574, 0.0002307625545654446, 0.049101829528808594, 0.6618421673774719, 0.0032346330117434263, 0.00047505536349490285]",0.971521781408228,0.0014320445969995266
663,189,159,112,0.001312255859375,0.0011691482504829764,0.9706951943999708,"[16.462329864501953, 0.019107915461063385, 0.05498679354786873, 0.22699829936027527, 0.7529509663581848, 0.00419557886198163, 0.00041869457345455885, 0.019914215430617332, 0.18148329854011536, 0.00026306029758416116, 0.00016866691294126213, 0.010725235566496849, 0.05225921422243118, 0.0009800160769373178, 0.00023421882360707968, 0.04925288259983063, 0.6033576130867004, 0.0031155638862401247, 0.00046659549116156995]",0.971521781408228,0.000826587008257218
664,241,219,112,0.00119781494140625,0.0010522472439333797,0.9717335679344711,"[16.447038650512695, 0.019971007481217384, 0.0572226382791996, 0.20639556646347046, 0.7445105910301208, 0.00412838626652956, 0.0004148814477957785, 0.019894348457455635, 0.17871159315109253, 0.000254241080256179, 0.00016973962192423642, 0.009648829698562622, 0.058814480900764465, 0.0009762050467543304, 0.00023600654094479978, 0.048843592405319214, 0.6617118716239929, 0.0035272545646876097, 0.00046790618216618896]",0.971521781408228,-0.00021178652624309624
665,99,73,112,0.00148773193359375,0.0013452915009111166,0.9731924551888369,"[16.47115707397461, 0.019337935373187065, 0.05596354603767395, 0.2063886821269989, 0.7534558176994324, 0.004155453760176897, 0.00041476229671388865, 0.01974954642355442, 0.18019971251487732, 0.00024828212917782366, 0.0001510267611593008, 0.010849297977983952, 0.05240244045853615, 0.0009990707039833069, 0.0002325502864550799, 0.04921645671129227, 0.6617670655250549, 0.0035097922664135695, 0.00045813556062057614]",0.971521781408228,-0.0016706737806089222
667,47,40,112,0.0016021728515625,0.0014382523950189352,0.9729168238325081,"[16.4548282623291, 0.01924661174416542, 0.05524051934480667, 0.2272765189409256, 0.7380308508872986, 0.004119007848203182, 0.0004170263418927789, 0.019855666905641556, 0.1802022010087967, 0.0002562671434134245, 0.00017248096992261708, 0.010749412700533867, 0.05872096121311188, 0.0009766814764589071, 0.0002338612830499187, 0.04934922233223915, 0.6617831587791443, 0.003495418466627598, 0.0004655231023207307]",0.971521781408228,-0.001395042424280124
668,35,36,112,0.00164031982421875,0.0014582450967282057,0.9695542647294995,"[16.488725662231445, 0.019333023577928543, 0.06255893409252167, 0.22192582488059998, 0.6934213042259216, 0.004123162943869829, 0.00042250767000950873, 0.019822826609015465, 0.1811835914850235, 0.00025567124248482287, 0.00017152745567727834, 0.009620022028684616, 0.05900273472070694, 0.0009870424401015043, 0.00023409964342135936, 0.04921656847000122, 0.6065322160720825, 0.003532599890604615, 0.00046171018038876355]",0.971521781408228,0.0019675166787285203
670,15,16,112,0.0016937255859375,0.0015188595280051231,0.9729529818853878,"[16.475502014160156, 0.019638389348983765, 0.06272464990615845, 0.2037387192249298, 0.7378815412521362, 0.004154385533183813, 0.0004245333548169583, 0.019804244861006737, 0.18282324075698853, 0.0002517383254598826, 0.00016926287207752466, 0.010740213096141815, 0.05238094553351402, 0.0010052633006125689, 0.00023529145983047783, 0.04922406002879143, 0.6614649295806885, 0.0034803315065801144, 0.0004629017203114927]",0.971521781408228,-0.001431200477159833
676,151,144,112,0.00138092041015625,0.0012017086846753955,0.9688933113525549,"[16.419965744018555, 0.01966644451022148, 0.05634943023324013, 0.22844307124614716, 0.7522841095924377, 0.004707207437604666, 0.00042143522296100855, 0.01763579621911049, 0.18295003473758698, 0.0002526917669456452, 0.00015245705435518175, 0.009573384188115597, 0.05878952890634537, 0.0010062160436064005, 0.00023409964342135936, 0.049067214131355286, 0.6034729480743408, 0.0035323624033480883, 0.0004687402688432485]",0.971521781408228,0.0026284700556731266
677,210,218,112,0.00125885009765625,0.0010574549669399858,0.9709725621880927,"[16.460861206054688, 0.019338520243763924, 0.06315673142671585, 0.22701968252658844, 0.7418987154960632, 0.004171361681073904, 0.00042024365393444896, 0.019729912281036377, 0.18096408247947693, 0.000256982195423916, 0.00016711745411157608, 0.010725471191108227, 0.05870353430509567, 0.0010057396721094847, 0.00023469554434996098, 0.0492013618350029, 0.6066713929176331, 0.0034805689938366413, 0.00047136162174865603]",0.971521781408228,0.0005492192201352886
678,93,104,112,0.00150299072265625,0.0012973127886652946,0.9665086978953026,"[16.374645233154297, 0.02134902961552143, 0.05779426544904709, 0.2299802005290985, 0.7539535760879517, 0.00411295285448432, 0.00041654970846138895, 0.0198319423943758, 0.18157337605953217, 0.00028272447525523603, 0.0001497156627010554, 0.009607033804059029, 0.05238071829080582, 0.0009778724052011967, 0.00023445718397852033, 0.049166180193424225, 0.6032636165618896, 0.0034931611735373735, 0.00045265440712682903]",0.971521781408228,0.005013083512925398
691,182,147,112,0.0013275146484375,0.0011916111689060926,0.9683721533043641,"[16.413633346557617, 0.019287187606096268, 0.06348827481269836, 0.22938594222068787, 0.6885268092155457, 0.004133253823965788, 0.00041869457345455885, 0.017580043524503708, 0.18309049308300018, 0.0002494739310350269, 0.00015186110977083445, 0.010705775581300259, 0.052508655935525894, 0.0008929556352086365, 0.0002315968304174021, 0.04905688390135765, 0.6617582440376282, 0.0034975565504282713, 0.00047386385267600417]",0.971521781408228,0.0031496281038638774
692,100,77,112,0.00148773193359375,0.00133913429453969,0.9673868824274426,"[16.385019302368164, 0.019702443853020668, 0.06267460435628891, 0.2290133237838745, 0.7544430494308472, 0.0042257304303348064, 0.000418575422372669, 0.01973002776503563, 0.1787046194076538, 0.00027783826226368546, 0.0001716466504149139, 0.009571022354066372, 0.05868937075138092, 0.0009957361035048962, 0.0002356490003876388, 0.04906414821743965, 0.6034606695175171, 0.0034787871409207582, 0.0004742213059216738]",0.971521781408228,0.00413489898078534
693,107,100,112,0.00147247314453125,0.0012997447047382593,0.9739134871649041,"[16.463497161865234, 0.019525934010744095, 0.06323573738336563, 0.22724869847297668, 0.7404274344444275, 0.00411330908536911, 0.00042012447374872863, 0.01983731985092163, 0.18129776418209076, 0.00025006983196362853, 0.0001716466504149139, 0.009615181013941765, 0.05874389037489891, 0.000998832518234849, 0.00023541064001619816, 0.0493493378162384, 0.6616846919059753, 0.003241524798795581, 0.0004621868138201535]",0.971521781408228,-0.0023917057566761324
694,179,175,112,0.00133514404296875,0.0011364184319972992,0.971412979672957,"[16.426361083984375, 0.019261227920651436, 0.05565870180726051, 0.2045772224664688, 0.7563613057136536, 0.004626641049981117, 0.0004183370911050588, 0.01998806744813919, 0.18345384299755096, 0.00025412190007045865, 0.0001705739414319396, 0.01074375119060278, 0.05889810249209404, 0.0009982370538637042, 0.00023588736075907946, 0.04916595295071602, 0.6617241501808167, 0.003487934358417988, 0.0004614718782249838]",0.971521781408228,0.00010880173527094694
695,183,197,112,0.0013275146484375,0.0010924809612333775,0.9744460632025852,"[16.454111099243164, 0.019266724586486816, 0.05700567364692688, 0.22814686596393585, 0.772441029548645, 0.004613114055246115, 0.0004614718782249838, 0.019800622016191483, 0.1799570769071579, 0.00024828212917782366, 0.0001716466504149139, 0.010661665350198746, 0.0521944984793663, 0.000998951611109078, 0.00023338454775512218, 0.0488266758620739, 0.6616329550743103, 0.0032450894359499216, 0.0004583738627843559]",0.971521781408228,-0.0029242817943572197
696,88,109,112,0.0015106201171875,0.0012839772971346974,0.9745361677525676,"[16.473617553710938, 0.019308235496282578, 0.05503338947892189, 0.22652442753314972, 0.7531764507293701, 0.004115089774131775, 0.0004182179400231689, 0.01832425594329834, 0.1800372302532196, 0.00024875884992070496, 0.00017188502533826977, 0.00979557354003191, 0.05902678146958351, 0.0010053823934867978, 0.0002325502864550799, 0.04944067448377609, 0.6617323160171509, 0.0035094358026981354, 0.0004689785710070282]",0.971521781408228,-0.0030143863443395924
703,224,239,112,0.00122833251953125,0.0010195642244070768,0.9719328075887844,"[16.47182846069336, 0.0216278824955225, 0.057459477335214615, 0.22777709364891052, 0.7537935972213745, 0.004620826803147793, 0.0004190520558040589, 0.019929757341742516, 0.18229398131370544, 0.00025567124248482287, 0.00017105070583056659, 0.009722026996314526, 0.059148479253053665, 0.0009969270322471857, 0.00023648326168768108, 0.04904768988490105, 0.6034451127052307, 0.003484489396214485, 0.00046528480015695095]",0.971521781408228,-0.0004110261805564397
704,86,74,112,0.00151824951171875,0.0013450406258925796,0.970000903806833,"[16.435466766357422, 0.019356759265065193, 0.05675194784998894, 0.23033522069454193, 0.7512432932853699, 0.0042238314636051655, 0.00042024365393444896, 0.01987074315547943, 0.18119195103645325, 0.00024625606602057815, 0.0001714082609396428, 0.01075684279203415, 0.05887157842516899, 0.0009975224966183305, 0.00023552982020191848, 0.04923143610358238, 0.606689989566803, 0.003484132932499051, 0.0004717191040981561]",0.971521781408228,0.0015208776013949654
705,48,31,112,0.0016021728515625,0.0014726907247677445,0.9725698090784901,"[16.428251266479492, 0.019200537353754044, 0.06137359142303467, 0.22553128004074097, 0.7513713836669922, 0.004126011859625578, 0.00042358008795417845, 0.019836734980344772, 0.18274499475955963, 0.0002451834443490952, 0.0001722425949992612, 0.010755308903753757, 0.058816730976104736, 0.0008878341759555042, 0.0002324311062693596, 0.049280911684036255, 0.6615869998931885, 0.003518464043736458, 0.00047088501742109656]",0.971521781408228,-0.0010480276702621305
706,62,37,112,0.00157928466796875,0.0014559047995135188,0.9693765839443873,"[16.44395637512207, 0.019645636901259422, 0.06310233473777771, 0.2273535430431366, 0.7334915995597839, 0.004212435334920883, 0.0004190520558040589, 0.01989995874464512, 0.17977114021778107, 0.00025602878304198384, 0.000169382052263245, 0.009769839234650135, 0.058971941471099854, 0.0009633429581299424, 0.0002348147245356813, 0.048993661999702454, 0.6032300591468811, 0.0032450894359499216, 0.00046885941992513835]",0.971521781408228,0.0021451974638406757
707,29,19,112,0.0016632080078125,0.001503107021562755,0.9673683570826573,"[16.470476150512695, 0.01977374032139778, 0.06314374506473541, 0.20519667863845825, 0.6904577612876892, 0.004751106724143028, 0.0004234609368722886, 0.019824229180812836, 0.18098406493663788, 0.00024875884992070496, 0.00017307691450696439, 0.01071898452937603, 0.052681926637887955, 0.0009919252479448915, 0.00023493390472140163, 0.04920181632041931, 0.6067802906036377, 0.003463699948042631, 0.0004724340105894953]",0.971521781408228,0.004153424325570643
708,16,25,112,0.0016937255859375,0.001484387437812984,0.9679755020394958,"[16.426055908203125, 0.019293736666440964, 0.057735417038202286, 0.20442739129066467, 0.7513494491577148, 0.004574192687869072, 0.00042250767000950873, 0.01761670410633087, 0.18206217885017395, 0.000256982195423916, 0.00015043080202303827, 0.010918516665697098, 0.05910061299800873, 0.0009964506607502699, 0.00023505308490712196, 0.04897504672408104, 0.6033996939659119, 0.003499338636174798, 0.00046492734691128135]",0.971521781408228,0.003546279368732197
709,147,185,112,0.0013885498046875,0.0011165166506543756,0.9711367859854363,"[16.40106964111328, 0.01878846436738968, 0.06292000412940979, 0.2275831401348114, 0.7516686916351318, 0.00409158319234848, 0.0004191712068859488, 0.019803309813141823, 0.17889662086963654, 0.00025662468397058547, 0.00017295771976932883, 0.01069692987948656, 0.05906689912080765, 0.0009658439084887505, 0.00023231192608363926, 0.04928227514028549, 0.6617028713226318, 0.0035219090059399605, 0.0004596845537889749]",0.971521781408228,0.00038499542279168963
860,32,348,112,0.00164794921875,-0.00019830996461678296,0.9742354870081487,"[16.467609405517578, 0.019905567169189453, 0.06323551386594772, 0.22011812031269073, 0.7529557943344116, 0.004091464448720217, 0.0004189328756183386, 0.019826333969831467, 0.1818123459815979, 0.0002475670480635017, 0.00017152745567727834, 0.010854015126824379, 0.052379362285137177, 0.0009934734553098679, 0.00023183519078884274, 0.04955832660198212, 0.6621034741401672, 0.003490904113277793, 0.0004702892620116472]",0.971521781408228,-0.0027137055999206794
874,33,30,112,0.00164794921875,0.0014749906258657575,0.9742195911584484,"[16.46957778930664, 0.019403645768761635, 0.057373031973838806, 0.22084160149097443, 0.7542318105697632, 0.004130048677325249, 0.0004146431456319988, 0.019892945885658264, 0.17933432757854462, 0.0002535260282456875, 0.00015066919149830937, 0.009607860818505287, 0.058896079659461975, 0.0010284854797646403, 0.00023362292267847806, 0.04911000281572342, 0.6619444489479065, 0.003279666416347027, 0.0004680253332480788]",0.971521781408228,-0.0026978097502203813
875,79,97,112,0.0015411376953125,0.0013099932111799717,0.9691957030361089,"[16.379138946533203, 0.019670885056257248, 0.05611785128712654, 0.23026184737682343, 0.738832950592041, 0.004194747656583786, 0.0004203628050163388, 0.019823294132947922, 0.18044427037239075, 0.0002488780301064253, 0.00017307691450696439, 0.010692683979868889, 0.05874074250459671, 0.0010028815595433116, 0.00023672162205912173, 0.04898617044091225, 0.66201251745224, 0.0032522189430892467, 0.0004673104267567396]",0.971521781408228,0.002326078372119067
876,105,148,112,0.0014801025390625,0.0011911947512999177,0.9721336815595063,"[16.435344696044922, 0.019495656713843346, 0.055984288454055786, 0.22783643007278442, 0.7400192618370056, 0.004222288262099028, 0.00041869457345455885, 0.01996796950697899, 0.1810862272977829, 0.00025078488397412, 0.00016735584358684719, 0.01086403802037239, 0.058852020651102066, 0.0010150285670533776, 0.00023552982020191848, 0.04943375661969185, 0.6616271138191223, 0.003254238748922944, 0.00046456989366561174]",0.971521781408228,-0.0006119001512783218
877,152,220,112,0.00138092041015625,0.0010517280315980315,0.9757745043101941,"[16.484294891357422, 0.0196407288312912, 0.057348381727933884, 0.22965838015079498, 0.7563684582710266, 0.0041683935560286045, 0.00042000532266683877, 0.019904982298612595, 0.18199968338012695, 0.0002526917669456452, 0.00014911970356479287, 0.010761677287518978, 0.05896811932325363, 0.0009864469757303596, 0.0002325502864550799, 0.04901205003261566, 0.6616078019142151, 0.003476292360574007, 0.00046492734691128135]",0.971521781408228,-0.0042527229019660995
878,136,203,112,0.00141143798828125,0.0010846928926184773,0.9691442103511164,"[16.430334091186523, 0.01924380473792553, 0.05625094473361969, 0.22742068767547607, 0.754273533821106, 0.004216708708554506, 0.00041929035796783864, 0.01781943254172802, 0.18223357200622559, 0.00024911639047786593, 0.0001677133986959234, 0.010904248803853989, 0.05239588022232056, 0.0010032388381659985, 0.0002343380037928, 0.04916754364967346, 0.6034746170043945, 0.0034684520214796066, 0.0004627825692296028]",0.971521781408228,0.0023775710571115605
892,168,299,112,0.00135040283203125,0.0008579167770221829,0.9705778549059209,"[16.4115047454834, 0.01949331723153591, 0.05534801259636879, 0.20562613010406494, 0.7584391832351685, 0.004194153938442469, 0.0004207202873658389, 0.01818355917930603, 0.18148142099380493, 0.0002531684876885265, 0.0001528146385680884, 0.010647393763065338, 0.058905184268951416, 0.0009995469590649009, 0.00023409964342135936, 0.04965679347515106, 0.6614667773246765, 0.003508366644382477, 0.0004638549580704421]",0.971521781408228,0.0009439265023071242
